# step walker beta fx x1 x2 x3
0 0 0.01 755967.5466082494 7.859232185634296 0.02128777329243501 8.220702574012513
1 0 0.01 579993.0952896303 7.890848186469918 0.01439178328194962 8.265758016151786
2 0 0.01 579993.0952896303 7.890848186469918 0.01439178328194962 8.265758016151786
3 0 0.01 579993.0952896303 7.890848186469918 0.01439178328194962 8.265758016151786
4 0 0.01 579993.0952896303 7.890848186469918 0.01439178328194962 8.265758016151786
5 0 0.01 579993.0952896303 7.890848186469918 0.01439178328194962 8.265758016151786
6 0 0.01 579993.0952896303 7.890848186469918 0.01439178328194962 8.265758016151786
7 0 0.01 512559.2061751028 7.833139456165841 0.015012389660316658 8.296019372343038
8 0 0.01 449151.13290109916 7.885516662980883 0.015017091049193323 8.430400351704451
9 0 0.01 449151.13290109916 7.885516662980883 0.015017091049193323 8.430400351704451
10 0 0.01 421885.8837172475 7.699440584125809 0.015658673823503548 8.299044927115869
11 0 0.01 396052.60563061567 7.749273290168027 0.012578977663922632 8.316452112089907
12 0 0.01 396052.60563061567 7.749273290168027 0.012578977663922632 8.316452112089907
13 0 0.01 396052.60563061567 7.749273290168027 0.012578977663922632 8.316452112089907
14 0 0.01 396052.60563061567 7.749273290168027 0.012578977663922632 8.316452112089907
15 0 0.01 376949.3349085263 7.790300347428962 0.012897743273508488 8.400204401196177
16 0 0.01 376949.3349085263 7.790300347428962 0.012897743273508488 8.400204401196177
17 0 0.01 376949.3349085263 7.790300347428962 0.012897743273508488 8.400204401196177
18 0 0.01 376949.3349085263 7.790300347428962 0.012897743273508488 8.400204401196177
19 0 0.01 349423.377603403 7.62514101697319 0.014006520764346305 8.316383371210165
20 0 0.01 349423.377603403 7.62514101697319 0.014006520764346305 8.316383371210165
21 0 0.01 349423.377603403 7.62514101697319 0.014006520764346305 8.316383371210165
22 0 0.01 322036.75447962433 7.550798089149073 0.016507948612583676 8.356393371687819
23 0 0.01 298396.77627426013 7.5248200226883535 0.019762046368524164 8.446069145375793
24 0 0.01 282655.96843210433 7.379715532334796 0.02956440369824518 8.462456185338729
25 0 0.01 255073.596235761 7.4185937200434795 0.03426880341093846 8.628528157041162
26 0 0.01 255073.596235761 7.4185937200434795 0.03426880341093846 8.628528157041162
27 0 0.01 255073.596235761 7.4185937200434795 0.03426880341093846 8.628528157041162
28 0 0.01 255073.596235761 7.4185937200434795 0.03426880341093846 8.628528157041162
29 0 0.01 255073.596235761 7.4185937200434795 0.03426880341093846 8.628528157041162
30 0 0.01 233406.8983490988 7.362339701236007 0.019372010744075078 8.509177406644058
31 0 0.01 233406.8983490988 7.362339701236007 0.019372010744075078 8.509177406644058
32 0 0.01 217146.6952137967 7.358036395235149 0.0167283366134578 8.554877593773666
33 0 0.01 217146.6952137967 7.358036395235149 0.0167283366134578 8.554877593773666
34 0 0.01 198921.30497525493 7.317753702793855 0.014709743881985912 8.625635150092599
35 0 0.01 187902.41269074025 7.195970361125551 0.025983986839495172 8.721332400938394
36 0 0.01 176754.10206527723 7.173755924675251 0.020477210615562548 8.817487526657276
37 0 0.01 175699.45731186663 7.109624571648212 0.0335429819526224 8.81221621609591
38 0 0.01 175699.45731186663 7.109624571648212 0.0335429819526224 8.81221621609591
39 0 0.01 170303.39317445955 7.155418585957648 0.03631875400422678 8.94288818858864
40 0 0.01 165078.07569157996 7.11136322893798 0.03481200260482489 8.9927673375799
41 0 0.01 159042.3056579823 7.028964124948824 0.04141483181798524 9.043563816159548
42 0 0.01 157996.33604013937 6.963620357440091 0.04234972938867473 9.004391291271116
43 0 0.01 155094.89107760985 6.936391059916057 0.04226402221051489 9.072423366145266
44 0 0.01 155094.89107760985 6.936391059916057 0.04226402221051489 9.072423366145266
45 0 0.01 150570.3957866278 6.774081803140282 0.04086433558549213 9.187926744862182
46 0 0.01 150570.3957866278 6.774081803140282 0.04086433558549213 9.187926744862182
47 0 0.01 150570.3957866278 6.774081803140282 0.04086433558549213 9.187926744862182
48 0 0.01 150570.3957866278 6.774081803140282 0.04086433558549213 9.187926744862182
49 0 0.01 150570.3957866278 6.774081803140282 0.04086433558549213 9.187926744862182
50 0 0.01 149762.15658206644 6.706141762090452 0.044501179493394674 9.10105367142423
51 0 0.01 149762.15658206644 6.706141762090452 0.044501179493394674 9.10105367142423
52 0 0.01 149762.15658206644 6.706141762090452 0.044501179493394674 9.10105367142423
53 0 0.01 149762.15658206644 6.706141762090452 0.044501179493394674 9.10105367142423
54 0 0.01 149762.15658206644 6.706141762090452 0.044501179493394674 9.10105367142423
55 0 0.01 149762.15658206644 6.706141762090452 0.044501179493394674 9.10105367142423
56 0 0.01 149762.15658206644 6.706141762090452 0.044501179493394674 9.10105367142423
57 0 0.01 149768.6891152338 6.716191886227932 0.04804602238273756 9.049995625642339
58 0 0.01 149768.6891152338 6.716191886227932 0.04804602238273756 9.049995625642339
59 0 0.01 149768.6891152338 6.716191886227932 0.04804602238273756 9.049995625642339
60 0 0.01 149768.6891152338 6.716191886227932 0.04804602238273756 9.049995625642339
61 0 0.01 149768.6891152338 6.716191886227932 0.04804602238273756 9.049995625642339
62 0 0.01 149625.29671936604 6.840189874456236 0.047367411681551896 9.19299980623817
63 0 0.01 149625.29671936604 6.840189874456236 0.047367411681551896 9.19299980623817
64 0 0.01 149625.29671936604 6.840189874456236 0.047367411681551896 9.19299980623817
65 0 0.01 149625.29671936604 6.840189874456236 0.047367411681551896 9.19299980623817
66 0 0.01 149625.29671936604 6.840189874456236 0.047367411681551896 9.19299980623817
67 0 0.01 150290.04946080924 6.805179008781221 0.048457196763949675 9.103518493188261
68 0 0.01 150290.04946080924 6.805179008781221 0.048457196763949675 9.103518493188261
69 0 0.01 150290.04946080924 6.805179008781221 0.048457196763949675 9.103518493188261
70 0 0.01 150290.04946080924 6.805179008781221 0.048457196763949675 9.103518493188261
71 0 0.01 150290.04946080924 6.805179008781221 0.048457196763949675 9.103518493188261
72 0 0.01 150290.04946080924 6.805179008781221 0.048457196763949675 9.103518493188261
73 0 0.01 150290.04946080924 6.805179008781221 0.048457196763949675 9.103518493188261
74 0 0.01 150290.04946080924 6.805179008781221 0.048457196763949675 9.103518493188261
75 0 0.01 147617.02966575627 6.728273890431571 0.04947042281076341 9.198201570713163
76 0 0.01 147617.02966575627 6.728273890431571 0.04947042281076341 9.198201570713163
77 0 0.01 147617.02966575627 6.728273890431571 0.04947042281076341 9.198201570713163
78 0 0.01 147617.02966575627 6.728273890431571 0.04947042281076341 9.198201570713163
79 0 0.01 147617.02966575627 6.728273890431571 0.04947042281076341 9.198201570713163
80 0 0.01 147617.02966575627 6.728273890431571 0.04947042281076341 9.198201570713163
81 0 0.01 147617.02966575627 6.728273890431571 0.04947042281076341 9.198201570713163
82 0 0.01 147617.02966575627 6.728273890431571 0.04947042281076341 9.198201570713163
83 0 0.01 147617.02966575627 6.728273890431571 0.04947042281076341 9.198201570713163
84 0 0.01 147617.02966575627 6.728273890431571 0.04947042281076341 9.198201570713163
85 0 0.01 147617.02966575627 6.728273890431571 0.04947042281076341 9.198201570713163
86 0 0.01 147617.02966575627 6.728273890431571 0.04947042281076341 9.198201570713163
87 0 0.01 147617.02966575627 6.728273890431571 0.04947042281076341 9.198201570713163
88 0 0.01 147617.02966575627 6.728273890431571 0.04947042281076341 9.198201570713163
89 0 0.01 147617.02966575627 6.728273890431571 0.04947042281076341 9.198201570713163
90 0 0.01 147617.02966575627 6.728273890431571 0.04947042281076341 9.198201570713163
91 0 0.01 147617.02966575627 6.728273890431571 0.04947042281076341 9.198201570713163
92 0 0.01 147617.02966575627 6.728273890431571 0.04947042281076341 9.198201570713163
93 0 0.01 147617.02966575627 6.728273890431571 0.04947042281076341 9.198201570713163
94 0 0.01 147617.02966575627 6.728273890431571 0.04947042281076341 9.198201570713163
95 0 0.01 147617.02966575627 6.728273890431571 0.04947042281076341 9.198201570713163
96 0 0.01 147617.02966575627 6.728273890431571 0.04947042281076341 9.198201570713163
97 0 0.01 147617.02966575627 6.728273890431571 0.04947042281076341 9.198201570713163
98 0 0.01 147617.02966575627 6.728273890431571 0.04947042281076341 9.198201570713163
99 0 0.01 147617.02966575627 6.728273890431571 0.04947042281076341 9.198201570713163
100 0 0.01 147617.02966575627 6.728273890431571 0.04947042281076341 9.198201570713163
101 0 0.01 147617.02966575627 6.728273890431571 0.04947042281076341 9.198201570713163
102 0 0.01 147617.02966575627 6.728273890431571 0.04947042281076341 9.198201570713163
103 0 0.01 147617.02966575627 6.728273890431571 0.04947042281076341 9.198201570713163
104 0 0.01 147617.02966575627 6.728273890431571 0.04947042281076341 9.198201570713163
105 0 0.01 147617.02966575627 6.728273890431571 0.04947042281076341 9.198201570713163
106 0 0.01 147617.02966575627 6.728273890431571 0.04947042281076341 9.198201570713163
107 0 0.01 147617.02966575627 6.728273890431571 0.04947042281076341 9.198201570713163
108 0 0.01 147617.02966575627 6.728273890431571 0.04947042281076341 9.198201570713163
109 0 0.01 147617.02966575627 6.728273890431571 0.04947042281076341 9.198201570713163
110 0 0.01 147617.02966575627 6.728273890431571 0.04947042281076341 9.198201570713163
111 0 0.01 147617.02966575627 6.728273890431571 0.04947042281076341 9.198201570713163
112 0 0.01 147617.02966575627 6.728273890431571 0.04947042281076341 9.198201570713163
113 0 0.01 147617.02966575627 6.728273890431571 0.04947042281076341 9.198201570713163
114 0 0.01 147617.02966575627 6.728273890431571 0.04947042281076341 9.198201570713163
115 0 0.01 147617.02966575627 6.728273890431571 0.04947042281076341 9.198201570713163
116 0 0.01 147617.02966575627 6.728273890431571 0.04947042281076341 9.198201570713163
117 0 0.01 147617.02966575627 6.728273890431571 0.04947042281076341 9.198201570713163
118 0 0.01 147617.02966575627 6.728273890431571 0.04947042281076341 9.198201570713163
119 0 0.01 147617.02966575627 6.728273890431571 0.04947042281076341 9.198201570713163
120 0 0.01 147617.02966575627 6.728273890431571 0.04947042281076341 9.198201570713163
121 0 0.01 147617.02966575627 6.728273890431571 0.04947042281076341 9.198201570713163
122 0 0.01 147617.02966575627 6.728273890431571 0.04947042281076341 9.198201570713163
123 0 0.01 147617.02966575627 6.728273890431571 0.04947042281076341 9.198201570713163
124 0 0.01 147617.02966575627 6.728273890431571 0.04947042281076341 9.198201570713163
125 0 0.01 147617.02966575627 6.728273890431571 0.04947042281076341 9.198201570713163
126 0 0.01 147617.02966575627 6.728273890431571 0.04947042281076341 9.198201570713163
127 0 0.01 147617.02966575627 6.728273890431571 0.04947042281076341 9.198201570713163
128 0 0.01 147617.02966575627 6.728273890431571 0.04947042281076341 9.198201570713163
129 0 0.01 147617.02966575627 6.728273890431571 0.04947042281076341 9.198201570713163
130 0 0.01 147617.02966575627 6.728273890431571 0.04947042281076341 9.198201570713163
131 0 0.01 147617.02966575627 6.728273890431571 0.04947042281076341 9.198201570713163
132 0 0.01 147617.02966575627 6.728273890431571 0.04947042281076341 9.198201570713163
133 0 0.01 147617.02966575627 6.728273890431571 0.04947042281076341 9.198201570713163
134 0 0.01 147617.02966575627 6.728273890431571 0.04947042281076341 9.198201570713163
135 0 0.01 147617.02966575627 6.728273890431571 0.04947042281076341 9.198201570713163
136 0 0.01 147617.02966575627 6.728273890431571 0.04947042281076341 9.198201570713163
137 0 0.01 147617.02966575627 6.728273890431571 0.04947042281076341 9.198201570713163
138 0 0.01 147617.02966575627 6.728273890431571 0.04947042281076341 9.198201570713163
139 0 0.01 147617.02966575627 6.728273890431571 0.04947042281076341 9.198201570713163
140 0 0.01 147617.02966575627 6.728273890431571 0.04947042281076341 9.198201570713163
141 0 0.01 147617.02966575627 6.728273890431571 0.04947042281076341 9.198201570713163
142 0 0.01 147617.02966575627 6.728273890431571 0.04947042281076341 9.198201570713163
143 0 0.01 147617.02966575627 6.728273890431571 0.04947042281076341 9.198201570713163
144 0 0.01 147617.02966575627 6.728273890431571 0.04947042281076341 9.198201570713163
145 0 0.01 147617.02966575627 6.728273890431571 0.04947042281076341 9.198201570713163
146 0 0.01 147617.02966575627 6.728273890431571 0.04947042281076341 9.198201570713163
147 0 0.01 147617.02966575627 6.728273890431571 0.04947042281076341 9.198201570713163
148 0 0.01 147617.02966575627 6.728273890431571 0.04947042281076341 9.198201570713163
149 0 0.01 147617.02966575627 6.728273890431571 0.04947042281076341 9.198201570713163
150 0 0.01 147617.02966575627 6.728273890431571 0.04947042281076341 9.198201570713163
151 0 0.01 147617.02966575627 6.728273890431571 0.04947042281076341 9.198201570713163
152 0 0.01 147617.02966575627 6.728273890431571 0.04947042281076341 9.198201570713163
153 0 0.01 147617.02966575627 6.728273890431571 0.04947042281076341 9.198201570713163
154 0 0.01 147617.02966575627 6.728273890431571 0.04947042281076341 9.198201570713163
155 0 0.01 147617.02966575627 6.728273890431571 0.04947042281076341 9.198201570713163
156 0 0.01 147617.02966575627 6.728273890431571 0.04947042281076341 9.198201570713163
157 0 0.01 147617.02966575627 6.728273890431571 0.04947042281076341 9.198201570713163
158 0 0.01 147617.02966575627 6.728273890431571 0.04947042281076341 9.198201570713163
159 0 0.01 147617.02966575627 6.728273890431571 0.04947042281076341 9.198201570713163
160 0 0.01 147617.02966575627 6.728273890431571 0.04947042281076341 9.198201570713163
161 0 0.01 147617.02966575627 6.728273890431571 0.04947042281076341 9.198201570713163
162 0 0.01 147617.02966575627 6.728273890431571 0.04947042281076341 9.198201570713163
163 0 0.01 147617.02966575627 6.728273890431571 0.04947042281076341 9.198201570713163
164 0 0.01 147617.02966575627 6.728273890431571 0.04947042281076341 9.198201570713163
165 0 0.01 147617.02966575627 6.728273890431571 0.04947042281076341 9.198201570713163
166 0 0.01 147617.02966575627 6.728273890431571 0.04947042281076341 9.198201570713163
167 0 0.01 147617.02966575627 6.728273890431571 0.04947042281076341 9.198201570713163
168 0 0.01 147617.02966575627 6.728273890431571 0.04947042281076341 9.198201570713163
169 0 0.01 147617.02966575627 6.728273890431571 0.04947042281076341 9.198201570713163
170 0 0.01 147617.02966575627 6.728273890431571 0.04947042281076341 9.198201570713163
171 0 0.01 147617.02966575627 6.728273890431571 0.04947042281076341 9.198201570713163
172 0 0.01 147617.02966575627 6.728273890431571 0.04947042281076341 9.198201570713163
173 0 0.01 147667.2293468636 6.731340275437265 0.04975162980392348 9.190509100093792
174 0 0.01 147667.2293468636 6.731340275437265 0.04975162980392348 9.190509100093792
175 0 0.01 147667.2293468636 6.731340275437265 0.04975162980392348 9.190509100093792
176 0 0.01 147667.2293468636 6.731340275437265 0.04975162980392348 9.190509100093792
177 0 0.01 147667.2293468636 6.731340275437265 0.04975162980392348 9.190509100093792
178 0 0.01 147667.2293468636 6.731340275437265 0.04975162980392348 9.190509100093792
179 0 0.01 147667.2293468636 6.731340275437265 0.04975162980392348 9.190509100093792
180 0 0.01 147667.2293468636 6.731340275437265 0.04975162980392348 9.190509100093792
181 0 0.01 147667.2293468636 6.731340275437265 0.04975162980392348 9.190509100093792
182 0 0.01 147667.2293468636 6.731340275437265 0.04975162980392348 9.190509100093792
183 0 0.01 147667.2293468636 6.731340275437265 0.04975162980392348 9.190509100093792
184 0 0.01 147667.2293468636 6.731340275437265 0.04975162980392348 9.190509100093792
185 0 0.01 147667.2293468636 6.731340275437265 0.04975162980392348 9.190509100093792
186 0 0.01 147667.2293468636 6.731340275437265 0.04975162980392348 9.190509100093792
187 0 0.01 147667.2293468636 6.731340275437265 0.04975162980392348 9.190509100093792
188 0 0.01 147667.2293468636 6.731340275437265 0.04975162980392348 9.190509100093792
189 0 0.01 147667.2293468636 6.731340275437265 0.04975162980392348 9.190509100093792
190 0 0.01 147667.2293468636 6.731340275437265 0.04975162980392348 9.190509100093792
191 0 0.01 147667.2293468636 6.731340275437265 0.04975162980392348 9.190509100093792
192 0 0.01 147667.2293468636 6.731340275437265 0.04975162980392348 9.190509100093792
193 0 0.01 147667.2293468636 6.731340275437265 0.04975162980392348 9.190509100093792
194 0 0.01 147667.2293468636 6.731340275437265 0.04975162980392348 9.190509100093792
195 0 0.01 147667.2293468636 6.731340275437265 0.04975162980392348 9.190509100093792
196 0 0.01 147667.2293468636 6.731340275437265 0.04975162980392348 9.190509100093792
197 0 0.01 147667.2293468636 6.731340275437265 0.04975162980392348 9.190509100093792
198 0 0.01 147667.2293468636 6.731340275437265 0.04975162980392348 9.190509100093792
199 0 0.01 147667.2293468636 6.731340275437265 0.04975162980392348 9.190509100093792
200 0 0.01 147667.2293468636 6.731340275437265 0.04975162980392348 9.190509100093792
201 0 0.01 147667.2293468636 6.731340275437265 0.04975162980392348 9.190509100093792
202 0 0.01 147667.2293468636 6.731340275437265 0.04975162980392348 9.190509100093792
203 0 0.01 147667.2293468636 6.731340275437265 0.04975162980392348 9.190509100093792
204 0 0.01 147667.2293468636 6.731340275437265 0.04975162980392348 9.190509100093792
205 0 0.01 147667.2293468636 6.731340275437265 0.04975162980392348 9.190509100093792
206 0 0.01 147667.2293468636 6.731340275437265 0.04975162980392348 9.190509100093792
207 0 0.01 147667.2293468636 6.731340275437265 0.04975162980392348 9.190509100093792
208 0 0.01 147667.2293468636 6.731340275437265 0.04975162980392348 9.190509100093792
209 0 0.01 147667.2293468636 6.731340275437265 0.04975162980392348 9.190509100093792
210 0 0.01 147667.2293468636 6.731340275437265 0.04975162980392348 9.190509100093792
211 0 0.01 147667.2293468636 6.731340275437265 0.04975162980392348 9.190509100093792
212 0 0.01 147667.2293468636 6.731340275437265 0.04975162980392348 9.190509100093792
213 0 0.01 147667.2293468636 6.731340275437265 0.04975162980392348 9.190509100093792
214 0 0.01 147667.2293468636 6.731340275437265 0.04975162980392348 9.190509100093792
215 0 0.01 147667.2293468636 6.731340275437265 0.04975162980392348 9.190509100093792
216 0 0.01 147667.2293468636 6.731340275437265 0.04975162980392348 9.190509100093792
217 0 0.01 147667.2293468636 6.731340275437265 0.04975162980392348 9.190509100093792
218 0 0.01 147667.2293468636 6.731340275437265 0.04975162980392348 9.190509100093792
219 0 0.01 147667.2293468636 6.731340275437265 0.04975162980392348 9.190509100093792
220 0 0.01 147667.2293468636 6.731340275437265 0.04975162980392348 9.190509100093792
221 0 0.01 147667.2293468636 6.731340275437265 0.04975162980392348 9.190509100093792
222 0 0.01 147667.2293468636 6.731340275437265 0.04975162980392348 9.190509100093792
223 0 0.01 147667.2293468636 6.731340275437265 0.04975162980392348 9.190509100093792
224 0 0.01 147667.2293468636 6.731340275437265 0.04975162980392348 9.190509100093792
225 0 0.01 147667.2293468636 6.731340275437265 0.04975162980392348 9.190509100093792
226 0 0.01 147667.2293468636 6.731340275437265 0.04975162980392348 9.190509100093792
227 0 0.01 147667.2293468636 6.731340275437265 0.04975162980392348 9.190509100093792
228 0 0.01 147667.2293468636 6.731340275437265 0.04975162980392348 9.190509100093792
229 0 0.01 147667.2293468636 6.731340275437265 0.04975162980392348 9.190509100093792
230 0 0.01 147667.2293468636 6.731340275437265 0.04975162980392348 9.190509100093792
231 0 0.01 147667.2293468636 6.731340275437265 0.04975162980392348 9.190509100093792
232 0 0.01 147667.2293468636 6.731340275437265 0.04975162980392348 9.190509100093792
233 0 0.01 147667.2293468636 6.731340275437265 0.04975162980392348 9.190509100093792
234 0 0.01 147667.2293468636 6.731340275437265 0.04975162980392348 9.190509100093792
235 0 0.01 147667.2293468636 6.731340275437265 0.04975162980392348 9.190509100093792
236 0 0.01 147667.2293468636 6.731340275437265 0.04975162980392348 9.190509100093792
237 0 0.01 147667.2293468636 6.731340275437265 0.04975162980392348 9.190509100093792
238 0 0.01 147667.2293468636 6.731340275437265 0.04975162980392348 9.190509100093792
239 0 0.01 147667.2293468636 6.731340275437265 0.04975162980392348 9.190509100093792
240 0 0.01 147667.2293468636 6.731340275437265 0.04975162980392348 9.190509100093792
241 0 0.01 147667.2293468636 6.731340275437265 0.04975162980392348 9.190509100093792
242 0 0.01 147667.2293468636 6.731340275437265 0.04975162980392348 9.190509100093792
243 0 0.01 147667.2293468636 6.731340275437265 0.04975162980392348 9.190509100093792
244 0 0.01 147667.2293468636 6.731340275437265 0.04975162980392348 9.190509100093792
245 0 0.01 147667.2293468636 6.731340275437265 0.04975162980392348 9.190509100093792
246 0 0.01 147667.2293468636 6.731340275437265 0.04975162980392348 9.190509100093792
247 0 0.01 147667.2293468636 6.731340275437265 0.04975162980392348 9.190509100093792
248 0 0.01 147667.2293468636 6.731340275437265 0.04975162980392348 9.190509100093792
249 0 0.01 147667.2293468636 6.731340275437265 0.04975162980392348 9.190509100093792
250 0 0.01 147667.2293468636 6.731340275437265 0.04975162980392348 9.190509100093792
251 0 0.01 147667.2293468636 6.731340275437265 0.04975162980392348 9.190509100093792
252 0 0.01 147667.2293468636 6.731340275437265 0.04975162980392348 9.190509100093792
253 0 0.01 147667.2293468636 6.731340275437265 0.04975162980392348 9.190509100093792
254 0 0.01 147667.2293468636 6.731340275437265 0.04975162980392348 9.190509100093792
255 0 0.01 147667.2293468636 6.731340275437265 0.04975162980392348 9.190509100093792
256 0 0.01 147667.2293468636 6.731340275437265 0.04975162980392348 9.190509100093792
257 0 0.01 147667.2293468636 6.731340275437265 0.04975162980392348 9.190509100093792
258 0 0.01 147667.2293468636 6.731340275437265 0.04975162980392348 9.190509100093792
259 0 0.01 147667.2293468636 6.731340275437265 0.04975162980392348 9.190509100093792
260 0 0.01 147667.2293468636 6.731340275437265 0.04975162980392348 9.190509100093792
261 0 0.01 147667.2293468636 6.731340275437265 0.04975162980392348 9.190509100093792
262 0 0.01 147667.2293468636 6.731340275437265 0.04975162980392348 9.190509100093792
263 0 0.01 147667.2293468636 6.731340275437265 0.04975162980392348 9.190509100093792
264 0 0.01 147667.2293468636 6.731340275437265 0.04975162980392348 9.190509100093792
265 0 0.01 147667.2293468636 6.731340275437265 0.04975162980392348 9.190509100093792
266 0 0.01 147667.2293468636 6.731340275437265 0.04975162980392348 9.190509100093792
267 0 0.01 147667.2293468636 6.731340275437265 0.04975162980392348 9.190509100093792
268 0 0.01 147667.2293468636 6.731340275437265 0.04975162980392348 9.190509100093792
269 0 0.01 147667.2293468636 6.731340275437265 0.04975162980392348 9.190509100093792
270 0 0.01 147667.2293468636 6.731340275437265 0.04975162980392348 9.190509100093792
271 0 0.01 147667.2293468636 6.731340275437265 0.04975162980392348 9.190509100093792
272 0 0.01 147667.2293468636 6.731340275437265 0.04975162980392348 9.190509100093792
273 0 0.01 147667.2293468636 6.731340275437265 0.04975162980392348 9.190509100093792
274 0 0.01 147667.2293468636 6.731340275437265 0.04975162980392348 9.190509100093792
275 0 0.01 147667.2293468636 6.731340275437265 0.04975162980392348 9.190509100093792
276 0 0.01 147667.2293468636 6.731340275437265 0.04975162980392348 9.190509100093792
277 0 0.01 147667.2293468636 6.731340275437265 0.04975162980392348 9.190509100093792
278 0 0.01 147667.2293468636 6.731340275437265 0.04975162980392348 9.190509100093792
279 0 0.01 147667.2293468636 6.731340275437265 0.04975162980392348 9.190509100093792
280 0 0.01 147667.2293468636 6.731340275437265 0.04975162980392348 9.190509100093792
281 0 0.01 147667.2293468636 6.731340275437265 0.04975162980392348 9.190509100093792
282 0 0.01 147667.2293468636 6.731340275437265 0.04975162980392348 9.190509100093792
283 0 0.01 147667.2293468636 6.731340275437265 0.04975162980392348 9.190509100093792
284 0 0.01 147667.2293468636 6.731340275437265 0.04975162980392348 9.190509100093792
285 0 0.01 147667.2293468636 6.731340275437265 0.04975162980392348 9.190509100093792
286 0 0.01 147667.2293468636 6.731340275437265 0.04975162980392348 9.190509100093792
287 0 0.01 147667.2293468636 6.731340275437265 0.04975162980392348 9.190509100093792
288 0 0.01 147667.2293468636 6.731340275437265 0.04975162980392348 9.190509100093792
289 0 0.01 147667.2293468636 6.731340275437265 0.04975162980392348 9.190509100093792
290 0 0.01 147667.2293468636 6.731340275437265 0.04975162980392348 9.190509100093792
291 0 0.01 147667.2293468636 6.731340275437265 0.04975162980392348 9.190509100093792
292 0 0.01 147667.2293468636 6.731340275437265 0.04975162980392348 9.190509100093792
293 0 0.01 147667.2293468636 6.731340275437265 0.04975162980392348 9.190509100093792
294 0 0.01 147667.2293468636 6.731340275437265 0.04975162980392348 9.190509100093792
295 0 0.01 147667.2293468636 6.731340275437265 0.04975162980392348 9.190509100093792
296 0 0.01 147667.2293468636 6.731340275437265 0.04975162980392348 9.190509100093792
297 0 0.01 147667.2293468636 6.731340275437265 0.04975162980392348 9.190509100093792
298 0 0.01 147667.2293468636 6.731340275437265 0.04975162980392348 9.190509100093792
299 0 0.01 147667.2293468636 6.731340275437265 0.04975162980392348 9.190509100093792
300 0 0.01 147667.2293468636 6.731340275437265 0.04975162980392348 9.190509100093792
301 0 0.01 147667.2293468636 6.731340275437265 0.04975162980392348 9.190509100093792
302 0 0.01 147667.2293468636 6.731340275437265 0.04975162980392348 9.190509100093792
303 0 0.01 147667.2293468636 6.731340275437265 0.04975162980392348 9.190509100093792
304 0 0.01 147667.2293468636 6.731340275437265 0.04975162980392348 9.190509100093792
305 0 0.01 147667.2293468636 6.731340275437265 0.04975162980392348 9.190509100093792
306 0 0.01 147667.2293468636 6.731340275437265 0.04975162980392348 9.190509100093792
307 0 0.01 147667.2293468636 6.731340275437265 0.04975162980392348 9.190509100093792
308 0 0.01 147667.2293468636 6.731340275437265 0.04975162980392348 9.190509100093792
309 0 0.01 147667.2293468636 6.731340275437265 0.04975162980392348 9.190509100093792
310 0 0.01 147667.2293468636 6.731340275437265 0.04975162980392348 9.190509100093792
311 0 0.01 147667.2293468636 6.731340275437265 0.04975162980392348 9.190509100093792
312 0 0.01 147667.2293468636 6.731340275437265 0.04975162980392348 9.190509100093792
313 0 0.01 147667.2293468636 6.731340275437265 0.04975162980392348 9.190509100093792
314 0 0.01 147667.2293468636 6.731340275437265 0.04975162980392348 9.190509100093792
315 0 0.01 147667.2293468636 6.731340275437265 0.04975162980392348 9.190509100093792
316 0 0.01 147667.2293468636 6.731340275437265 0.04975162980392348 9.190509100093792
317 0 0.01 147667.2293468636 6.731340275437265 0.04975162980392348 9.190509100093792
318 0 0.01 147667.2293468636 6.731340275437265 0.04975162980392348 9.190509100093792
319 0 0.01 147667.2293468636 6.731340275437265 0.04975162980392348 9.190509100093792
320 0 0.01 147667.2293468636 6.731340275437265 0.04975162980392348 9.190509100093792
321 0 0.01 147667.2293468636 6.731340275437265 0.04975162980392348 9.190509100093792
322 0 0.01 147667.2293468636 6.731340275437265 0.04975162980392348 9.190509100093792
323 0 0.01 147667.2293468636 6.731340275437265 0.04975162980392348 9.190509100093792
324 0 0.01 147667.2293468636 6.731340275437265 0.04975162980392348 9.190509100093792
325 0 0.01 147667.2293468636 6.731340275437265 0.04975162980392348 9.190509100093792
326 0 0.01 147667.2293468636 6.731340275437265 0.04975162980392348 9.190509100093792
327 0 0.01 147667.2293468636 6.731340275437265 0.04975162980392348 9.190509100093792
328 0 0.01 147667.2293468636 6.731340275437265 0.04975162980392348 9.190509100093792
329 0 0.01 147667.2293468636 6.731340275437265 0.04975162980392348 9.190509100093792
330 0 0.01 147667.2293468636 6.731340275437265 0.04975162980392348 9.190509100093792
331 0 0.01 147667.2293468636 6.731340275437265 0.04975162980392348 9.190509100093792
332 0 0.01 147667.2293468636 6.731340275437265 0.04975162980392348 9.190509100093792
333 0 0.01 147667.2293468636 6.731340275437265 0.04975162980392348 9.190509100093792
334 0 0.01 147667.2293468636 6.731340275437265 0.04975162980392348 9.190509100093792
335 0 0.01 147667.2293468636 6.731340275437265 0.04975162980392348 9.190509100093792
336 0 0.01 147667.2293468636 6.731340275437265 0.04975162980392348 9.190509100093792
337 0 0.01 147667.2293468636 6.731340275437265 0.04975162980392348 9.190509100093792
338 0 0.01 147667.2293468636 6.731340275437265 0.04975162980392348 9.190509100093792
339 0 0.01 147667.2293468636 6.731340275437265 0.04975162980392348 9.190509100093792
340 0 0.01 147667.2293468636 6.731340275437265 0.04975162980392348 9.190509100093792
341 0 0.01 147667.2293468636 6.731340275437265 0.04975162980392348 9.190509100093792
342 0 0.01 147667.2293468636 6.731340275437265 0.04975162980392348 9.190509100093792
343 0 0.01 147667.2293468636 6.731340275437265 0.04975162980392348 9.190509100093792
344 0 0.01 147667.2293468636 6.731340275437265 0.04975162980392348 9.190509100093792
345 0 0.01 147667.2293468636 6.731340275437265 0.04975162980392348 9.190509100093792
346 0 0.01 147667.2293468636 6.731340275437265 0.04975162980392348 9.190509100093792
347 0 0.01 147667.2293468636 6.731340275437265 0.04975162980392348 9.190509100093792
348 0 0.01 147667.2293468636 6.731340275437265 0.04975162980392348 9.190509100093792
349 0 0.01 147667.2293468636 6.731340275437265 0.04975162980392348 9.190509100093792
350 0 0.01 147667.2293468636 6.731340275437265 0.04975162980392348 9.190509100093792
351 0 0.01 147667.2293468636 6.731340275437265 0.04975162980392348 9.190509100093792
352 0 0.01 147667.2293468636 6.731340275437265 0.04975162980392348 9.190509100093792
353 0 0.01 147667.2293468636 6.731340275437265 0.04975162980392348 9.190509100093792
354 0 0.01 147667.2293468636 6.731340275437265 0.04975162980392348 9.190509100093792
355 0 0.01 147667.2293468636 6.731340275437265 0.04975162980392348 9.190509100093792
356 0 0.01 147667.2293468636 6.731340275437265 0.04975162980392348 9.190509100093792
357 0 0.01 147667.2293468636 6.731340275437265 0.04975162980392348 9.190509100093792
358 0 0.01 147667.2293468636 6.731340275437265 0.04975162980392348 9.190509100093792
359 0 0.01 147667.2293468636 6.731340275437265 0.04975162980392348 9.190509100093792
360 0 0.01 147667.2293468636 6.731340275437265 0.04975162980392348 9.190509100093792
361 0 0.01 147667.2293468636 6.731340275437265 0.04975162980392348 9.190509100093792
362 0 0.01 147667.2293468636 6.731340275437265 0.04975162980392348 9.190509100093792
363 0 0.01 147667.2293468636 6.731340275437265 0.04975162980392348 9.190509100093792
364 0 0.01 147667.2293468636 6.731340275437265 0.04975162980392348 9.190509100093792
365 0 0.01 147667.2293468636 6.731340275437265 0.04975162980392348 9.190509100093792
366 0 0.01 147667.2293468636 6.731340275437265 0.04975162980392348 9.190509100093792
367 0 0.01 147667.2293468636 6.731340275437265 0.04975162980392348 9.190509100093792
368 0 0.01 147667.2293468636 6.731340275437265 0.04975162980392348 9.190509100093792
369 0 0.01 147667.2293468636 6.731340275437265 0.04975162980392348 9.190509100093792
370 0 0.01 147667.2293468636 6.731340275437265 0.04975162980392348 9.190509100093792
371 0 0.01 147667.2293468636 6.731340275437265 0.04975162980392348 9.190509100093792
372 0 0.01 147667.2293468636 6.731340275437265 0.04975162980392348 9.190509100093792
373 0 0.01 147667.2293468636 6.731340275437265 0.04975162980392348 9.190509100093792
374 0 0.01 147667.2293468636 6.731340275437265 0.04975162980392348 9.190509100093792
375 0 0.01 147667.2293468636 6.731340275437265 0.04975162980392348 9.190509100093792
376 0 0.01 147667.2293468636 6.731340275437265 0.04975162980392348 9.190509100093792
377 0 0.01 147667.2293468636 6.731340275437265 0.04975162980392348 9.190509100093792
378 0 0.01 147667.2293468636 6.731340275437265 0.04975162980392348 9.190509100093792
379 0 0.01 147667.2293468636 6.731340275437265 0.04975162980392348 9.190509100093792
380 0 0.01 147667.2293468636 6.731340275437265 0.04975162980392348 9.190509100093792
381 0 0.01 147667.2293468636 6.731340275437265 0.04975162980392348 9.190509100093792
382 0 0.01 147667.2293468636 6.731340275437265 0.04975162980392348 9.190509100093792
383 0 0.01 147667.2293468636 6.731340275437265 0.04975162980392348 9.190509100093792
384 0 0.01 147667.2293468636 6.731340275437265 0.04975162980392348 9.190509100093792
385 0 0.01 147667.2293468636 6.731340275437265 0.04975162980392348 9.190509100093792
386 0 0.01 147667.2293468636 6.731340275437265 0.04975162980392348 9.190509100093792
387 0 0.01 147667.2293468636 6.731340275437265 0.04975162980392348 9.190509100093792
388 0 0.01 147667.2293468636 6.731340275437265 0.04975162980392348 9.190509100093792
389 0 0.01 147667.2293468636 6.731340275437265 0.04975162980392348 9.190509100093792
390 0 0.01 147667.2293468636 6.731340275437265 0.04975162980392348 9.190509100093792
391 0 0.01 147667.2293468636 6.731340275437265 0.04975162980392348 9.190509100093792
392 0 0.01 147667.2293468636 6.731340275437265 0.04975162980392348 9.190509100093792
393 0 0.01 147667.2293468636 6.731340275437265 0.04975162980392348 9.190509100093792
394 0 0.01 147667.2293468636 6.731340275437265 0.04975162980392348 9.190509100093792
395 0 0.01 147667.2293468636 6.731340275437265 0.04975162980392348 9.190509100093792
396 0 0.01 147667.2293468636 6.731340275437265 0.04975162980392348 9.190509100093792
397 0 0.01 147667.2293468636 6.731340275437265 0.04975162980392348 9.190509100093792
398 0 0.01 147667.2293468636 6.731340275437265 0.04975162980392348 9.190509100093792
399 0 0.01 147667.2293468636 6.731340275437265 0.04975162980392348 9.190509100093792
400 0 0.01 147667.2293468636 6.731340275437265 0.04975162980392348 9.190509100093792
401 0 0.01 147667.2293468636 6.731340275437265 0.04975162980392348 9.190509100093792
402 0 0.01 147667.2293468636 6.731340275437265 0.04975162980392348 9.190509100093792
403 0 0.01 147667.2293468636 6.731340275437265 0.04975162980392348 9.190509100093792
404 0 0.01 147667.2293468636 6.731340275437265 0.04975162980392348 9.190509100093792
405 0 0.01 147667.2293468636 6.731340275437265 0.04975162980392348 9.190509100093792
406 0 0.01 147667.2293468636 6.731340275437265 0.04975162980392348 9.190509100093792
407 0 0.01 147667.2293468636 6.731340275437265 0.04975162980392348 9.190509100093792
408 0 0.01 147667.2293468636 6.731340275437265 0.04975162980392348 9.190509100093792
409 0 0.01 147667.2293468636 6.731340275437265 0.04975162980392348 9.190509100093792
410 0 0.01 147667.2293468636 6.731340275437265 0.04975162980392348 9.190509100093792
411 0 0.01 147667.2293468636 6.731340275437265 0.04975162980392348 9.190509100093792
412 0 0.01 147667.2293468636 6.731340275437265 0.04975162980392348 9.190509100093792
413 0 0.01 147667.2293468636 6.731340275437265 0.04975162980392348 9.190509100093792
414 0 0.01 147667.2293468636 6.731340275437265 0.04975162980392348 9.190509100093792
415 0 0.01 147667.2293468636 6.731340275437265 0.04975162980392348 9.190509100093792
416 0 0.01 147667.2293468636 6.731340275437265 0.04975162980392348 9.190509100093792
417 0 0.01 147667.2293468636 6.731340275437265 0.04975162980392348 9.190509100093792
418 0 0.01 147667.2293468636 6.731340275437265 0.04975162980392348 9.190509100093792
419 0 0.01 147667.2293468636 6.731340275437265 0.04975162980392348 9.190509100093792
420 0 0.01 147667.2293468636 6.731340275437265 0.04975162980392348 9.190509100093792
421 0 0.01 147667.2293468636 6.731340275437265 0.04975162980392348 9.190509100093792
422 0 0.01 147667.2293468636 6.731340275437265 0.04975162980392348 9.190509100093792
423 0 0.01 147667.2293468636 6.731340275437265 0.04975162980392348 9.190509100093792
424 0 0.01 147667.2293468636 6.731340275437265 0.04975162980392348 9.190509100093792
425 0 0.01 147667.2293468636 6.731340275437265 0.04975162980392348 9.190509100093792
426 0 0.01 147667.2293468636 6.731340275437265 0.04975162980392348 9.190509100093792
427 0 0.01 147667.2293468636 6.731340275437265 0.04975162980392348 9.190509100093792
428 0 0.01 147667.2293468636 6.731340275437265 0.04975162980392348 9.190509100093792
429 0 0.01 147667.2293468636 6.731340275437265 0.04975162980392348 9.190509100093792
430 0 0.01 147667.2293468636 6.731340275437265 0.04975162980392348 9.190509100093792
431 0 0.01 147667.2293468636 6.731340275437265 0.04975162980392348 9.190509100093792
432 0 0.01 147667.2293468636 6.731340275437265 0.04975162980392348 9.190509100093792
433 0 0.01 147667.2293468636 6.731340275437265 0.04975162980392348 9.190509100093792
434 0 0.01 147667.2293468636 6.731340275437265 0.04975162980392348 9.190509100093792
435 0 0.01 147667.2293468636 6.731340275437265 0.04975162980392348 9.190509100093792
436 0 0.01 147667.2293468636 6.731340275437265 0.04975162980392348 9.190509100093792
437 0 0.01 147667.2293468636 6.731340275437265 0.04975162980392348 9.190509100093792
438 0 0.01 147667.2293468636 6.731340275437265 0.04975162980392348 9.190509100093792
439 0 0.01 147667.2293468636 6.731340275437265 0.04975162980392348 9.190509100093792
440 0 0.01 147667.2293468636 6.731340275437265 0.04975162980392348 9.190509100093792
441 0 0.01 147667.2293468636 6.731340275437265 0.04975162980392348 9.190509100093792
442 0 0.01 147667.2293468636 6.731340275437265 0.04975162980392348 9.190509100093792
443 0 0.01 147667.2293468636 6.731340275437265 0.04975162980392348 9.190509100093792
444 0 0.01 147667.2293468636 6.731340275437265 0.04975162980392348 9.190509100093792
445 0 0.01 147667.2293468636 6.731340275437265 0.04975162980392348 9.190509100093792
446 0 0.01 147667.2293468636 6.731340275437265 0.04975162980392348 9.190509100093792
447 0 0.01 147667.2293468636 6.731340275437265 0.04975162980392348 9.190509100093792
448 0 0.01 147667.2293468636 6.731340275437265 0.04975162980392348 9.190509100093792
449 0 0.01 147667.2293468636 6.731340275437265 0.04975162980392348 9.190509100093792
450 0 0.01 147667.2293468636 6.731340275437265 0.04975162980392348 9.190509100093792
451 0 0.01 147667.2293468636 6.731340275437265 0.04975162980392348 9.190509100093792
452 0 0.01 147667.2293468636 6.731340275437265 0.04975162980392348 9.190509100093792
453 0 0.01 147667.2293468636 6.731340275437265 0.04975162980392348 9.190509100093792
454 0 0.01 147667.2293468636 6.731340275437265 0.04975162980392348 9.190509100093792
455 0 0.01 147667.2293468636 6.731340275437265 0.04975162980392348 9.190509100093792
456 0 0.01 147667.2293468636 6.731340275437265 0.04975162980392348 9.190509100093792
457 0 0.01 147667.2293468636 6.731340275437265 0.04975162980392348 9.190509100093792
458 0 0.01 147667.2293468636 6.731340275437265 0.04975162980392348 9.190509100093792
459 0 0.01 147667.2293468636 6.731340275437265 0.04975162980392348 9.190509100093792
460 0 0.01 147667.2293468636 6.731340275437265 0.04975162980392348 9.190509100093792
461 0 0.01 147667.2293468636 6.731340275437265 0.04975162980392348 9.190509100093792
462 0 0.01 147667.2293468636 6.731340275437265 0.04975162980392348 9.190509100093792
463 0 0.01 147667.2293468636 6.731340275437265 0.04975162980392348 9.190509100093792
464 0 0.01 147667.2293468636 6.731340275437265 0.04975162980392348 9.190509100093792
465 0 0.01 147667.2293468636 6.731340275437265 0.04975162980392348 9.190509100093792
466 0 0.01 147667.2293468636 6.731340275437265 0.04975162980392348 9.190509100093792
467 0 0.01 147667.2293468636 6.731340275437265 0.04975162980392348 9.190509100093792
468 0 0.01 147667.2293468636 6.731340275437265 0.04975162980392348 9.190509100093792
469 0 0.01 147667.2293468636 6.731340275437265 0.04975162980392348 9.190509100093792
470 0 0.01 147667.2293468636 6.731340275437265 0.04975162980392348 9.190509100093792
471 0 0.01 147667.2293468636 6.731340275437265 0.04975162980392348 9.190509100093792
472 0 0.01 147667.2293468636 6.731340275437265 0.04975162980392348 9.190509100093792
473 0 0.01 147667.2293468636 6.731340275437265 0.04975162980392348 9.190509100093792
474 0 0.01 147667.2293468636 6.731340275437265 0.04975162980392348 9.190509100093792
475 0 0.01 147667.2293468636 6.731340275437265 0.04975162980392348 9.190509100093792
476 0 0.01 147667.2293468636 6.731340275437265 0.04975162980392348 9.190509100093792
477 0 0.01 147667.2293468636 6.731340275437265 0.04975162980392348 9.190509100093792
478 0 0.01 147667.2293468636 6.731340275437265 0.04975162980392348 9.190509100093792
479 0 0.01 147667.2293468636 6.731340275437265 0.04975162980392348 9.190509100093792
480 0 0.01 147667.2293468636 6.731340275437265 0.04975162980392348 9.190509100093792
481 0 0.01 147667.2293468636 6.731340275437265 0.04975162980392348 9.190509100093792
482 0 0.01 147667.2293468636 6.731340275437265 0.04975162980392348 9.190509100093792
483 0 0.01 147667.2293468636 6.731340275437265 0.04975162980392348 9.190509100093792
484 0 0.01 147667.2293468636 6.731340275437265 0.04975162980392348 9.190509100093792
485 0 0.01 147667.2293468636 6.731340275437265 0.04975162980392348 9.190509100093792
486 0 0.01 147667.2293468636 6.731340275437265 0.04975162980392348 9.190509100093792
487 0 0.01 147667.2293468636 6.731340275437265 0.04975162980392348 9.190509100093792
488 0 0.01 147667.2293468636 6.731340275437265 0.04975162980392348 9.190509100093792
489 0 0.01 147667.2293468636 6.731340275437265 0.04975162980392348 9.190509100093792
490 0 0.01 147667.2293468636 6.731340275437265 0.04975162980392348 9.190509100093792
491 0 0.01 147667.2293468636 6.731340275437265 0.04975162980392348 9.190509100093792
492 0 0.01 147667.2293468636 6.731340275437265 0.04975162980392348 9.190509100093792
493 0 0.01 147667.2293468636 6.731340275437265 0.04975162980392348 9.190509100093792
494 0 0.01 147667.2293468636 6.731340275437265 0.04975162980392348 9.190509100093792
495 0 0.01 147667.2293468636 6.731340275437265 0.04975162980392348 9.190509100093792
496 0 0.01 147667.2293468636 6.731340275437265 0.04975162980392348 9.190509100093792
497 0 0.01 147667.2293468636 6.731340275437265 0.04975162980392348 9.190509100093792
498 0 0.01 147667.2293468636 6.731340275437265 0.04975162980392348 9.190509100093792
499 0 0.01 147667.2293468636 6.731340275437265 0.04975162980392348 9.190509100093792
500 0 0.01 147667.2293468636 6.731340275437265 0.04975162980392348 9.190509100093792
501 0 0.01 147667.2293468636 6.731340275437265 0.04975162980392348 9.190509100093792
502 0 0.01 147667.2293468636 6.731340275437265 0.04975162980392348 9.190509100093792
503 0 0.01 147667.2293468636 6.731340275437265 0.04975162980392348 9.190509100093792
504 0 0.01 147667.2293468636 6.731340275437265 0.04975162980392348 9.190509100093792
505 0 0.01 147667.2293468636 6.731340275437265 0.04975162980392348 9.190509100093792
506 0 0.01 147667.2293468636 6.731340275437265 0.04975162980392348 9.190509100093792
507 0 0.01 147667.2293468636 6.731340275437265 0.04975162980392348 9.190509100093792
508 0 0.01 147667.2293468636 6.731340275437265 0.04975162980392348 9.190509100093792
509 0 0.01 147667.2293468636 6.731340275437265 0.04975162980392348 9.190509100093792
510 0 0.01 147667.2293468636 6.731340275437265 0.04975162980392348 9.190509100093792
511 0 0.01 147667.2293468636 6.731340275437265 0.04975162980392348 9.190509100093792
512 0 0.01 147667.2293468636 6.731340275437265 0.04975162980392348 9.190509100093792
513 0 0.01 147667.2293468636 6.731340275437265 0.04975162980392348 9.190509100093792
514 0 0.01 147667.2293468636 6.731340275437265 0.04975162980392348 9.190509100093792
515 0 0.01 147667.2293468636 6.731340275437265 0.04975162980392348 9.190509100093792
516 0 0.01 147667.2293468636 6.731340275437265 0.04975162980392348 9.190509100093792
517 0 0.01 147667.2293468636 6.731340275437265 0.04975162980392348 9.190509100093792
518 0 0.01 147667.2293468636 6.731340275437265 0.04975162980392348 9.190509100093792
519 0 0.01 147667.2293468636 6.731340275437265 0.04975162980392348 9.190509100093792
520 0 0.01 147667.2293468636 6.731340275437265 0.04975162980392348 9.190509100093792
521 0 0.01 147667.2293468636 6.731340275437265 0.04975162980392348 9.190509100093792
522 0 0.01 147667.2293468636 6.731340275437265 0.04975162980392348 9.190509100093792
523 0 0.01 147667.2293468636 6.731340275437265 0.04975162980392348 9.190509100093792
524 0 0.01 147667.2293468636 6.731340275437265 0.04975162980392348 9.190509100093792
525 0 0.01 147667.2293468636 6.731340275437265 0.04975162980392348 9.190509100093792
526 0 0.01 147667.2293468636 6.731340275437265 0.04975162980392348 9.190509100093792
527 0 0.01 147667.2293468636 6.731340275437265 0.04975162980392348 9.190509100093792
528 0 0.01 147667.2293468636 6.731340275437265 0.04975162980392348 9.190509100093792
529 0 0.01 147667.2293468636 6.731340275437265 0.04975162980392348 9.190509100093792
530 0 0.01 147667.2293468636 6.731340275437265 0.04975162980392348 9.190509100093792
531 0 0.01 147667.2293468636 6.731340275437265 0.04975162980392348 9.190509100093792
532 0 0.01 147667.2293468636 6.731340275437265 0.04975162980392348 9.190509100093792
533 0 0.01 147667.2293468636 6.731340275437265 0.04975162980392348 9.190509100093792
534 0 0.01 147667.2293468636 6.731340275437265 0.04975162980392348 9.190509100093792
535 0 0.01 147667.2293468636 6.731340275437265 0.04975162980392348 9.190509100093792
536 0 0.01 147667.2293468636 6.731340275437265 0.04975162980392348 9.190509100093792
537 0 0.01 147667.2293468636 6.731340275437265 0.04975162980392348 9.190509100093792
538 0 0.01 147667.2293468636 6.731340275437265 0.04975162980392348 9.190509100093792
539 0 0.01 147667.2293468636 6.731340275437265 0.04975162980392348 9.190509100093792
540 0 0.01 147667.2293468636 6.731340275437265 0.04975162980392348 9.190509100093792
541 0 0.01 147667.2293468636 6.731340275437265 0.04975162980392348 9.190509100093792
542 0 0.01 147667.2293468636 6.731340275437265 0.04975162980392348 9.190509100093792
543 0 0.01 147667.2293468636 6.731340275437265 0.04975162980392348 9.190509100093792
544 0 0.01 147667.2293468636 6.731340275437265 0.04975162980392348 9.190509100093792
545 0 0.01 147667.2293468636 6.731340275437265 0.04975162980392348 9.190509100093792
546 0 0.01 147667.2293468636 6.731340275437265 0.04975162980392348 9.190509100093792
547 0 0.01 147667.2293468636 6.731340275437265 0.04975162980392348 9.190509100093792
548 0 0.01 147667.2293468636 6.731340275437265 0.04975162980392348 9.190509100093792
549 0 0.01 147667.2293468636 6.731340275437265 0.04975162980392348 9.190509100093792
550 0 0.01 147667.2293468636 6.731340275437265 0.04975162980392348 9.190509100093792
551 0 0.01 147667.2293468636 6.731340275437265 0.04975162980392348 9.190509100093792
552 0 0.01 147667.2293468636 6.731340275437265 0.04975162980392348 9.190509100093792
553 0 0.01 147667.2293468636 6.731340275437265 0.04975162980392348 9.190509100093792
554 0 0.01 147667.2293468636 6.731340275437265 0.04975162980392348 9.190509100093792
555 0 0.01 147667.2293468636 6.731340275437265 0.04975162980392348 9.190509100093792
556 0 0.01 147667.2293468636 6.731340275437265 0.04975162980392348 9.190509100093792
557 0 0.01 147667.2293468636 6.731340275437265 0.04975162980392348 9.190509100093792
558 0 0.01 147667.2293468636 6.731340275437265 0.04975162980392348 9.190509100093792
559 0 0.01 147667.2293468636 6.731340275437265 0.04975162980392348 9.190509100093792
560 0 0.01 147667.2293468636 6.731340275437265 0.04975162980392348 9.190509100093792
561 0 0.01 147667.2293468636 6.731340275437265 0.04975162980392348 9.190509100093792
562 0 0.01 147667.2293468636 6.731340275437265 0.04975162980392348 9.190509100093792
563 0 0.01 147667.2293468636 6.731340275437265 0.04975162980392348 9.190509100093792
564 0 0.01 147667.2293468636 6.731340275437265 0.04975162980392348 9.190509100093792
565 0 0.01 147667.2293468636 6.731340275437265 0.04975162980392348 9.190509100093792
566 0 0.01 147667.2293468636 6.731340275437265 0.04975162980392348 9.190509100093792
567 0 0.01 147667.2293468636 6.731340275437265 0.04975162980392348 9.190509100093792
568 0 0.01 147667.2293468636 6.731340275437265 0.04975162980392348 9.190509100093792
569 0 0.01 147667.2293468636 6.731340275437265 0.04975162980392348 9.190509100093792
570 0 0.01 147667.2293468636 6.731340275437265 0.04975162980392348 9.190509100093792
571 0 0.01 147667.2293468636 6.731340275437265 0.04975162980392348 9.190509100093792
572 0 0.01 147667.2293468636 6.731340275437265 0.04975162980392348 9.190509100093792
573 0 0.01 147667.2293468636 6.731340275437265 0.04975162980392348 9.190509100093792
574 0 0.01 147667.2293468636 6.731340275437265 0.04975162980392348 9.190509100093792
575 0 0.01 147667.2293468636 6.731340275437265 0.04975162980392348 9.190509100093792
576 0 0.01 147667.2293468636 6.731340275437265 0.04975162980392348 9.190509100093792
577 0 0.01 147667.2293468636 6.731340275437265 0.04975162980392348 9.190509100093792
578 0 0.01 147667.2293468636 6.731340275437265 0.04975162980392348 9.190509100093792
579 0 0.01 147667.2293468636 6.731340275437265 0.04975162980392348 9.190509100093792
580 0 0.01 147667.2293468636 6.731340275437265 0.04975162980392348 9.190509100093792
581 0 0.01 147667.2293468636 6.731340275437265 0.04975162980392348 9.190509100093792
582 0 0.01 147667.2293468636 6.731340275437265 0.04975162980392348 9.190509100093792
583 0 0.01 147667.2293468636 6.731340275437265 0.04975162980392348 9.190509100093792
584 0 0.01 147667.2293468636 6.731340275437265 0.04975162980392348 9.190509100093792
585 0 0.01 147667.2293468636 6.731340275437265 0.04975162980392348 9.190509100093792
586 0 0.01 147667.2293468636 6.731340275437265 0.04975162980392348 9.190509100093792
587 0 0.01 147667.2293468636 6.731340275437265 0.04975162980392348 9.190509100093792
588 0 0.01 147667.2293468636 6.731340275437265 0.04975162980392348 9.190509100093792
589 0 0.01 147667.2293468636 6.731340275437265 0.04975162980392348 9.190509100093792
590 0 0.01 147667.2293468636 6.731340275437265 0.04975162980392348 9.190509100093792
591 0 0.01 147667.2293468636 6.731340275437265 0.04975162980392348 9.190509100093792
592 0 0.01 147667.2293468636 6.731340275437265 0.04975162980392348 9.190509100093792
593 0 0.01 147667.2293468636 6.731340275437265 0.04975162980392348 9.190509100093792
594 0 0.01 147667.2293468636 6.731340275437265 0.04975162980392348 9.190509100093792
595 0 0.01 147667.2293468636 6.731340275437265 0.04975162980392348 9.190509100093792
596 0 0.01 147667.2293468636 6.731340275437265 0.04975162980392348 9.190509100093792
597 0 0.01 147667.2293468636 6.731340275437265 0.04975162980392348 9.190509100093792
598 0 0.01 147667.2293468636 6.731340275437265 0.04975162980392348 9.190509100093792
599 0 0.01 147667.2293468636 6.731340275437265 0.04975162980392348 9.190509100093792
600 0 0.01 147667.2293468636 6.731340275437265 0.04975162980392348 9.190509100093792
601 0 0.01 147667.2293468636 6.731340275437265 0.04975162980392348 9.190509100093792
602 0 0.01 147667.2293468636 6.731340275437265 0.04975162980392348 9.190509100093792
603 0 0.01 147667.2293468636 6.731340275437265 0.04975162980392348 9.190509100093792
604 0 0.01 147667.2293468636 6.731340275437265 0.04975162980392348 9.190509100093792
605 0 0.01 147667.2293468636 6.731340275437265 0.04975162980392348 9.190509100093792
606 0 0.01 147667.2293468636 6.731340275437265 0.04975162980392348 9.190509100093792
607 0 0.01 147667.2293468636 6.731340275437265 0.04975162980392348 9.190509100093792
608 0 0.01 147667.2293468636 6.731340275437265 0.04975162980392348 9.190509100093792
609 0 0.01 147667.2293468636 6.731340275437265 0.04975162980392348 9.190509100093792
610 0 0.01 147667.2293468636 6.731340275437265 0.04975162980392348 9.190509100093792
611 0 0.01 147667.2293468636 6.731340275437265 0.04975162980392348 9.190509100093792
612 0 0.01 147667.2293468636 6.731340275437265 0.04975162980392348 9.190509100093792
613 0 0.01 147667.2293468636 6.731340275437265 0.04975162980392348 9.190509100093792
614 0 0.01 147667.2293468636 6.731340275437265 0.04975162980392348 9.190509100093792
615 0 0.01 147667.2293468636 6.731340275437265 0.04975162980392348 9.190509100093792
616 0 0.01 147667.2293468636 6.731340275437265 0.04975162980392348 9.190509100093792
617 0 0.01 147667.2293468636 6.731340275437265 0.04975162980392348 9.190509100093792
618 0 0.01 147667.2293468636 6.731340275437265 0.04975162980392348 9.190509100093792
619 0 0.01 147667.2293468636 6.731340275437265 0.04975162980392348 9.190509100093792
620 0 0.01 147667.2293468636 6.731340275437265 0.04975162980392348 9.190509100093792
621 0 0.01 147667.2293468636 6.731340275437265 0.04975162980392348 9.190509100093792
622 0 0.01 147667.2293468636 6.731340275437265 0.04975162980392348 9.190509100093792
623 0 0.01 147667.2293468636 6.731340275437265 0.04975162980392348 9.190509100093792
624 0 0.01 147667.2293468636 6.731340275437265 0.04975162980392348 9.190509100093792
625 0 0.01 147667.2293468636 6.731340275437265 0.04975162980392348 9.190509100093792
626 0 0.01 147667.2293468636 6.731340275437265 0.04975162980392348 9.190509100093792
627 0 0.01 147667.2293468636 6.731340275437265 0.04975162980392348 9.190509100093792
628 0 0.01 147667.2293468636 6.731340275437265 0.04975162980392348 9.190509100093792
629 0 0.01 147667.2293468636 6.731340275437265 0.04975162980392348 9.190509100093792
630 0 0.01 147667.2293468636 6.731340275437265 0.04975162980392348 9.190509100093792
631 0 0.01 147667.2293468636 6.731340275437265 0.04975162980392348 9.190509100093792
632 0 0.01 147667.2293468636 6.731340275437265 0.04975162980392348 9.190509100093792
633 0 0.01 147667.2293468636 6.731340275437265 0.04975162980392348 9.190509100093792
634 0 0.01 147667.2293468636 6.731340275437265 0.04975162980392348 9.190509100093792
635 0 0.01 147667.2293468636 6.731340275437265 0.04975162980392348 9.190509100093792
636 0 0.01 147667.2293468636 6.731340275437265 0.04975162980392348 9.190509100093792
637 0 0.01 147667.2293468636 6.731340275437265 0.04975162980392348 9.190509100093792
638 0 0.01 147667.2293468636 6.731340275437265 0.04975162980392348 9.190509100093792
639 0 0.01 147667.2293468636 6.731340275437265 0.04975162980392348 9.190509100093792
640 0 0.01 147667.2293468636 6.731340275437265 0.04975162980392348 9.190509100093792
641 0 0.01 147667.2293468636 6.731340275437265 0.04975162980392348 9.190509100093792
642 0 0.01 147667.2293468636 6.731340275437265 0.04975162980392348 9.190509100093792
643 0 0.01 147667.2293468636 6.731340275437265 0.04975162980392348 9.190509100093792
644 0 0.01 147667.2293468636 6.731340275437265 0.04975162980392348 9.190509100093792
645 0 0.01 147667.2293468636 6.731340275437265 0.04975162980392348 9.190509100093792
646 0 0.01 147667.2293468636 6.731340275437265 0.04975162980392348 9.190509100093792
647 0 0.01 147667.2293468636 6.731340275437265 0.04975162980392348 9.190509100093792
648 0 0.01 147667.2293468636 6.731340275437265 0.04975162980392348 9.190509100093792
649 0 0.01 147667.2293468636 6.731340275437265 0.04975162980392348 9.190509100093792
650 0 0.01 147667.2293468636 6.731340275437265 0.04975162980392348 9.190509100093792
651 0 0.01 147667.2293468636 6.731340275437265 0.04975162980392348 9.190509100093792
652 0 0.01 147667.2293468636 6.731340275437265 0.04975162980392348 9.190509100093792
653 0 0.01 147667.2293468636 6.731340275437265 0.04975162980392348 9.190509100093792
654 0 0.01 147667.2293468636 6.731340275437265 0.04975162980392348 9.190509100093792
655 0 0.01 147667.2293468636 6.731340275437265 0.04975162980392348 9.190509100093792
656 0 0.01 147667.2293468636 6.731340275437265 0.04975162980392348 9.190509100093792
657 0 0.01 147667.2293468636 6.731340275437265 0.04975162980392348 9.190509100093792
658 0 0.01 147667.2293468636 6.731340275437265 0.04975162980392348 9.190509100093792
659 0 0.01 147667.2293468636 6.731340275437265 0.04975162980392348 9.190509100093792
660 0 0.01 147667.2293468636 6.731340275437265 0.04975162980392348 9.190509100093792
661 0 0.01 147667.2293468636 6.731340275437265 0.04975162980392348 9.190509100093792
662 0 0.01 147667.2293468636 6.731340275437265 0.04975162980392348 9.190509100093792
663 0 0.01 147667.2293468636 6.731340275437265 0.04975162980392348 9.190509100093792
664 0 0.01 147667.2293468636 6.731340275437265 0.04975162980392348 9.190509100093792
665 0 0.01 147667.2293468636 6.731340275437265 0.04975162980392348 9.190509100093792
666 0 0.01 147667.2293468636 6.731340275437265 0.04975162980392348 9.190509100093792
667 0 0.01 147667.2293468636 6.731340275437265 0.04975162980392348 9.190509100093792
668 0 0.01 147667.2293468636 6.731340275437265 0.04975162980392348 9.190509100093792
669 0 0.01 147667.2293468636 6.731340275437265 0.04975162980392348 9.190509100093792
670 0 0.01 147667.2293468636 6.731340275437265 0.04975162980392348 9.190509100093792
671 0 0.01 147667.2293468636 6.731340275437265 0.04975162980392348 9.190509100093792
672 0 0.01 147667.2293468636 6.731340275437265 0.04975162980392348 9.190509100093792
673 0 0.01 147667.2293468636 6.731340275437265 0.04975162980392348 9.190509100093792
674 0 0.01 147667.2293468636 6.731340275437265 0.04975162980392348 9.190509100093792
675 0 0.01 147667.2293468636 6.731340275437265 0.04975162980392348 9.190509100093792
676 0 0.01 147667.2293468636 6.731340275437265 0.04975162980392348 9.190509100093792
677 0 0.01 147667.2293468636 6.731340275437265 0.04975162980392348 9.190509100093792
678 0 0.01 147667.2293468636 6.731340275437265 0.04975162980392348 9.190509100093792
679 0 0.01 147667.2293468636 6.731340275437265 0.04975162980392348 9.190509100093792
680 0 0.01 147667.2293468636 6.731340275437265 0.04975162980392348 9.190509100093792
681 0 0.01 147667.2293468636 6.731340275437265 0.04975162980392348 9.190509100093792
682 0 0.01 147667.2293468636 6.731340275437265 0.04975162980392348 9.190509100093792
683 0 0.01 147667.2293468636 6.731340275437265 0.04975162980392348 9.190509100093792
684 0 0.01 147667.2293468636 6.731340275437265 0.04975162980392348 9.190509100093792
685 0 0.01 147667.2293468636 6.731340275437265 0.04975162980392348 9.190509100093792
686 0 0.01 147667.2293468636 6.731340275437265 0.04975162980392348 9.190509100093792
687 0 0.01 147667.2293468636 6.731340275437265 0.04975162980392348 9.190509100093792
688 0 0.01 147667.2293468636 6.731340275437265 0.04975162980392348 9.190509100093792
689 0 0.01 147667.2293468636 6.731340275437265 0.04975162980392348 9.190509100093792
690 0 0.01 147667.2293468636 6.731340275437265 0.04975162980392348 9.190509100093792
691 0 0.01 147667.2293468636 6.731340275437265 0.04975162980392348 9.190509100093792
692 0 0.01 147667.2293468636 6.731340275437265 0.04975162980392348 9.190509100093792
693 0 0.01 147667.2293468636 6.731340275437265 0.04975162980392348 9.190509100093792
694 0 0.01 147667.2293468636 6.731340275437265 0.04975162980392348 9.190509100093792
695 0 0.01 147667.2293468636 6.731340275437265 0.04975162980392348 9.190509100093792
696 0 0.01 147667.2293468636 6.731340275437265 0.04975162980392348 9.190509100093792
697 0 0.01 147667.2293468636 6.731340275437265 0.04975162980392348 9.190509100093792
698 0 0.01 147667.2293468636 6.731340275437265 0.04975162980392348 9.190509100093792
699 0 0.01 147667.2293468636 6.731340275437265 0.04975162980392348 9.190509100093792
700 0 0.01 147667.2293468636 6.731340275437265 0.04975162980392348 9.190509100093792
701 0 0.01 147667.2293468636 6.731340275437265 0.04975162980392348 9.190509100093792
702 0 0.01 147667.2293468636 6.731340275437265 0.04975162980392348 9.190509100093792
703 0 0.01 147667.2293468636 6.731340275437265 0.04975162980392348 9.190509100093792
704 0 0.01 147667.2293468636 6.731340275437265 0.04975162980392348 9.190509100093792
705 0 0.01 147667.2293468636 6.731340275437265 0.04975162980392348 9.190509100093792
706 0 0.01 147667.2293468636 6.731340275437265 0.04975162980392348 9.190509100093792
707 0 0.01 147667.2293468636 6.731340275437265 0.04975162980392348 9.190509100093792
708 0 0.01 147667.2293468636 6.731340275437265 0.04975162980392348 9.190509100093792
709 0 0.01 147667.2293468636 6.731340275437265 0.04975162980392348 9.190509100093792
710 0 0.01 147667.2293468636 6.731340275437265 0.04975162980392348 9.190509100093792
711 0 0.01 147667.2293468636 6.731340275437265 0.04975162980392348 9.190509100093792
712 0 0.01 147667.2293468636 6.731340275437265 0.04975162980392348 9.190509100093792
713 0 0.01 147667.2293468636 6.731340275437265 0.04975162980392348 9.190509100093792
714 0 0.01 147667.2293468636 6.731340275437265 0.04975162980392348 9.190509100093792
715 0 0.01 147667.2293468636 6.731340275437265 0.04975162980392348 9.190509100093792
716 0 0.01 147667.2293468636 6.731340275437265 0.04975162980392348 9.190509100093792
717 0 0.01 147667.2293468636 6.731340275437265 0.04975162980392348 9.190509100093792
718 0 0.01 147667.2293468636 6.731340275437265 0.04975162980392348 9.190509100093792
719 0 0.01 147667.2293468636 6.731340275437265 0.04975162980392348 9.190509100093792
720 0 0.01 147667.2293468636 6.731340275437265 0.04975162980392348 9.190509100093792
721 0 0.01 147667.2293468636 6.731340275437265 0.04975162980392348 9.190509100093792
722 0 0.01 147667.2293468636 6.731340275437265 0.04975162980392348 9.190509100093792
723 0 0.01 147667.2293468636 6.731340275437265 0.04975162980392348 9.190509100093792
724 0 0.01 147667.2293468636 6.731340275437265 0.04975162980392348 9.190509100093792
725 0 0.01 147667.2293468636 6.731340275437265 0.04975162980392348 9.190509100093792
726 0 0.01 147667.2293468636 6.731340275437265 0.04975162980392348 9.190509100093792
727 0 0.01 147667.2293468636 6.731340275437265 0.04975162980392348 9.190509100093792
728 0 0.01 147667.2293468636 6.731340275437265 0.04975162980392348 9.190509100093792
729 0 0.01 147667.2293468636 6.731340275437265 0.04975162980392348 9.190509100093792
730 0 0.01 147667.2293468636 6.731340275437265 0.04975162980392348 9.190509100093792
731 0 0.01 147667.2293468636 6.731340275437265 0.04975162980392348 9.190509100093792
732 0 0.01 147667.2293468636 6.731340275437265 0.04975162980392348 9.190509100093792
733 0 0.01 147667.2293468636 6.731340275437265 0.04975162980392348 9.190509100093792
734 0 0.01 147667.2293468636 6.731340275437265 0.04975162980392348 9.190509100093792
735 0 0.01 147667.2293468636 6.731340275437265 0.04975162980392348 9.190509100093792
736 0 0.01 147667.2293468636 6.731340275437265 0.04975162980392348 9.190509100093792
737 0 0.01 147667.2293468636 6.731340275437265 0.04975162980392348 9.190509100093792
738 0 0.01 147667.2293468636 6.731340275437265 0.04975162980392348 9.190509100093792
739 0 0.01 147667.2293468636 6.731340275437265 0.04975162980392348 9.190509100093792
740 0 0.01 147667.2293468636 6.731340275437265 0.04975162980392348 9.190509100093792
741 0 0.01 147667.2293468636 6.731340275437265 0.04975162980392348 9.190509100093792
742 0 0.01 147667.2293468636 6.731340275437265 0.04975162980392348 9.190509100093792
743 0 0.01 147667.2293468636 6.731340275437265 0.04975162980392348 9.190509100093792
744 0 0.01 147667.2293468636 6.731340275437265 0.04975162980392348 9.190509100093792
745 0 0.01 147667.2293468636 6.731340275437265 0.04975162980392348 9.190509100093792
746 0 0.01 147667.2293468636 6.731340275437265 0.04975162980392348 9.190509100093792
747 0 0.01 147667.2293468636 6.731340275437265 0.04975162980392348 9.190509100093792
748 0 0.01 147667.2293468636 6.731340275437265 0.04975162980392348 9.190509100093792
749 0 0.01 147667.2293468636 6.731340275437265 0.04975162980392348 9.190509100093792
750 0 0.01 147667.2293468636 6.731340275437265 0.04975162980392348 9.190509100093792
751 0 0.01 147667.2293468636 6.731340275437265 0.04975162980392348 9.190509100093792
752 0 0.01 147667.2293468636 6.731340275437265 0.04975162980392348 9.190509100093792
753 0 0.01 147667.2293468636 6.731340275437265 0.04975162980392348 9.190509100093792
754 0 0.01 147667.2293468636 6.731340275437265 0.04975162980392348 9.190509100093792
755 0 0.01 147667.2293468636 6.731340275437265 0.04975162980392348 9.190509100093792
756 0 0.01 147667.2293468636 6.731340275437265 0.04975162980392348 9.190509100093792
757 0 0.01 147667.2293468636 6.731340275437265 0.04975162980392348 9.190509100093792
758 0 0.01 147667.2293468636 6.731340275437265 0.04975162980392348 9.190509100093792
759 0 0.01 147667.2293468636 6.731340275437265 0.04975162980392348 9.190509100093792
760 0 0.01 147667.2293468636 6.731340275437265 0.04975162980392348 9.190509100093792
761 0 0.01 147667.2293468636 6.731340275437265 0.04975162980392348 9.190509100093792
762 0 0.01 147667.2293468636 6.731340275437265 0.04975162980392348 9.190509100093792
763 0 0.01 147667.2293468636 6.731340275437265 0.04975162980392348 9.190509100093792
764 0 0.01 147667.2293468636 6.731340275437265 0.04975162980392348 9.190509100093792
765 0 0.01 147667.2293468636 6.731340275437265 0.04975162980392348 9.190509100093792
766 0 0.01 147667.2293468636 6.731340275437265 0.04975162980392348 9.190509100093792
767 0 0.01 147667.2293468636 6.731340275437265 0.04975162980392348 9.190509100093792
768 0 0.01 147667.2293468636 6.731340275437265 0.04975162980392348 9.190509100093792
769 0 0.01 147667.2293468636 6.731340275437265 0.04975162980392348 9.190509100093792
770 0 0.01 147667.2293468636 6.731340275437265 0.04975162980392348 9.190509100093792
771 0 0.01 147667.2293468636 6.731340275437265 0.04975162980392348 9.190509100093792
772 0 0.01 147667.2293468636 6.731340275437265 0.04975162980392348 9.190509100093792
773 0 0.01 147667.2293468636 6.731340275437265 0.04975162980392348 9.190509100093792
774 0 0.01 147667.2293468636 6.731340275437265 0.04975162980392348 9.190509100093792
775 0 0.01 147667.2293468636 6.731340275437265 0.04975162980392348 9.190509100093792
776 0 0.01 147667.2293468636 6.731340275437265 0.04975162980392348 9.190509100093792
777 0 0.01 147667.2293468636 6.731340275437265 0.04975162980392348 9.190509100093792
778 0 0.01 147667.2293468636 6.731340275437265 0.04975162980392348 9.190509100093792
779 0 0.01 147667.2293468636 6.731340275437265 0.04975162980392348 9.190509100093792
780 0 0.01 147667.2293468636 6.731340275437265 0.04975162980392348 9.190509100093792
781 0 0.01 147667.2293468636 6.731340275437265 0.04975162980392348 9.190509100093792
782 0 0.01 147667.2293468636 6.731340275437265 0.04975162980392348 9.190509100093792
783 0 0.01 147667.2293468636 6.731340275437265 0.04975162980392348 9.190509100093792
784 0 0.01 147667.2293468636 6.731340275437265 0.04975162980392348 9.190509100093792
785 0 0.01 147667.2293468636 6.731340275437265 0.04975162980392348 9.190509100093792
786 0 0.01 147667.2293468636 6.731340275437265 0.04975162980392348 9.190509100093792
787 0 0.01 147667.2293468636 6.731340275437265 0.04975162980392348 9.190509100093792
788 0 0.01 147667.2293468636 6.731340275437265 0.04975162980392348 9.190509100093792
789 0 0.01 147667.2293468636 6.731340275437265 0.04975162980392348 9.190509100093792
790 0 0.01 147667.2293468636 6.731340275437265 0.04975162980392348 9.190509100093792
791 0 0.01 147667.2293468636 6.731340275437265 0.04975162980392348 9.190509100093792
792 0 0.01 147667.2293468636 6.731340275437265 0.04975162980392348 9.190509100093792
793 0 0.01 147667.2293468636 6.731340275437265 0.04975162980392348 9.190509100093792
794 0 0.01 147667.2293468636 6.731340275437265 0.04975162980392348 9.190509100093792
795 0 0.01 147667.2293468636 6.731340275437265 0.04975162980392348 9.190509100093792
796 0 0.01 147667.2293468636 6.731340275437265 0.04975162980392348 9.190509100093792
797 0 0.01 147667.2293468636 6.731340275437265 0.04975162980392348 9.190509100093792
798 0 0.01 147667.2293468636 6.731340275437265 0.04975162980392348 9.190509100093792
799 0 0.01 147667.2293468636 6.731340275437265 0.04975162980392348 9.190509100093792
800 0 0.01 147667.2293468636 6.731340275437265 0.04975162980392348 9.190509100093792
801 0 0.01 147667.2293468636 6.731340275437265 0.04975162980392348 9.190509100093792
802 0 0.01 147667.2293468636 6.731340275437265 0.04975162980392348 9.190509100093792
803 0 0.01 147667.2293468636 6.731340275437265 0.04975162980392348 9.190509100093792
804 0 0.01 147667.2293468636 6.731340275437265 0.04975162980392348 9.190509100093792
805 0 0.01 147667.2293468636 6.731340275437265 0.04975162980392348 9.190509100093792
806 0 0.01 147667.2293468636 6.731340275437265 0.04975162980392348 9.190509100093792
807 0 0.01 147667.2293468636 6.731340275437265 0.04975162980392348 9.190509100093792
808 0 0.01 147667.2293468636 6.731340275437265 0.04975162980392348 9.190509100093792
809 0 0.01 147667.2293468636 6.731340275437265 0.04975162980392348 9.190509100093792
810 0 0.01 147667.2293468636 6.731340275437265 0.04975162980392348 9.190509100093792
811 0 0.01 147667.2293468636 6.731340275437265 0.04975162980392348 9.190509100093792
812 0 0.01 147667.2293468636 6.731340275437265 0.04975162980392348 9.190509100093792
813 0 0.01 147667.2293468636 6.731340275437265 0.04975162980392348 9.190509100093792
814 0 0.01 147667.2293468636 6.731340275437265 0.04975162980392348 9.190509100093792
815 0 0.01 147667.2293468636 6.731340275437265 0.04975162980392348 9.190509100093792
816 0 0.01 147667.2293468636 6.731340275437265 0.04975162980392348 9.190509100093792
817 0 0.01 147667.2293468636 6.731340275437265 0.04975162980392348 9.190509100093792
818 0 0.01 147667.2293468636 6.731340275437265 0.04975162980392348 9.190509100093792
819 0 0.01 147667.2293468636 6.731340275437265 0.04975162980392348 9.190509100093792
820 0 0.01 147667.2293468636 6.731340275437265 0.04975162980392348 9.190509100093792
821 0 0.01 147667.2293468636 6.731340275437265 0.04975162980392348 9.190509100093792
822 0 0.01 147667.2293468636 6.731340275437265 0.04975162980392348 9.190509100093792
823 0 0.01 147667.2293468636 6.731340275437265 0.04975162980392348 9.190509100093792
824 0 0.01 147667.2293468636 6.731340275437265 0.04975162980392348 9.190509100093792
825 0 0.01 147667.2293468636 6.731340275437265 0.04975162980392348 9.190509100093792
826 0 0.01 147667.2293468636 6.731340275437265 0.04975162980392348 9.190509100093792
827 0 0.01 147667.2293468636 6.731340275437265 0.04975162980392348 9.190509100093792
828 0 0.01 147667.2293468636 6.731340275437265 0.04975162980392348 9.190509100093792
829 0 0.01 147667.2293468636 6.731340275437265 0.04975162980392348 9.190509100093792
830 0 0.01 147667.2293468636 6.731340275437265 0.04975162980392348 9.190509100093792
831 0 0.01 147667.2293468636 6.731340275437265 0.04975162980392348 9.190509100093792
832 0 0.01 147667.2293468636 6.731340275437265 0.04975162980392348 9.190509100093792
833 0 0.01 147667.2293468636 6.731340275437265 0.04975162980392348 9.190509100093792
834 0 0.01 147667.2293468636 6.731340275437265 0.04975162980392348 9.190509100093792
835 0 0.01 147667.2293468636 6.731340275437265 0.04975162980392348 9.190509100093792
836 0 0.01 147667.2293468636 6.731340275437265 0.04975162980392348 9.190509100093792
837 0 0.01 147667.2293468636 6.731340275437265 0.04975162980392348 9.190509100093792
838 0 0.01 147667.2293468636 6.731340275437265 0.04975162980392348 9.190509100093792
839 0 0.01 147667.2293468636 6.731340275437265 0.04975162980392348 9.190509100093792
840 0 0.01 147667.2293468636 6.731340275437265 0.04975162980392348 9.190509100093792
841 0 0.01 147667.2293468636 6.731340275437265 0.04975162980392348 9.190509100093792
842 0 0.01 147667.2293468636 6.731340275437265 0.04975162980392348 9.190509100093792
843 0 0.01 147667.2293468636 6.731340275437265 0.04975162980392348 9.190509100093792
844 0 0.01 147667.2293468636 6.731340275437265 0.04975162980392348 9.190509100093792
845 0 0.01 147667.2293468636 6.731340275437265 0.04975162980392348 9.190509100093792
846 0 0.01 147667.2293468636 6.731340275437265 0.04975162980392348 9.190509100093792
847 0 0.01 147667.2293468636 6.731340275437265 0.04975162980392348 9.190509100093792
848 0 0.01 147667.2293468636 6.731340275437265 0.04975162980392348 9.190509100093792
849 0 0.01 147667.2293468636 6.731340275437265 0.04975162980392348 9.190509100093792
850 0 0.01 147667.2293468636 6.731340275437265 0.04975162980392348 9.190509100093792
851 0 0.01 147667.2293468636 6.731340275437265 0.04975162980392348 9.190509100093792
852 0 0.01 147667.2293468636 6.731340275437265 0.04975162980392348 9.190509100093792
853 0 0.01 147667.2293468636 6.731340275437265 0.04975162980392348 9.190509100093792
854 0 0.01 147667.2293468636 6.731340275437265 0.04975162980392348 9.190509100093792
855 0 0.01 147667.2293468636 6.731340275437265 0.04975162980392348 9.190509100093792
856 0 0.01 147667.2293468636 6.731340275437265 0.04975162980392348 9.190509100093792
857 0 0.01 147667.2293468636 6.731340275437265 0.04975162980392348 9.190509100093792
858 0 0.01 147667.2293468636 6.731340275437265 0.04975162980392348 9.190509100093792
859 0 0.01 147667.2293468636 6.731340275437265 0.04975162980392348 9.190509100093792
860 0 0.01 147667.2293468636 6.731340275437265 0.04975162980392348 9.190509100093792
861 0 0.01 147667.2293468636 6.731340275437265 0.04975162980392348 9.190509100093792
862 0 0.01 147667.2293468636 6.731340275437265 0.04975162980392348 9.190509100093792
863 0 0.01 147667.2293468636 6.731340275437265 0.04975162980392348 9.190509100093792
864 0 0.01 147667.2293468636 6.731340275437265 0.04975162980392348 9.190509100093792
865 0 0.01 147667.2293468636 6.731340275437265 0.04975162980392348 9.190509100093792
866 0 0.01 147667.2293468636 6.731340275437265 0.04975162980392348 9.190509100093792
867 0 0.01 147667.2293468636 6.731340275437265 0.04975162980392348 9.190509100093792
868 0 0.01 147667.2293468636 6.731340275437265 0.04975162980392348 9.190509100093792
869 0 0.01 147667.2293468636 6.731340275437265 0.04975162980392348 9.190509100093792
870 0 0.01 147667.2293468636 6.731340275437265 0.04975162980392348 9.190509100093792
871 0 0.01 147667.2293468636 6.731340275437265 0.04975162980392348 9.190509100093792
872 0 0.01 147667.2293468636 6.731340275437265 0.04975162980392348 9.190509100093792
873 0 0.01 147667.2293468636 6.731340275437265 0.04975162980392348 9.190509100093792
874 0 0.01 147667.2293468636 6.731340275437265 0.04975162980392348 9.190509100093792
875 0 0.01 147667.2293468636 6.731340275437265 0.04975162980392348 9.190509100093792
876 0 0.01 147667.2293468636 6.731340275437265 0.04975162980392348 9.190509100093792
877 0 0.01 147667.2293468636 6.731340275437265 0.04975162980392348 9.190509100093792
878 0 0.01 147667.2293468636 6.731340275437265 0.04975162980392348 9.190509100093792
879 0 0.01 147667.2293468636 6.731340275437265 0.04975162980392348 9.190509100093792
880 0 0.01 147667.2293468636 6.731340275437265 0.04975162980392348 9.190509100093792
881 0 0.01 147667.2293468636 6.731340275437265 0.04975162980392348 9.190509100093792
882 0 0.01 147667.2293468636 6.731340275437265 0.04975162980392348 9.190509100093792
883 0 0.01 147667.2293468636 6.731340275437265 0.04975162980392348 9.190509100093792
884 0 0.01 147667.2293468636 6.731340275437265 0.04975162980392348 9.190509100093792
885 0 0.01 147667.2293468636 6.731340275437265 0.04975162980392348 9.190509100093792
886 0 0.01 147667.2293468636 6.731340275437265 0.04975162980392348 9.190509100093792
887 0 0.01 147667.2293468636 6.731340275437265 0.04975162980392348 9.190509100093792
888 0 0.01 147667.2293468636 6.731340275437265 0.04975162980392348 9.190509100093792
889 0 0.01 147667.2293468636 6.731340275437265 0.04975162980392348 9.190509100093792
890 0 0.01 147667.2293468636 6.731340275437265 0.04975162980392348 9.190509100093792
891 0 0.01 147667.2293468636 6.731340275437265 0.04975162980392348 9.190509100093792
892 0 0.01 147667.2293468636 6.731340275437265 0.04975162980392348 9.190509100093792
893 0 0.01 147667.2293468636 6.731340275437265 0.04975162980392348 9.190509100093792
894 0 0.01 147667.2293468636 6.731340275437265 0.04975162980392348 9.190509100093792
895 0 0.01 147667.2293468636 6.731340275437265 0.04975162980392348 9.190509100093792
896 0 0.01 147667.2293468636 6.731340275437265 0.04975162980392348 9.190509100093792
897 0 0.01 147667.2293468636 6.731340275437265 0.04975162980392348 9.190509100093792
898 0 0.01 147667.2293468636 6.731340275437265 0.04975162980392348 9.190509100093792
899 0 0.01 147667.2293468636 6.731340275437265 0.04975162980392348 9.190509100093792
900 0 0.01 147667.2293468636 6.731340275437265 0.04975162980392348 9.190509100093792
901 0 0.01 147667.2293468636 6.731340275437265 0.04975162980392348 9.190509100093792
902 0 0.01 147667.2293468636 6.731340275437265 0.04975162980392348 9.190509100093792
903 0 0.01 147667.2293468636 6.731340275437265 0.04975162980392348 9.190509100093792
904 0 0.01 147667.2293468636 6.731340275437265 0.04975162980392348 9.190509100093792
905 0 0.01 147667.2293468636 6.731340275437265 0.04975162980392348 9.190509100093792
906 0 0.01 147667.2293468636 6.731340275437265 0.04975162980392348 9.190509100093792
907 0 0.01 147667.2293468636 6.731340275437265 0.04975162980392348 9.190509100093792
908 0 0.01 147667.2293468636 6.731340275437265 0.04975162980392348 9.190509100093792
909 0 0.01 147667.2293468636 6.731340275437265 0.04975162980392348 9.190509100093792
910 0 0.01 147667.2293468636 6.731340275437265 0.04975162980392348 9.190509100093792
911 0 0.01 147667.2293468636 6.731340275437265 0.04975162980392348 9.190509100093792
912 0 0.01 147667.2293468636 6.731340275437265 0.04975162980392348 9.190509100093792
913 0 0.01 147667.2293468636 6.731340275437265 0.04975162980392348 9.190509100093792
914 0 0.01 147667.2293468636 6.731340275437265 0.04975162980392348 9.190509100093792
915 0 0.01 147667.2293468636 6.731340275437265 0.04975162980392348 9.190509100093792
916 0 0.01 147667.2293468636 6.731340275437265 0.04975162980392348 9.190509100093792
917 0 0.01 147667.2293468636 6.731340275437265 0.04975162980392348 9.190509100093792
918 0 0.01 147667.2293468636 6.731340275437265 0.04975162980392348 9.190509100093792
919 0 0.01 147667.2293468636 6.731340275437265 0.04975162980392348 9.190509100093792
920 0 0.01 147667.2293468636 6.731340275437265 0.04975162980392348 9.190509100093792
921 0 0.01 147667.2293468636 6.731340275437265 0.04975162980392348 9.190509100093792
922 0 0.01 147667.2293468636 6.731340275437265 0.04975162980392348 9.190509100093792
923 0 0.01 147667.2293468636 6.731340275437265 0.04975162980392348 9.190509100093792
924 0 0.01 147667.2293468636 6.731340275437265 0.04975162980392348 9.190509100093792
925 0 0.01 147667.2293468636 6.731340275437265 0.04975162980392348 9.190509100093792
926 0 0.01 147667.2293468636 6.731340275437265 0.04975162980392348 9.190509100093792
927 0 0.01 147667.2293468636 6.731340275437265 0.04975162980392348 9.190509100093792
928 0 0.01 147667.2293468636 6.731340275437265 0.04975162980392348 9.190509100093792
929 0 0.01 147667.2293468636 6.731340275437265 0.04975162980392348 9.190509100093792
930 0 0.01 147667.2293468636 6.731340275437265 0.04975162980392348 9.190509100093792
931 0 0.01 147667.2293468636 6.731340275437265 0.04975162980392348 9.190509100093792
932 0 0.01 147667.2293468636 6.731340275437265 0.04975162980392348 9.190509100093792
933 0 0.01 147667.2293468636 6.731340275437265 0.04975162980392348 9.190509100093792
934 0 0.01 147667.2293468636 6.731340275437265 0.04975162980392348 9.190509100093792
935 0 0.01 147667.2293468636 6.731340275437265 0.04975162980392348 9.190509100093792
936 0 0.01 147667.2293468636 6.731340275437265 0.04975162980392348 9.190509100093792
937 0 0.01 147667.2293468636 6.731340275437265 0.04975162980392348 9.190509100093792
938 0 0.01 147667.2293468636 6.731340275437265 0.04975162980392348 9.190509100093792
939 0 0.01 147667.2293468636 6.731340275437265 0.04975162980392348 9.190509100093792
940 0 0.01 147667.2293468636 6.731340275437265 0.04975162980392348 9.190509100093792
941 0 0.01 147667.2293468636 6.731340275437265 0.04975162980392348 9.190509100093792
942 0 0.01 147667.2293468636 6.731340275437265 0.04975162980392348 9.190509100093792
943 0 0.01 147667.2293468636 6.731340275437265 0.04975162980392348 9.190509100093792
944 0 0.01 147667.2293468636 6.731340275437265 0.04975162980392348 9.190509100093792
945 0 0.01 147667.2293468636 6.731340275437265 0.04975162980392348 9.190509100093792
946 0 0.01 147667.2293468636 6.731340275437265 0.04975162980392348 9.190509100093792
947 0 0.01 147667.2293468636 6.731340275437265 0.04975162980392348 9.190509100093792
948 0 0.01 147667.2293468636 6.731340275437265 0.04975162980392348 9.190509100093792
949 0 0.01 147667.2293468636 6.731340275437265 0.04975162980392348 9.190509100093792
950 0 0.01 147667.2293468636 6.731340275437265 0.04975162980392348 9.190509100093792
951 0 0.01 147667.2293468636 6.731340275437265 0.04975162980392348 9.190509100093792
952 0 0.01 147667.2293468636 6.731340275437265 0.04975162980392348 9.190509100093792
953 0 0.01 147667.2293468636 6.731340275437265 0.04975162980392348 9.190509100093792
954 0 0.01 147667.2293468636 6.731340275437265 0.04975162980392348 9.190509100093792
955 0 0.01 147667.2293468636 6.731340275437265 0.04975162980392348 9.190509100093792
956 0 0.01 147667.2293468636 6.731340275437265 0.04975162980392348 9.190509100093792
957 0 0.01 147667.2293468636 6.731340275437265 0.04975162980392348 9.190509100093792
958 0 0.01 147667.2293468636 6.731340275437265 0.04975162980392348 9.190509100093792
959 0 0.01 147667.2293468636 6.731340275437265 0.04975162980392348 9.190509100093792
960 0 0.01 147667.2293468636 6.731340275437265 0.04975162980392348 9.190509100093792
961 0 0.01 147667.2293468636 6.731340275437265 0.04975162980392348 9.190509100093792
962 0 0.01 147667.2293468636 6.731340275437265 0.04975162980392348 9.190509100093792
963 0 0.01 147667.2293468636 6.731340275437265 0.04975162980392348 9.190509100093792
964 0 0.01 147667.2293468636 6.731340275437265 0.04975162980392348 9.190509100093792
965 0 0.01 147667.2293468636 6.731340275437265 0.04975162980392348 9.190509100093792
966 0 0.01 147667.2293468636 6.731340275437265 0.04975162980392348 9.190509100093792
967 0 0.01 147667.2293468636 6.731340275437265 0.04975162980392348 9.190509100093792
968 0 0.01 147667.2293468636 6.731340275437265 0.04975162980392348 9.190509100093792
969 0 0.01 147667.2293468636 6.731340275437265 0.04975162980392348 9.190509100093792
970 0 0.01 147667.2293468636 6.731340275437265 0.04975162980392348 9.190509100093792
971 0 0.01 147667.2293468636 6.731340275437265 0.04975162980392348 9.190509100093792
972 0 0.01 147667.2293468636 6.731340275437265 0.04975162980392348 9.190509100093792
973 0 0.01 147667.2293468636 6.731340275437265 0.04975162980392348 9.190509100093792
974 0 0.01 147667.2293468636 6.731340275437265 0.04975162980392348 9.190509100093792
975 0 0.01 147667.2293468636 6.731340275437265 0.04975162980392348 9.190509100093792
976 0 0.01 147667.2293468636 6.731340275437265 0.04975162980392348 9.190509100093792
977 0 0.01 147667.2293468636 6.731340275437265 0.04975162980392348 9.190509100093792
978 0 0.01 147667.2293468636 6.731340275437265 0.04975162980392348 9.190509100093792
979 0 0.01 147667.2293468636 6.731340275437265 0.04975162980392348 9.190509100093792
980 0 0.01 147667.2293468636 6.731340275437265 0.04975162980392348 9.190509100093792
981 0 0.01 147667.2293468636 6.731340275437265 0.04975162980392348 9.190509100093792
982 0 0.01 147667.2293468636 6.731340275437265 0.04975162980392348 9.190509100093792
983 0 0.01 147667.2293468636 6.731340275437265 0.04975162980392348 9.190509100093792
984 0 0.01 147667.2293468636 6.731340275437265 0.04975162980392348 9.190509100093792
985 0 0.01 147667.2293468636 6.731340275437265 0.04975162980392348 9.190509100093792
986 0 0.01 147667.2293468636 6.731340275437265 0.04975162980392348 9.190509100093792
987 0 0.01 147667.2293468636 6.731340275437265 0.04975162980392348 9.190509100093792
988 0 0.01 147667.2293468636 6.731340275437265 0.04975162980392348 9.190509100093792
989 0 0.01 147667.2293468636 6.731340275437265 0.04975162980392348 9.190509100093792
990 0 0.01 147667.2293468636 6.731340275437265 0.04975162980392348 9.190509100093792
991 0 0.01 147667.2293468636 6.731340275437265 0.04975162980392348 9.190509100093792
992 0 0.01 147667.2293468636 6.731340275437265 0.04975162980392348 9.190509100093792
993 0 0.01 147667.2293468636 6.731340275437265 0.04975162980392348 9.190509100093792
994 0 0.01 147667.2293468636 6.731340275437265 0.04975162980392348 9.190509100093792
995 0 0.01 147667.2293468636 6.731340275437265 0.04975162980392348 9.190509100093792
996 0 0.01 147667.2293468636 6.731340275437265 0.04975162980392348 9.190509100093792
997 0 0.01 147667.2293468636 6.731340275437265 0.04975162980392348 9.190509100093792
998 0 0.01 147667.2293468636 6.731340275437265 0.04975162980392348 9.190509100093792
999 0 0.01 147667.2293468636 6.731340275437265 0.04975162980392348 9.190509100093792
1000 0 0.01 147667.2293468636 6.731340275437265 0.04975162980392348 9.190509100093792
1001 0 0.01 147667.2293468636 6.731340275437265 0.04975162980392348 9.190509100093792
1002 0 0.01 147667.2293468636 6.731340275437265 0.04975162980392348 9.190509100093792
1003 0 0.01 147667.2293468636 6.731340275437265 0.04975162980392348 9.190509100093792
1004 0 0.01 147667.2293468636 6.731340275437265 0.04975162980392348 9.190509100093792
1005 0 0.01 147667.2293468636 6.731340275437265 0.04975162980392348 9.190509100093792
1006 0 0.01 147667.2293468636 6.731340275437265 0.04975162980392348 9.190509100093792
1007 0 0.01 147667.2293468636 6.731340275437265 0.04975162980392348 9.190509100093792
1008 0 0.01 147667.2293468636 6.731340275437265 0.04975162980392348 9.190509100093792
1009 0 0.01 147667.2293468636 6.731340275437265 0.04975162980392348 9.190509100093792
1010 0 0.01 147667.2293468636 6.731340275437265 0.04975162980392348 9.190509100093792
1011 0 0.01 147667.2293468636 6.731340275437265 0.04975162980392348 9.190509100093792
1012 0 0.01 147667.2293468636 6.731340275437265 0.04975162980392348 9.190509100093792
1013 0 0.01 147667.2293468636 6.731340275437265 0.04975162980392348 9.190509100093792
1014 0 0.01 147667.2293468636 6.731340275437265 0.04975162980392348 9.190509100093792
1015 0 0.01 147667.2293468636 6.731340275437265 0.04975162980392348 9.190509100093792
1016 0 0.01 147667.2293468636 6.731340275437265 0.04975162980392348 9.190509100093792
1017 0 0.01 147667.2293468636 6.731340275437265 0.04975162980392348 9.190509100093792
1018 0 0.01 147667.2293468636 6.731340275437265 0.04975162980392348 9.190509100093792
1019 0 0.01 147667.2293468636 6.731340275437265 0.04975162980392348 9.190509100093792
1020 0 0.01 147667.2293468636 6.731340275437265 0.04975162980392348 9.190509100093792
1021 0 0.01 147667.2293468636 6.731340275437265 0.04975162980392348 9.190509100093792
1022 0 0.01 147667.2293468636 6.731340275437265 0.04975162980392348 9.190509100093792
1023 0 0.01 147667.2293468636 6.731340275437265 0.04975162980392348 9.190509100093792
1024 0 0.01 147667.2293468636 6.731340275437265 0.04975162980392348 9.190509100093792
1025 0 0.01 147667.2293468636 6.731340275437265 0.04975162980392348 9.190509100093792
1026 0 0.01 147667.2293468636 6.731340275437265 0.04975162980392348 9.190509100093792
1027 0 0.01 147667.2293468636 6.731340275437265 0.04975162980392348 9.190509100093792
1028 0 0.01 147667.2293468636 6.731340275437265 0.04975162980392348 9.190509100093792
1029 0 0.01 147667.2293468636 6.731340275437265 0.04975162980392348 9.190509100093792
1030 0 0.01 147667.2293468636 6.731340275437265 0.04975162980392348 9.190509100093792
1031 0 0.01 147667.2293468636 6.731340275437265 0.04975162980392348 9.190509100093792
1032 0 0.01 147667.2293468636 6.731340275437265 0.04975162980392348 9.190509100093792
1033 0 0.01 147667.2293468636 6.731340275437265 0.04975162980392348 9.190509100093792
1034 0 0.01 147667.2293468636 6.731340275437265 0.04975162980392348 9.190509100093792
1035 0 0.01 147667.2293468636 6.731340275437265 0.04975162980392348 9.190509100093792
1036 0 0.01 147667.2293468636 6.731340275437265 0.04975162980392348 9.190509100093792
1037 0 0.01 147667.2293468636 6.731340275437265 0.04975162980392348 9.190509100093792
1038 0 0.01 147667.2293468636 6.731340275437265 0.04975162980392348 9.190509100093792
1039 0 0.01 147667.2293468636 6.731340275437265 0.04975162980392348 9.190509100093792
1040 0 0.01 147667.2293468636 6.731340275437265 0.04975162980392348 9.190509100093792
1041 0 0.01 147667.2293468636 6.731340275437265 0.04975162980392348 9.190509100093792
1042 0 0.01 147667.2293468636 6.731340275437265 0.04975162980392348 9.190509100093792
1043 0 0.01 147667.2293468636 6.731340275437265 0.04975162980392348 9.190509100093792
1044 0 0.01 147667.2293468636 6.731340275437265 0.04975162980392348 9.190509100093792
1045 0 0.01 147667.2293468636 6.731340275437265 0.04975162980392348 9.190509100093792
1046 0 0.01 147667.2293468636 6.731340275437265 0.04975162980392348 9.190509100093792
1047 0 0.01 147667.2293468636 6.731340275437265 0.04975162980392348 9.190509100093792
1048 0 0.01 147667.2293468636 6.731340275437265 0.04975162980392348 9.190509100093792
1049 0 0.01 147667.2293468636 6.731340275437265 0.04975162980392348 9.190509100093792
1050 0 0.01 147667.2293468636 6.731340275437265 0.04975162980392348 9.190509100093792
1051 0 0.01 147667.2293468636 6.731340275437265 0.04975162980392348 9.190509100093792
1052 0 0.01 147667.2293468636 6.731340275437265 0.04975162980392348 9.190509100093792
1053 0 0.01 147667.2293468636 6.731340275437265 0.04975162980392348 9.190509100093792
1054 0 0.01 147667.2293468636 6.731340275437265 0.04975162980392348 9.190509100093792
1055 0 0.01 147667.2293468636 6.731340275437265 0.04975162980392348 9.190509100093792
1056 0 0.01 147667.2293468636 6.731340275437265 0.04975162980392348 9.190509100093792
1057 0 0.01 147667.2293468636 6.731340275437265 0.04975162980392348 9.190509100093792
1058 0 0.01 147667.2293468636 6.731340275437265 0.04975162980392348 9.190509100093792
1059 0 0.01 147667.2293468636 6.731340275437265 0.04975162980392348 9.190509100093792
1060 0 0.01 147667.2293468636 6.731340275437265 0.04975162980392348 9.190509100093792
1061 0 0.01 147667.2293468636 6.731340275437265 0.04975162980392348 9.190509100093792
1062 0 0.01 147667.2293468636 6.731340275437265 0.04975162980392348 9.190509100093792
1063 0 0.01 147667.2293468636 6.731340275437265 0.04975162980392348 9.190509100093792
1064 0 0.01 147667.2293468636 6.731340275437265 0.04975162980392348 9.190509100093792
1065 0 0.01 147667.2293468636 6.731340275437265 0.04975162980392348 9.190509100093792
1066 0 0.01 147667.2293468636 6.731340275437265 0.04975162980392348 9.190509100093792
1067 0 0.01 147667.2293468636 6.731340275437265 0.04975162980392348 9.190509100093792
1068 0 0.01 147667.2293468636 6.731340275437265 0.04975162980392348 9.190509100093792
1069 0 0.01 147667.2293468636 6.731340275437265 0.04975162980392348 9.190509100093792
1070 0 0.01 147667.2293468636 6.731340275437265 0.04975162980392348 9.190509100093792
1071 0 0.01 147667.2293468636 6.731340275437265 0.04975162980392348 9.190509100093792
1072 0 0.01 147667.2293468636 6.731340275437265 0.04975162980392348 9.190509100093792
1073 0 0.01 147667.2293468636 6.731340275437265 0.04975162980392348 9.190509100093792
1074 0 0.01 147667.2293468636 6.731340275437265 0.04975162980392348 9.190509100093792
1075 0 0.01 147667.2293468636 6.731340275437265 0.04975162980392348 9.190509100093792
1076 0 0.01 147667.2293468636 6.731340275437265 0.04975162980392348 9.190509100093792
1077 0 0.01 147667.2293468636 6.731340275437265 0.04975162980392348 9.190509100093792
1078 0 0.01 147667.2293468636 6.731340275437265 0.04975162980392348 9.190509100093792
1079 0 0.01 147667.2293468636 6.731340275437265 0.04975162980392348 9.190509100093792
1080 0 0.01 147667.2293468636 6.731340275437265 0.04975162980392348 9.190509100093792
1081 0 0.01 147667.2293468636 6.731340275437265 0.04975162980392348 9.190509100093792
1082 0 0.01 147667.2293468636 6.731340275437265 0.04975162980392348 9.190509100093792
1083 0 0.01 147667.2293468636 6.731340275437265 0.04975162980392348 9.190509100093792
1084 0 0.01 147667.2293468636 6.731340275437265 0.04975162980392348 9.190509100093792
1085 0 0.01 147667.2293468636 6.731340275437265 0.04975162980392348 9.190509100093792
1086 0 0.01 147667.2293468636 6.731340275437265 0.04975162980392348 9.190509100093792
1087 0 0.01 147667.2293468636 6.731340275437265 0.04975162980392348 9.190509100093792
1088 0 0.01 147667.2293468636 6.731340275437265 0.04975162980392348 9.190509100093792
1089 0 0.01 147667.2293468636 6.731340275437265 0.04975162980392348 9.190509100093792
1090 0 0.01 147667.2293468636 6.731340275437265 0.04975162980392348 9.190509100093792
1091 0 0.01 147667.2293468636 6.731340275437265 0.04975162980392348 9.190509100093792
1092 0 0.01 147667.2293468636 6.731340275437265 0.04975162980392348 9.190509100093792
1093 0 0.01 147667.2293468636 6.731340275437265 0.04975162980392348 9.190509100093792
1094 0 0.01 147667.2293468636 6.731340275437265 0.04975162980392348 9.190509100093792
1095 0 0.01 147667.2293468636 6.731340275437265 0.04975162980392348 9.190509100093792
1096 0 0.01 147667.2293468636 6.731340275437265 0.04975162980392348 9.190509100093792
1097 0 0.01 147667.2293468636 6.731340275437265 0.04975162980392348 9.190509100093792
1098 0 0.01 147667.2293468636 6.731340275437265 0.04975162980392348 9.190509100093792
1099 0 0.01 147667.2293468636 6.731340275437265 0.04975162980392348 9.190509100093792
1100 0 0.01 147667.2293468636 6.731340275437265 0.04975162980392348 9.190509100093792
1101 0 0.01 147667.2293468636 6.731340275437265 0.04975162980392348 9.190509100093792
1102 0 0.01 147667.2293468636 6.731340275437265 0.04975162980392348 9.190509100093792
1103 0 0.01 147667.2293468636 6.731340275437265 0.04975162980392348 9.190509100093792
1104 0 0.01 147667.2293468636 6.731340275437265 0.04975162980392348 9.190509100093792
1105 0 0.01 147667.2293468636 6.731340275437265 0.04975162980392348 9.190509100093792
1106 0 0.01 147667.2293468636 6.731340275437265 0.04975162980392348 9.190509100093792
1107 0 0.01 147667.2293468636 6.731340275437265 0.04975162980392348 9.190509100093792
1108 0 0.01 147667.2293468636 6.731340275437265 0.04975162980392348 9.190509100093792
1109 0 0.01 147667.2293468636 6.731340275437265 0.04975162980392348 9.190509100093792
1110 0 0.01 147667.2293468636 6.731340275437265 0.04975162980392348 9.190509100093792
1111 0 0.01 147667.2293468636 6.731340275437265 0.04975162980392348 9.190509100093792
1112 0 0.01 147667.2293468636 6.731340275437265 0.04975162980392348 9.190509100093792
1113 0 0.01 147667.2293468636 6.731340275437265 0.04975162980392348 9.190509100093792
1114 0 0.01 147667.2293468636 6.731340275437265 0.04975162980392348 9.190509100093792
1115 0 0.01 147667.2293468636 6.731340275437265 0.04975162980392348 9.190509100093792
1116 0 0.01 147667.2293468636 6.731340275437265 0.04975162980392348 9.190509100093792
1117 0 0.01 147667.2293468636 6.731340275437265 0.04975162980392348 9.190509100093792
1118 0 0.01 147667.2293468636 6.731340275437265 0.04975162980392348 9.190509100093792
1119 0 0.01 147667.2293468636 6.731340275437265 0.04975162980392348 9.190509100093792
1120 0 0.01 147667.2293468636 6.731340275437265 0.04975162980392348 9.190509100093792
1121 0 0.01 147667.2293468636 6.731340275437265 0.04975162980392348 9.190509100093792
1122 0 0.01 147667.2293468636 6.731340275437265 0.04975162980392348 9.190509100093792
1123 0 0.01 147667.2293468636 6.731340275437265 0.04975162980392348 9.190509100093792
1124 0 0.01 147667.2293468636 6.731340275437265 0.04975162980392348 9.190509100093792
1125 0 0.01 147667.2293468636 6.731340275437265 0.04975162980392348 9.190509100093792
1126 0 0.01 147667.2293468636 6.731340275437265 0.04975162980392348 9.190509100093792
1127 0 0.01 147667.2293468636 6.731340275437265 0.04975162980392348 9.190509100093792
1128 0 0.01 147667.2293468636 6.731340275437265 0.04975162980392348 9.190509100093792
1129 0 0.01 147667.2293468636 6.731340275437265 0.04975162980392348 9.190509100093792
1130 0 0.01 147667.2293468636 6.731340275437265 0.04975162980392348 9.190509100093792
1131 0 0.01 147667.2293468636 6.731340275437265 0.04975162980392348 9.190509100093792
1132 0 0.01 147667.2293468636 6.731340275437265 0.04975162980392348 9.190509100093792
1133 0 0.01 147667.2293468636 6.731340275437265 0.04975162980392348 9.190509100093792
1134 0 0.01 147667.2293468636 6.731340275437265 0.04975162980392348 9.190509100093792
1135 0 0.01 147667.2293468636 6.731340275437265 0.04975162980392348 9.190509100093792
1136 0 0.01 147667.2293468636 6.731340275437265 0.04975162980392348 9.190509100093792
1137 0 0.01 147667.2293468636 6.731340275437265 0.04975162980392348 9.190509100093792
1138 0 0.01 147667.2293468636 6.731340275437265 0.04975162980392348 9.190509100093792
1139 0 0.01 147667.2293468636 6.731340275437265 0.04975162980392348 9.190509100093792
1140 0 0.01 147667.2293468636 6.731340275437265 0.04975162980392348 9.190509100093792
1141 0 0.01 147667.2293468636 6.731340275437265 0.04975162980392348 9.190509100093792
1142 0 0.01 147667.2293468636 6.731340275437265 0.04975162980392348 9.190509100093792
1143 0 0.01 147667.2293468636 6.731340275437265 0.04975162980392348 9.190509100093792
1144 0 0.01 147667.2293468636 6.731340275437265 0.04975162980392348 9.190509100093792
1145 0 0.01 147667.2293468636 6.731340275437265 0.04975162980392348 9.190509100093792
1146 0 0.01 147667.2293468636 6.731340275437265 0.04975162980392348 9.190509100093792
1147 0 0.01 147667.2293468636 6.731340275437265 0.04975162980392348 9.190509100093792
1148 0 0.01 147667.2293468636 6.731340275437265 0.04975162980392348 9.190509100093792
1149 0 0.01 147667.2293468636 6.731340275437265 0.04975162980392348 9.190509100093792
1150 0 0.01 147667.2293468636 6.731340275437265 0.04975162980392348 9.190509100093792
1151 0 0.01 147667.2293468636 6.731340275437265 0.04975162980392348 9.190509100093792
1152 0 0.01 147667.2293468636 6.731340275437265 0.04975162980392348 9.190509100093792
1153 0 0.01 147667.2293468636 6.731340275437265 0.04975162980392348 9.190509100093792
1154 0 0.01 147667.2293468636 6.731340275437265 0.04975162980392348 9.190509100093792
1155 0 0.01 147667.2293468636 6.731340275437265 0.04975162980392348 9.190509100093792
1156 0 0.01 147667.2293468636 6.731340275437265 0.04975162980392348 9.190509100093792
1157 0 0.01 147667.2293468636 6.731340275437265 0.04975162980392348 9.190509100093792
1158 0 0.01 147667.2293468636 6.731340275437265 0.04975162980392348 9.190509100093792
1159 0 0.01 147667.2293468636 6.731340275437265 0.04975162980392348 9.190509100093792
1160 0 0.01 147667.2293468636 6.731340275437265 0.04975162980392348 9.190509100093792
1161 0 0.01 147667.2293468636 6.731340275437265 0.04975162980392348 9.190509100093792
1162 0 0.01 147667.2293468636 6.731340275437265 0.04975162980392348 9.190509100093792
1163 0 0.01 147667.2293468636 6.731340275437265 0.04975162980392348 9.190509100093792
1164 0 0.01 147667.2293468636 6.731340275437265 0.04975162980392348 9.190509100093792
1165 0 0.01 147667.2293468636 6.731340275437265 0.04975162980392348 9.190509100093792
1166 0 0.01 147667.2293468636 6.731340275437265 0.04975162980392348 9.190509100093792
1167 0 0.01 147667.2293468636 6.731340275437265 0.04975162980392348 9.190509100093792
1168 0 0.01 147667.2293468636 6.731340275437265 0.04975162980392348 9.190509100093792
1169 0 0.01 147667.2293468636 6.731340275437265 0.04975162980392348 9.190509100093792
1170 0 0.01 147667.2293468636 6.731340275437265 0.04975162980392348 9.190509100093792
1171 0 0.01 147667.2293468636 6.731340275437265 0.04975162980392348 9.190509100093792
1172 0 0.01 147667.2293468636 6.731340275437265 0.04975162980392348 9.190509100093792
1173 0 0.01 147667.2293468636 6.731340275437265 0.04975162980392348 9.190509100093792
1174 0 0.01 147667.2293468636 6.731340275437265 0.04975162980392348 9.190509100093792
1175 0 0.01 147667.2293468636 6.731340275437265 0.04975162980392348 9.190509100093792
1176 0 0.01 147667.2293468636 6.731340275437265 0.04975162980392348 9.190509100093792
1177 0 0.01 147667.2293468636 6.731340275437265 0.04975162980392348 9.190509100093792
1178 0 0.01 147667.2293468636 6.731340275437265 0.04975162980392348 9.190509100093792
1179 0 0.01 147667.2293468636 6.731340275437265 0.04975162980392348 9.190509100093792
1180 0 0.01 147667.2293468636 6.731340275437265 0.04975162980392348 9.190509100093792
1181 0 0.01 147667.2293468636 6.731340275437265 0.04975162980392348 9.190509100093792
1182 0 0.01 147667.2293468636 6.731340275437265 0.04975162980392348 9.190509100093792
1183 0 0.01 147472.7001183075 6.710991159367678 0.04995547427789829 9.183298964189385
1184 0 0.01 147472.7001183075 6.710991159367678 0.04995547427789829 9.183298964189385
1185 0 0.01 147472.7001183075 6.710991159367678 0.04995547427789829 9.183298964189385
1186 0 0.01 147472.7001183075 6.710991159367678 0.04995547427789829 9.183298964189385
1187 0 0.01 147472.7001183075 6.710991159367678 0.04995547427789829 9.183298964189385
1188 0 0.01 147472.7001183075 6.710991159367678 0.04995547427789829 9.183298964189385
1189 0 0.01 147472.7001183075 6.710991159367678 0.04995547427789829 9.183298964189385
1190 0 0.01 147472.7001183075 6.710991159367678 0.04995547427789829 9.183298964189385
1191 0 0.01 147472.7001183075 6.710991159367678 0.04995547427789829 9.183298964189385
1192 0 0.01 147472.7001183075 6.710991159367678 0.04995547427789829 9.183298964189385
1193 0 0.01 147472.7001183075 6.710991159367678 0.04995547427789829 9.183298964189385
1194 0 0.01 147472.7001183075 6.710991159367678 0.04995547427789829 9.183298964189385
1195 0 0.01 147472.7001183075 6.710991159367678 0.04995547427789829 9.183298964189385
1196 0 0.01 147472.7001183075 6.710991159367678 0.04995547427789829 9.183298964189385
1197 0 0.01 147472.7001183075 6.710991159367678 0.04995547427789829 9.183298964189385
1198 0 0.01 147472.7001183075 6.710991159367678 0.04995547427789829 9.183298964189385
1199 0 0.01 147472.7001183075 6.710991159367678 0.04995547427789829 9.183298964189385
1200 0 0.01 147472.7001183075 6.710991159367678 0.04995547427789829 9.183298964189385
1201 0 0.01 147472.7001183075 6.710991159367678 0.04995547427789829 9.183298964189385
1202 0 0.01 147472.7001183075 6.710991159367678 0.04995547427789829 9.183298964189385
1203 0 0.01 147472.7001183075 6.710991159367678 0.04995547427789829 9.183298964189385
1204 0 0.01 147472.7001183075 6.710991159367678 0.04995547427789829 9.183298964189385
1205 0 0.01 147472.7001183075 6.710991159367678 0.04995547427789829 9.183298964189385
1206 0 0.01 147472.7001183075 6.710991159367678 0.04995547427789829 9.183298964189385
1207 0 0.01 147472.7001183075 6.710991159367678 0.04995547427789829 9.183298964189385
1208 0 0.01 147472.7001183075 6.710991159367678 0.04995547427789829 9.183298964189385
1209 0 0.01 147472.7001183075 6.710991159367678 0.04995547427789829 9.183298964189385
1210 0 0.01 147472.7001183075 6.710991159367678 0.04995547427789829 9.183298964189385
1211 0 0.01 147472.7001183075 6.710991159367678 0.04995547427789829 9.183298964189385
1212 0 0.01 147472.7001183075 6.710991159367678 0.04995547427789829 9.183298964189385
1213 0 0.01 147472.7001183075 6.710991159367678 0.04995547427789829 9.183298964189385
1214 0 0.01 147472.7001183075 6.710991159367678 0.04995547427789829 9.183298964189385
1215 0 0.01 147472.7001183075 6.710991159367678 0.04995547427789829 9.183298964189385
1216 0 0.01 147472.7001183075 6.710991159367678 0.04995547427789829 9.183298964189385
1217 0 0.01 147472.7001183075 6.710991159367678 0.04995547427789829 9.183298964189385
1218 0 0.01 147472.7001183075 6.710991159367678 0.04995547427789829 9.183298964189385
1219 0 0.01 147472.7001183075 6.710991159367678 0.04995547427789829 9.183298964189385
1220 0 0.01 147472.7001183075 6.710991159367678 0.04995547427789829 9.183298964189385
1221 0 0.01 147472.7001183075 6.710991159367678 0.04995547427789829 9.183298964189385
1222 0 0.01 147472.7001183075 6.710991159367678 0.04995547427789829 9.183298964189385
1223 0 0.01 147472.7001183075 6.710991159367678 0.04995547427789829 9.183298964189385
1224 0 0.01 147472.7001183075 6.710991159367678 0.04995547427789829 9.183298964189385
1225 0 0.01 147472.7001183075 6.710991159367678 0.04995547427789829 9.183298964189385
1226 0 0.01 147472.7001183075 6.710991159367678 0.04995547427789829 9.183298964189385
1227 0 0.01 147472.7001183075 6.710991159367678 0.04995547427789829 9.183298964189385
1228 0 0.01 147472.7001183075 6.710991159367678 0.04995547427789829 9.183298964189385
1229 0 0.01 147472.7001183075 6.710991159367678 0.04995547427789829 9.183298964189385
1230 0 0.01 147472.7001183075 6.710991159367678 0.04995547427789829 9.183298964189385
1231 0 0.01 147472.7001183075 6.710991159367678 0.04995547427789829 9.183298964189385
1232 0 0.01 147472.7001183075 6.710991159367678 0.04995547427789829 9.183298964189385
1233 0 0.01 147472.7001183075 6.710991159367678 0.04995547427789829 9.183298964189385
1234 0 0.01 147472.7001183075 6.710991159367678 0.04995547427789829 9.183298964189385
1235 0 0.01 147472.7001183075 6.710991159367678 0.04995547427789829 9.183298964189385
1236 0 0.01 147472.7001183075 6.710991159367678 0.04995547427789829 9.183298964189385
1237 0 0.01 147472.7001183075 6.710991159367678 0.04995547427789829 9.183298964189385
1238 0 0.01 147472.7001183075 6.710991159367678 0.04995547427789829 9.183298964189385
1239 0 0.01 147472.7001183075 6.710991159367678 0.04995547427789829 9.183298964189385
1240 0 0.01 147472.7001183075 6.710991159367678 0.04995547427789829 9.183298964189385
1241 0 0.01 147472.7001183075 6.710991159367678 0.04995547427789829 9.183298964189385
1242 0 0.01 147472.7001183075 6.710991159367678 0.04995547427789829 9.183298964189385
1243 0 0.01 147472.7001183075 6.710991159367678 0.04995547427789829 9.183298964189385
1244 0 0.01 147472.7001183075 6.710991159367678 0.04995547427789829 9.183298964189385
1245 0 0.01 147472.7001183075 6.710991159367678 0.04995547427789829 9.183298964189385
1246 0 0.01 147472.7001183075 6.710991159367678 0.04995547427789829 9.183298964189385
1247 0 0.01 147472.7001183075 6.710991159367678 0.04995547427789829 9.183298964189385
1248 0 0.01 147472.7001183075 6.710991159367678 0.04995547427789829 9.183298964189385
1249 0 0.01 147472.7001183075 6.710991159367678 0.04995547427789829 9.183298964189385
1250 0 0.01 147472.7001183075 6.710991159367678 0.04995547427789829 9.183298964189385
1251 0 0.01 147472.7001183075 6.710991159367678 0.04995547427789829 9.183298964189385
1252 0 0.01 147472.7001183075 6.710991159367678 0.04995547427789829 9.183298964189385
1253 0 0.01 147472.7001183075 6.710991159367678 0.04995547427789829 9.183298964189385
1254 0 0.01 147472.7001183075 6.710991159367678 0.04995547427789829 9.183298964189385
1255 0 0.01 147472.7001183075 6.710991159367678 0.04995547427789829 9.183298964189385
1256 0 0.01 147472.7001183075 6.710991159367678 0.04995547427789829 9.183298964189385
1257 0 0.01 147472.7001183075 6.710991159367678 0.04995547427789829 9.183298964189385
1258 0 0.01 147472.7001183075 6.710991159367678 0.04995547427789829 9.183298964189385
1259 0 0.01 147472.7001183075 6.710991159367678 0.04995547427789829 9.183298964189385
1260 0 0.01 147472.7001183075 6.710991159367678 0.04995547427789829 9.183298964189385
1261 0 0.01 147472.7001183075 6.710991159367678 0.04995547427789829 9.183298964189385
1262 0 0.01 147472.7001183075 6.710991159367678 0.04995547427789829 9.183298964189385
1263 0 0.01 147472.7001183075 6.710991159367678 0.04995547427789829 9.183298964189385
1264 0 0.01 147472.7001183075 6.710991159367678 0.04995547427789829 9.183298964189385
1265 0 0.01 147472.7001183075 6.710991159367678 0.04995547427789829 9.183298964189385
1266 0 0.01 147472.7001183075 6.710991159367678 0.04995547427789829 9.183298964189385
1267 0 0.01 147472.7001183075 6.710991159367678 0.04995547427789829 9.183298964189385
1268 0 0.01 147472.7001183075 6.710991159367678 0.04995547427789829 9.183298964189385
1269 0 0.01 147472.7001183075 6.710991159367678 0.04995547427789829 9.183298964189385
1270 0 0.01 147472.7001183075 6.710991159367678 0.04995547427789829 9.183298964189385
1271 0 0.01 147472.7001183075 6.710991159367678 0.04995547427789829 9.183298964189385
1272 0 0.01 147472.7001183075 6.710991159367678 0.04995547427789829 9.183298964189385
1273 0 0.01 147472.7001183075 6.710991159367678 0.04995547427789829 9.183298964189385
1274 0 0.01 147472.7001183075 6.710991159367678 0.04995547427789829 9.183298964189385
1275 0 0.01 147472.7001183075 6.710991159367678 0.04995547427789829 9.183298964189385
1276 0 0.01 147472.7001183075 6.710991159367678 0.04995547427789829 9.183298964189385
1277 0 0.01 147472.7001183075 6.710991159367678 0.04995547427789829 9.183298964189385
1278 0 0.01 147472.7001183075 6.710991159367678 0.04995547427789829 9.183298964189385
1279 0 0.01 147472.7001183075 6.710991159367678 0.04995547427789829 9.183298964189385
1280 0 0.01 147472.7001183075 6.710991159367678 0.04995547427789829 9.183298964189385
1281 0 0.01 147472.7001183075 6.710991159367678 0.04995547427789829 9.183298964189385
1282 0 0.01 147472.7001183075 6.710991159367678 0.04995547427789829 9.183298964189385
1283 0 0.01 147472.7001183075 6.710991159367678 0.04995547427789829 9.183298964189385
1284 0 0.01 147472.7001183075 6.710991159367678 0.04995547427789829 9.183298964189385
1285 0 0.01 147472.7001183075 6.710991159367678 0.04995547427789829 9.183298964189385
1286 0 0.01 147472.7001183075 6.710991159367678 0.04995547427789829 9.183298964189385
1287 0 0.01 147472.7001183075 6.710991159367678 0.04995547427789829 9.183298964189385
1288 0 0.01 147472.7001183075 6.710991159367678 0.04995547427789829 9.183298964189385
1289 0 0.01 147472.7001183075 6.710991159367678 0.04995547427789829 9.183298964189385
1290 0 0.01 147472.7001183075 6.710991159367678 0.04995547427789829 9.183298964189385
1291 0 0.01 147472.7001183075 6.710991159367678 0.04995547427789829 9.183298964189385
1292 0 0.01 147472.7001183075 6.710991159367678 0.04995547427789829 9.183298964189385
1293 0 0.01 147472.7001183075 6.710991159367678 0.04995547427789829 9.183298964189385
1294 0 0.01 147472.7001183075 6.710991159367678 0.04995547427789829 9.183298964189385
1295 0 0.01 147472.7001183075 6.710991159367678 0.04995547427789829 9.183298964189385
1296 0 0.01 147472.7001183075 6.710991159367678 0.04995547427789829 9.183298964189385
1297 0 0.01 147472.7001183075 6.710991159367678 0.04995547427789829 9.183298964189385
1298 0 0.01 147472.7001183075 6.710991159367678 0.04995547427789829 9.183298964189385
1299 0 0.01 147472.7001183075 6.710991159367678 0.04995547427789829 9.183298964189385
1300 0 0.01 147472.7001183075 6.710991159367678 0.04995547427789829 9.183298964189385
1301 0 0.01 147574.11254079014 6.702498348803531 0.04942517515066675 9.177474716257187
1302 0 0.01 147574.11254079014 6.702498348803531 0.04942517515066675 9.177474716257187
1303 0 0.01 147574.11254079014 6.702498348803531 0.04942517515066675 9.177474716257187
1304 0 0.01 147574.11254079014 6.702498348803531 0.04942517515066675 9.177474716257187
1305 0 0.01 147574.11254079014 6.702498348803531 0.04942517515066675 9.177474716257187
1306 0 0.01 147574.11254079014 6.702498348803531 0.04942517515066675 9.177474716257187
1307 0 0.01 147574.11254079014 6.702498348803531 0.04942517515066675 9.177474716257187
1308 0 0.01 147574.11254079014 6.702498348803531 0.04942517515066675 9.177474716257187
1309 0 0.01 147574.11254079014 6.702498348803531 0.04942517515066675 9.177474716257187
1310 0 0.01 147574.11254079014 6.702498348803531 0.04942517515066675 9.177474716257187
1311 0 0.01 147574.11254079014 6.702498348803531 0.04942517515066675 9.177474716257187
1312 0 0.01 147574.11254079014 6.702498348803531 0.04942517515066675 9.177474716257187
1313 0 0.01 147574.11254079014 6.702498348803531 0.04942517515066675 9.177474716257187
1314 0 0.01 147574.11254079014 6.702498348803531 0.04942517515066675 9.177474716257187
1315 0 0.01 147574.11254079014 6.702498348803531 0.04942517515066675 9.177474716257187
1316 0 0.01 147574.11254079014 6.702498348803531 0.04942517515066675 9.177474716257187
1317 0 0.01 147574.11254079014 6.702498348803531 0.04942517515066675 9.177474716257187
1318 0 0.01 147574.11254079014 6.702498348803531 0.04942517515066675 9.177474716257187
1319 0 0.01 147574.11254079014 6.702498348803531 0.04942517515066675 9.177474716257187
1320 0 0.01 147574.11254079014 6.702498348803531 0.04942517515066675 9.177474716257187
1321 0 0.01 147574.11254079014 6.702498348803531 0.04942517515066675 9.177474716257187
1322 0 0.01 147574.11254079014 6.702498348803531 0.04942517515066675 9.177474716257187
1323 0 0.01 147574.11254079014 6.702498348803531 0.04942517515066675 9.177474716257187
1324 0 0.01 147574.11254079014 6.702498348803531 0.04942517515066675 9.177474716257187
1325 0 0.01 147574.11254079014 6.702498348803531 0.04942517515066675 9.177474716257187
1326 0 0.01 147574.11254079014 6.702498348803531 0.04942517515066675 9.177474716257187
1327 0 0.01 147574.11254079014 6.702498348803531 0.04942517515066675 9.177474716257187
1328 0 0.01 147574.11254079014 6.702498348803531 0.04942517515066675 9.177474716257187
1329 0 0.01 147574.11254079014 6.702498348803531 0.04942517515066675 9.177474716257187
1330 0 0.01 147574.11254079014 6.702498348803531 0.04942517515066675 9.177474716257187
1331 0 0.01 147574.11254079014 6.702498348803531 0.04942517515066675 9.177474716257187
1332 0 0.01 147574.11254079014 6.702498348803531 0.04942517515066675 9.177474716257187
1333 0 0.01 147574.11254079014 6.702498348803531 0.04942517515066675 9.177474716257187
1334 0 0.01 147574.11254079014 6.702498348803531 0.04942517515066675 9.177474716257187
1335 0 0.01 147574.11254079014 6.702498348803531 0.04942517515066675 9.177474716257187
1336 0 0.01 147574.11254079014 6.702498348803531 0.04942517515066675 9.177474716257187
1337 0 0.01 147574.11254079014 6.702498348803531 0.04942517515066675 9.177474716257187
1338 0 0.01 147574.11254079014 6.702498348803531 0.04942517515066675 9.177474716257187
1339 0 0.01 147574.11254079014 6.702498348803531 0.04942517515066675 9.177474716257187
1340 0 0.01 147574.11254079014 6.702498348803531 0.04942517515066675 9.177474716257187
1341 0 0.01 147574.11254079014 6.702498348803531 0.04942517515066675 9.177474716257187
1342 0 0.01 147574.11254079014 6.702498348803531 0.04942517515066675 9.177474716257187
1343 0 0.01 147574.11254079014 6.702498348803531 0.04942517515066675 9.177474716257187
1344 0 0.01 147574.11254079014 6.702498348803531 0.04942517515066675 9.177474716257187
1345 0 0.01 147574.11254079014 6.702498348803531 0.04942517515066675 9.177474716257187
1346 0 0.01 147574.11254079014 6.702498348803531 0.04942517515066675 9.177474716257187
1347 0 0.01 147574.11254079014 6.702498348803531 0.04942517515066675 9.177474716257187
1348 0 0.01 147574.11254079014 6.702498348803531 0.04942517515066675 9.177474716257187
1349 0 0.01 147574.11254079014 6.702498348803531 0.04942517515066675 9.177474716257187
1350 0 0.01 147574.11254079014 6.702498348803531 0.04942517515066675 9.177474716257187
1351 0 0.01 147574.11254079014 6.702498348803531 0.04942517515066675 9.177474716257187
1352 0 0.01 147574.11254079014 6.702498348803531 0.04942517515066675 9.177474716257187
1353 0 0.01 147574.11254079014 6.702498348803531 0.04942517515066675 9.177474716257187
1354 0 0.01 147574.11254079014 6.702498348803531 0.04942517515066675 9.177474716257187
1355 0 0.01 147574.11254079014 6.702498348803531 0.04942517515066675 9.177474716257187
1356 0 0.01 147574.11254079014 6.702498348803531 0.04942517515066675 9.177474716257187
1357 0 0.01 147574.11254079014 6.702498348803531 0.04942517515066675 9.177474716257187
1358 0 0.01 147574.11254079014 6.702498348803531 0.04942517515066675 9.177474716257187
1359 0 0.01 147574.11254079014 6.702498348803531 0.04942517515066675 9.177474716257187
1360 0 0.01 147574.11254079014 6.702498348803531 0.04942517515066675 9.177474716257187
1361 0 0.01 147574.11254079014 6.702498348803531 0.04942517515066675 9.177474716257187
1362 0 0.01 147574.11254079014 6.702498348803531 0.04942517515066675 9.177474716257187
1363 0 0.01 147574.11254079014 6.702498348803531 0.04942517515066675 9.177474716257187
1364 0 0.01 147574.11254079014 6.702498348803531 0.04942517515066675 9.177474716257187
1365 0 0.01 147574.11254079014 6.702498348803531 0.04942517515066675 9.177474716257187
1366 0 0.01 147574.11254079014 6.702498348803531 0.04942517515066675 9.177474716257187
1367 0 0.01 147574.11254079014 6.702498348803531 0.04942517515066675 9.177474716257187
1368 0 0.01 147574.11254079014 6.702498348803531 0.04942517515066675 9.177474716257187
1369 0 0.01 147574.11254079014 6.702498348803531 0.04942517515066675 9.177474716257187
1370 0 0.01 147574.11254079014 6.702498348803531 0.04942517515066675 9.177474716257187
1371 0 0.01 147574.11254079014 6.702498348803531 0.04942517515066675 9.177474716257187
1372 0 0.01 147574.11254079014 6.702498348803531 0.04942517515066675 9.177474716257187
1373 0 0.01 147574.11254079014 6.702498348803531 0.04942517515066675 9.177474716257187
1374 0 0.01 147574.11254079014 6.702498348803531 0.04942517515066675 9.177474716257187
1375 0 0.01 147574.11254079014 6.702498348803531 0.04942517515066675 9.177474716257187
1376 0 0.01 147574.11254079014 6.702498348803531 0.04942517515066675 9.177474716257187
1377 0 0.01 147574.11254079014 6.702498348803531 0.04942517515066675 9.177474716257187
1378 0 0.01 147574.11254079014 6.702498348803531 0.04942517515066675 9.177474716257187
1379 0 0.01 147574.11254079014 6.702498348803531 0.04942517515066675 9.177474716257187
1380 0 0.01 147574.11254079014 6.702498348803531 0.04942517515066675 9.177474716257187
1381 0 0.01 147574.11254079014 6.702498348803531 0.04942517515066675 9.177474716257187
1382 0 0.01 147574.11254079014 6.702498348803531 0.04942517515066675 9.177474716257187
1383 0 0.01 147574.11254079014 6.702498348803531 0.04942517515066675 9.177474716257187
1384 0 0.01 147574.11254079014 6.702498348803531 0.04942517515066675 9.177474716257187
1385 0 0.01 147574.11254079014 6.702498348803531 0.04942517515066675 9.177474716257187
1386 0 0.01 147574.11254079014 6.702498348803531 0.04942517515066675 9.177474716257187
1387 0 0.01 147574.11254079014 6.702498348803531 0.04942517515066675 9.177474716257187
1388 0 0.01 147574.11254079014 6.702498348803531 0.04942517515066675 9.177474716257187
1389 0 0.01 147574.11254079014 6.702498348803531 0.04942517515066675 9.177474716257187
1390 0 0.01 147574.11254079014 6.702498348803531 0.04942517515066675 9.177474716257187
1391 0 0.01 147574.11254079014 6.702498348803531 0.04942517515066675 9.177474716257187
1392 0 0.01 147574.11254079014 6.702498348803531 0.04942517515066675 9.177474716257187
1393 0 0.01 147574.11254079014 6.702498348803531 0.04942517515066675 9.177474716257187
1394 0 0.01 147574.11254079014 6.702498348803531 0.04942517515066675 9.177474716257187
1395 0 0.01 147574.11254079014 6.702498348803531 0.04942517515066675 9.177474716257187
1396 0 0.01 147574.11254079014 6.702498348803531 0.04942517515066675 9.177474716257187
1397 0 0.01 147574.11254079014 6.702498348803531 0.04942517515066675 9.177474716257187
1398 0 0.01 147574.11254079014 6.702498348803531 0.04942517515066675 9.177474716257187
1399 0 0.01 147574.11254079014 6.702498348803531 0.04942517515066675 9.177474716257187
1400 0 0.01 147574.11254079014 6.702498348803531 0.04942517515066675 9.177474716257187
1401 0 0.01 147574.11254079014 6.702498348803531 0.04942517515066675 9.177474716257187
1402 0 0.01 147574.11254079014 6.702498348803531 0.04942517515066675 9.177474716257187
1403 0 0.01 147574.11254079014 6.702498348803531 0.04942517515066675 9.177474716257187
1404 0 0.01 147574.11254079014 6.702498348803531 0.04942517515066675 9.177474716257187
1405 0 0.01 147574.11254079014 6.702498348803531 0.04942517515066675 9.177474716257187
1406 0 0.01 147574.11254079014 6.702498348803531 0.04942517515066675 9.177474716257187
1407 0 0.01 147574.11254079014 6.702498348803531 0.04942517515066675 9.177474716257187
1408 0 0.01 147574.11254079014 6.702498348803531 0.04942517515066675 9.177474716257187
1409 0 0.01 147574.11254079014 6.702498348803531 0.04942517515066675 9.177474716257187
1410 0 0.01 147574.11254079014 6.702498348803531 0.04942517515066675 9.177474716257187
1411 0 0.01 147574.11254079014 6.702498348803531 0.04942517515066675 9.177474716257187
1412 0 0.01 147574.11254079014 6.702498348803531 0.04942517515066675 9.177474716257187
1413 0 0.01 147574.11254079014 6.702498348803531 0.04942517515066675 9.177474716257187
1414 0 0.01 147574.11254079014 6.702498348803531 0.04942517515066675 9.177474716257187
1415 0 0.01 147574.11254079014 6.702498348803531 0.04942517515066675 9.177474716257187
1416 0 0.01 147574.11254079014 6.702498348803531 0.04942517515066675 9.177474716257187
1417 0 0.01 147574.11254079014 6.702498348803531 0.04942517515066675 9.177474716257187
1418 0 0.01 147574.11254079014 6.702498348803531 0.04942517515066675 9.177474716257187
1419 0 0.01 147574.11254079014 6.702498348803531 0.04942517515066675 9.177474716257187
1420 0 0.01 147574.11254079014 6.702498348803531 0.04942517515066675 9.177474716257187
1421 0 0.01 147574.11254079014 6.702498348803531 0.04942517515066675 9.177474716257187
1422 0 0.01 147574.11254079014 6.702498348803531 0.04942517515066675 9.177474716257187
1423 0 0.01 147574.11254079014 6.702498348803531 0.04942517515066675 9.177474716257187
1424 0 0.01 147574.11254079014 6.702498348803531 0.04942517515066675 9.177474716257187
1425 0 0.01 147574.11254079014 6.702498348803531 0.04942517515066675 9.177474716257187
1426 0 0.01 147574.11254079014 6.702498348803531 0.04942517515066675 9.177474716257187
1427 0 0.01 147574.11254079014 6.702498348803531 0.04942517515066675 9.177474716257187
1428 0 0.01 147574.11254079014 6.702498348803531 0.04942517515066675 9.177474716257187
1429 0 0.01 147574.11254079014 6.702498348803531 0.04942517515066675 9.177474716257187
1430 0 0.01 147574.11254079014 6.702498348803531 0.04942517515066675 9.177474716257187
1431 0 0.01 147574.11254079014 6.702498348803531 0.04942517515066675 9.177474716257187
1432 0 0.01 147574.11254079014 6.702498348803531 0.04942517515066675 9.177474716257187
1433 0 0.01 147574.11254079014 6.702498348803531 0.04942517515066675 9.177474716257187
1434 0 0.01 147574.11254079014 6.702498348803531 0.04942517515066675 9.177474716257187
1435 0 0.01 147574.11254079014 6.702498348803531 0.04942517515066675 9.177474716257187
1436 0 0.01 147574.11254079014 6.702498348803531 0.04942517515066675 9.177474716257187
1437 0 0.01 147574.11254079014 6.702498348803531 0.04942517515066675 9.177474716257187
1438 0 0.01 147574.11254079014 6.702498348803531 0.04942517515066675 9.177474716257187
1439 0 0.01 147574.11254079014 6.702498348803531 0.04942517515066675 9.177474716257187
1440 0 0.01 147574.11254079014 6.702498348803531 0.04942517515066675 9.177474716257187
1441 0 0.01 147574.11254079014 6.702498348803531 0.04942517515066675 9.177474716257187
1442 0 0.01 147574.11254079014 6.702498348803531 0.04942517515066675 9.177474716257187
1443 0 0.01 147574.11254079014 6.702498348803531 0.04942517515066675 9.177474716257187
1444 0 0.01 147574.11254079014 6.702498348803531 0.04942517515066675 9.177474716257187
1445 0 0.01 147574.11254079014 6.702498348803531 0.04942517515066675 9.177474716257187
1446 0 0.01 147574.11254079014 6.702498348803531 0.04942517515066675 9.177474716257187
1447 0 0.01 147574.11254079014 6.702498348803531 0.04942517515066675 9.177474716257187
1448 0 0.01 147574.11254079014 6.702498348803531 0.04942517515066675 9.177474716257187
1449 0 0.01 147574.11254079014 6.702498348803531 0.04942517515066675 9.177474716257187
1450 0 0.01 147574.11254079014 6.702498348803531 0.04942517515066675 9.177474716257187
1451 0 0.01 147574.11254079014 6.702498348803531 0.04942517515066675 9.177474716257187
1452 0 0.01 147574.11254079014 6.702498348803531 0.04942517515066675 9.177474716257187
1453 0 0.01 147574.11254079014 6.702498348803531 0.04942517515066675 9.177474716257187
1454 0 0.01 147574.11254079014 6.702498348803531 0.04942517515066675 9.177474716257187
1455 0 0.01 147574.11254079014 6.702498348803531 0.04942517515066675 9.177474716257187
1456 0 0.01 147574.11254079014 6.702498348803531 0.04942517515066675 9.177474716257187
1457 0 0.01 147574.11254079014 6.702498348803531 0.04942517515066675 9.177474716257187
1458 0 0.01 147574.11254079014 6.702498348803531 0.04942517515066675 9.177474716257187
1459 0 0.01 147574.11254079014 6.702498348803531 0.04942517515066675 9.177474716257187
1460 0 0.01 147574.11254079014 6.702498348803531 0.04942517515066675 9.177474716257187
1461 0 0.01 147574.11254079014 6.702498348803531 0.04942517515066675 9.177474716257187
1462 0 0.01 147574.11254079014 6.702498348803531 0.04942517515066675 9.177474716257187
1463 0 0.01 147574.11254079014 6.702498348803531 0.04942517515066675 9.177474716257187
1464 0 0.01 147574.11254079014 6.702498348803531 0.04942517515066675 9.177474716257187
1465 0 0.01 147574.11254079014 6.702498348803531 0.04942517515066675 9.177474716257187
1466 0 0.01 147574.11254079014 6.702498348803531 0.04942517515066675 9.177474716257187
1467 0 0.01 147574.11254079014 6.702498348803531 0.04942517515066675 9.177474716257187
1468 0 0.01 147574.11254079014 6.702498348803531 0.04942517515066675 9.177474716257187
1469 0 0.01 147574.11254079014 6.702498348803531 0.04942517515066675 9.177474716257187
1470 0 0.01 147574.11254079014 6.702498348803531 0.04942517515066675 9.177474716257187
1471 0 0.01 147574.11254079014 6.702498348803531 0.04942517515066675 9.177474716257187
1472 0 0.01 147574.11254079014 6.702498348803531 0.04942517515066675 9.177474716257187
1473 0 0.01 147574.11254079014 6.702498348803531 0.04942517515066675 9.177474716257187
1474 0 0.01 147574.11254079014 6.702498348803531 0.04942517515066675 9.177474716257187
1475 0 0.01 147574.11254079014 6.702498348803531 0.04942517515066675 9.177474716257187
1476 0 0.01 147574.11254079014 6.702498348803531 0.04942517515066675 9.177474716257187
1477 0 0.01 147574.11254079014 6.702498348803531 0.04942517515066675 9.177474716257187
1478 0 0.01 147574.11254079014 6.702498348803531 0.04942517515066675 9.177474716257187
1479 0 0.01 147574.11254079014 6.702498348803531 0.04942517515066675 9.177474716257187
1480 0 0.01 147574.11254079014 6.702498348803531 0.04942517515066675 9.177474716257187
1481 0 0.01 147574.11254079014 6.702498348803531 0.04942517515066675 9.177474716257187
1482 0 0.01 147574.11254079014 6.702498348803531 0.04942517515066675 9.177474716257187
1483 0 0.01 147574.11254079014 6.702498348803531 0.04942517515066675 9.177474716257187
1484 0 0.01 147574.11254079014 6.702498348803531 0.04942517515066675 9.177474716257187
1485 0 0.01 147574.11254079014 6.702498348803531 0.04942517515066675 9.177474716257187
1486 0 0.01 147574.11254079014 6.702498348803531 0.04942517515066675 9.177474716257187
1487 0 0.01 147574.11254079014 6.702498348803531 0.04942517515066675 9.177474716257187
1488 0 0.01 147574.11254079014 6.702498348803531 0.04942517515066675 9.177474716257187
1489 0 0.01 147574.11254079014 6.702498348803531 0.04942517515066675 9.177474716257187
1490 0 0.01 147574.11254079014 6.702498348803531 0.04942517515066675 9.177474716257187
1491 0 0.01 147574.11254079014 6.702498348803531 0.04942517515066675 9.177474716257187
1492 0 0.01 147574.11254079014 6.702498348803531 0.04942517515066675 9.177474716257187
1493 0 0.01 147574.11254079014 6.702498348803531 0.04942517515066675 9.177474716257187
1494 0 0.01 147574.11254079014 6.702498348803531 0.04942517515066675 9.177474716257187
1495 0 0.01 147574.11254079014 6.702498348803531 0.04942517515066675 9.177474716257187
1496 0 0.01 147574.11254079014 6.702498348803531 0.04942517515066675 9.177474716257187
1497 0 0.01 147574.11254079014 6.702498348803531 0.04942517515066675 9.177474716257187
1498 0 0.01 147574.11254079014 6.702498348803531 0.04942517515066675 9.177474716257187
1499 0 0.01 147574.11254079014 6.702498348803531 0.04942517515066675 9.177474716257187
1500 0 0.01 147574.11254079014 6.702498348803531 0.04942517515066675 9.177474716257187
1501 0 0.01 147574.11254079014 6.702498348803531 0.04942517515066675 9.177474716257187
1502 0 0.01 147574.11254079014 6.702498348803531 0.04942517515066675 9.177474716257187
1503 0 0.01 147574.11254079014 6.702498348803531 0.04942517515066675 9.177474716257187
1504 0 0.01 147574.11254079014 6.702498348803531 0.04942517515066675 9.177474716257187
1505 0 0.01 147574.11254079014 6.702498348803531 0.04942517515066675 9.177474716257187
1506 0 0.01 147574.11254079014 6.702498348803531 0.04942517515066675 9.177474716257187
1507 0 0.01 147574.11254079014 6.702498348803531 0.04942517515066675 9.177474716257187
1508 0 0.01 147574.11254079014 6.702498348803531 0.04942517515066675 9.177474716257187
1509 0 0.01 147574.11254079014 6.702498348803531 0.04942517515066675 9.177474716257187
1510 0 0.01 147574.11254079014 6.702498348803531 0.04942517515066675 9.177474716257187
1511 0 0.01 147574.11254079014 6.702498348803531 0.04942517515066675 9.177474716257187
1512 0 0.01 147574.11254079014 6.702498348803531 0.04942517515066675 9.177474716257187
1513 0 0.01 147574.11254079014 6.702498348803531 0.04942517515066675 9.177474716257187
1514 0 0.01 147574.11254079014 6.702498348803531 0.04942517515066675 9.177474716257187
1515 0 0.01 147574.11254079014 6.702498348803531 0.04942517515066675 9.177474716257187
1516 0 0.01 147574.11254079014 6.702498348803531 0.04942517515066675 9.177474716257187
1517 0 0.01 147574.11254079014 6.702498348803531 0.04942517515066675 9.177474716257187
1518 0 0.01 147574.11254079014 6.702498348803531 0.04942517515066675 9.177474716257187
1519 0 0.01 147574.11254079014 6.702498348803531 0.04942517515066675 9.177474716257187
1520 0 0.01 147574.11254079014 6.702498348803531 0.04942517515066675 9.177474716257187
1521 0 0.01 147574.11254079014 6.702498348803531 0.04942517515066675 9.177474716257187
1522 0 0.01 147574.11254079014 6.702498348803531 0.04942517515066675 9.177474716257187
1523 0 0.01 147574.11254079014 6.702498348803531 0.04942517515066675 9.177474716257187
1524 0 0.01 147574.11254079014 6.702498348803531 0.04942517515066675 9.177474716257187
1525 0 0.01 147574.11254079014 6.702498348803531 0.04942517515066675 9.177474716257187
1526 0 0.01 147574.11254079014 6.702498348803531 0.04942517515066675 9.177474716257187
1527 0 0.01 147574.11254079014 6.702498348803531 0.04942517515066675 9.177474716257187
1528 0 0.01 147574.11254079014 6.702498348803531 0.04942517515066675 9.177474716257187
1529 0 0.01 147574.11254079014 6.702498348803531 0.04942517515066675 9.177474716257187
1530 0 0.01 147574.11254079014 6.702498348803531 0.04942517515066675 9.177474716257187
1531 0 0.01 147574.11254079014 6.702498348803531 0.04942517515066675 9.177474716257187
1532 0 0.01 147574.11254079014 6.702498348803531 0.04942517515066675 9.177474716257187
1533 0 0.01 147574.11254079014 6.702498348803531 0.04942517515066675 9.177474716257187
1534 0 0.01 147574.11254079014 6.702498348803531 0.04942517515066675 9.177474716257187
1535 0 0.01 147574.11254079014 6.702498348803531 0.04942517515066675 9.177474716257187
1536 0 0.01 147574.11254079014 6.702498348803531 0.04942517515066675 9.177474716257187
1537 0 0.01 147574.11254079014 6.702498348803531 0.04942517515066675 9.177474716257187
1538 0 0.01 147574.11254079014 6.702498348803531 0.04942517515066675 9.177474716257187
1539 0 0.01 147574.11254079014 6.702498348803531 0.04942517515066675 9.177474716257187
1540 0 0.01 147574.11254079014 6.702498348803531 0.04942517515066675 9.177474716257187
1541 0 0.01 147574.11254079014 6.702498348803531 0.04942517515066675 9.177474716257187
1542 0 0.01 147574.11254079014 6.702498348803531 0.04942517515066675 9.177474716257187
1543 0 0.01 147574.11254079014 6.702498348803531 0.04942517515066675 9.177474716257187
1544 0 0.01 147574.11254079014 6.702498348803531 0.04942517515066675 9.177474716257187
1545 0 0.01 147574.11254079014 6.702498348803531 0.04942517515066675 9.177474716257187
1546 0 0.01 147574.11254079014 6.702498348803531 0.04942517515066675 9.177474716257187
1547 0 0.01 147574.11254079014 6.702498348803531 0.04942517515066675 9.177474716257187
1548 0 0.01 147574.11254079014 6.702498348803531 0.04942517515066675 9.177474716257187
1549 0 0.01 147574.11254079014 6.702498348803531 0.04942517515066675 9.177474716257187
1550 0 0.01 147574.11254079014 6.702498348803531 0.04942517515066675 9.177474716257187
1551 0 0.01 147574.11254079014 6.702498348803531 0.04942517515066675 9.177474716257187
1552 0 0.01 147574.11254079014 6.702498348803531 0.04942517515066675 9.177474716257187
1553 0 0.01 147574.11254079014 6.702498348803531 0.04942517515066675 9.177474716257187
1554 0 0.01 147574.11254079014 6.702498348803531 0.04942517515066675 9.177474716257187
1555 0 0.01 147574.11254079014 6.702498348803531 0.04942517515066675 9.177474716257187
1556 0 0.01 147574.11254079014 6.702498348803531 0.04942517515066675 9.177474716257187
1557 0 0.01 147574.11254079014 6.702498348803531 0.04942517515066675 9.177474716257187
1558 0 0.01 147574.11254079014 6.702498348803531 0.04942517515066675 9.177474716257187
1559 0 0.01 147574.11254079014 6.702498348803531 0.04942517515066675 9.177474716257187
1560 0 0.01 147574.11254079014 6.702498348803531 0.04942517515066675 9.177474716257187
1561 0 0.01 147574.11254079014 6.702498348803531 0.04942517515066675 9.177474716257187
1562 0 0.01 147574.11254079014 6.702498348803531 0.04942517515066675 9.177474716257187
1563 0 0.01 147574.11254079014 6.702498348803531 0.04942517515066675 9.177474716257187
1564 0 0.01 147574.11254079014 6.702498348803531 0.04942517515066675 9.177474716257187
1565 0 0.01 147574.11254079014 6.702498348803531 0.04942517515066675 9.177474716257187
1566 0 0.01 147574.11254079014 6.702498348803531 0.04942517515066675 9.177474716257187
1567 0 0.01 147574.11254079014 6.702498348803531 0.04942517515066675 9.177474716257187
1568 0 0.01 147574.11254079014 6.702498348803531 0.04942517515066675 9.177474716257187
1569 0 0.01 147574.11254079014 6.702498348803531 0.04942517515066675 9.177474716257187
1570 0 0.01 147574.11254079014 6.702498348803531 0.04942517515066675 9.177474716257187
1571 0 0.01 147574.11254079014 6.702498348803531 0.04942517515066675 9.177474716257187
1572 0 0.01 147574.11254079014 6.702498348803531 0.04942517515066675 9.177474716257187
1573 0 0.01 147574.11254079014 6.702498348803531 0.04942517515066675 9.177474716257187
1574 0 0.01 147574.11254079014 6.702498348803531 0.04942517515066675 9.177474716257187
1575 0 0.01 147574.11254079014 6.702498348803531 0.04942517515066675 9.177474716257187
1576 0 0.01 147574.11254079014 6.702498348803531 0.04942517515066675 9.177474716257187
1577 0 0.01 147574.11254079014 6.702498348803531 0.04942517515066675 9.177474716257187
1578 0 0.01 147574.11254079014 6.702498348803531 0.04942517515066675 9.177474716257187
1579 0 0.01 147574.11254079014 6.702498348803531 0.04942517515066675 9.177474716257187
1580 0 0.01 147574.11254079014 6.702498348803531 0.04942517515066675 9.177474716257187
1581 0 0.01 147574.11254079014 6.702498348803531 0.04942517515066675 9.177474716257187
1582 0 0.01 147574.11254079014 6.702498348803531 0.04942517515066675 9.177474716257187
1583 0 0.01 147574.11254079014 6.702498348803531 0.04942517515066675 9.177474716257187
1584 0 0.01 147574.11254079014 6.702498348803531 0.04942517515066675 9.177474716257187
1585 0 0.01 147574.11254079014 6.702498348803531 0.04942517515066675 9.177474716257187
1586 0 0.01 147574.11254079014 6.702498348803531 0.04942517515066675 9.177474716257187
1587 0 0.01 147574.11254079014 6.702498348803531 0.04942517515066675 9.177474716257187
1588 0 0.01 147574.11254079014 6.702498348803531 0.04942517515066675 9.177474716257187
1589 0 0.01 147574.11254079014 6.702498348803531 0.04942517515066675 9.177474716257187
1590 0 0.01 147574.11254079014 6.702498348803531 0.04942517515066675 9.177474716257187
1591 0 0.01 147574.11254079014 6.702498348803531 0.04942517515066675 9.177474716257187
1592 0 0.01 147574.11254079014 6.702498348803531 0.04942517515066675 9.177474716257187
1593 0 0.01 147574.11254079014 6.702498348803531 0.04942517515066675 9.177474716257187
1594 0 0.01 147574.11254079014 6.702498348803531 0.04942517515066675 9.177474716257187
1595 0 0.01 147574.11254079014 6.702498348803531 0.04942517515066675 9.177474716257187
1596 0 0.01 147574.11254079014 6.702498348803531 0.04942517515066675 9.177474716257187
1597 0 0.01 147574.11254079014 6.702498348803531 0.04942517515066675 9.177474716257187
1598 0 0.01 147574.11254079014 6.702498348803531 0.04942517515066675 9.177474716257187
1599 0 0.01 147574.11254079014 6.702498348803531 0.04942517515066675 9.177474716257187
1600 0 0.01 147574.11254079014 6.702498348803531 0.04942517515066675 9.177474716257187
1601 0 0.01 147574.11254079014 6.702498348803531 0.04942517515066675 9.177474716257187
1602 0 0.01 147574.11254079014 6.702498348803531 0.04942517515066675 9.177474716257187
1603 0 0.01 147574.11254079014 6.702498348803531 0.04942517515066675 9.177474716257187
1604 0 0.01 147574.11254079014 6.702498348803531 0.04942517515066675 9.177474716257187
1605 0 0.01 147574.11254079014 6.702498348803531 0.04942517515066675 9.177474716257187
1606 0 0.01 147574.11254079014 6.702498348803531 0.04942517515066675 9.177474716257187
1607 0 0.01 147574.11254079014 6.702498348803531 0.04942517515066675 9.177474716257187
1608 0 0.01 147574.11254079014 6.702498348803531 0.04942517515066675 9.177474716257187
1609 0 0.01 147574.11254079014 6.702498348803531 0.04942517515066675 9.177474716257187
1610 0 0.01 147574.11254079014 6.702498348803531 0.04942517515066675 9.177474716257187
1611 0 0.01 147574.11254079014 6.702498348803531 0.04942517515066675 9.177474716257187
1612 0 0.01 147574.11254079014 6.702498348803531 0.04942517515066675 9.177474716257187
1613 0 0.01 147574.11254079014 6.702498348803531 0.04942517515066675 9.177474716257187
1614 0 0.01 147574.11254079014 6.702498348803531 0.04942517515066675 9.177474716257187
1615 0 0.01 147574.11254079014 6.702498348803531 0.04942517515066675 9.177474716257187
1616 0 0.01 147574.11254079014 6.702498348803531 0.04942517515066675 9.177474716257187
1617 0 0.01 147574.11254079014 6.702498348803531 0.04942517515066675 9.177474716257187
1618 0 0.01 147574.11254079014 6.702498348803531 0.04942517515066675 9.177474716257187
1619 0 0.01 147574.11254079014 6.702498348803531 0.04942517515066675 9.177474716257187
1620 0 0.01 147574.11254079014 6.702498348803531 0.04942517515066675 9.177474716257187
1621 0 0.01 147574.11254079014 6.702498348803531 0.04942517515066675 9.177474716257187
1622 0 0.01 147574.11254079014 6.702498348803531 0.04942517515066675 9.177474716257187
1623 0 0.01 147574.11254079014 6.702498348803531 0.04942517515066675 9.177474716257187
1624 0 0.01 147574.11254079014 6.702498348803531 0.04942517515066675 9.177474716257187
1625 0 0.01 147574.11254079014 6.702498348803531 0.04942517515066675 9.177474716257187
1626 0 0.01 147574.11254079014 6.702498348803531 0.04942517515066675 9.177474716257187
1627 0 0.01 147574.11254079014 6.702498348803531 0.04942517515066675 9.177474716257187
1628 0 0.01 147574.11254079014 6.702498348803531 0.04942517515066675 9.177474716257187
1629 0 0.01 147574.11254079014 6.702498348803531 0.04942517515066675 9.177474716257187
1630 0 0.01 147574.11254079014 6.702498348803531 0.04942517515066675 9.177474716257187
1631 0 0.01 147574.11254079014 6.702498348803531 0.04942517515066675 9.177474716257187
1632 0 0.01 147574.11254079014 6.702498348803531 0.04942517515066675 9.177474716257187
1633 0 0.01 147574.11254079014 6.702498348803531 0.04942517515066675 9.177474716257187
1634 0 0.01 147574.11254079014 6.702498348803531 0.04942517515066675 9.177474716257187
1635 0 0.01 147574.11254079014 6.702498348803531 0.04942517515066675 9.177474716257187
1636 0 0.01 147574.11254079014 6.702498348803531 0.04942517515066675 9.177474716257187
1637 0 0.01 147574.11254079014 6.702498348803531 0.04942517515066675 9.177474716257187
1638 0 0.01 147574.11254079014 6.702498348803531 0.04942517515066675 9.177474716257187
1639 0 0.01 147574.11254079014 6.702498348803531 0.04942517515066675 9.177474716257187
1640 0 0.01 147574.11254079014 6.702498348803531 0.04942517515066675 9.177474716257187
1641 0 0.01 147574.11254079014 6.702498348803531 0.04942517515066675 9.177474716257187
1642 0 0.01 147574.11254079014 6.702498348803531 0.04942517515066675 9.177474716257187
1643 0 0.01 147574.11254079014 6.702498348803531 0.04942517515066675 9.177474716257187
1644 0 0.01 147574.11254079014 6.702498348803531 0.04942517515066675 9.177474716257187
1645 0 0.01 147574.11254079014 6.702498348803531 0.04942517515066675 9.177474716257187
1646 0 0.01 147574.11254079014 6.702498348803531 0.04942517515066675 9.177474716257187
1647 0 0.01 147574.11254079014 6.702498348803531 0.04942517515066675 9.177474716257187
1648 0 0.01 147574.11254079014 6.702498348803531 0.04942517515066675 9.177474716257187
1649 0 0.01 147574.11254079014 6.702498348803531 0.04942517515066675 9.177474716257187
1650 0 0.01 147574.11254079014 6.702498348803531 0.04942517515066675 9.177474716257187
1651 0 0.01 147574.11254079014 6.702498348803531 0.04942517515066675 9.177474716257187
1652 0 0.01 147574.11254079014 6.702498348803531 0.04942517515066675 9.177474716257187
1653 0 0.01 147574.11254079014 6.702498348803531 0.04942517515066675 9.177474716257187
1654 0 0.01 147574.11254079014 6.702498348803531 0.04942517515066675 9.177474716257187
1655 0 0.01 147574.11254079014 6.702498348803531 0.04942517515066675 9.177474716257187
1656 0 0.01 147574.11254079014 6.702498348803531 0.04942517515066675 9.177474716257187
1657 0 0.01 147574.11254079014 6.702498348803531 0.04942517515066675 9.177474716257187
1658 0 0.01 147574.11254079014 6.702498348803531 0.04942517515066675 9.177474716257187
1659 0 0.01 147574.11254079014 6.702498348803531 0.04942517515066675 9.177474716257187
1660 0 0.01 147574.11254079014 6.702498348803531 0.04942517515066675 9.177474716257187
1661 0 0.01 147574.11254079014 6.702498348803531 0.04942517515066675 9.177474716257187
1662 0 0.01 147574.11254079014 6.702498348803531 0.04942517515066675 9.177474716257187
1663 0 0.01 147574.11254079014 6.702498348803531 0.04942517515066675 9.177474716257187
1664 0 0.01 147574.11254079014 6.702498348803531 0.04942517515066675 9.177474716257187
1665 0 0.01 147574.11254079014 6.702498348803531 0.04942517515066675 9.177474716257187
1666 0 0.01 147574.11254079014 6.702498348803531 0.04942517515066675 9.177474716257187
1667 0 0.01 147574.11254079014 6.702498348803531 0.04942517515066675 9.177474716257187
1668 0 0.01 147574.11254079014 6.702498348803531 0.04942517515066675 9.177474716257187
1669 0 0.01 147574.11254079014 6.702498348803531 0.04942517515066675 9.177474716257187
1670 0 0.01 147574.11254079014 6.702498348803531 0.04942517515066675 9.177474716257187
1671 0 0.01 147574.11254079014 6.702498348803531 0.04942517515066675 9.177474716257187
1672 0 0.01 147574.11254079014 6.702498348803531 0.04942517515066675 9.177474716257187
1673 0 0.01 147574.11254079014 6.702498348803531 0.04942517515066675 9.177474716257187
1674 0 0.01 147574.11254079014 6.702498348803531 0.04942517515066675 9.177474716257187
1675 0 0.01 147574.11254079014 6.702498348803531 0.04942517515066675 9.177474716257187
1676 0 0.01 147574.11254079014 6.702498348803531 0.04942517515066675 9.177474716257187
1677 0 0.01 147574.11254079014 6.702498348803531 0.04942517515066675 9.177474716257187
1678 0 0.01 147574.11254079014 6.702498348803531 0.04942517515066675 9.177474716257187
1679 0 0.01 147574.11254079014 6.702498348803531 0.04942517515066675 9.177474716257187
1680 0 0.01 147574.11254079014 6.702498348803531 0.04942517515066675 9.177474716257187
1681 0 0.01 147574.11254079014 6.702498348803531 0.04942517515066675 9.177474716257187
1682 0 0.01 147574.11254079014 6.702498348803531 0.04942517515066675 9.177474716257187
1683 0 0.01 147574.11254079014 6.702498348803531 0.04942517515066675 9.177474716257187
1684 0 0.01 147574.11254079014 6.702498348803531 0.04942517515066675 9.177474716257187
1685 0 0.01 147574.11254079014 6.702498348803531 0.04942517515066675 9.177474716257187
1686 0 0.01 147574.11254079014 6.702498348803531 0.04942517515066675 9.177474716257187
1687 0 0.01 147574.11254079014 6.702498348803531 0.04942517515066675 9.177474716257187
1688 0 0.01 147574.11254079014 6.702498348803531 0.04942517515066675 9.177474716257187
1689 0 0.01 147574.11254079014 6.702498348803531 0.04942517515066675 9.177474716257187
1690 0 0.01 147574.11254079014 6.702498348803531 0.04942517515066675 9.177474716257187
1691 0 0.01 147574.11254079014 6.702498348803531 0.04942517515066675 9.177474716257187
1692 0 0.01 147574.11254079014 6.702498348803531 0.04942517515066675 9.177474716257187
1693 0 0.01 147574.11254079014 6.702498348803531 0.04942517515066675 9.177474716257187
1694 0 0.01 147574.11254079014 6.702498348803531 0.04942517515066675 9.177474716257187
1695 0 0.01 147574.11254079014 6.702498348803531 0.04942517515066675 9.177474716257187
1696 0 0.01 147574.11254079014 6.702498348803531 0.04942517515066675 9.177474716257187
1697 0 0.01 147574.11254079014 6.702498348803531 0.04942517515066675 9.177474716257187
1698 0 0.01 147574.11254079014 6.702498348803531 0.04942517515066675 9.177474716257187
1699 0 0.01 147574.11254079014 6.702498348803531 0.04942517515066675 9.177474716257187
1700 0 0.01 147574.11254079014 6.702498348803531 0.04942517515066675 9.177474716257187
1701 0 0.01 147574.11254079014 6.702498348803531 0.04942517515066675 9.177474716257187
1702 0 0.01 147574.11254079014 6.702498348803531 0.04942517515066675 9.177474716257187
1703 0 0.01 147574.11254079014 6.702498348803531 0.04942517515066675 9.177474716257187
1704 0 0.01 147574.11254079014 6.702498348803531 0.04942517515066675 9.177474716257187
1705 0 0.01 147574.11254079014 6.702498348803531 0.04942517515066675 9.177474716257187
1706 0 0.01 147574.11254079014 6.702498348803531 0.04942517515066675 9.177474716257187
1707 0 0.01 147574.11254079014 6.702498348803531 0.04942517515066675 9.177474716257187
1708 0 0.01 147574.11254079014 6.702498348803531 0.04942517515066675 9.177474716257187
1709 0 0.01 147574.11254079014 6.702498348803531 0.04942517515066675 9.177474716257187
1710 0 0.01 147574.11254079014 6.702498348803531 0.04942517515066675 9.177474716257187
1711 0 0.01 147574.11254079014 6.702498348803531 0.04942517515066675 9.177474716257187
1712 0 0.01 147574.11254079014 6.702498348803531 0.04942517515066675 9.177474716257187
1713 0 0.01 147574.11254079014 6.702498348803531 0.04942517515066675 9.177474716257187
1714 0 0.01 147574.11254079014 6.702498348803531 0.04942517515066675 9.177474716257187
1715 0 0.01 147574.11254079014 6.702498348803531 0.04942517515066675 9.177474716257187
1716 0 0.01 147574.11254079014 6.702498348803531 0.04942517515066675 9.177474716257187
1717 0 0.01 147574.11254079014 6.702498348803531 0.04942517515066675 9.177474716257187
1718 0 0.01 147574.11254079014 6.702498348803531 0.04942517515066675 9.177474716257187
1719 0 0.01 147574.11254079014 6.702498348803531 0.04942517515066675 9.177474716257187
1720 0 0.01 147574.11254079014 6.702498348803531 0.04942517515066675 9.177474716257187
1721 0 0.01 147574.11254079014 6.702498348803531 0.04942517515066675 9.177474716257187
1722 0 0.01 147574.11254079014 6.702498348803531 0.04942517515066675 9.177474716257187
1723 0 0.01 147574.11254079014 6.702498348803531 0.04942517515066675 9.177474716257187
1724 0 0.01 147574.11254079014 6.702498348803531 0.04942517515066675 9.177474716257187
1725 0 0.01 147574.11254079014 6.702498348803531 0.04942517515066675 9.177474716257187
1726 0 0.01 147574.11254079014 6.702498348803531 0.04942517515066675 9.177474716257187
1727 0 0.01 147574.11254079014 6.702498348803531 0.04942517515066675 9.177474716257187
1728 0 0.01 147574.11254079014 6.702498348803531 0.04942517515066675 9.177474716257187
1729 0 0.01 147574.11254079014 6.702498348803531 0.04942517515066675 9.177474716257187
1730 0 0.01 147574.11254079014 6.702498348803531 0.04942517515066675 9.177474716257187
1731 0 0.01 147574.11254079014 6.702498348803531 0.04942517515066675 9.177474716257187
1732 0 0.01 147574.11254079014 6.702498348803531 0.04942517515066675 9.177474716257187
1733 0 0.01 147574.11254079014 6.702498348803531 0.04942517515066675 9.177474716257187
1734 0 0.01 147574.11254079014 6.702498348803531 0.04942517515066675 9.177474716257187
1735 0 0.01 147574.11254079014 6.702498348803531 0.04942517515066675 9.177474716257187
1736 0 0.01 147574.11254079014 6.702498348803531 0.04942517515066675 9.177474716257187
1737 0 0.01 147574.11254079014 6.702498348803531 0.04942517515066675 9.177474716257187
1738 0 0.01 147574.11254079014 6.702498348803531 0.04942517515066675 9.177474716257187
1739 0 0.01 147574.11254079014 6.702498348803531 0.04942517515066675 9.177474716257187
1740 0 0.01 147574.11254079014 6.702498348803531 0.04942517515066675 9.177474716257187
1741 0 0.01 147574.11254079014 6.702498348803531 0.04942517515066675 9.177474716257187
1742 0 0.01 147574.11254079014 6.702498348803531 0.04942517515066675 9.177474716257187
1743 0 0.01 147574.11254079014 6.702498348803531 0.04942517515066675 9.177474716257187
1744 0 0.01 147574.11254079014 6.702498348803531 0.04942517515066675 9.177474716257187
1745 0 0.01 147574.11254079014 6.702498348803531 0.04942517515066675 9.177474716257187
1746 0 0.01 147574.11254079014 6.702498348803531 0.04942517515066675 9.177474716257187
1747 0 0.01 147574.11254079014 6.702498348803531 0.04942517515066675 9.177474716257187
1748 0 0.01 147574.11254079014 6.702498348803531 0.04942517515066675 9.177474716257187
1749 0 0.01 147574.11254079014 6.702498348803531 0.04942517515066675 9.177474716257187
1750 0 0.01 147574.11254079014 6.702498348803531 0.04942517515066675 9.177474716257187
1751 0 0.01 147574.11254079014 6.702498348803531 0.04942517515066675 9.177474716257187
1752 0 0.01 147574.11254079014 6.702498348803531 0.04942517515066675 9.177474716257187
1753 0 0.01 147574.11254079014 6.702498348803531 0.04942517515066675 9.177474716257187
1754 0 0.01 147574.11254079014 6.702498348803531 0.04942517515066675 9.177474716257187
1755 0 0.01 147574.11254079014 6.702498348803531 0.04942517515066675 9.177474716257187
1756 0 0.01 147574.11254079014 6.702498348803531 0.04942517515066675 9.177474716257187
1757 0 0.01 147574.11254079014 6.702498348803531 0.04942517515066675 9.177474716257187
1758 0 0.01 147574.11254079014 6.702498348803531 0.04942517515066675 9.177474716257187
1759 0 0.01 147574.11254079014 6.702498348803531 0.04942517515066675 9.177474716257187
1760 0 0.01 147574.11254079014 6.702498348803531 0.04942517515066675 9.177474716257187
1761 0 0.01 147574.11254079014 6.702498348803531 0.04942517515066675 9.177474716257187
1762 0 0.01 147574.11254079014 6.702498348803531 0.04942517515066675 9.177474716257187
1763 0 0.01 147574.11254079014 6.702498348803531 0.04942517515066675 9.177474716257187
1764 0 0.01 147574.11254079014 6.702498348803531 0.04942517515066675 9.177474716257187
1765 0 0.01 147574.11254079014 6.702498348803531 0.04942517515066675 9.177474716257187
1766 0 0.01 147574.11254079014 6.702498348803531 0.04942517515066675 9.177474716257187
1767 0 0.01 147574.11254079014 6.702498348803531 0.04942517515066675 9.177474716257187
1768 0 0.01 147574.11254079014 6.702498348803531 0.04942517515066675 9.177474716257187
1769 0 0.01 147574.11254079014 6.702498348803531 0.04942517515066675 9.177474716257187
1770 0 0.01 147574.11254079014 6.702498348803531 0.04942517515066675 9.177474716257187
1771 0 0.01 147574.11254079014 6.702498348803531 0.04942517515066675 9.177474716257187
1772 0 0.01 147574.11254079014 6.702498348803531 0.04942517515066675 9.177474716257187
1773 0 0.01 147574.11254079014 6.702498348803531 0.04942517515066675 9.177474716257187
1774 0 0.01 147574.11254079014 6.702498348803531 0.04942517515066675 9.177474716257187
1775 0 0.01 147574.11254079014 6.702498348803531 0.04942517515066675 9.177474716257187
1776 0 0.01 147574.11254079014 6.702498348803531 0.04942517515066675 9.177474716257187
1777 0 0.01 147574.11254079014 6.702498348803531 0.04942517515066675 9.177474716257187
1778 0 0.01 147574.11254079014 6.702498348803531 0.04942517515066675 9.177474716257187
1779 0 0.01 147574.11254079014 6.702498348803531 0.04942517515066675 9.177474716257187
1780 0 0.01 147574.11254079014 6.702498348803531 0.04942517515066675 9.177474716257187
1781 0 0.01 147574.11254079014 6.702498348803531 0.04942517515066675 9.177474716257187
1782 0 0.01 147574.11254079014 6.702498348803531 0.04942517515066675 9.177474716257187
1783 0 0.01 147574.11254079014 6.702498348803531 0.04942517515066675 9.177474716257187
1784 0 0.01 147574.11254079014 6.702498348803531 0.04942517515066675 9.177474716257187
1785 0 0.01 147574.11254079014 6.702498348803531 0.04942517515066675 9.177474716257187
1786 0 0.01 147574.11254079014 6.702498348803531 0.04942517515066675 9.177474716257187
1787 0 0.01 147574.11254079014 6.702498348803531 0.04942517515066675 9.177474716257187
1788 0 0.01 147574.11254079014 6.702498348803531 0.04942517515066675 9.177474716257187
1789 0 0.01 147574.11254079014 6.702498348803531 0.04942517515066675 9.177474716257187
1790 0 0.01 147574.11254079014 6.702498348803531 0.04942517515066675 9.177474716257187
1791 0 0.01 147574.11254079014 6.702498348803531 0.04942517515066675 9.177474716257187
1792 0 0.01 147574.11254079014 6.702498348803531 0.04942517515066675 9.177474716257187
1793 0 0.01 147574.11254079014 6.702498348803531 0.04942517515066675 9.177474716257187
1794 0 0.01 147574.11254079014 6.702498348803531 0.04942517515066675 9.177474716257187
1795 0 0.01 147574.11254079014 6.702498348803531 0.04942517515066675 9.177474716257187
1796 0 0.01 147574.11254079014 6.702498348803531 0.04942517515066675 9.177474716257187
1797 0 0.01 147574.11254079014 6.702498348803531 0.04942517515066675 9.177474716257187
1798 0 0.01 147574.11254079014 6.702498348803531 0.04942517515066675 9.177474716257187
1799 0 0.01 147574.11254079014 6.702498348803531 0.04942517515066675 9.177474716257187
1800 0 0.01 147574.11254079014 6.702498348803531 0.04942517515066675 9.177474716257187
1801 0 0.01 147574.11254079014 6.702498348803531 0.04942517515066675 9.177474716257187
1802 0 0.01 147574.11254079014 6.702498348803531 0.04942517515066675 9.177474716257187
1803 0 0.01 147574.11254079014 6.702498348803531 0.04942517515066675 9.177474716257187
1804 0 0.01 147574.11254079014 6.702498348803531 0.04942517515066675 9.177474716257187
1805 0 0.01 147574.11254079014 6.702498348803531 0.04942517515066675 9.177474716257187
1806 0 0.01 147574.11254079014 6.702498348803531 0.04942517515066675 9.177474716257187
1807 0 0.01 147574.11254079014 6.702498348803531 0.04942517515066675 9.177474716257187
1808 0 0.01 147574.11254079014 6.702498348803531 0.04942517515066675 9.177474716257187
1809 0 0.01 147574.11254079014 6.702498348803531 0.04942517515066675 9.177474716257187
1810 0 0.01 147574.11254079014 6.702498348803531 0.04942517515066675 9.177474716257187
1811 0 0.01 147574.11254079014 6.702498348803531 0.04942517515066675 9.177474716257187
1812 0 0.01 147574.11254079014 6.702498348803531 0.04942517515066675 9.177474716257187
1813 0 0.01 147574.11254079014 6.702498348803531 0.04942517515066675 9.177474716257187
1814 0 0.01 147574.11254079014 6.702498348803531 0.04942517515066675 9.177474716257187
1815 0 0.01 147574.11254079014 6.702498348803531 0.04942517515066675 9.177474716257187
1816 0 0.01 147574.11254079014 6.702498348803531 0.04942517515066675 9.177474716257187
1817 0 0.01 147574.11254079014 6.702498348803531 0.04942517515066675 9.177474716257187
1818 0 0.01 147574.11254079014 6.702498348803531 0.04942517515066675 9.177474716257187
1819 0 0.01 147574.11254079014 6.702498348803531 0.04942517515066675 9.177474716257187
1820 0 0.01 147574.11254079014 6.702498348803531 0.04942517515066675 9.177474716257187
1821 0 0.01 147574.11254079014 6.702498348803531 0.04942517515066675 9.177474716257187
1822 0 0.01 147574.11254079014 6.702498348803531 0.04942517515066675 9.177474716257187
1823 0 0.01 147574.11254079014 6.702498348803531 0.04942517515066675 9.177474716257187
1824 0 0.01 147574.11254079014 6.702498348803531 0.04942517515066675 9.177474716257187
1825 0 0.01 147574.11254079014 6.702498348803531 0.04942517515066675 9.177474716257187
1826 0 0.01 147574.11254079014 6.702498348803531 0.04942517515066675 9.177474716257187
1827 0 0.01 147574.11254079014 6.702498348803531 0.04942517515066675 9.177474716257187
1828 0 0.01 147574.11254079014 6.702498348803531 0.04942517515066675 9.177474716257187
1829 0 0.01 147574.11254079014 6.702498348803531 0.04942517515066675 9.177474716257187
1830 0 0.01 147574.11254079014 6.702498348803531 0.04942517515066675 9.177474716257187
1831 0 0.01 147574.11254079014 6.702498348803531 0.04942517515066675 9.177474716257187
1832 0 0.01 147574.11254079014 6.702498348803531 0.04942517515066675 9.177474716257187
1833 0 0.01 147574.11254079014 6.702498348803531 0.04942517515066675 9.177474716257187
1834 0 0.01 147574.11254079014 6.702498348803531 0.04942517515066675 9.177474716257187
1835 0 0.01 147574.11254079014 6.702498348803531 0.04942517515066675 9.177474716257187
1836 0 0.01 147574.11254079014 6.702498348803531 0.04942517515066675 9.177474716257187
1837 0 0.01 147574.11254079014 6.702498348803531 0.04942517515066675 9.177474716257187
1838 0 0.01 147574.11254079014 6.702498348803531 0.04942517515066675 9.177474716257187
1839 0 0.01 147574.11254079014 6.702498348803531 0.04942517515066675 9.177474716257187
1840 0 0.01 147574.11254079014 6.702498348803531 0.04942517515066675 9.177474716257187
1841 0 0.01 147574.11254079014 6.702498348803531 0.04942517515066675 9.177474716257187
1842 0 0.01 147574.11254079014 6.702498348803531 0.04942517515066675 9.177474716257187
1843 0 0.01 147574.11254079014 6.702498348803531 0.04942517515066675 9.177474716257187
1844 0 0.01 147574.11254079014 6.702498348803531 0.04942517515066675 9.177474716257187
1845 0 0.01 147574.11254079014 6.702498348803531 0.04942517515066675 9.177474716257187
1846 0 0.01 147574.11254079014 6.702498348803531 0.04942517515066675 9.177474716257187
1847 0 0.01 147574.11254079014 6.702498348803531 0.04942517515066675 9.177474716257187
1848 0 0.01 147574.11254079014 6.702498348803531 0.04942517515066675 9.177474716257187
1849 0 0.01 147574.11254079014 6.702498348803531 0.04942517515066675 9.177474716257187
1850 0 0.01 147574.11254079014 6.702498348803531 0.04942517515066675 9.177474716257187
1851 0 0.01 147574.11254079014 6.702498348803531 0.04942517515066675 9.177474716257187
1852 0 0.01 147574.11254079014 6.702498348803531 0.04942517515066675 9.177474716257187
1853 0 0.01 147574.11254079014 6.702498348803531 0.04942517515066675 9.177474716257187
1854 0 0.01 147574.11254079014 6.702498348803531 0.04942517515066675 9.177474716257187
1855 0 0.01 147574.11254079014 6.702498348803531 0.04942517515066675 9.177474716257187
1856 0 0.01 147574.11254079014 6.702498348803531 0.04942517515066675 9.177474716257187
1857 0 0.01 147574.11254079014 6.702498348803531 0.04942517515066675 9.177474716257187
1858 0 0.01 147574.11254079014 6.702498348803531 0.04942517515066675 9.177474716257187
1859 0 0.01 147574.11254079014 6.702498348803531 0.04942517515066675 9.177474716257187
1860 0 0.01 147574.11254079014 6.702498348803531 0.04942517515066675 9.177474716257187
1861 0 0.01 147574.11254079014 6.702498348803531 0.04942517515066675 9.177474716257187
1862 0 0.01 147574.11254079014 6.702498348803531 0.04942517515066675 9.177474716257187
1863 0 0.01 147574.11254079014 6.702498348803531 0.04942517515066675 9.177474716257187
1864 0 0.01 147574.11254079014 6.702498348803531 0.04942517515066675 9.177474716257187
1865 0 0.01 147574.11254079014 6.702498348803531 0.04942517515066675 9.177474716257187
1866 0 0.01 147574.11254079014 6.702498348803531 0.04942517515066675 9.177474716257187
1867 0 0.01 147574.11254079014 6.702498348803531 0.04942517515066675 9.177474716257187
1868 0 0.01 147574.11254079014 6.702498348803531 0.04942517515066675 9.177474716257187
1869 0 0.01 147574.11254079014 6.702498348803531 0.04942517515066675 9.177474716257187
1870 0 0.01 147574.11254079014 6.702498348803531 0.04942517515066675 9.177474716257187
1871 0 0.01 147574.11254079014 6.702498348803531 0.04942517515066675 9.177474716257187
1872 0 0.01 147574.11254079014 6.702498348803531 0.04942517515066675 9.177474716257187
1873 0 0.01 147574.11254079014 6.702498348803531 0.04942517515066675 9.177474716257187
1874 0 0.01 147574.11254079014 6.702498348803531 0.04942517515066675 9.177474716257187
1875 0 0.01 147574.11254079014 6.702498348803531 0.04942517515066675 9.177474716257187
1876 0 0.01 147574.11254079014 6.702498348803531 0.04942517515066675 9.177474716257187
1877 0 0.01 147574.11254079014 6.702498348803531 0.04942517515066675 9.177474716257187
1878 0 0.01 147574.11254079014 6.702498348803531 0.04942517515066675 9.177474716257187
1879 0 0.01 147574.11254079014 6.702498348803531 0.04942517515066675 9.177474716257187
1880 0 0.01 147574.11254079014 6.702498348803531 0.04942517515066675 9.177474716257187
1881 0 0.01 147574.11254079014 6.702498348803531 0.04942517515066675 9.177474716257187
1882 0 0.01 147574.11254079014 6.702498348803531 0.04942517515066675 9.177474716257187
1883 0 0.01 147574.11254079014 6.702498348803531 0.04942517515066675 9.177474716257187
1884 0 0.01 147574.11254079014 6.702498348803531 0.04942517515066675 9.177474716257187
1885 0 0.01 147574.11254079014 6.702498348803531 0.04942517515066675 9.177474716257187
1886 0 0.01 147574.11254079014 6.702498348803531 0.04942517515066675 9.177474716257187
1887 0 0.01 147574.11254079014 6.702498348803531 0.04942517515066675 9.177474716257187
1888 0 0.01 147574.11254079014 6.702498348803531 0.04942517515066675 9.177474716257187
1889 0 0.01 147574.11254079014 6.702498348803531 0.04942517515066675 9.177474716257187
1890 0 0.01 147574.11254079014 6.702498348803531 0.04942517515066675 9.177474716257187
1891 0 0.01 147574.11254079014 6.702498348803531 0.04942517515066675 9.177474716257187
1892 0 0.01 147574.11254079014 6.702498348803531 0.04942517515066675 9.177474716257187
1893 0 0.01 147574.11254079014 6.702498348803531 0.04942517515066675 9.177474716257187
1894 0 0.01 147574.11254079014 6.702498348803531 0.04942517515066675 9.177474716257187
1895 0 0.01 147574.11254079014 6.702498348803531 0.04942517515066675 9.177474716257187
1896 0 0.01 147574.11254079014 6.702498348803531 0.04942517515066675 9.177474716257187
1897 0 0.01 147574.11254079014 6.702498348803531 0.04942517515066675 9.177474716257187
1898 0 0.01 147574.11254079014 6.702498348803531 0.04942517515066675 9.177474716257187
1899 0 0.01 147574.11254079014 6.702498348803531 0.04942517515066675 9.177474716257187
1900 0 0.01 147574.11254079014 6.702498348803531 0.04942517515066675 9.177474716257187
1901 0 0.01 147574.11254079014 6.702498348803531 0.04942517515066675 9.177474716257187
1902 0 0.01 147574.11254079014 6.702498348803531 0.04942517515066675 9.177474716257187
1903 0 0.01 147574.11254079014 6.702498348803531 0.04942517515066675 9.177474716257187
1904 0 0.01 147574.11254079014 6.702498348803531 0.04942517515066675 9.177474716257187
1905 0 0.01 147574.11254079014 6.702498348803531 0.04942517515066675 9.177474716257187
1906 0 0.01 147574.11254079014 6.702498348803531 0.04942517515066675 9.177474716257187
1907 0 0.01 147574.11254079014 6.702498348803531 0.04942517515066675 9.177474716257187
1908 0 0.01 147574.11254079014 6.702498348803531 0.04942517515066675 9.177474716257187
1909 0 0.01 147574.11254079014 6.702498348803531 0.04942517515066675 9.177474716257187
1910 0 0.01 147574.11254079014 6.702498348803531 0.04942517515066675 9.177474716257187
1911 0 0.01 147574.11254079014 6.702498348803531 0.04942517515066675 9.177474716257187
1912 0 0.01 147574.11254079014 6.702498348803531 0.04942517515066675 9.177474716257187
1913 0 0.01 147574.11254079014 6.702498348803531 0.04942517515066675 9.177474716257187
1914 0 0.01 147574.11254079014 6.702498348803531 0.04942517515066675 9.177474716257187
1915 0 0.01 147574.11254079014 6.702498348803531 0.04942517515066675 9.177474716257187
1916 0 0.01 147574.11254079014 6.702498348803531 0.04942517515066675 9.177474716257187
1917 0 0.01 147574.11254079014 6.702498348803531 0.04942517515066675 9.177474716257187
1918 0 0.01 147574.11254079014 6.702498348803531 0.04942517515066675 9.177474716257187
1919 0 0.01 147574.11254079014 6.702498348803531 0.04942517515066675 9.177474716257187
1920 0 0.01 147574.11254079014 6.702498348803531 0.04942517515066675 9.177474716257187
1921 0 0.01 147574.11254079014 6.702498348803531 0.04942517515066675 9.177474716257187
1922 0 0.01 147574.11254079014 6.702498348803531 0.04942517515066675 9.177474716257187
1923 0 0.01 147574.11254079014 6.702498348803531 0.04942517515066675 9.177474716257187
1924 0 0.01 147574.11254079014 6.702498348803531 0.04942517515066675 9.177474716257187
1925 0 0.01 147574.11254079014 6.702498348803531 0.04942517515066675 9.177474716257187
1926 0 0.01 147574.11254079014 6.702498348803531 0.04942517515066675 9.177474716257187
1927 0 0.01 147574.11254079014 6.702498348803531 0.04942517515066675 9.177474716257187
1928 0 0.01 147574.11254079014 6.702498348803531 0.04942517515066675 9.177474716257187
1929 0 0.01 147574.11254079014 6.702498348803531 0.04942517515066675 9.177474716257187
1930 0 0.01 147574.11254079014 6.702498348803531 0.04942517515066675 9.177474716257187
1931 0 0.01 147574.11254079014 6.702498348803531 0.04942517515066675 9.177474716257187
1932 0 0.01 147574.11254079014 6.702498348803531 0.04942517515066675 9.177474716257187
1933 0 0.01 147574.11254079014 6.702498348803531 0.04942517515066675 9.177474716257187
1934 0 0.01 147574.11254079014 6.702498348803531 0.04942517515066675 9.177474716257187
1935 0 0.01 147574.11254079014 6.702498348803531 0.04942517515066675 9.177474716257187
1936 0 0.01 147574.11254079014 6.702498348803531 0.04942517515066675 9.177474716257187
1937 0 0.01 147574.11254079014 6.702498348803531 0.04942517515066675 9.177474716257187
1938 0 0.01 147574.11254079014 6.702498348803531 0.04942517515066675 9.177474716257187
1939 0 0.01 147574.11254079014 6.702498348803531 0.04942517515066675 9.177474716257187
1940 0 0.01 147574.11254079014 6.702498348803531 0.04942517515066675 9.177474716257187
1941 0 0.01 147574.11254079014 6.702498348803531 0.04942517515066675 9.177474716257187
1942 0 0.01 147574.11254079014 6.702498348803531 0.04942517515066675 9.177474716257187
1943 0 0.01 147574.11254079014 6.702498348803531 0.04942517515066675 9.177474716257187
1944 0 0.01 147574.11254079014 6.702498348803531 0.04942517515066675 9.177474716257187
1945 0 0.01 147574.11254079014 6.702498348803531 0.04942517515066675 9.177474716257187
1946 0 0.01 147574.11254079014 6.702498348803531 0.04942517515066675 9.177474716257187
1947 0 0.01 147574.11254079014 6.702498348803531 0.04942517515066675 9.177474716257187
1948 0 0.01 147574.11254079014 6.702498348803531 0.04942517515066675 9.177474716257187
1949 0 0.01 147574.11254079014 6.702498348803531 0.04942517515066675 9.177474716257187
1950 0 0.01 147574.11254079014 6.702498348803531 0.04942517515066675 9.177474716257187
1951 0 0.01 147574.11254079014 6.702498348803531 0.04942517515066675 9.177474716257187
1952 0 0.01 147574.11254079014 6.702498348803531 0.04942517515066675 9.177474716257187
1953 0 0.01 147574.11254079014 6.702498348803531 0.04942517515066675 9.177474716257187
1954 0 0.01 147574.11254079014 6.702498348803531 0.04942517515066675 9.177474716257187
1955 0 0.01 147574.11254079014 6.702498348803531 0.04942517515066675 9.177474716257187
1956 0 0.01 147574.11254079014 6.702498348803531 0.04942517515066675 9.177474716257187
1957 0 0.01 147574.11254079014 6.702498348803531 0.04942517515066675 9.177474716257187
1958 0 0.01 147574.11254079014 6.702498348803531 0.04942517515066675 9.177474716257187
1959 0 0.01 147574.11254079014 6.702498348803531 0.04942517515066675 9.177474716257187
1960 0 0.01 147574.11254079014 6.702498348803531 0.04942517515066675 9.177474716257187
1961 0 0.01 147574.11254079014 6.702498348803531 0.04942517515066675 9.177474716257187
1962 0 0.01 147574.11254079014 6.702498348803531 0.04942517515066675 9.177474716257187
1963 0 0.01 147574.11254079014 6.702498348803531 0.04942517515066675 9.177474716257187
1964 0 0.01 147574.11254079014 6.702498348803531 0.04942517515066675 9.177474716257187
1965 0 0.01 147574.11254079014 6.702498348803531 0.04942517515066675 9.177474716257187
1966 0 0.01 147574.11254079014 6.702498348803531 0.04942517515066675 9.177474716257187
1967 0 0.01 147574.11254079014 6.702498348803531 0.04942517515066675 9.177474716257187
1968 0 0.01 147574.11254079014 6.702498348803531 0.04942517515066675 9.177474716257187
1969 0 0.01 147574.11254079014 6.702498348803531 0.04942517515066675 9.177474716257187
1970 0 0.01 147574.11254079014 6.702498348803531 0.04942517515066675 9.177474716257187
1971 0 0.01 147574.11254079014 6.702498348803531 0.04942517515066675 9.177474716257187
1972 0 0.01 147574.11254079014 6.702498348803531 0.04942517515066675 9.177474716257187
1973 0 0.01 147574.11254079014 6.702498348803531 0.04942517515066675 9.177474716257187
1974 0 0.01 147574.11254079014 6.702498348803531 0.04942517515066675 9.177474716257187
1975 0 0.01 147574.11254079014 6.702498348803531 0.04942517515066675 9.177474716257187
1976 0 0.01 147574.11254079014 6.702498348803531 0.04942517515066675 9.177474716257187
1977 0 0.01 147574.11254079014 6.702498348803531 0.04942517515066675 9.177474716257187
1978 0 0.01 147574.11254079014 6.702498348803531 0.04942517515066675 9.177474716257187
1979 0 0.01 147574.11254079014 6.702498348803531 0.04942517515066675 9.177474716257187
1980 0 0.01 147574.11254079014 6.702498348803531 0.04942517515066675 9.177474716257187
1981 0 0.01 147574.11254079014 6.702498348803531 0.04942517515066675 9.177474716257187
1982 0 0.01 147574.11254079014 6.702498348803531 0.04942517515066675 9.177474716257187
1983 0 0.01 147574.11254079014 6.702498348803531 0.04942517515066675 9.177474716257187
1984 0 0.01 147574.11254079014 6.702498348803531 0.04942517515066675 9.177474716257187
1985 0 0.01 147574.11254079014 6.702498348803531 0.04942517515066675 9.177474716257187
1986 0 0.01 147574.11254079014 6.702498348803531 0.04942517515066675 9.177474716257187
1987 0 0.01 147574.11254079014 6.702498348803531 0.04942517515066675 9.177474716257187
1988 0 0.01 147574.11254079014 6.702498348803531 0.04942517515066675 9.177474716257187
1989 0 0.01 147574.11254079014 6.702498348803531 0.04942517515066675 9.177474716257187
1990 0 0.01 147574.11254079014 6.702498348803531 0.04942517515066675 9.177474716257187
1991 0 0.01 147574.11254079014 6.702498348803531 0.04942517515066675 9.177474716257187
1992 0 0.01 147574.11254079014 6.702498348803531 0.04942517515066675 9.177474716257187
1993 0 0.01 147574.11254079014 6.702498348803531 0.04942517515066675 9.177474716257187
1994 0 0.01 147574.11254079014 6.702498348803531 0.04942517515066675 9.177474716257187
1995 0 0.01 147574.11254079014 6.702498348803531 0.04942517515066675 9.177474716257187
1996 0 0.01 147574.11254079014 6.702498348803531 0.04942517515066675 9.177474716257187
1997 0 0.01 147574.11254079014 6.702498348803531 0.04942517515066675 9.177474716257187
1998 0 0.01 147574.11254079014 6.702498348803531 0.04942517515066675 9.177474716257187
1999 0 0.01 147574.11254079014 6.702498348803531 0.04942517515066675 9.177474716257187
2000 0 0.01 147574.11254079014 6.702498348803531 0.04942517515066675 9.177474716257187
2001 0 0.01 147574.11254079014 6.702498348803531 0.04942517515066675 9.177474716257187
2002 0 0.01 147574.11254079014 6.702498348803531 0.04942517515066675 9.177474716257187
2003 0 0.01 147574.11254079014 6.702498348803531 0.04942517515066675 9.177474716257187
2004 0 0.01 147574.11254079014 6.702498348803531 0.04942517515066675 9.177474716257187
2005 0 0.01 147574.11254079014 6.702498348803531 0.04942517515066675 9.177474716257187
2006 0 0.01 147574.11254079014 6.702498348803531 0.04942517515066675 9.177474716257187
2007 0 0.01 147574.11254079014 6.702498348803531 0.04942517515066675 9.177474716257187
2008 0 0.01 147574.11254079014 6.702498348803531 0.04942517515066675 9.177474716257187
2009 0 0.01 147574.11254079014 6.702498348803531 0.04942517515066675 9.177474716257187
2010 0 0.01 147574.11254079014 6.702498348803531 0.04942517515066675 9.177474716257187
2011 0 0.01 147574.11254079014 6.702498348803531 0.04942517515066675 9.177474716257187
2012 0 0.01 147574.11254079014 6.702498348803531 0.04942517515066675 9.177474716257187
2013 0 0.01 147574.11254079014 6.702498348803531 0.04942517515066675 9.177474716257187
2014 0 0.01 147574.11254079014 6.702498348803531 0.04942517515066675 9.177474716257187
2015 0 0.01 147574.11254079014 6.702498348803531 0.04942517515066675 9.177474716257187
2016 0 0.01 147574.11254079014 6.702498348803531 0.04942517515066675 9.177474716257187
2017 0 0.01 147574.11254079014 6.702498348803531 0.04942517515066675 9.177474716257187
2018 0 0.01 147574.11254079014 6.702498348803531 0.04942517515066675 9.177474716257187
2019 0 0.01 147574.11254079014 6.702498348803531 0.04942517515066675 9.177474716257187
2020 0 0.01 147574.11254079014 6.702498348803531 0.04942517515066675 9.177474716257187
2021 0 0.01 147574.11254079014 6.702498348803531 0.04942517515066675 9.177474716257187
2022 0 0.01 147574.11254079014 6.702498348803531 0.04942517515066675 9.177474716257187
2023 0 0.01 147574.11254079014 6.702498348803531 0.04942517515066675 9.177474716257187
2024 0 0.01 147574.11254079014 6.702498348803531 0.04942517515066675 9.177474716257187
2025 0 0.01 147574.11254079014 6.702498348803531 0.04942517515066675 9.177474716257187
2026 0 0.01 147574.11254079014 6.702498348803531 0.04942517515066675 9.177474716257187
2027 0 0.01 147574.11254079014 6.702498348803531 0.04942517515066675 9.177474716257187
2028 0 0.01 147574.11254079014 6.702498348803531 0.04942517515066675 9.177474716257187
2029 0 0.01 147574.11254079014 6.702498348803531 0.04942517515066675 9.177474716257187
2030 0 0.01 147574.11254079014 6.702498348803531 0.04942517515066675 9.177474716257187
2031 0 0.01 147574.11254079014 6.702498348803531 0.04942517515066675 9.177474716257187
2032 0 0.01 147574.11254079014 6.702498348803531 0.04942517515066675 9.177474716257187
2033 0 0.01 147574.11254079014 6.702498348803531 0.04942517515066675 9.177474716257187
2034 0 0.01 147574.11254079014 6.702498348803531 0.04942517515066675 9.177474716257187
2035 0 0.01 147574.11254079014 6.702498348803531 0.04942517515066675 9.177474716257187
2036 0 0.01 147574.11254079014 6.702498348803531 0.04942517515066675 9.177474716257187
2037 0 0.01 147574.11254079014 6.702498348803531 0.04942517515066675 9.177474716257187
2038 0 0.01 147574.11254079014 6.702498348803531 0.04942517515066675 9.177474716257187
2039 0 0.01 147574.11254079014 6.702498348803531 0.04942517515066675 9.177474716257187
2040 0 0.01 147574.11254079014 6.702498348803531 0.04942517515066675 9.177474716257187
2041 0 0.01 147574.11254079014 6.702498348803531 0.04942517515066675 9.177474716257187
2042 0 0.01 147574.11254079014 6.702498348803531 0.04942517515066675 9.177474716257187
2043 0 0.01 147574.11254079014 6.702498348803531 0.04942517515066675 9.177474716257187
2044 0 0.01 147574.11254079014 6.702498348803531 0.04942517515066675 9.177474716257187
2045 0 0.01 147574.11254079014 6.702498348803531 0.04942517515066675 9.177474716257187
2046 0 0.01 147574.11254079014 6.702498348803531 0.04942517515066675 9.177474716257187
2047 0 0.01 147574.11254079014 6.702498348803531 0.04942517515066675 9.177474716257187
2048 0 0.01 147574.11254079014 6.702498348803531 0.04942517515066675 9.177474716257187
2049 0 0.01 147574.11254079014 6.702498348803531 0.04942517515066675 9.177474716257187
2050 0 0.01 147574.11254079014 6.702498348803531 0.04942517515066675 9.177474716257187
2051 0 0.01 147574.11254079014 6.702498348803531 0.04942517515066675 9.177474716257187
2052 0 0.01 147574.11254079014 6.702498348803531 0.04942517515066675 9.177474716257187
2053 0 0.01 147574.11254079014 6.702498348803531 0.04942517515066675 9.177474716257187
2054 0 0.01 147574.11254079014 6.702498348803531 0.04942517515066675 9.177474716257187
2055 0 0.01 147574.11254079014 6.702498348803531 0.04942517515066675 9.177474716257187
2056 0 0.01 147574.11254079014 6.702498348803531 0.04942517515066675 9.177474716257187
2057 0 0.01 147574.11254079014 6.702498348803531 0.04942517515066675 9.177474716257187
2058 0 0.01 147574.11254079014 6.702498348803531 0.04942517515066675 9.177474716257187
2059 0 0.01 147574.11254079014 6.702498348803531 0.04942517515066675 9.177474716257187
2060 0 0.01 147574.11254079014 6.702498348803531 0.04942517515066675 9.177474716257187
2061 0 0.01 147574.11254079014 6.702498348803531 0.04942517515066675 9.177474716257187
2062 0 0.01 147574.11254079014 6.702498348803531 0.04942517515066675 9.177474716257187
2063 0 0.01 147574.11254079014 6.702498348803531 0.04942517515066675 9.177474716257187
2064 0 0.01 147574.11254079014 6.702498348803531 0.04942517515066675 9.177474716257187
2065 0 0.01 147574.11254079014 6.702498348803531 0.04942517515066675 9.177474716257187
2066 0 0.01 147574.11254079014 6.702498348803531 0.04942517515066675 9.177474716257187
2067 0 0.01 147574.11254079014 6.702498348803531 0.04942517515066675 9.177474716257187
2068 0 0.01 147574.11254079014 6.702498348803531 0.04942517515066675 9.177474716257187
2069 0 0.01 147574.11254079014 6.702498348803531 0.04942517515066675 9.177474716257187
2070 0 0.01 147574.11254079014 6.702498348803531 0.04942517515066675 9.177474716257187
2071 0 0.01 147574.11254079014 6.702498348803531 0.04942517515066675 9.177474716257187
2072 0 0.01 147574.11254079014 6.702498348803531 0.04942517515066675 9.177474716257187
2073 0 0.01 147574.11254079014 6.702498348803531 0.04942517515066675 9.177474716257187
2074 0 0.01 147574.11254079014 6.702498348803531 0.04942517515066675 9.177474716257187
2075 0 0.01 147574.11254079014 6.702498348803531 0.04942517515066675 9.177474716257187
2076 0 0.01 147574.11254079014 6.702498348803531 0.04942517515066675 9.177474716257187
2077 0 0.01 147574.11254079014 6.702498348803531 0.04942517515066675 9.177474716257187
2078 0 0.01 147574.11254079014 6.702498348803531 0.04942517515066675 9.177474716257187
2079 0 0.01 147574.11254079014 6.702498348803531 0.04942517515066675 9.177474716257187
2080 0 0.01 147574.11254079014 6.702498348803531 0.04942517515066675 9.177474716257187
2081 0 0.01 147574.11254079014 6.702498348803531 0.04942517515066675 9.177474716257187
2082 0 0.01 147574.11254079014 6.702498348803531 0.04942517515066675 9.177474716257187
2083 0 0.01 147574.11254079014 6.702498348803531 0.04942517515066675 9.177474716257187
2084 0 0.01 147574.11254079014 6.702498348803531 0.04942517515066675 9.177474716257187
2085 0 0.01 147574.11254079014 6.702498348803531 0.04942517515066675 9.177474716257187
2086 0 0.01 147574.11254079014 6.702498348803531 0.04942517515066675 9.177474716257187
2087 0 0.01 147574.11254079014 6.702498348803531 0.04942517515066675 9.177474716257187
2088 0 0.01 147574.11254079014 6.702498348803531 0.04942517515066675 9.177474716257187
2089 0 0.01 147574.11254079014 6.702498348803531 0.04942517515066675 9.177474716257187
2090 0 0.01 147574.11254079014 6.702498348803531 0.04942517515066675 9.177474716257187
2091 0 0.01 147574.11254079014 6.702498348803531 0.04942517515066675 9.177474716257187
2092 0 0.01 147574.11254079014 6.702498348803531 0.04942517515066675 9.177474716257187
2093 0 0.01 147574.11254079014 6.702498348803531 0.04942517515066675 9.177474716257187
2094 0 0.01 147574.11254079014 6.702498348803531 0.04942517515066675 9.177474716257187
2095 0 0.01 147574.11254079014 6.702498348803531 0.04942517515066675 9.177474716257187
2096 0 0.01 147574.11254079014 6.702498348803531 0.04942517515066675 9.177474716257187
2097 0 0.01 147574.11254079014 6.702498348803531 0.04942517515066675 9.177474716257187
2098 0 0.01 147574.11254079014 6.702498348803531 0.04942517515066675 9.177474716257187
2099 0 0.01 147574.11254079014 6.702498348803531 0.04942517515066675 9.177474716257187
2100 0 0.01 147574.11254079014 6.702498348803531 0.04942517515066675 9.177474716257187
2101 0 0.01 147574.11254079014 6.702498348803531 0.04942517515066675 9.177474716257187
2102 0 0.01 147574.11254079014 6.702498348803531 0.04942517515066675 9.177474716257187
2103 0 0.01 147574.11254079014 6.702498348803531 0.04942517515066675 9.177474716257187
2104 0 0.01 147574.11254079014 6.702498348803531 0.04942517515066675 9.177474716257187
2105 0 0.01 147574.11254079014 6.702498348803531 0.04942517515066675 9.177474716257187
2106 0 0.01 147574.11254079014 6.702498348803531 0.04942517515066675 9.177474716257187
2107 0 0.01 147574.11254079014 6.702498348803531 0.04942517515066675 9.177474716257187
2108 0 0.01 147574.11254079014 6.702498348803531 0.04942517515066675 9.177474716257187
2109 0 0.01 147574.11254079014 6.702498348803531 0.04942517515066675 9.177474716257187
2110 0 0.01 147574.11254079014 6.702498348803531 0.04942517515066675 9.177474716257187
2111 0 0.01 147574.11254079014 6.702498348803531 0.04942517515066675 9.177474716257187
2112 0 0.01 147574.11254079014 6.702498348803531 0.04942517515066675 9.177474716257187
2113 0 0.01 147574.11254079014 6.702498348803531 0.04942517515066675 9.177474716257187
2114 0 0.01 147574.11254079014 6.702498348803531 0.04942517515066675 9.177474716257187
2115 0 0.01 147574.11254079014 6.702498348803531 0.04942517515066675 9.177474716257187
2116 0 0.01 147574.11254079014 6.702498348803531 0.04942517515066675 9.177474716257187
2117 0 0.01 147574.11254079014 6.702498348803531 0.04942517515066675 9.177474716257187
2118 0 0.01 147574.11254079014 6.702498348803531 0.04942517515066675 9.177474716257187
2119 0 0.01 147574.11254079014 6.702498348803531 0.04942517515066675 9.177474716257187
2120 0 0.01 147574.11254079014 6.702498348803531 0.04942517515066675 9.177474716257187
2121 0 0.01 147574.11254079014 6.702498348803531 0.04942517515066675 9.177474716257187
2122 0 0.01 147574.11254079014 6.702498348803531 0.04942517515066675 9.177474716257187
2123 0 0.01 147574.11254079014 6.702498348803531 0.04942517515066675 9.177474716257187
2124 0 0.01 147574.11254079014 6.702498348803531 0.04942517515066675 9.177474716257187
2125 0 0.01 147574.11254079014 6.702498348803531 0.04942517515066675 9.177474716257187
2126 0 0.01 147574.11254079014 6.702498348803531 0.04942517515066675 9.177474716257187
2127 0 0.01 147574.11254079014 6.702498348803531 0.04942517515066675 9.177474716257187
2128 0 0.01 147574.11254079014 6.702498348803531 0.04942517515066675 9.177474716257187
2129 0 0.01 147574.11254079014 6.702498348803531 0.04942517515066675 9.177474716257187
2130 0 0.01 147574.11254079014 6.702498348803531 0.04942517515066675 9.177474716257187
2131 0 0.01 147574.11254079014 6.702498348803531 0.04942517515066675 9.177474716257187
2132 0 0.01 147574.11254079014 6.702498348803531 0.04942517515066675 9.177474716257187
2133 0 0.01 147574.11254079014 6.702498348803531 0.04942517515066675 9.177474716257187
2134 0 0.01 147574.11254079014 6.702498348803531 0.04942517515066675 9.177474716257187
2135 0 0.01 147574.11254079014 6.702498348803531 0.04942517515066675 9.177474716257187
2136 0 0.01 147574.11254079014 6.702498348803531 0.04942517515066675 9.177474716257187
2137 0 0.01 147574.11254079014 6.702498348803531 0.04942517515066675 9.177474716257187
2138 0 0.01 147574.11254079014 6.702498348803531 0.04942517515066675 9.177474716257187
2139 0 0.01 147574.11254079014 6.702498348803531 0.04942517515066675 9.177474716257187
2140 0 0.01 147574.11254079014 6.702498348803531 0.04942517515066675 9.177474716257187
2141 0 0.01 147574.11254079014 6.702498348803531 0.04942517515066675 9.177474716257187
2142 0 0.01 147574.11254079014 6.702498348803531 0.04942517515066675 9.177474716257187
2143 0 0.01 147574.11254079014 6.702498348803531 0.04942517515066675 9.177474716257187
2144 0 0.01 147574.11254079014 6.702498348803531 0.04942517515066675 9.177474716257187
2145 0 0.01 147574.11254079014 6.702498348803531 0.04942517515066675 9.177474716257187
2146 0 0.01 147574.11254079014 6.702498348803531 0.04942517515066675 9.177474716257187
2147 0 0.01 147574.11254079014 6.702498348803531 0.04942517515066675 9.177474716257187
2148 0 0.01 147574.11254079014 6.702498348803531 0.04942517515066675 9.177474716257187
2149 0 0.01 147574.11254079014 6.702498348803531 0.04942517515066675 9.177474716257187
2150 0 0.01 147574.11254079014 6.702498348803531 0.04942517515066675 9.177474716257187
2151 0 0.01 147574.11254079014 6.702498348803531 0.04942517515066675 9.177474716257187
2152 0 0.01 147574.11254079014 6.702498348803531 0.04942517515066675 9.177474716257187
2153 0 0.01 147574.11254079014 6.702498348803531 0.04942517515066675 9.177474716257187
2154 0 0.01 147574.11254079014 6.702498348803531 0.04942517515066675 9.177474716257187
2155 0 0.01 147574.11254079014 6.702498348803531 0.04942517515066675 9.177474716257187
2156 0 0.01 147574.11254079014 6.702498348803531 0.04942517515066675 9.177474716257187
2157 0 0.01 147574.11254079014 6.702498348803531 0.04942517515066675 9.177474716257187
2158 0 0.01 147574.11254079014 6.702498348803531 0.04942517515066675 9.177474716257187
2159 0 0.01 147574.11254079014 6.702498348803531 0.04942517515066675 9.177474716257187
2160 0 0.01 147574.11254079014 6.702498348803531 0.04942517515066675 9.177474716257187
2161 0 0.01 147574.11254079014 6.702498348803531 0.04942517515066675 9.177474716257187
2162 0 0.01 147574.11254079014 6.702498348803531 0.04942517515066675 9.177474716257187
2163 0 0.01 147574.11254079014 6.702498348803531 0.04942517515066675 9.177474716257187
2164 0 0.01 147574.11254079014 6.702498348803531 0.04942517515066675 9.177474716257187
2165 0 0.01 147574.11254079014 6.702498348803531 0.04942517515066675 9.177474716257187
2166 0 0.01 147574.11254079014 6.702498348803531 0.04942517515066675 9.177474716257187
2167 0 0.01 147574.11254079014 6.702498348803531 0.04942517515066675 9.177474716257187
2168 0 0.01 147574.11254079014 6.702498348803531 0.04942517515066675 9.177474716257187
2169 0 0.01 147574.11254079014 6.702498348803531 0.04942517515066675 9.177474716257187
2170 0 0.01 147574.11254079014 6.702498348803531 0.04942517515066675 9.177474716257187
2171 0 0.01 147574.11254079014 6.702498348803531 0.04942517515066675 9.177474716257187
2172 0 0.01 147574.11254079014 6.702498348803531 0.04942517515066675 9.177474716257187
2173 0 0.01 147574.11254079014 6.702498348803531 0.04942517515066675 9.177474716257187
2174 0 0.01 147574.11254079014 6.702498348803531 0.04942517515066675 9.177474716257187
2175 0 0.01 147574.11254079014 6.702498348803531 0.04942517515066675 9.177474716257187
2176 0 0.01 147574.11254079014 6.702498348803531 0.04942517515066675 9.177474716257187
2177 0 0.01 147574.11254079014 6.702498348803531 0.04942517515066675 9.177474716257187
2178 0 0.01 147574.11254079014 6.702498348803531 0.04942517515066675 9.177474716257187
2179 0 0.01 147574.11254079014 6.702498348803531 0.04942517515066675 9.177474716257187
2180 0 0.01 147574.11254079014 6.702498348803531 0.04942517515066675 9.177474716257187
2181 0 0.01 147574.11254079014 6.702498348803531 0.04942517515066675 9.177474716257187
2182 0 0.01 147574.11254079014 6.702498348803531 0.04942517515066675 9.177474716257187
2183 0 0.01 147574.11254079014 6.702498348803531 0.04942517515066675 9.177474716257187
2184 0 0.01 147574.11254079014 6.702498348803531 0.04942517515066675 9.177474716257187
2185 0 0.01 147574.11254079014 6.702498348803531 0.04942517515066675 9.177474716257187
2186 0 0.01 147574.11254079014 6.702498348803531 0.04942517515066675 9.177474716257187
2187 0 0.01 147574.11254079014 6.702498348803531 0.04942517515066675 9.177474716257187
2188 0 0.01 147574.11254079014 6.702498348803531 0.04942517515066675 9.177474716257187
2189 0 0.01 147574.11254079014 6.702498348803531 0.04942517515066675 9.177474716257187
2190 0 0.01 147574.11254079014 6.702498348803531 0.04942517515066675 9.177474716257187
2191 0 0.01 147574.11254079014 6.702498348803531 0.04942517515066675 9.177474716257187
2192 0 0.01 147574.11254079014 6.702498348803531 0.04942517515066675 9.177474716257187
2193 0 0.01 147574.11254079014 6.702498348803531 0.04942517515066675 9.177474716257187
2194 0 0.01 147574.11254079014 6.702498348803531 0.04942517515066675 9.177474716257187
2195 0 0.01 147574.11254079014 6.702498348803531 0.04942517515066675 9.177474716257187
2196 0 0.01 147574.11254079014 6.702498348803531 0.04942517515066675 9.177474716257187
2197 0 0.01 147574.11254079014 6.702498348803531 0.04942517515066675 9.177474716257187
2198 0 0.01 147574.11254079014 6.702498348803531 0.04942517515066675 9.177474716257187
2199 0 0.01 147574.11254079014 6.702498348803531 0.04942517515066675 9.177474716257187
2200 0 0.01 147574.11254079014 6.702498348803531 0.04942517515066675 9.177474716257187
2201 0 0.01 147574.11254079014 6.702498348803531 0.04942517515066675 9.177474716257187
2202 0 0.01 147574.11254079014 6.702498348803531 0.04942517515066675 9.177474716257187
2203 0 0.01 147574.11254079014 6.702498348803531 0.04942517515066675 9.177474716257187
2204 0 0.01 147574.11254079014 6.702498348803531 0.04942517515066675 9.177474716257187
2205 0 0.01 147574.11254079014 6.702498348803531 0.04942517515066675 9.177474716257187
2206 0 0.01 147574.11254079014 6.702498348803531 0.04942517515066675 9.177474716257187
2207 0 0.01 147574.11254079014 6.702498348803531 0.04942517515066675 9.177474716257187
2208 0 0.01 147574.11254079014 6.702498348803531 0.04942517515066675 9.177474716257187
2209 0 0.01 147574.11254079014 6.702498348803531 0.04942517515066675 9.177474716257187
2210 0 0.01 147574.11254079014 6.702498348803531 0.04942517515066675 9.177474716257187
2211 0 0.01 147574.11254079014 6.702498348803531 0.04942517515066675 9.177474716257187
2212 0 0.01 147574.11254079014 6.702498348803531 0.04942517515066675 9.177474716257187
2213 0 0.01 147574.11254079014 6.702498348803531 0.04942517515066675 9.177474716257187
2214 0 0.01 147574.11254079014 6.702498348803531 0.04942517515066675 9.177474716257187
2215 0 0.01 147574.11254079014 6.702498348803531 0.04942517515066675 9.177474716257187
2216 0 0.01 147574.11254079014 6.702498348803531 0.04942517515066675 9.177474716257187
2217 0 0.01 147574.11254079014 6.702498348803531 0.04942517515066675 9.177474716257187
2218 0 0.01 147574.11254079014 6.702498348803531 0.04942517515066675 9.177474716257187
2219 0 0.01 147574.11254079014 6.702498348803531 0.04942517515066675 9.177474716257187
2220 0 0.01 147574.11254079014 6.702498348803531 0.04942517515066675 9.177474716257187
2221 0 0.01 147574.11254079014 6.702498348803531 0.04942517515066675 9.177474716257187
2222 0 0.01 147574.11254079014 6.702498348803531 0.04942517515066675 9.177474716257187
2223 0 0.01 147574.11254079014 6.702498348803531 0.04942517515066675 9.177474716257187
2224 0 0.01 147574.11254079014 6.702498348803531 0.04942517515066675 9.177474716257187
2225 0 0.01 147574.11254079014 6.702498348803531 0.04942517515066675 9.177474716257187
2226 0 0.01 147574.11254079014 6.702498348803531 0.04942517515066675 9.177474716257187
2227 0 0.01 147574.11254079014 6.702498348803531 0.04942517515066675 9.177474716257187
2228 0 0.01 147574.11254079014 6.702498348803531 0.04942517515066675 9.177474716257187
2229 0 0.01 147574.11254079014 6.702498348803531 0.04942517515066675 9.177474716257187
2230 0 0.01 147574.11254079014 6.702498348803531 0.04942517515066675 9.177474716257187
2231 0 0.01 147574.11254079014 6.702498348803531 0.04942517515066675 9.177474716257187
2232 0 0.01 147574.11254079014 6.702498348803531 0.04942517515066675 9.177474716257187
2233 0 0.01 147574.11254079014 6.702498348803531 0.04942517515066675 9.177474716257187
2234 0 0.01 147574.11254079014 6.702498348803531 0.04942517515066675 9.177474716257187
2235 0 0.01 147574.11254079014 6.702498348803531 0.04942517515066675 9.177474716257187
2236 0 0.01 147574.11254079014 6.702498348803531 0.04942517515066675 9.177474716257187
2237 0 0.01 147574.11254079014 6.702498348803531 0.04942517515066675 9.177474716257187
2238 0 0.01 147574.11254079014 6.702498348803531 0.04942517515066675 9.177474716257187
2239 0 0.01 147574.11254079014 6.702498348803531 0.04942517515066675 9.177474716257187
2240 0 0.01 147574.11254079014 6.702498348803531 0.04942517515066675 9.177474716257187
2241 0 0.01 147574.11254079014 6.702498348803531 0.04942517515066675 9.177474716257187
2242 0 0.01 147574.11254079014 6.702498348803531 0.04942517515066675 9.177474716257187
2243 0 0.01 147574.11254079014 6.702498348803531 0.04942517515066675 9.177474716257187
2244 0 0.01 147574.11254079014 6.702498348803531 0.04942517515066675 9.177474716257187
2245 0 0.01 147574.11254079014 6.702498348803531 0.04942517515066675 9.177474716257187
2246 0 0.01 147574.11254079014 6.702498348803531 0.04942517515066675 9.177474716257187
2247 0 0.01 147574.11254079014 6.702498348803531 0.04942517515066675 9.177474716257187
2248 0 0.01 147574.11254079014 6.702498348803531 0.04942517515066675 9.177474716257187
2249 0 0.01 147574.11254079014 6.702498348803531 0.04942517515066675 9.177474716257187
2250 0 0.01 147574.11254079014 6.702498348803531 0.04942517515066675 9.177474716257187
2251 0 0.01 147574.11254079014 6.702498348803531 0.04942517515066675 9.177474716257187
2252 0 0.01 147574.11254079014 6.702498348803531 0.04942517515066675 9.177474716257187
2253 0 0.01 147574.11254079014 6.702498348803531 0.04942517515066675 9.177474716257187
2254 0 0.01 147574.11254079014 6.702498348803531 0.04942517515066675 9.177474716257187
2255 0 0.01 147574.11254079014 6.702498348803531 0.04942517515066675 9.177474716257187
2256 0 0.01 147574.11254079014 6.702498348803531 0.04942517515066675 9.177474716257187
2257 0 0.01 147574.11254079014 6.702498348803531 0.04942517515066675 9.177474716257187
2258 0 0.01 147574.11254079014 6.702498348803531 0.04942517515066675 9.177474716257187
2259 0 0.01 147574.11254079014 6.702498348803531 0.04942517515066675 9.177474716257187
2260 0 0.01 147574.11254079014 6.702498348803531 0.04942517515066675 9.177474716257187
2261 0 0.01 147574.11254079014 6.702498348803531 0.04942517515066675 9.177474716257187
2262 0 0.01 147574.11254079014 6.702498348803531 0.04942517515066675 9.177474716257187
2263 0 0.01 147574.11254079014 6.702498348803531 0.04942517515066675 9.177474716257187
2264 0 0.01 147574.11254079014 6.702498348803531 0.04942517515066675 9.177474716257187
2265 0 0.01 147574.11254079014 6.702498348803531 0.04942517515066675 9.177474716257187
2266 0 0.01 147574.11254079014 6.702498348803531 0.04942517515066675 9.177474716257187
2267 0 0.01 147574.11254079014 6.702498348803531 0.04942517515066675 9.177474716257187
2268 0 0.01 147574.11254079014 6.702498348803531 0.04942517515066675 9.177474716257187
2269 0 0.01 147574.11254079014 6.702498348803531 0.04942517515066675 9.177474716257187
2270 0 0.01 147574.11254079014 6.702498348803531 0.04942517515066675 9.177474716257187
2271 0 0.01 147574.11254079014 6.702498348803531 0.04942517515066675 9.177474716257187
2272 0 0.01 147574.11254079014 6.702498348803531 0.04942517515066675 9.177474716257187
2273 0 0.01 147574.11254079014 6.702498348803531 0.04942517515066675 9.177474716257187
2274 0 0.01 147574.11254079014 6.702498348803531 0.04942517515066675 9.177474716257187
2275 0 0.01 147574.11254079014 6.702498348803531 0.04942517515066675 9.177474716257187
2276 0 0.01 147574.11254079014 6.702498348803531 0.04942517515066675 9.177474716257187
2277 0 0.01 147574.11254079014 6.702498348803531 0.04942517515066675 9.177474716257187
2278 0 0.01 147574.11254079014 6.702498348803531 0.04942517515066675 9.177474716257187
2279 0 0.01 147574.11254079014 6.702498348803531 0.04942517515066675 9.177474716257187
2280 0 0.01 147574.11254079014 6.702498348803531 0.04942517515066675 9.177474716257187
2281 0 0.01 147574.11254079014 6.702498348803531 0.04942517515066675 9.177474716257187
2282 0 0.01 147574.11254079014 6.702498348803531 0.04942517515066675 9.177474716257187
2283 0 0.01 147574.11254079014 6.702498348803531 0.04942517515066675 9.177474716257187
2284 0 0.01 147574.11254079014 6.702498348803531 0.04942517515066675 9.177474716257187
2285 0 0.01 147574.11254079014 6.702498348803531 0.04942517515066675 9.177474716257187
2286 0 0.01 147574.11254079014 6.702498348803531 0.04942517515066675 9.177474716257187
2287 0 0.01 147574.11254079014 6.702498348803531 0.04942517515066675 9.177474716257187
2288 0 0.01 147574.11254079014 6.702498348803531 0.04942517515066675 9.177474716257187
2289 0 0.01 147574.11254079014 6.702498348803531 0.04942517515066675 9.177474716257187
2290 0 0.01 147574.11254079014 6.702498348803531 0.04942517515066675 9.177474716257187
2291 0 0.01 147574.11254079014 6.702498348803531 0.04942517515066675 9.177474716257187
2292 0 0.01 147574.11254079014 6.702498348803531 0.04942517515066675 9.177474716257187
2293 0 0.01 147574.11254079014 6.702498348803531 0.04942517515066675 9.177474716257187
2294 0 0.01 147574.11254079014 6.702498348803531 0.04942517515066675 9.177474716257187
2295 0 0.01 147574.11254079014 6.702498348803531 0.04942517515066675 9.177474716257187
2296 0 0.01 147574.11254079014 6.702498348803531 0.04942517515066675 9.177474716257187
2297 0 0.01 147574.11254079014 6.702498348803531 0.04942517515066675 9.177474716257187
2298 0 0.01 147574.11254079014 6.702498348803531 0.04942517515066675 9.177474716257187
2299 0 0.01 147574.11254079014 6.702498348803531 0.04942517515066675 9.177474716257187
2300 0 0.01 147574.11254079014 6.702498348803531 0.04942517515066675 9.177474716257187
2301 0 0.01 147574.11254079014 6.702498348803531 0.04942517515066675 9.177474716257187
2302 0 0.01 147574.11254079014 6.702498348803531 0.04942517515066675 9.177474716257187
2303 0 0.01 147574.11254079014 6.702498348803531 0.04942517515066675 9.177474716257187
2304 0 0.01 147574.11254079014 6.702498348803531 0.04942517515066675 9.177474716257187
2305 0 0.01 147574.11254079014 6.702498348803531 0.04942517515066675 9.177474716257187
2306 0 0.01 147574.11254079014 6.702498348803531 0.04942517515066675 9.177474716257187
2307 0 0.01 147574.11254079014 6.702498348803531 0.04942517515066675 9.177474716257187
2308 0 0.01 147574.11254079014 6.702498348803531 0.04942517515066675 9.177474716257187
2309 0 0.01 147574.11254079014 6.702498348803531 0.04942517515066675 9.177474716257187
2310 0 0.01 147574.11254079014 6.702498348803531 0.04942517515066675 9.177474716257187
2311 0 0.01 147574.11254079014 6.702498348803531 0.04942517515066675 9.177474716257187
2312 0 0.01 147574.11254079014 6.702498348803531 0.04942517515066675 9.177474716257187
2313 0 0.01 147574.11254079014 6.702498348803531 0.04942517515066675 9.177474716257187
2314 0 0.01 147574.11254079014 6.702498348803531 0.04942517515066675 9.177474716257187
2315 0 0.01 147574.11254079014 6.702498348803531 0.04942517515066675 9.177474716257187
2316 0 0.01 147574.11254079014 6.702498348803531 0.04942517515066675 9.177474716257187
2317 0 0.01 147574.11254079014 6.702498348803531 0.04942517515066675 9.177474716257187
2318 0 0.01 147574.11254079014 6.702498348803531 0.04942517515066675 9.177474716257187
2319 0 0.01 147574.11254079014 6.702498348803531 0.04942517515066675 9.177474716257187
2320 0 0.01 147574.11254079014 6.702498348803531 0.04942517515066675 9.177474716257187
2321 0 0.01 147574.11254079014 6.702498348803531 0.04942517515066675 9.177474716257187
2322 0 0.01 147574.11254079014 6.702498348803531 0.04942517515066675 9.177474716257187
2323 0 0.01 147574.11254079014 6.702498348803531 0.04942517515066675 9.177474716257187
2324 0 0.01 147574.11254079014 6.702498348803531 0.04942517515066675 9.177474716257187
2325 0 0.01 147574.11254079014 6.702498348803531 0.04942517515066675 9.177474716257187
2326 0 0.01 147574.11254079014 6.702498348803531 0.04942517515066675 9.177474716257187
2327 0 0.01 147574.11254079014 6.702498348803531 0.04942517515066675 9.177474716257187
2328 0 0.01 147574.11254079014 6.702498348803531 0.04942517515066675 9.177474716257187
2329 0 0.01 147574.11254079014 6.702498348803531 0.04942517515066675 9.177474716257187
2330 0 0.01 147574.11254079014 6.702498348803531 0.04942517515066675 9.177474716257187
2331 0 0.01 147574.11254079014 6.702498348803531 0.04942517515066675 9.177474716257187
2332 0 0.01 147574.11254079014 6.702498348803531 0.04942517515066675 9.177474716257187
2333 0 0.01 147574.11254079014 6.702498348803531 0.04942517515066675 9.177474716257187
2334 0 0.01 147574.11254079014 6.702498348803531 0.04942517515066675 9.177474716257187
2335 0 0.01 147574.11254079014 6.702498348803531 0.04942517515066675 9.177474716257187
2336 0 0.01 147574.11254079014 6.702498348803531 0.04942517515066675 9.177474716257187
2337 0 0.01 147574.11254079014 6.702498348803531 0.04942517515066675 9.177474716257187
2338 0 0.01 147574.11254079014 6.702498348803531 0.04942517515066675 9.177474716257187
2339 0 0.01 147574.11254079014 6.702498348803531 0.04942517515066675 9.177474716257187
2340 0 0.01 147574.11254079014 6.702498348803531 0.04942517515066675 9.177474716257187
2341 0 0.01 147574.11254079014 6.702498348803531 0.04942517515066675 9.177474716257187
2342 0 0.01 147574.11254079014 6.702498348803531 0.04942517515066675 9.177474716257187
2343 0 0.01 147574.11254079014 6.702498348803531 0.04942517515066675 9.177474716257187
2344 0 0.01 147574.11254079014 6.702498348803531 0.04942517515066675 9.177474716257187
2345 0 0.01 147574.11254079014 6.702498348803531 0.04942517515066675 9.177474716257187
2346 0 0.01 147574.11254079014 6.702498348803531 0.04942517515066675 9.177474716257187
2347 0 0.01 147574.11254079014 6.702498348803531 0.04942517515066675 9.177474716257187
2348 0 0.01 147574.11254079014 6.702498348803531 0.04942517515066675 9.177474716257187
2349 0 0.01 147574.11254079014 6.702498348803531 0.04942517515066675 9.177474716257187
2350 0 0.01 147574.11254079014 6.702498348803531 0.04942517515066675 9.177474716257187
2351 0 0.01 147574.11254079014 6.702498348803531 0.04942517515066675 9.177474716257187
2352 0 0.01 147574.11254079014 6.702498348803531 0.04942517515066675 9.177474716257187
2353 0 0.01 147574.11254079014 6.702498348803531 0.04942517515066675 9.177474716257187
2354 0 0.01 147574.11254079014 6.702498348803531 0.04942517515066675 9.177474716257187
2355 0 0.01 147574.11254079014 6.702498348803531 0.04942517515066675 9.177474716257187
2356 0 0.01 147574.11254079014 6.702498348803531 0.04942517515066675 9.177474716257187
2357 0 0.01 147574.11254079014 6.702498348803531 0.04942517515066675 9.177474716257187
2358 0 0.01 147574.11254079014 6.702498348803531 0.04942517515066675 9.177474716257187
2359 0 0.01 147574.11254079014 6.702498348803531 0.04942517515066675 9.177474716257187
2360 0 0.01 147574.11254079014 6.702498348803531 0.04942517515066675 9.177474716257187
2361 0 0.01 147574.11254079014 6.702498348803531 0.04942517515066675 9.177474716257187
2362 0 0.01 147574.11254079014 6.702498348803531 0.04942517515066675 9.177474716257187
2363 0 0.01 147574.11254079014 6.702498348803531 0.04942517515066675 9.177474716257187
2364 0 0.01 147574.11254079014 6.702498348803531 0.04942517515066675 9.177474716257187
2365 0 0.01 147574.11254079014 6.702498348803531 0.04942517515066675 9.177474716257187
2366 0 0.01 147574.11254079014 6.702498348803531 0.04942517515066675 9.177474716257187
2367 0 0.01 147574.11254079014 6.702498348803531 0.04942517515066675 9.177474716257187
2368 0 0.01 147574.11254079014 6.702498348803531 0.04942517515066675 9.177474716257187
2369 0 0.01 147574.11254079014 6.702498348803531 0.04942517515066675 9.177474716257187
2370 0 0.01 147574.11254079014 6.702498348803531 0.04942517515066675 9.177474716257187
2371 0 0.01 147574.11254079014 6.702498348803531 0.04942517515066675 9.177474716257187
2372 0 0.01 147574.11254079014 6.702498348803531 0.04942517515066675 9.177474716257187
2373 0 0.01 147574.11254079014 6.702498348803531 0.04942517515066675 9.177474716257187
2374 0 0.01 147574.11254079014 6.702498348803531 0.04942517515066675 9.177474716257187
2375 0 0.01 147574.11254079014 6.702498348803531 0.04942517515066675 9.177474716257187
2376 0 0.01 147574.11254079014 6.702498348803531 0.04942517515066675 9.177474716257187
2377 0 0.01 147574.11254079014 6.702498348803531 0.04942517515066675 9.177474716257187
2378 0 0.01 147574.11254079014 6.702498348803531 0.04942517515066675 9.177474716257187
2379 0 0.01 147574.11254079014 6.702498348803531 0.04942517515066675 9.177474716257187
2380 0 0.01 147574.11254079014 6.702498348803531 0.04942517515066675 9.177474716257187
2381 0 0.01 147574.11254079014 6.702498348803531 0.04942517515066675 9.177474716257187
2382 0 0.01 147574.11254079014 6.702498348803531 0.04942517515066675 9.177474716257187
2383 0 0.01 147574.11254079014 6.702498348803531 0.04942517515066675 9.177474716257187
2384 0 0.01 147574.11254079014 6.702498348803531 0.04942517515066675 9.177474716257187
2385 0 0.01 147574.11254079014 6.702498348803531 0.04942517515066675 9.177474716257187
2386 0 0.01 147574.11254079014 6.702498348803531 0.04942517515066675 9.177474716257187
2387 0 0.01 147574.11254079014 6.702498348803531 0.04942517515066675 9.177474716257187
2388 0 0.01 147574.11254079014 6.702498348803531 0.04942517515066675 9.177474716257187
2389 0 0.01 147574.11254079014 6.702498348803531 0.04942517515066675 9.177474716257187
2390 0 0.01 147574.11254079014 6.702498348803531 0.04942517515066675 9.177474716257187
2391 0 0.01 147574.11254079014 6.702498348803531 0.04942517515066675 9.177474716257187
2392 0 0.01 147574.11254079014 6.702498348803531 0.04942517515066675 9.177474716257187
2393 0 0.01 147574.11254079014 6.702498348803531 0.04942517515066675 9.177474716257187
2394 0 0.01 147574.11254079014 6.702498348803531 0.04942517515066675 9.177474716257187
2395 0 0.01 147574.11254079014 6.702498348803531 0.04942517515066675 9.177474716257187
2396 0 0.01 147574.11254079014 6.702498348803531 0.04942517515066675 9.177474716257187
2397 0 0.01 147574.11254079014 6.702498348803531 0.04942517515066675 9.177474716257187
2398 0 0.01 147574.11254079014 6.702498348803531 0.04942517515066675 9.177474716257187
2399 0 0.01 147574.11254079014 6.702498348803531 0.04942517515066675 9.177474716257187
2400 0 0.01 147574.11254079014 6.702498348803531 0.04942517515066675 9.177474716257187
2401 0 0.01 147574.11254079014 6.702498348803531 0.04942517515066675 9.177474716257187
2402 0 0.01 147574.11254079014 6.702498348803531 0.04942517515066675 9.177474716257187
2403 0 0.01 147574.11254079014 6.702498348803531 0.04942517515066675 9.177474716257187
2404 0 0.01 147574.11254079014 6.702498348803531 0.04942517515066675 9.177474716257187
2405 0 0.01 147574.11254079014 6.702498348803531 0.04942517515066675 9.177474716257187
2406 0 0.01 147574.11254079014 6.702498348803531 0.04942517515066675 9.177474716257187
2407 0 0.01 147574.11254079014 6.702498348803531 0.04942517515066675 9.177474716257187
2408 0 0.01 147574.11254079014 6.702498348803531 0.04942517515066675 9.177474716257187
2409 0 0.01 147574.11254079014 6.702498348803531 0.04942517515066675 9.177474716257187
2410 0 0.01 147574.11254079014 6.702498348803531 0.04942517515066675 9.177474716257187
2411 0 0.01 147574.11254079014 6.702498348803531 0.04942517515066675 9.177474716257187
2412 0 0.01 147574.11254079014 6.702498348803531 0.04942517515066675 9.177474716257187
2413 0 0.01 147574.11254079014 6.702498348803531 0.04942517515066675 9.177474716257187
2414 0 0.01 147574.11254079014 6.702498348803531 0.04942517515066675 9.177474716257187
2415 0 0.01 147574.11254079014 6.702498348803531 0.04942517515066675 9.177474716257187
2416 0 0.01 147574.11254079014 6.702498348803531 0.04942517515066675 9.177474716257187
2417 0 0.01 147574.11254079014 6.702498348803531 0.04942517515066675 9.177474716257187
2418 0 0.01 147574.11254079014 6.702498348803531 0.04942517515066675 9.177474716257187
2419 0 0.01 147574.11254079014 6.702498348803531 0.04942517515066675 9.177474716257187
2420 0 0.01 147574.11254079014 6.702498348803531 0.04942517515066675 9.177474716257187
2421 0 0.01 147574.11254079014 6.702498348803531 0.04942517515066675 9.177474716257187
2422 0 0.01 147574.11254079014 6.702498348803531 0.04942517515066675 9.177474716257187
2423 0 0.01 147574.11254079014 6.702498348803531 0.04942517515066675 9.177474716257187
2424 0 0.01 147574.11254079014 6.702498348803531 0.04942517515066675 9.177474716257187
2425 0 0.01 147574.11254079014 6.702498348803531 0.04942517515066675 9.177474716257187
2426 0 0.01 147574.11254079014 6.702498348803531 0.04942517515066675 9.177474716257187
2427 0 0.01 147574.11254079014 6.702498348803531 0.04942517515066675 9.177474716257187
2428 0 0.01 147574.11254079014 6.702498348803531 0.04942517515066675 9.177474716257187
2429 0 0.01 147574.11254079014 6.702498348803531 0.04942517515066675 9.177474716257187
2430 0 0.01 147574.11254079014 6.702498348803531 0.04942517515066675 9.177474716257187
2431 0 0.01 147574.11254079014 6.702498348803531 0.04942517515066675 9.177474716257187
2432 0 0.01 147574.11254079014 6.702498348803531 0.04942517515066675 9.177474716257187
2433 0 0.01 147574.11254079014 6.702498348803531 0.04942517515066675 9.177474716257187
2434 0 0.01 147574.11254079014 6.702498348803531 0.04942517515066675 9.177474716257187
2435 0 0.01 147574.11254079014 6.702498348803531 0.04942517515066675 9.177474716257187
2436 0 0.01 147574.11254079014 6.702498348803531 0.04942517515066675 9.177474716257187
2437 0 0.01 147574.11254079014 6.702498348803531 0.04942517515066675 9.177474716257187
2438 0 0.01 147574.11254079014 6.702498348803531 0.04942517515066675 9.177474716257187
2439 0 0.01 147574.11254079014 6.702498348803531 0.04942517515066675 9.177474716257187
2440 0 0.01 147574.11254079014 6.702498348803531 0.04942517515066675 9.177474716257187
2441 0 0.01 147574.11254079014 6.702498348803531 0.04942517515066675 9.177474716257187
2442 0 0.01 147574.11254079014 6.702498348803531 0.04942517515066675 9.177474716257187
2443 0 0.01 147574.11254079014 6.702498348803531 0.04942517515066675 9.177474716257187
2444 0 0.01 147574.11254079014 6.702498348803531 0.04942517515066675 9.177474716257187
2445 0 0.01 147574.11254079014 6.702498348803531 0.04942517515066675 9.177474716257187
2446 0 0.01 147574.11254079014 6.702498348803531 0.04942517515066675 9.177474716257187
2447 0 0.01 147574.11254079014 6.702498348803531 0.04942517515066675 9.177474716257187
2448 0 0.01 147574.11254079014 6.702498348803531 0.04942517515066675 9.177474716257187
2449 0 0.01 147574.11254079014 6.702498348803531 0.04942517515066675 9.177474716257187
2450 0 0.01 147574.11254079014 6.702498348803531 0.04942517515066675 9.177474716257187
2451 0 0.01 147574.11254079014 6.702498348803531 0.04942517515066675 9.177474716257187
2452 0 0.01 147574.11254079014 6.702498348803531 0.04942517515066675 9.177474716257187
2453 0 0.01 147574.11254079014 6.702498348803531 0.04942517515066675 9.177474716257187
2454 0 0.01 147574.11254079014 6.702498348803531 0.04942517515066675 9.177474716257187
2455 0 0.01 147574.11254079014 6.702498348803531 0.04942517515066675 9.177474716257187
2456 0 0.01 147574.11254079014 6.702498348803531 0.04942517515066675 9.177474716257187
2457 0 0.01 147574.11254079014 6.702498348803531 0.04942517515066675 9.177474716257187
2458 0 0.01 147574.11254079014 6.702498348803531 0.04942517515066675 9.177474716257187
2459 0 0.01 147574.11254079014 6.702498348803531 0.04942517515066675 9.177474716257187
2460 0 0.01 147574.11254079014 6.702498348803531 0.04942517515066675 9.177474716257187
2461 0 0.01 147574.11254079014 6.702498348803531 0.04942517515066675 9.177474716257187
2462 0 0.01 147574.11254079014 6.702498348803531 0.04942517515066675 9.177474716257187
2463 0 0.01 147574.11254079014 6.702498348803531 0.04942517515066675 9.177474716257187
2464 0 0.01 147574.11254079014 6.702498348803531 0.04942517515066675 9.177474716257187
2465 0 0.01 147574.11254079014 6.702498348803531 0.04942517515066675 9.177474716257187
2466 0 0.01 147574.11254079014 6.702498348803531 0.04942517515066675 9.177474716257187
2467 0 0.01 147574.11254079014 6.702498348803531 0.04942517515066675 9.177474716257187
2468 0 0.01 147574.11254079014 6.702498348803531 0.04942517515066675 9.177474716257187
2469 0 0.01 147574.11254079014 6.702498348803531 0.04942517515066675 9.177474716257187
2470 0 0.01 147574.11254079014 6.702498348803531 0.04942517515066675 9.177474716257187
2471 0 0.01 147574.11254079014 6.702498348803531 0.04942517515066675 9.177474716257187
2472 0 0.01 147574.11254079014 6.702498348803531 0.04942517515066675 9.177474716257187
2473 0 0.01 147574.11254079014 6.702498348803531 0.04942517515066675 9.177474716257187
2474 0 0.01 147574.11254079014 6.702498348803531 0.04942517515066675 9.177474716257187
2475 0 0.01 147574.11254079014 6.702498348803531 0.04942517515066675 9.177474716257187
2476 0 0.01 147574.11254079014 6.702498348803531 0.04942517515066675 9.177474716257187
2477 0 0.01 147574.11254079014 6.702498348803531 0.04942517515066675 9.177474716257187
2478 0 0.01 147574.11254079014 6.702498348803531 0.04942517515066675 9.177474716257187
2479 0 0.01 147574.11254079014 6.702498348803531 0.04942517515066675 9.177474716257187
2480 0 0.01 147574.11254079014 6.702498348803531 0.04942517515066675 9.177474716257187
2481 0 0.01 147574.11254079014 6.702498348803531 0.04942517515066675 9.177474716257187
2482 0 0.01 147574.11254079014 6.702498348803531 0.04942517515066675 9.177474716257187
2483 0 0.01 147574.11254079014 6.702498348803531 0.04942517515066675 9.177474716257187
2484 0 0.01 147574.11254079014 6.702498348803531 0.04942517515066675 9.177474716257187
2485 0 0.01 147574.11254079014 6.702498348803531 0.04942517515066675 9.177474716257187
2486 0 0.01 147574.11254079014 6.702498348803531 0.04942517515066675 9.177474716257187
2487 0 0.01 147574.11254079014 6.702498348803531 0.04942517515066675 9.177474716257187
2488 0 0.01 147574.11254079014 6.702498348803531 0.04942517515066675 9.177474716257187
2489 0 0.01 147574.11254079014 6.702498348803531 0.04942517515066675 9.177474716257187
2490 0 0.01 147574.11254079014 6.702498348803531 0.04942517515066675 9.177474716257187
2491 0 0.01 147574.11254079014 6.702498348803531 0.04942517515066675 9.177474716257187
2492 0 0.01 147574.11254079014 6.702498348803531 0.04942517515066675 9.177474716257187
2493 0 0.01 147574.11254079014 6.702498348803531 0.04942517515066675 9.177474716257187
2494 0 0.01 147574.11254079014 6.702498348803531 0.04942517515066675 9.177474716257187
2495 0 0.01 147574.11254079014 6.702498348803531 0.04942517515066675 9.177474716257187
2496 0 0.01 147574.11254079014 6.702498348803531 0.04942517515066675 9.177474716257187
2497 0 0.01 147574.11254079014 6.702498348803531 0.04942517515066675 9.177474716257187
2498 0 0.01 147574.11254079014 6.702498348803531 0.04942517515066675 9.177474716257187
2499 0 0.01 147574.11254079014 6.702498348803531 0.04942517515066675 9.177474716257187
2500 0 0.01 147574.11254079014 6.702498348803531 0.04942517515066675 9.177474716257187
2501 0 0.01 147574.11254079014 6.702498348803531 0.04942517515066675 9.177474716257187
2502 0 0.01 147574.11254079014 6.702498348803531 0.04942517515066675 9.177474716257187
2503 0 0.01 147574.11254079014 6.702498348803531 0.04942517515066675 9.177474716257187
2504 0 0.01 147574.11254079014 6.702498348803531 0.04942517515066675 9.177474716257187
2505 0 0.01 147574.11254079014 6.702498348803531 0.04942517515066675 9.177474716257187
2506 0 0.01 147574.11254079014 6.702498348803531 0.04942517515066675 9.177474716257187
2507 0 0.01 147574.11254079014 6.702498348803531 0.04942517515066675 9.177474716257187
2508 0 0.01 147574.11254079014 6.702498348803531 0.04942517515066675 9.177474716257187
2509 0 0.01 147574.11254079014 6.702498348803531 0.04942517515066675 9.177474716257187
2510 0 0.01 147574.11254079014 6.702498348803531 0.04942517515066675 9.177474716257187
2511 0 0.01 147574.11254079014 6.702498348803531 0.04942517515066675 9.177474716257187
2512 0 0.01 147574.11254079014 6.702498348803531 0.04942517515066675 9.177474716257187
2513 0 0.01 147574.11254079014 6.702498348803531 0.04942517515066675 9.177474716257187
2514 0 0.01 147574.11254079014 6.702498348803531 0.04942517515066675 9.177474716257187
2515 0 0.01 147574.11254079014 6.702498348803531 0.04942517515066675 9.177474716257187
2516 0 0.01 147574.11254079014 6.702498348803531 0.04942517515066675 9.177474716257187
2517 0 0.01 147574.11254079014 6.702498348803531 0.04942517515066675 9.177474716257187
2518 0 0.01 147574.11254079014 6.702498348803531 0.04942517515066675 9.177474716257187
2519 0 0.01 147574.11254079014 6.702498348803531 0.04942517515066675 9.177474716257187
2520 0 0.01 147574.11254079014 6.702498348803531 0.04942517515066675 9.177474716257187
2521 0 0.01 147574.11254079014 6.702498348803531 0.04942517515066675 9.177474716257187
2522 0 0.01 147574.11254079014 6.702498348803531 0.04942517515066675 9.177474716257187
2523 0 0.01 147574.11254079014 6.702498348803531 0.04942517515066675 9.177474716257187
2524 0 0.01 147574.11254079014 6.702498348803531 0.04942517515066675 9.177474716257187
2525 0 0.01 147574.11254079014 6.702498348803531 0.04942517515066675 9.177474716257187
2526 0 0.01 147574.11254079014 6.702498348803531 0.04942517515066675 9.177474716257187
2527 0 0.01 147574.11254079014 6.702498348803531 0.04942517515066675 9.177474716257187
2528 0 0.01 147574.11254079014 6.702498348803531 0.04942517515066675 9.177474716257187
2529 0 0.01 147574.11254079014 6.702498348803531 0.04942517515066675 9.177474716257187
2530 0 0.01 147574.11254079014 6.702498348803531 0.04942517515066675 9.177474716257187
2531 0 0.01 147574.11254079014 6.702498348803531 0.04942517515066675 9.177474716257187
2532 0 0.01 147574.11254079014 6.702498348803531 0.04942517515066675 9.177474716257187
2533 0 0.01 147574.11254079014 6.702498348803531 0.04942517515066675 9.177474716257187
2534 0 0.01 147574.11254079014 6.702498348803531 0.04942517515066675 9.177474716257187
2535 0 0.01 147574.11254079014 6.702498348803531 0.04942517515066675 9.177474716257187
2536 0 0.01 147574.11254079014 6.702498348803531 0.04942517515066675 9.177474716257187
2537 0 0.01 147574.11254079014 6.702498348803531 0.04942517515066675 9.177474716257187
2538 0 0.01 147574.11254079014 6.702498348803531 0.04942517515066675 9.177474716257187
2539 0 0.01 147574.11254079014 6.702498348803531 0.04942517515066675 9.177474716257187
2540 0 0.01 147574.11254079014 6.702498348803531 0.04942517515066675 9.177474716257187
2541 0 0.01 147574.11254079014 6.702498348803531 0.04942517515066675 9.177474716257187
2542 0 0.01 147574.11254079014 6.702498348803531 0.04942517515066675 9.177474716257187
2543 0 0.01 147574.11254079014 6.702498348803531 0.04942517515066675 9.177474716257187
2544 0 0.01 147574.11254079014 6.702498348803531 0.04942517515066675 9.177474716257187
2545 0 0.01 147574.11254079014 6.702498348803531 0.04942517515066675 9.177474716257187
2546 0 0.01 147574.11254079014 6.702498348803531 0.04942517515066675 9.177474716257187
2547 0 0.01 147574.11254079014 6.702498348803531 0.04942517515066675 9.177474716257187
2548 0 0.01 147574.11254079014 6.702498348803531 0.04942517515066675 9.177474716257187
2549 0 0.01 147574.11254079014 6.702498348803531 0.04942517515066675 9.177474716257187
2550 0 0.01 147574.11254079014 6.702498348803531 0.04942517515066675 9.177474716257187
2551 0 0.01 147574.11254079014 6.702498348803531 0.04942517515066675 9.177474716257187
2552 0 0.01 147574.11254079014 6.702498348803531 0.04942517515066675 9.177474716257187
2553 0 0.01 147574.11254079014 6.702498348803531 0.04942517515066675 9.177474716257187
2554 0 0.01 147574.11254079014 6.702498348803531 0.04942517515066675 9.177474716257187
2555 0 0.01 147574.11254079014 6.702498348803531 0.04942517515066675 9.177474716257187
2556 0 0.01 147574.11254079014 6.702498348803531 0.04942517515066675 9.177474716257187
2557 0 0.01 147574.11254079014 6.702498348803531 0.04942517515066675 9.177474716257187
2558 0 0.01 147574.11254079014 6.702498348803531 0.04942517515066675 9.177474716257187
2559 0 0.01 147574.11254079014 6.702498348803531 0.04942517515066675 9.177474716257187
2560 0 0.01 147574.11254079014 6.702498348803531 0.04942517515066675 9.177474716257187
2561 0 0.01 147574.11254079014 6.702498348803531 0.04942517515066675 9.177474716257187
2562 0 0.01 147574.11254079014 6.702498348803531 0.04942517515066675 9.177474716257187
2563 0 0.01 147574.11254079014 6.702498348803531 0.04942517515066675 9.177474716257187
2564 0 0.01 147574.11254079014 6.702498348803531 0.04942517515066675 9.177474716257187
2565 0 0.01 147574.11254079014 6.702498348803531 0.04942517515066675 9.177474716257187
2566 0 0.01 147574.11254079014 6.702498348803531 0.04942517515066675 9.177474716257187
2567 0 0.01 147574.11254079014 6.702498348803531 0.04942517515066675 9.177474716257187
2568 0 0.01 147574.11254079014 6.702498348803531 0.04942517515066675 9.177474716257187
2569 0 0.01 147574.11254079014 6.702498348803531 0.04942517515066675 9.177474716257187
2570 0 0.01 147574.11254079014 6.702498348803531 0.04942517515066675 9.177474716257187
2571 0 0.01 147574.11254079014 6.702498348803531 0.04942517515066675 9.177474716257187
2572 0 0.01 147574.11254079014 6.702498348803531 0.04942517515066675 9.177474716257187
2573 0 0.01 147574.11254079014 6.702498348803531 0.04942517515066675 9.177474716257187
2574 0 0.01 147574.11254079014 6.702498348803531 0.04942517515066675 9.177474716257187
2575 0 0.01 147574.11254079014 6.702498348803531 0.04942517515066675 9.177474716257187
2576 0 0.01 147574.11254079014 6.702498348803531 0.04942517515066675 9.177474716257187
2577 0 0.01 147574.11254079014 6.702498348803531 0.04942517515066675 9.177474716257187
2578 0 0.01 147574.11254079014 6.702498348803531 0.04942517515066675 9.177474716257187
2579 0 0.01 147574.11254079014 6.702498348803531 0.04942517515066675 9.177474716257187
2580 0 0.01 147574.11254079014 6.702498348803531 0.04942517515066675 9.177474716257187
2581 0 0.01 147574.11254079014 6.702498348803531 0.04942517515066675 9.177474716257187
2582 0 0.01 147574.11254079014 6.702498348803531 0.04942517515066675 9.177474716257187
2583 0 0.01 147574.11254079014 6.702498348803531 0.04942517515066675 9.177474716257187
2584 0 0.01 147574.11254079014 6.702498348803531 0.04942517515066675 9.177474716257187
2585 0 0.01 147574.11254079014 6.702498348803531 0.04942517515066675 9.177474716257187
2586 0 0.01 147574.11254079014 6.702498348803531 0.04942517515066675 9.177474716257187
2587 0 0.01 147574.11254079014 6.702498348803531 0.04942517515066675 9.177474716257187
2588 0 0.01 147574.11254079014 6.702498348803531 0.04942517515066675 9.177474716257187
2589 0 0.01 147574.11254079014 6.702498348803531 0.04942517515066675 9.177474716257187
2590 0 0.01 147574.11254079014 6.702498348803531 0.04942517515066675 9.177474716257187
2591 0 0.01 147574.11254079014 6.702498348803531 0.04942517515066675 9.177474716257187
2592 0 0.01 147574.11254079014 6.702498348803531 0.04942517515066675 9.177474716257187
2593 0 0.01 147574.11254079014 6.702498348803531 0.04942517515066675 9.177474716257187
2594 0 0.01 147574.11254079014 6.702498348803531 0.04942517515066675 9.177474716257187
2595 0 0.01 147574.11254079014 6.702498348803531 0.04942517515066675 9.177474716257187
2596 0 0.01 147574.11254079014 6.702498348803531 0.04942517515066675 9.177474716257187
2597 0 0.01 147574.11254079014 6.702498348803531 0.04942517515066675 9.177474716257187
2598 0 0.01 147574.11254079014 6.702498348803531 0.04942517515066675 9.177474716257187
2599 0 0.01 147574.11254079014 6.702498348803531 0.04942517515066675 9.177474716257187
2600 0 0.01 147574.11254079014 6.702498348803531 0.04942517515066675 9.177474716257187
2601 0 0.01 147574.11254079014 6.702498348803531 0.04942517515066675 9.177474716257187
2602 0 0.01 147574.11254079014 6.702498348803531 0.04942517515066675 9.177474716257187
2603 0 0.01 147574.11254079014 6.702498348803531 0.04942517515066675 9.177474716257187
2604 0 0.01 147574.11254079014 6.702498348803531 0.04942517515066675 9.177474716257187
2605 0 0.01 147574.11254079014 6.702498348803531 0.04942517515066675 9.177474716257187
2606 0 0.01 147574.11254079014 6.702498348803531 0.04942517515066675 9.177474716257187
2607 0 0.01 147574.11254079014 6.702498348803531 0.04942517515066675 9.177474716257187
2608 0 0.01 147574.11254079014 6.702498348803531 0.04942517515066675 9.177474716257187
2609 0 0.01 147574.11254079014 6.702498348803531 0.04942517515066675 9.177474716257187
2610 0 0.01 147574.11254079014 6.702498348803531 0.04942517515066675 9.177474716257187
2611 0 0.01 147574.11254079014 6.702498348803531 0.04942517515066675 9.177474716257187
2612 0 0.01 147574.11254079014 6.702498348803531 0.04942517515066675 9.177474716257187
2613 0 0.01 147574.11254079014 6.702498348803531 0.04942517515066675 9.177474716257187
2614 0 0.01 147574.11254079014 6.702498348803531 0.04942517515066675 9.177474716257187
2615 0 0.01 147574.11254079014 6.702498348803531 0.04942517515066675 9.177474716257187
2616 0 0.01 147574.11254079014 6.702498348803531 0.04942517515066675 9.177474716257187
2617 0 0.01 147574.11254079014 6.702498348803531 0.04942517515066675 9.177474716257187
2618 0 0.01 147574.11254079014 6.702498348803531 0.04942517515066675 9.177474716257187
2619 0 0.01 147574.11254079014 6.702498348803531 0.04942517515066675 9.177474716257187
2620 0 0.01 147574.11254079014 6.702498348803531 0.04942517515066675 9.177474716257187
2621 0 0.01 147574.11254079014 6.702498348803531 0.04942517515066675 9.177474716257187
2622 0 0.01 147574.11254079014 6.702498348803531 0.04942517515066675 9.177474716257187
2623 0 0.01 147574.11254079014 6.702498348803531 0.04942517515066675 9.177474716257187
2624 0 0.01 147574.11254079014 6.702498348803531 0.04942517515066675 9.177474716257187
2625 0 0.01 147574.11254079014 6.702498348803531 0.04942517515066675 9.177474716257187
2626 0 0.01 147574.11254079014 6.702498348803531 0.04942517515066675 9.177474716257187
2627 0 0.01 147574.11254079014 6.702498348803531 0.04942517515066675 9.177474716257187
2628 0 0.01 147574.11254079014 6.702498348803531 0.04942517515066675 9.177474716257187
2629 0 0.01 147574.11254079014 6.702498348803531 0.04942517515066675 9.177474716257187
2630 0 0.01 147574.11254079014 6.702498348803531 0.04942517515066675 9.177474716257187
2631 0 0.01 147574.11254079014 6.702498348803531 0.04942517515066675 9.177474716257187
2632 0 0.01 147574.11254079014 6.702498348803531 0.04942517515066675 9.177474716257187
2633 0 0.01 147574.11254079014 6.702498348803531 0.04942517515066675 9.177474716257187
2634 0 0.01 147574.11254079014 6.702498348803531 0.04942517515066675 9.177474716257187
2635 0 0.01 147574.11254079014 6.702498348803531 0.04942517515066675 9.177474716257187
2636 0 0.01 147574.11254079014 6.702498348803531 0.04942517515066675 9.177474716257187
2637 0 0.01 147574.11254079014 6.702498348803531 0.04942517515066675 9.177474716257187
2638 0 0.01 147574.11254079014 6.702498348803531 0.04942517515066675 9.177474716257187
2639 0 0.01 147574.11254079014 6.702498348803531 0.04942517515066675 9.177474716257187
2640 0 0.01 147574.11254079014 6.702498348803531 0.04942517515066675 9.177474716257187
2641 0 0.01 147574.11254079014 6.702498348803531 0.04942517515066675 9.177474716257187
2642 0 0.01 147574.11254079014 6.702498348803531 0.04942517515066675 9.177474716257187
2643 0 0.01 147574.11254079014 6.702498348803531 0.04942517515066675 9.177474716257187
2644 0 0.01 147574.11254079014 6.702498348803531 0.04942517515066675 9.177474716257187
2645 0 0.01 147574.11254079014 6.702498348803531 0.04942517515066675 9.177474716257187
2646 0 0.01 147574.11254079014 6.702498348803531 0.04942517515066675 9.177474716257187
2647 0 0.01 147574.11254079014 6.702498348803531 0.04942517515066675 9.177474716257187
2648 0 0.01 147574.11254079014 6.702498348803531 0.04942517515066675 9.177474716257187
2649 0 0.01 147574.11254079014 6.702498348803531 0.04942517515066675 9.177474716257187
2650 0 0.01 147574.11254079014 6.702498348803531 0.04942517515066675 9.177474716257187
2651 0 0.01 147574.11254079014 6.702498348803531 0.04942517515066675 9.177474716257187
2652 0 0.01 147574.11254079014 6.702498348803531 0.04942517515066675 9.177474716257187
2653 0 0.01 147574.11254079014 6.702498348803531 0.04942517515066675 9.177474716257187
2654 0 0.01 147574.11254079014 6.702498348803531 0.04942517515066675 9.177474716257187
2655 0 0.01 147574.11254079014 6.702498348803531 0.04942517515066675 9.177474716257187
2656 0 0.01 147574.11254079014 6.702498348803531 0.04942517515066675 9.177474716257187
2657 0 0.01 147574.11254079014 6.702498348803531 0.04942517515066675 9.177474716257187
2658 0 0.01 147574.11254079014 6.702498348803531 0.04942517515066675 9.177474716257187
2659 0 0.01 147574.11254079014 6.702498348803531 0.04942517515066675 9.177474716257187
2660 0 0.01 147574.11254079014 6.702498348803531 0.04942517515066675 9.177474716257187
2661 0 0.01 147574.11254079014 6.702498348803531 0.04942517515066675 9.177474716257187
2662 0 0.01 147574.11254079014 6.702498348803531 0.04942517515066675 9.177474716257187
2663 0 0.01 147574.11254079014 6.702498348803531 0.04942517515066675 9.177474716257187
2664 0 0.01 147574.11254079014 6.702498348803531 0.04942517515066675 9.177474716257187
2665 0 0.01 147574.11254079014 6.702498348803531 0.04942517515066675 9.177474716257187
2666 0 0.01 147574.11254079014 6.702498348803531 0.04942517515066675 9.177474716257187
2667 0 0.01 147574.11254079014 6.702498348803531 0.04942517515066675 9.177474716257187
2668 0 0.01 147574.11254079014 6.702498348803531 0.04942517515066675 9.177474716257187
2669 0 0.01 147574.11254079014 6.702498348803531 0.04942517515066675 9.177474716257187
2670 0 0.01 147574.11254079014 6.702498348803531 0.04942517515066675 9.177474716257187
2671 0 0.01 147574.11254079014 6.702498348803531 0.04942517515066675 9.177474716257187
2672 0 0.01 147574.11254079014 6.702498348803531 0.04942517515066675 9.177474716257187
2673 0 0.01 147574.11254079014 6.702498348803531 0.04942517515066675 9.177474716257187
2674 0 0.01 147574.11254079014 6.702498348803531 0.04942517515066675 9.177474716257187
2675 0 0.01 147574.11254079014 6.702498348803531 0.04942517515066675 9.177474716257187
2676 0 0.01 147574.11254079014 6.702498348803531 0.04942517515066675 9.177474716257187
2677 0 0.01 147574.11254079014 6.702498348803531 0.04942517515066675 9.177474716257187
2678 0 0.01 147574.11254079014 6.702498348803531 0.04942517515066675 9.177474716257187
2679 0 0.01 147574.11254079014 6.702498348803531 0.04942517515066675 9.177474716257187
2680 0 0.01 147574.11254079014 6.702498348803531 0.04942517515066675 9.177474716257187
2681 0 0.01 147574.11254079014 6.702498348803531 0.04942517515066675 9.177474716257187
2682 0 0.01 147574.11254079014 6.702498348803531 0.04942517515066675 9.177474716257187
2683 0 0.01 147574.11254079014 6.702498348803531 0.04942517515066675 9.177474716257187
2684 0 0.01 147574.11254079014 6.702498348803531 0.04942517515066675 9.177474716257187
2685 0 0.01 147574.11254079014 6.702498348803531 0.04942517515066675 9.177474716257187
2686 0 0.01 147574.11254079014 6.702498348803531 0.04942517515066675 9.177474716257187
2687 0 0.01 147574.11254079014 6.702498348803531 0.04942517515066675 9.177474716257187
2688 0 0.01 147574.11254079014 6.702498348803531 0.04942517515066675 9.177474716257187
2689 0 0.01 147574.11254079014 6.702498348803531 0.04942517515066675 9.177474716257187
2690 0 0.01 147574.11254079014 6.702498348803531 0.04942517515066675 9.177474716257187
2691 0 0.01 147574.11254079014 6.702498348803531 0.04942517515066675 9.177474716257187
2692 0 0.01 147574.11254079014 6.702498348803531 0.04942517515066675 9.177474716257187
2693 0 0.01 147574.11254079014 6.702498348803531 0.04942517515066675 9.177474716257187
2694 0 0.01 147574.11254079014 6.702498348803531 0.04942517515066675 9.177474716257187
2695 0 0.01 147574.11254079014 6.702498348803531 0.04942517515066675 9.177474716257187
2696 0 0.01 147574.11254079014 6.702498348803531 0.04942517515066675 9.177474716257187
2697 0 0.01 147574.11254079014 6.702498348803531 0.04942517515066675 9.177474716257187
2698 0 0.01 147574.11254079014 6.702498348803531 0.04942517515066675 9.177474716257187
2699 0 0.01 147574.11254079014 6.702498348803531 0.04942517515066675 9.177474716257187
2700 0 0.01 147574.11254079014 6.702498348803531 0.04942517515066675 9.177474716257187
2701 0 0.01 147574.11254079014 6.702498348803531 0.04942517515066675 9.177474716257187
2702 0 0.01 147574.11254079014 6.702498348803531 0.04942517515066675 9.177474716257187
2703 0 0.01 147574.11254079014 6.702498348803531 0.04942517515066675 9.177474716257187
2704 0 0.01 147574.11254079014 6.702498348803531 0.04942517515066675 9.177474716257187
2705 0 0.01 147574.11254079014 6.702498348803531 0.04942517515066675 9.177474716257187
2706 0 0.01 147574.11254079014 6.702498348803531 0.04942517515066675 9.177474716257187
2707 0 0.01 147574.11254079014 6.702498348803531 0.04942517515066675 9.177474716257187
2708 0 0.01 147574.11254079014 6.702498348803531 0.04942517515066675 9.177474716257187
2709 0 0.01 147574.11254079014 6.702498348803531 0.04942517515066675 9.177474716257187
2710 0 0.01 147574.11254079014 6.702498348803531 0.04942517515066675 9.177474716257187
2711 0 0.01 147574.11254079014 6.702498348803531 0.04942517515066675 9.177474716257187
2712 0 0.01 147574.11254079014 6.702498348803531 0.04942517515066675 9.177474716257187
2713 0 0.01 147574.11254079014 6.702498348803531 0.04942517515066675 9.177474716257187
2714 0 0.01 147574.11254079014 6.702498348803531 0.04942517515066675 9.177474716257187
2715 0 0.01 147574.11254079014 6.702498348803531 0.04942517515066675 9.177474716257187
2716 0 0.01 147574.11254079014 6.702498348803531 0.04942517515066675 9.177474716257187
2717 0 0.01 147574.11254079014 6.702498348803531 0.04942517515066675 9.177474716257187
2718 0 0.01 147574.11254079014 6.702498348803531 0.04942517515066675 9.177474716257187
2719 0 0.01 147574.11254079014 6.702498348803531 0.04942517515066675 9.177474716257187
2720 0 0.01 147574.11254079014 6.702498348803531 0.04942517515066675 9.177474716257187
2721 0 0.01 147574.11254079014 6.702498348803531 0.04942517515066675 9.177474716257187
2722 0 0.01 147574.11254079014 6.702498348803531 0.04942517515066675 9.177474716257187
2723 0 0.01 147574.11254079014 6.702498348803531 0.04942517515066675 9.177474716257187
2724 0 0.01 147574.11254079014 6.702498348803531 0.04942517515066675 9.177474716257187
2725 0 0.01 147574.11254079014 6.702498348803531 0.04942517515066675 9.177474716257187
2726 0 0.01 147574.11254079014 6.702498348803531 0.04942517515066675 9.177474716257187
2727 0 0.01 147574.11254079014 6.702498348803531 0.04942517515066675 9.177474716257187
2728 0 0.01 147574.11254079014 6.702498348803531 0.04942517515066675 9.177474716257187
2729 0 0.01 147574.11254079014 6.702498348803531 0.04942517515066675 9.177474716257187
2730 0 0.01 147574.11254079014 6.702498348803531 0.04942517515066675 9.177474716257187
2731 0 0.01 147574.11254079014 6.702498348803531 0.04942517515066675 9.177474716257187
2732 0 0.01 147574.11254079014 6.702498348803531 0.04942517515066675 9.177474716257187
2733 0 0.01 147574.11254079014 6.702498348803531 0.04942517515066675 9.177474716257187
2734 0 0.01 147574.11254079014 6.702498348803531 0.04942517515066675 9.177474716257187
2735 0 0.01 147574.11254079014 6.702498348803531 0.04942517515066675 9.177474716257187
2736 0 0.01 147574.11254079014 6.702498348803531 0.04942517515066675 9.177474716257187
2737 0 0.01 147574.11254079014 6.702498348803531 0.04942517515066675 9.177474716257187
2738 0 0.01 147574.11254079014 6.702498348803531 0.04942517515066675 9.177474716257187
2739 0 0.01 147574.11254079014 6.702498348803531 0.04942517515066675 9.177474716257187
2740 0 0.01 147574.11254079014 6.702498348803531 0.04942517515066675 9.177474716257187
2741 0 0.01 147574.11254079014 6.702498348803531 0.04942517515066675 9.177474716257187
2742 0 0.01 147574.11254079014 6.702498348803531 0.04942517515066675 9.177474716257187
2743 0 0.01 147574.11254079014 6.702498348803531 0.04942517515066675 9.177474716257187
2744 0 0.01 147574.11254079014 6.702498348803531 0.04942517515066675 9.177474716257187
2745 0 0.01 147574.11254079014 6.702498348803531 0.04942517515066675 9.177474716257187
2746 0 0.01 147574.11254079014 6.702498348803531 0.04942517515066675 9.177474716257187
2747 0 0.01 147574.11254079014 6.702498348803531 0.04942517515066675 9.177474716257187
2748 0 0.01 147574.11254079014 6.702498348803531 0.04942517515066675 9.177474716257187
2749 0 0.01 147574.11254079014 6.702498348803531 0.04942517515066675 9.177474716257187
2750 0 0.01 147574.11254079014 6.702498348803531 0.04942517515066675 9.177474716257187
2751 0 0.01 147574.11254079014 6.702498348803531 0.04942517515066675 9.177474716257187
2752 0 0.01 147574.11254079014 6.702498348803531 0.04942517515066675 9.177474716257187
2753 0 0.01 147574.11254079014 6.702498348803531 0.04942517515066675 9.177474716257187
2754 0 0.01 147574.11254079014 6.702498348803531 0.04942517515066675 9.177474716257187
2755 0 0.01 147574.11254079014 6.702498348803531 0.04942517515066675 9.177474716257187
2756 0 0.01 147574.11254079014 6.702498348803531 0.04942517515066675 9.177474716257187
2757 0 0.01 147574.11254079014 6.702498348803531 0.04942517515066675 9.177474716257187
2758 0 0.01 147574.11254079014 6.702498348803531 0.04942517515066675 9.177474716257187
2759 0 0.01 147574.11254079014 6.702498348803531 0.04942517515066675 9.177474716257187
2760 0 0.01 147574.11254079014 6.702498348803531 0.04942517515066675 9.177474716257187
2761 0 0.01 147574.11254079014 6.702498348803531 0.04942517515066675 9.177474716257187
2762 0 0.01 147574.11254079014 6.702498348803531 0.04942517515066675 9.177474716257187
2763 0 0.01 147574.11254079014 6.702498348803531 0.04942517515066675 9.177474716257187
2764 0 0.01 147574.11254079014 6.702498348803531 0.04942517515066675 9.177474716257187
2765 0 0.01 147574.11254079014 6.702498348803531 0.04942517515066675 9.177474716257187
2766 0 0.01 147574.11254079014 6.702498348803531 0.04942517515066675 9.177474716257187
2767 0 0.01 147574.11254079014 6.702498348803531 0.04942517515066675 9.177474716257187
2768 0 0.01 147574.11254079014 6.702498348803531 0.04942517515066675 9.177474716257187
2769 0 0.01 147574.11254079014 6.702498348803531 0.04942517515066675 9.177474716257187
2770 0 0.01 147574.11254079014 6.702498348803531 0.04942517515066675 9.177474716257187
2771 0 0.01 147574.11254079014 6.702498348803531 0.04942517515066675 9.177474716257187
2772 0 0.01 147574.11254079014 6.702498348803531 0.04942517515066675 9.177474716257187
2773 0 0.01 147574.11254079014 6.702498348803531 0.04942517515066675 9.177474716257187
2774 0 0.01 147574.11254079014 6.702498348803531 0.04942517515066675 9.177474716257187
2775 0 0.01 147574.11254079014 6.702498348803531 0.04942517515066675 9.177474716257187
2776 0 0.01 147574.11254079014 6.702498348803531 0.04942517515066675 9.177474716257187
2777 0 0.01 147574.11254079014 6.702498348803531 0.04942517515066675 9.177474716257187
2778 0 0.01 147574.11254079014 6.702498348803531 0.04942517515066675 9.177474716257187
2779 0 0.01 147574.11254079014 6.702498348803531 0.04942517515066675 9.177474716257187
2780 0 0.01 147574.11254079014 6.702498348803531 0.04942517515066675 9.177474716257187
2781 0 0.01 147574.11254079014 6.702498348803531 0.04942517515066675 9.177474716257187
2782 0 0.01 147574.11254079014 6.702498348803531 0.04942517515066675 9.177474716257187
2783 0 0.01 147574.11254079014 6.702498348803531 0.04942517515066675 9.177474716257187
2784 0 0.01 147574.11254079014 6.702498348803531 0.04942517515066675 9.177474716257187
2785 0 0.01 147574.11254079014 6.702498348803531 0.04942517515066675 9.177474716257187
2786 0 0.01 147574.11254079014 6.702498348803531 0.04942517515066675 9.177474716257187
2787 0 0.01 147574.11254079014 6.702498348803531 0.04942517515066675 9.177474716257187
2788 0 0.01 147574.11254079014 6.702498348803531 0.04942517515066675 9.177474716257187
2789 0 0.01 147574.11254079014 6.702498348803531 0.04942517515066675 9.177474716257187
2790 0 0.01 147574.11254079014 6.702498348803531 0.04942517515066675 9.177474716257187
2791 0 0.01 147574.11254079014 6.702498348803531 0.04942517515066675 9.177474716257187
2792 0 0.01 147574.11254079014 6.702498348803531 0.04942517515066675 9.177474716257187
2793 0 0.01 147574.11254079014 6.702498348803531 0.04942517515066675 9.177474716257187
2794 0 0.01 147574.11254079014 6.702498348803531 0.04942517515066675 9.177474716257187
2795 0 0.01 147574.11254079014 6.702498348803531 0.04942517515066675 9.177474716257187
2796 0 0.01 147574.11254079014 6.702498348803531 0.04942517515066675 9.177474716257187
2797 0 0.01 147574.11254079014 6.702498348803531 0.04942517515066675 9.177474716257187
2798 0 0.01 147574.11254079014 6.702498348803531 0.04942517515066675 9.177474716257187
2799 0 0.01 147574.11254079014 6.702498348803531 0.04942517515066675 9.177474716257187
2800 0 0.01 147574.11254079014 6.702498348803531 0.04942517515066675 9.177474716257187
2801 0 0.01 147574.11254079014 6.702498348803531 0.04942517515066675 9.177474716257187
2802 0 0.01 147574.11254079014 6.702498348803531 0.04942517515066675 9.177474716257187
2803 0 0.01 147574.11254079014 6.702498348803531 0.04942517515066675 9.177474716257187
2804 0 0.01 147574.11254079014 6.702498348803531 0.04942517515066675 9.177474716257187
2805 0 0.01 147574.11254079014 6.702498348803531 0.04942517515066675 9.177474716257187
2806 0 0.01 147574.11254079014 6.702498348803531 0.04942517515066675 9.177474716257187
2807 0 0.01 147574.11254079014 6.702498348803531 0.04942517515066675 9.177474716257187
2808 0 0.01 147574.11254079014 6.702498348803531 0.04942517515066675 9.177474716257187
2809 0 0.01 147574.11254079014 6.702498348803531 0.04942517515066675 9.177474716257187
2810 0 0.01 147574.11254079014 6.702498348803531 0.04942517515066675 9.177474716257187
2811 0 0.01 147574.11254079014 6.702498348803531 0.04942517515066675 9.177474716257187
2812 0 0.01 147574.11254079014 6.702498348803531 0.04942517515066675 9.177474716257187
2813 0 0.01 147574.11254079014 6.702498348803531 0.04942517515066675 9.177474716257187
2814 0 0.01 147574.11254079014 6.702498348803531 0.04942517515066675 9.177474716257187
2815 0 0.01 147574.11254079014 6.702498348803531 0.04942517515066675 9.177474716257187
2816 0 0.01 147574.11254079014 6.702498348803531 0.04942517515066675 9.177474716257187
2817 0 0.01 147574.11254079014 6.702498348803531 0.04942517515066675 9.177474716257187
2818 0 0.01 147574.11254079014 6.702498348803531 0.04942517515066675 9.177474716257187
2819 0 0.01 147574.11254079014 6.702498348803531 0.04942517515066675 9.177474716257187
2820 0 0.01 147574.11254079014 6.702498348803531 0.04942517515066675 9.177474716257187
2821 0 0.01 147574.11254079014 6.702498348803531 0.04942517515066675 9.177474716257187
2822 0 0.01 147574.11254079014 6.702498348803531 0.04942517515066675 9.177474716257187
2823 0 0.01 147574.11254079014 6.702498348803531 0.04942517515066675 9.177474716257187
2824 0 0.01 147574.11254079014 6.702498348803531 0.04942517515066675 9.177474716257187
2825 0 0.01 147574.11254079014 6.702498348803531 0.04942517515066675 9.177474716257187
2826 0 0.01 147574.11254079014 6.702498348803531 0.04942517515066675 9.177474716257187
2827 0 0.01 147574.11254079014 6.702498348803531 0.04942517515066675 9.177474716257187
2828 0 0.01 147574.11254079014 6.702498348803531 0.04942517515066675 9.177474716257187
2829 0 0.01 147574.11254079014 6.702498348803531 0.04942517515066675 9.177474716257187
2830 0 0.01 147574.11254079014 6.702498348803531 0.04942517515066675 9.177474716257187
2831 0 0.01 147574.11254079014 6.702498348803531 0.04942517515066675 9.177474716257187
2832 0 0.01 147574.11254079014 6.702498348803531 0.04942517515066675 9.177474716257187
2833 0 0.01 147574.11254079014 6.702498348803531 0.04942517515066675 9.177474716257187
2834 0 0.01 147574.11254079014 6.702498348803531 0.04942517515066675 9.177474716257187
2835 0 0.01 147574.11254079014 6.702498348803531 0.04942517515066675 9.177474716257187
2836 0 0.01 147574.11254079014 6.702498348803531 0.04942517515066675 9.177474716257187
2837 0 0.01 147574.11254079014 6.702498348803531 0.04942517515066675 9.177474716257187
2838 0 0.01 147574.11254079014 6.702498348803531 0.04942517515066675 9.177474716257187
2839 0 0.01 147574.11254079014 6.702498348803531 0.04942517515066675 9.177474716257187
2840 0 0.01 147574.11254079014 6.702498348803531 0.04942517515066675 9.177474716257187
2841 0 0.01 147574.11254079014 6.702498348803531 0.04942517515066675 9.177474716257187
2842 0 0.01 147574.11254079014 6.702498348803531 0.04942517515066675 9.177474716257187
2843 0 0.01 147574.11254079014 6.702498348803531 0.04942517515066675 9.177474716257187
2844 0 0.01 147574.11254079014 6.702498348803531 0.04942517515066675 9.177474716257187
2845 0 0.01 147574.11254079014 6.702498348803531 0.04942517515066675 9.177474716257187
2846 0 0.01 147574.11254079014 6.702498348803531 0.04942517515066675 9.177474716257187
2847 0 0.01 147574.11254079014 6.702498348803531 0.04942517515066675 9.177474716257187
2848 0 0.01 147574.11254079014 6.702498348803531 0.04942517515066675 9.177474716257187
2849 0 0.01 147574.11254079014 6.702498348803531 0.04942517515066675 9.177474716257187
2850 0 0.01 147574.11254079014 6.702498348803531 0.04942517515066675 9.177474716257187
2851 0 0.01 147574.11254079014 6.702498348803531 0.04942517515066675 9.177474716257187
2852 0 0.01 147574.11254079014 6.702498348803531 0.04942517515066675 9.177474716257187
2853 0 0.01 147574.11254079014 6.702498348803531 0.04942517515066675 9.177474716257187
2854 0 0.01 147574.11254079014 6.702498348803531 0.04942517515066675 9.177474716257187
2855 0 0.01 147574.11254079014 6.702498348803531 0.04942517515066675 9.177474716257187
2856 0 0.01 147574.11254079014 6.702498348803531 0.04942517515066675 9.177474716257187
2857 0 0.01 147574.11254079014 6.702498348803531 0.04942517515066675 9.177474716257187
2858 0 0.01 147574.11254079014 6.702498348803531 0.04942517515066675 9.177474716257187
2859 0 0.01 147574.11254079014 6.702498348803531 0.04942517515066675 9.177474716257187
2860 0 0.01 147574.11254079014 6.702498348803531 0.04942517515066675 9.177474716257187
2861 0 0.01 147574.11254079014 6.702498348803531 0.04942517515066675 9.177474716257187
2862 0 0.01 147574.11254079014 6.702498348803531 0.04942517515066675 9.177474716257187
2863 0 0.01 147574.11254079014 6.702498348803531 0.04942517515066675 9.177474716257187
2864 0 0.01 147574.11254079014 6.702498348803531 0.04942517515066675 9.177474716257187
2865 0 0.01 147574.11254079014 6.702498348803531 0.04942517515066675 9.177474716257187
2866 0 0.01 147574.11254079014 6.702498348803531 0.04942517515066675 9.177474716257187
2867 0 0.01 147574.11254079014 6.702498348803531 0.04942517515066675 9.177474716257187
2868 0 0.01 147574.11254079014 6.702498348803531 0.04942517515066675 9.177474716257187
2869 0 0.01 147574.11254079014 6.702498348803531 0.04942517515066675 9.177474716257187
2870 0 0.01 147574.11254079014 6.702498348803531 0.04942517515066675 9.177474716257187
2871 0 0.01 147574.11254079014 6.702498348803531 0.04942517515066675 9.177474716257187
2872 0 0.01 147574.11254079014 6.702498348803531 0.04942517515066675 9.177474716257187
2873 0 0.01 147574.11254079014 6.702498348803531 0.04942517515066675 9.177474716257187
2874 0 0.01 147574.11254079014 6.702498348803531 0.04942517515066675 9.177474716257187
2875 0 0.01 147574.11254079014 6.702498348803531 0.04942517515066675 9.177474716257187
2876 0 0.01 147574.11254079014 6.702498348803531 0.04942517515066675 9.177474716257187
2877 0 0.01 147523.2900163664 6.7036851273972475 0.04980355774413952 9.174733420464356
2878 0 0.01 147523.2900163664 6.7036851273972475 0.04980355774413952 9.174733420464356
2879 0 0.01 147523.2900163664 6.7036851273972475 0.04980355774413952 9.174733420464356
2880 0 0.01 147523.2900163664 6.7036851273972475 0.04980355774413952 9.174733420464356
2881 0 0.01 147523.2900163664 6.7036851273972475 0.04980355774413952 9.174733420464356
2882 0 0.01 147523.2900163664 6.7036851273972475 0.04980355774413952 9.174733420464356
2883 0 0.01 147523.2900163664 6.7036851273972475 0.04980355774413952 9.174733420464356
2884 0 0.01 147523.2900163664 6.7036851273972475 0.04980355774413952 9.174733420464356
2885 0 0.01 147523.2900163664 6.7036851273972475 0.04980355774413952 9.174733420464356
2886 0 0.01 147523.2900163664 6.7036851273972475 0.04980355774413952 9.174733420464356
2887 0 0.01 147523.2900163664 6.7036851273972475 0.04980355774413952 9.174733420464356
2888 0 0.01 147523.2900163664 6.7036851273972475 0.04980355774413952 9.174733420464356
2889 0 0.01 147523.2900163664 6.7036851273972475 0.04980355774413952 9.174733420464356
2890 0 0.01 147523.2900163664 6.7036851273972475 0.04980355774413952 9.174733420464356
2891 0 0.01 147523.2900163664 6.7036851273972475 0.04980355774413952 9.174733420464356
2892 0 0.01 147523.2900163664 6.7036851273972475 0.04980355774413952 9.174733420464356
2893 0 0.01 147523.2900163664 6.7036851273972475 0.04980355774413952 9.174733420464356
2894 0 0.01 147523.2900163664 6.7036851273972475 0.04980355774413952 9.174733420464356
2895 0 0.01 147523.2900163664 6.7036851273972475 0.04980355774413952 9.174733420464356
2896 0 0.01 147523.2900163664 6.7036851273972475 0.04980355774413952 9.174733420464356
2897 0 0.01 147523.2900163664 6.7036851273972475 0.04980355774413952 9.174733420464356
2898 0 0.01 147523.2900163664 6.7036851273972475 0.04980355774413952 9.174733420464356
2899 0 0.01 147523.2900163664 6.7036851273972475 0.04980355774413952 9.174733420464356
2900 0 0.01 147523.2900163664 6.7036851273972475 0.04980355774413952 9.174733420464356
2901 0 0.01 147523.2900163664 6.7036851273972475 0.04980355774413952 9.174733420464356
2902 0 0.01 147523.2900163664 6.7036851273972475 0.04980355774413952 9.174733420464356
2903 0 0.01 147523.2900163664 6.7036851273972475 0.04980355774413952 9.174733420464356
2904 0 0.01 147523.2900163664 6.7036851273972475 0.04980355774413952 9.174733420464356
2905 0 0.01 147523.2900163664 6.7036851273972475 0.04980355774413952 9.174733420464356
2906 0 0.01 147523.2900163664 6.7036851273972475 0.04980355774413952 9.174733420464356
2907 0 0.01 147523.2900163664 6.7036851273972475 0.04980355774413952 9.174733420464356
2908 0 0.01 147523.2900163664 6.7036851273972475 0.04980355774413952 9.174733420464356
2909 0 0.01 147523.2900163664 6.7036851273972475 0.04980355774413952 9.174733420464356
2910 0 0.01 147523.2900163664 6.7036851273972475 0.04980355774413952 9.174733420464356
2911 0 0.01 147523.2900163664 6.7036851273972475 0.04980355774413952 9.174733420464356
2912 0 0.01 147523.2900163664 6.7036851273972475 0.04980355774413952 9.174733420464356
2913 0 0.01 147523.2900163664 6.7036851273972475 0.04980355774413952 9.174733420464356
2914 0 0.01 147523.2900163664 6.7036851273972475 0.04980355774413952 9.174733420464356
2915 0 0.01 147523.2900163664 6.7036851273972475 0.04980355774413952 9.174733420464356
2916 0 0.01 147523.2900163664 6.7036851273972475 0.04980355774413952 9.174733420464356
2917 0 0.01 147523.2900163664 6.7036851273972475 0.04980355774413952 9.174733420464356
2918 0 0.01 147523.2900163664 6.7036851273972475 0.04980355774413952 9.174733420464356
2919 0 0.01 147523.2900163664 6.7036851273972475 0.04980355774413952 9.174733420464356
2920 0 0.01 147523.2900163664 6.7036851273972475 0.04980355774413952 9.174733420464356
2921 0 0.01 147523.2900163664 6.7036851273972475 0.04980355774413952 9.174733420464356
2922 0 0.01 147523.2900163664 6.7036851273972475 0.04980355774413952 9.174733420464356
2923 0 0.01 147523.2900163664 6.7036851273972475 0.04980355774413952 9.174733420464356
2924 0 0.01 147523.2900163664 6.7036851273972475 0.04980355774413952 9.174733420464356
2925 0 0.01 147523.2900163664 6.7036851273972475 0.04980355774413952 9.174733420464356
2926 0 0.01 147523.2900163664 6.7036851273972475 0.04980355774413952 9.174733420464356
2927 0 0.01 147523.2900163664 6.7036851273972475 0.04980355774413952 9.174733420464356
2928 0 0.01 147523.2900163664 6.7036851273972475 0.04980355774413952 9.174733420464356
2929 0 0.01 147523.2900163664 6.7036851273972475 0.04980355774413952 9.174733420464356
2930 0 0.01 147523.2900163664 6.7036851273972475 0.04980355774413952 9.174733420464356
2931 0 0.01 147523.2900163664 6.7036851273972475 0.04980355774413952 9.174733420464356
2932 0 0.01 147523.2900163664 6.7036851273972475 0.04980355774413952 9.174733420464356
2933 0 0.01 147523.2900163664 6.7036851273972475 0.04980355774413952 9.174733420464356
2934 0 0.01 147523.2900163664 6.7036851273972475 0.04980355774413952 9.174733420464356
2935 0 0.01 147523.2900163664 6.7036851273972475 0.04980355774413952 9.174733420464356
2936 0 0.01 147523.2900163664 6.7036851273972475 0.04980355774413952 9.174733420464356
2937 0 0.01 147523.2900163664 6.7036851273972475 0.04980355774413952 9.174733420464356
2938 0 0.01 147523.2900163664 6.7036851273972475 0.04980355774413952 9.174733420464356
2939 0 0.01 147523.2900163664 6.7036851273972475 0.04980355774413952 9.174733420464356
2940 0 0.01 147523.2900163664 6.7036851273972475 0.04980355774413952 9.174733420464356
2941 0 0.01 147523.2900163664 6.7036851273972475 0.04980355774413952 9.174733420464356
2942 0 0.01 147523.2900163664 6.7036851273972475 0.04980355774413952 9.174733420464356
2943 0 0.01 147523.2900163664 6.7036851273972475 0.04980355774413952 9.174733420464356
2944 0 0.01 147523.2900163664 6.7036851273972475 0.04980355774413952 9.174733420464356
2945 0 0.01 147523.2900163664 6.7036851273972475 0.04980355774413952 9.174733420464356
2946 0 0.01 147523.2900163664 6.7036851273972475 0.04980355774413952 9.174733420464356
2947 0 0.01 147523.2900163664 6.7036851273972475 0.04980355774413952 9.174733420464356
2948 0 0.01 147523.2900163664 6.7036851273972475 0.04980355774413952 9.174733420464356
2949 0 0.01 147523.2900163664 6.7036851273972475 0.04980355774413952 9.174733420464356
2950 0 0.01 147523.2900163664 6.7036851273972475 0.04980355774413952 9.174733420464356
2951 0 0.01 147523.2900163664 6.7036851273972475 0.04980355774413952 9.174733420464356
2952 0 0.01 147523.2900163664 6.7036851273972475 0.04980355774413952 9.174733420464356
2953 0 0.01 147523.2900163664 6.7036851273972475 0.04980355774413952 9.174733420464356
2954 0 0.01 147523.2900163664 6.7036851273972475 0.04980355774413952 9.174733420464356
2955 0 0.01 147523.2900163664 6.7036851273972475 0.04980355774413952 9.174733420464356
2956 0 0.01 147523.2900163664 6.7036851273972475 0.04980355774413952 9.174733420464356
2957 0 0.01 147523.2900163664 6.7036851273972475 0.04980355774413952 9.174733420464356
2958 0 0.01 147523.2900163664 6.7036851273972475 0.04980355774413952 9.174733420464356
2959 0 0.01 147523.2900163664 6.7036851273972475 0.04980355774413952 9.174733420464356
2960 0 0.01 147523.2900163664 6.7036851273972475 0.04980355774413952 9.174733420464356
2961 0 0.01 147523.2900163664 6.7036851273972475 0.04980355774413952 9.174733420464356
2962 0 0.01 147523.2900163664 6.7036851273972475 0.04980355774413952 9.174733420464356
2963 0 0.01 147523.2900163664 6.7036851273972475 0.04980355774413952 9.174733420464356
2964 0 0.01 147523.2900163664 6.7036851273972475 0.04980355774413952 9.174733420464356
2965 0 0.01 147523.2900163664 6.7036851273972475 0.04980355774413952 9.174733420464356
2966 0 0.01 147523.2900163664 6.7036851273972475 0.04980355774413952 9.174733420464356
2967 0 0.01 147523.2900163664 6.7036851273972475 0.04980355774413952 9.174733420464356
2968 0 0.01 147523.2900163664 6.7036851273972475 0.04980355774413952 9.174733420464356
2969 0 0.01 147523.2900163664 6.7036851273972475 0.04980355774413952 9.174733420464356
2970 0 0.01 147523.2900163664 6.7036851273972475 0.04980355774413952 9.174733420464356
2971 0 0.01 147523.2900163664 6.7036851273972475 0.04980355774413952 9.174733420464356
2972 0 0.01 147523.2900163664 6.7036851273972475 0.04980355774413952 9.174733420464356
2973 0 0.01 147523.2900163664 6.7036851273972475 0.04980355774413952 9.174733420464356
2974 0 0.01 147523.2900163664 6.7036851273972475 0.04980355774413952 9.174733420464356
2975 0 0.01 147523.2900163664 6.7036851273972475 0.04980355774413952 9.174733420464356
2976 0 0.01 147523.2900163664 6.7036851273972475 0.04980355774413952 9.174733420464356
2977 0 0.01 147523.2900163664 6.7036851273972475 0.04980355774413952 9.174733420464356
2978 0 0.01 147523.2900163664 6.7036851273972475 0.04980355774413952 9.174733420464356
2979 0 0.01 147523.2900163664 6.7036851273972475 0.04980355774413952 9.174733420464356
2980 0 0.01 147523.2900163664 6.7036851273972475 0.04980355774413952 9.174733420464356
2981 0 0.01 147523.2900163664 6.7036851273972475 0.04980355774413952 9.174733420464356
2982 0 0.01 147523.2900163664 6.7036851273972475 0.04980355774413952 9.174733420464356
2983 0 0.01 147523.2900163664 6.7036851273972475 0.04980355774413952 9.174733420464356
2984 0 0.01 147523.2900163664 6.7036851273972475 0.04980355774413952 9.174733420464356
2985 0 0.01 147523.2900163664 6.7036851273972475 0.04980355774413952 9.174733420464356
2986 0 0.01 147523.2900163664 6.7036851273972475 0.04980355774413952 9.174733420464356
2987 0 0.01 147523.2900163664 6.7036851273972475 0.04980355774413952 9.174733420464356
2988 0 0.01 147523.2900163664 6.7036851273972475 0.04980355774413952 9.174733420464356
2989 0 0.01 147523.2900163664 6.7036851273972475 0.04980355774413952 9.174733420464356
2990 0 0.01 147523.2900163664 6.7036851273972475 0.04980355774413952 9.174733420464356
2991 0 0.01 147523.2900163664 6.7036851273972475 0.04980355774413952 9.174733420464356
2992 0 0.01 147523.2900163664 6.7036851273972475 0.04980355774413952 9.174733420464356
2993 0 0.01 147523.2900163664 6.7036851273972475 0.04980355774413952 9.174733420464356
2994 0 0.01 147523.2900163664 6.7036851273972475 0.04980355774413952 9.174733420464356
2995 0 0.01 147523.2900163664 6.7036851273972475 0.04980355774413952 9.174733420464356
2996 0 0.01 147523.2900163664 6.7036851273972475 0.04980355774413952 9.174733420464356
2997 0 0.01 147523.2900163664 6.7036851273972475 0.04980355774413952 9.174733420464356
2998 0 0.01 147523.2900163664 6.7036851273972475 0.04980355774413952 9.174733420464356
2999 0 0.01 147523.2900163664 6.7036851273972475 0.04980355774413952 9.174733420464356
3000 0 0.01 147523.2900163664 6.7036851273972475 0.04980355774413952 9.174733420464356
3001 0 0.01 147523.2900163664 6.7036851273972475 0.04980355774413952 9.174733420464356
3002 0 0.01 147523.2900163664 6.7036851273972475 0.04980355774413952 9.174733420464356
3003 0 0.01 147523.2900163664 6.7036851273972475 0.04980355774413952 9.174733420464356
3004 0 0.01 147523.2900163664 6.7036851273972475 0.04980355774413952 9.174733420464356
3005 0 0.01 147523.2900163664 6.7036851273972475 0.04980355774413952 9.174733420464356
3006 0 0.01 147523.2900163664 6.7036851273972475 0.04980355774413952 9.174733420464356
3007 0 0.01 147523.2900163664 6.7036851273972475 0.04980355774413952 9.174733420464356
3008 0 0.01 147523.2900163664 6.7036851273972475 0.04980355774413952 9.174733420464356
3009 0 0.01 147523.2900163664 6.7036851273972475 0.04980355774413952 9.174733420464356
3010 0 0.01 147523.2900163664 6.7036851273972475 0.04980355774413952 9.174733420464356
3011 0 0.01 147523.2900163664 6.7036851273972475 0.04980355774413952 9.174733420464356
3012 0 0.01 147523.2900163664 6.7036851273972475 0.04980355774413952 9.174733420464356
3013 0 0.01 147523.2900163664 6.7036851273972475 0.04980355774413952 9.174733420464356
3014 0 0.01 147523.2900163664 6.7036851273972475 0.04980355774413952 9.174733420464356
3015 0 0.01 147523.2900163664 6.7036851273972475 0.04980355774413952 9.174733420464356
3016 0 0.01 147523.2900163664 6.7036851273972475 0.04980355774413952 9.174733420464356
3017 0 0.01 147523.2900163664 6.7036851273972475 0.04980355774413952 9.174733420464356
3018 0 0.01 147523.2900163664 6.7036851273972475 0.04980355774413952 9.174733420464356
3019 0 0.01 147523.2900163664 6.7036851273972475 0.04980355774413952 9.174733420464356
3020 0 0.01 147523.2900163664 6.7036851273972475 0.04980355774413952 9.174733420464356
3021 0 0.01 147523.2900163664 6.7036851273972475 0.04980355774413952 9.174733420464356
3022 0 0.01 147523.2900163664 6.7036851273972475 0.04980355774413952 9.174733420464356
3023 0 0.01 147523.2900163664 6.7036851273972475 0.04980355774413952 9.174733420464356
3024 0 0.01 147523.2900163664 6.7036851273972475 0.04980355774413952 9.174733420464356
3025 0 0.01 147523.2900163664 6.7036851273972475 0.04980355774413952 9.174733420464356
3026 0 0.01 147523.2900163664 6.7036851273972475 0.04980355774413952 9.174733420464356
3027 0 0.01 147523.2900163664 6.7036851273972475 0.04980355774413952 9.174733420464356
3028 0 0.01 147523.2900163664 6.7036851273972475 0.04980355774413952 9.174733420464356
3029 0 0.01 147523.2900163664 6.7036851273972475 0.04980355774413952 9.174733420464356
3030 0 0.01 147523.2900163664 6.7036851273972475 0.04980355774413952 9.174733420464356
3031 0 0.01 147523.2900163664 6.7036851273972475 0.04980355774413952 9.174733420464356
3032 0 0.01 147523.2900163664 6.7036851273972475 0.04980355774413952 9.174733420464356
3033 0 0.01 147523.2900163664 6.7036851273972475 0.04980355774413952 9.174733420464356
3034 0 0.01 147523.2900163664 6.7036851273972475 0.04980355774413952 9.174733420464356
3035 0 0.01 147523.2900163664 6.7036851273972475 0.04980355774413952 9.174733420464356
3036 0 0.01 147523.2900163664 6.7036851273972475 0.04980355774413952 9.174733420464356
3037 0 0.01 147523.2900163664 6.7036851273972475 0.04980355774413952 9.174733420464356
3038 0 0.01 147523.2900163664 6.7036851273972475 0.04980355774413952 9.174733420464356
3039 0 0.01 147523.2900163664 6.7036851273972475 0.04980355774413952 9.174733420464356
3040 0 0.01 147523.2900163664 6.7036851273972475 0.04980355774413952 9.174733420464356
3041 0 0.01 147523.2900163664 6.7036851273972475 0.04980355774413952 9.174733420464356
3042 0 0.01 147523.2900163664 6.7036851273972475 0.04980355774413952 9.174733420464356
3043 0 0.01 147523.2900163664 6.7036851273972475 0.04980355774413952 9.174733420464356
3044 0 0.01 147523.2900163664 6.7036851273972475 0.04980355774413952 9.174733420464356
3045 0 0.01 147523.2900163664 6.7036851273972475 0.04980355774413952 9.174733420464356
3046 0 0.01 147523.2900163664 6.7036851273972475 0.04980355774413952 9.174733420464356
3047 0 0.01 147523.2900163664 6.7036851273972475 0.04980355774413952 9.174733420464356
3048 0 0.01 147523.2900163664 6.7036851273972475 0.04980355774413952 9.174733420464356
3049 0 0.01 147523.2900163664 6.7036851273972475 0.04980355774413952 9.174733420464356
3050 0 0.01 147523.2900163664 6.7036851273972475 0.04980355774413952 9.174733420464356
3051 0 0.01 147523.2900163664 6.7036851273972475 0.04980355774413952 9.174733420464356
3052 0 0.01 147523.2900163664 6.7036851273972475 0.04980355774413952 9.174733420464356
3053 0 0.01 147523.2900163664 6.7036851273972475 0.04980355774413952 9.174733420464356
3054 0 0.01 147523.2900163664 6.7036851273972475 0.04980355774413952 9.174733420464356
3055 0 0.01 147523.2900163664 6.7036851273972475 0.04980355774413952 9.174733420464356
3056 0 0.01 147523.2900163664 6.7036851273972475 0.04980355774413952 9.174733420464356
3057 0 0.01 147523.2900163664 6.7036851273972475 0.04980355774413952 9.174733420464356
3058 0 0.01 147523.2900163664 6.7036851273972475 0.04980355774413952 9.174733420464356
3059 0 0.01 147523.2900163664 6.7036851273972475 0.04980355774413952 9.174733420464356
3060 0 0.01 147523.2900163664 6.7036851273972475 0.04980355774413952 9.174733420464356
3061 0 0.01 147523.2900163664 6.7036851273972475 0.04980355774413952 9.174733420464356
3062 0 0.01 147523.2900163664 6.7036851273972475 0.04980355774413952 9.174733420464356
3063 0 0.01 147523.2900163664 6.7036851273972475 0.04980355774413952 9.174733420464356
3064 0 0.01 147523.2900163664 6.7036851273972475 0.04980355774413952 9.174733420464356
3065 0 0.01 147523.2900163664 6.7036851273972475 0.04980355774413952 9.174733420464356
3066 0 0.01 147523.2900163664 6.7036851273972475 0.04980355774413952 9.174733420464356
3067 0 0.01 147523.2900163664 6.7036851273972475 0.04980355774413952 9.174733420464356
3068 0 0.01 147523.2900163664 6.7036851273972475 0.04980355774413952 9.174733420464356
3069 0 0.01 147523.2900163664 6.7036851273972475 0.04980355774413952 9.174733420464356
3070 0 0.01 147523.2900163664 6.7036851273972475 0.04980355774413952 9.174733420464356
3071 0 0.01 147523.2900163664 6.7036851273972475 0.04980355774413952 9.174733420464356
3072 0 0.01 147523.2900163664 6.7036851273972475 0.04980355774413952 9.174733420464356
3073 0 0.01 147523.2900163664 6.7036851273972475 0.04980355774413952 9.174733420464356
3074 0 0.01 147523.2900163664 6.7036851273972475 0.04980355774413952 9.174733420464356
3075 0 0.01 147523.2900163664 6.7036851273972475 0.04980355774413952 9.174733420464356
3076 0 0.01 147523.2900163664 6.7036851273972475 0.04980355774413952 9.174733420464356
3077 0 0.01 147523.2900163664 6.7036851273972475 0.04980355774413952 9.174733420464356
3078 0 0.01 147523.2900163664 6.7036851273972475 0.04980355774413952 9.174733420464356
3079 0 0.01 147523.2900163664 6.7036851273972475 0.04980355774413952 9.174733420464356
3080 0 0.01 147523.2900163664 6.7036851273972475 0.04980355774413952 9.174733420464356
3081 0 0.01 147523.2900163664 6.7036851273972475 0.04980355774413952 9.174733420464356
3082 0 0.01 147523.2900163664 6.7036851273972475 0.04980355774413952 9.174733420464356
3083 0 0.01 147523.2900163664 6.7036851273972475 0.04980355774413952 9.174733420464356
3084 0 0.01 147523.2900163664 6.7036851273972475 0.04980355774413952 9.174733420464356
3085 0 0.01 147523.2900163664 6.7036851273972475 0.04980355774413952 9.174733420464356
3086 0 0.01 147523.2900163664 6.7036851273972475 0.04980355774413952 9.174733420464356
3087 0 0.01 147523.2900163664 6.7036851273972475 0.04980355774413952 9.174733420464356
3088 0 0.01 147523.2900163664 6.7036851273972475 0.04980355774413952 9.174733420464356
3089 0 0.01 147523.2900163664 6.7036851273972475 0.04980355774413952 9.174733420464356
3090 0 0.01 147523.2900163664 6.7036851273972475 0.04980355774413952 9.174733420464356
3091 0 0.01 147523.2900163664 6.7036851273972475 0.04980355774413952 9.174733420464356
3092 0 0.01 147523.2900163664 6.7036851273972475 0.04980355774413952 9.174733420464356
3093 0 0.01 147523.2900163664 6.7036851273972475 0.04980355774413952 9.174733420464356
3094 0 0.01 147523.2900163664 6.7036851273972475 0.04980355774413952 9.174733420464356
3095 0 0.01 147523.2900163664 6.7036851273972475 0.04980355774413952 9.174733420464356
3096 0 0.01 147523.2900163664 6.7036851273972475 0.04980355774413952 9.174733420464356
3097 0 0.01 147523.2900163664 6.7036851273972475 0.04980355774413952 9.174733420464356
3098 0 0.01 147523.2900163664 6.7036851273972475 0.04980355774413952 9.174733420464356
3099 0 0.01 147523.2900163664 6.7036851273972475 0.04980355774413952 9.174733420464356
3100 0 0.01 147523.2900163664 6.7036851273972475 0.04980355774413952 9.174733420464356
3101 0 0.01 147523.2900163664 6.7036851273972475 0.04980355774413952 9.174733420464356
3102 0 0.01 147523.2900163664 6.7036851273972475 0.04980355774413952 9.174733420464356
3103 0 0.01 147523.2900163664 6.7036851273972475 0.04980355774413952 9.174733420464356
3104 0 0.01 147523.2900163664 6.7036851273972475 0.04980355774413952 9.174733420464356
3105 0 0.01 147523.2900163664 6.7036851273972475 0.04980355774413952 9.174733420464356
3106 0 0.01 147523.2900163664 6.7036851273972475 0.04980355774413952 9.174733420464356
3107 0 0.01 147523.2900163664 6.7036851273972475 0.04980355774413952 9.174733420464356
3108 0 0.01 147523.2900163664 6.7036851273972475 0.04980355774413952 9.174733420464356
3109 0 0.01 147523.2900163664 6.7036851273972475 0.04980355774413952 9.174733420464356
3110 0 0.01 147523.2900163664 6.7036851273972475 0.04980355774413952 9.174733420464356
3111 0 0.01 147523.2900163664 6.7036851273972475 0.04980355774413952 9.174733420464356
3112 0 0.01 147523.2900163664 6.7036851273972475 0.04980355774413952 9.174733420464356
3113 0 0.01 147523.2900163664 6.7036851273972475 0.04980355774413952 9.174733420464356
3114 0 0.01 147523.2900163664 6.7036851273972475 0.04980355774413952 9.174733420464356
3115 0 0.01 147523.2900163664 6.7036851273972475 0.04980355774413952 9.174733420464356
3116 0 0.01 147523.2900163664 6.7036851273972475 0.04980355774413952 9.174733420464356
3117 0 0.01 147523.2900163664 6.7036851273972475 0.04980355774413952 9.174733420464356
3118 0 0.01 147523.2900163664 6.7036851273972475 0.04980355774413952 9.174733420464356
3119 0 0.01 147523.2900163664 6.7036851273972475 0.04980355774413952 9.174733420464356
3120 0 0.01 147523.2900163664 6.7036851273972475 0.04980355774413952 9.174733420464356
3121 0 0.01 147523.2900163664 6.7036851273972475 0.04980355774413952 9.174733420464356
3122 0 0.01 147523.2900163664 6.7036851273972475 0.04980355774413952 9.174733420464356
3123 0 0.01 147523.2900163664 6.7036851273972475 0.04980355774413952 9.174733420464356
3124 0 0.01 147523.2900163664 6.7036851273972475 0.04980355774413952 9.174733420464356
3125 0 0.01 147523.2900163664 6.7036851273972475 0.04980355774413952 9.174733420464356
3126 0 0.01 147523.2900163664 6.7036851273972475 0.04980355774413952 9.174733420464356
3127 0 0.01 147523.2900163664 6.7036851273972475 0.04980355774413952 9.174733420464356
3128 0 0.01 147523.2900163664 6.7036851273972475 0.04980355774413952 9.174733420464356
3129 0 0.01 147523.2900163664 6.7036851273972475 0.04980355774413952 9.174733420464356
3130 0 0.01 147523.2900163664 6.7036851273972475 0.04980355774413952 9.174733420464356
3131 0 0.01 147523.2900163664 6.7036851273972475 0.04980355774413952 9.174733420464356
3132 0 0.01 147523.2900163664 6.7036851273972475 0.04980355774413952 9.174733420464356
3133 0 0.01 147523.2900163664 6.7036851273972475 0.04980355774413952 9.174733420464356
3134 0 0.01 147523.2900163664 6.7036851273972475 0.04980355774413952 9.174733420464356
3135 0 0.01 147523.2900163664 6.7036851273972475 0.04980355774413952 9.174733420464356
3136 0 0.01 147523.2900163664 6.7036851273972475 0.04980355774413952 9.174733420464356
3137 0 0.01 147523.2900163664 6.7036851273972475 0.04980355774413952 9.174733420464356
3138 0 0.01 147523.2900163664 6.7036851273972475 0.04980355774413952 9.174733420464356
3139 0 0.01 147523.2900163664 6.7036851273972475 0.04980355774413952 9.174733420464356
3140 0 0.01 147523.2900163664 6.7036851273972475 0.04980355774413952 9.174733420464356
3141 0 0.01 147523.2900163664 6.7036851273972475 0.04980355774413952 9.174733420464356
3142 0 0.01 147523.2900163664 6.7036851273972475 0.04980355774413952 9.174733420464356
3143 0 0.01 147523.2900163664 6.7036851273972475 0.04980355774413952 9.174733420464356
3144 0 0.01 147523.2900163664 6.7036851273972475 0.04980355774413952 9.174733420464356
3145 0 0.01 147523.2900163664 6.7036851273972475 0.04980355774413952 9.174733420464356
3146 0 0.01 147523.2900163664 6.7036851273972475 0.04980355774413952 9.174733420464356
3147 0 0.01 147523.2900163664 6.7036851273972475 0.04980355774413952 9.174733420464356
3148 0 0.01 147523.2900163664 6.7036851273972475 0.04980355774413952 9.174733420464356
3149 0 0.01 147523.2900163664 6.7036851273972475 0.04980355774413952 9.174733420464356
3150 0 0.01 147523.2900163664 6.7036851273972475 0.04980355774413952 9.174733420464356
3151 0 0.01 147523.2900163664 6.7036851273972475 0.04980355774413952 9.174733420464356
3152 0 0.01 147523.2900163664 6.7036851273972475 0.04980355774413952 9.174733420464356
3153 0 0.01 147523.2900163664 6.7036851273972475 0.04980355774413952 9.174733420464356
3154 0 0.01 147523.2900163664 6.7036851273972475 0.04980355774413952 9.174733420464356
3155 0 0.01 147523.2900163664 6.7036851273972475 0.04980355774413952 9.174733420464356
3156 0 0.01 147523.2900163664 6.7036851273972475 0.04980355774413952 9.174733420464356
3157 0 0.01 147523.2900163664 6.7036851273972475 0.04980355774413952 9.174733420464356
3158 0 0.01 147523.2900163664 6.7036851273972475 0.04980355774413952 9.174733420464356
3159 0 0.01 147523.2900163664 6.7036851273972475 0.04980355774413952 9.174733420464356
3160 0 0.01 147523.2900163664 6.7036851273972475 0.04980355774413952 9.174733420464356
3161 0 0.01 147523.2900163664 6.7036851273972475 0.04980355774413952 9.174733420464356
3162 0 0.01 147523.2900163664 6.7036851273972475 0.04980355774413952 9.174733420464356
3163 0 0.01 147523.2900163664 6.7036851273972475 0.04980355774413952 9.174733420464356
3164 0 0.01 147523.2900163664 6.7036851273972475 0.04980355774413952 9.174733420464356
3165 0 0.01 147523.2900163664 6.7036851273972475 0.04980355774413952 9.174733420464356
3166 0 0.01 147523.2900163664 6.7036851273972475 0.04980355774413952 9.174733420464356
3167 0 0.01 147523.2900163664 6.7036851273972475 0.04980355774413952 9.174733420464356
3168 0 0.01 147523.2900163664 6.7036851273972475 0.04980355774413952 9.174733420464356
3169 0 0.01 147523.2900163664 6.7036851273972475 0.04980355774413952 9.174733420464356
3170 0 0.01 147523.2900163664 6.7036851273972475 0.04980355774413952 9.174733420464356
3171 0 0.01 147523.2900163664 6.7036851273972475 0.04980355774413952 9.174733420464356
3172 0 0.01 147523.2900163664 6.7036851273972475 0.04980355774413952 9.174733420464356
3173 0 0.01 147523.2900163664 6.7036851273972475 0.04980355774413952 9.174733420464356
3174 0 0.01 147523.2900163664 6.7036851273972475 0.04980355774413952 9.174733420464356
3175 0 0.01 147523.2900163664 6.7036851273972475 0.04980355774413952 9.174733420464356
3176 0 0.01 147523.2900163664 6.7036851273972475 0.04980355774413952 9.174733420464356
3177 0 0.01 147523.2900163664 6.7036851273972475 0.04980355774413952 9.174733420464356
3178 0 0.01 147523.2900163664 6.7036851273972475 0.04980355774413952 9.174733420464356
3179 0 0.01 147523.2900163664 6.7036851273972475 0.04980355774413952 9.174733420464356
3180 0 0.01 147523.2900163664 6.7036851273972475 0.04980355774413952 9.174733420464356
3181 0 0.01 147523.2900163664 6.7036851273972475 0.04980355774413952 9.174733420464356
3182 0 0.01 147523.2900163664 6.7036851273972475 0.04980355774413952 9.174733420464356
3183 0 0.01 147523.2900163664 6.7036851273972475 0.04980355774413952 9.174733420464356
3184 0 0.01 147523.2900163664 6.7036851273972475 0.04980355774413952 9.174733420464356
3185 0 0.01 147523.2900163664 6.7036851273972475 0.04980355774413952 9.174733420464356
3186 0 0.01 147523.2900163664 6.7036851273972475 0.04980355774413952 9.174733420464356
3187 0 0.01 147523.2900163664 6.7036851273972475 0.04980355774413952 9.174733420464356
3188 0 0.01 147523.2900163664 6.7036851273972475 0.04980355774413952 9.174733420464356
3189 0 0.01 147523.2900163664 6.7036851273972475 0.04980355774413952 9.174733420464356
3190 0 0.01 147523.2900163664 6.7036851273972475 0.04980355774413952 9.174733420464356
3191 0 0.01 147523.2900163664 6.7036851273972475 0.04980355774413952 9.174733420464356
3192 0 0.01 147523.2900163664 6.7036851273972475 0.04980355774413952 9.174733420464356
3193 0 0.01 147523.2900163664 6.7036851273972475 0.04980355774413952 9.174733420464356
3194 0 0.01 147523.2900163664 6.7036851273972475 0.04980355774413952 9.174733420464356
3195 0 0.01 147523.2900163664 6.7036851273972475 0.04980355774413952 9.174733420464356
3196 0 0.01 147523.2900163664 6.7036851273972475 0.04980355774413952 9.174733420464356
3197 0 0.01 147523.2900163664 6.7036851273972475 0.04980355774413952 9.174733420464356
3198 0 0.01 147523.2900163664 6.7036851273972475 0.04980355774413952 9.174733420464356
3199 0 0.01 147523.2900163664 6.7036851273972475 0.04980355774413952 9.174733420464356
3200 0 0.01 147523.2900163664 6.7036851273972475 0.04980355774413952 9.174733420464356
3201 0 0.01 147523.2900163664 6.7036851273972475 0.04980355774413952 9.174733420464356
3202 0 0.01 147523.2900163664 6.7036851273972475 0.04980355774413952 9.174733420464356
3203 0 0.01 147523.2900163664 6.7036851273972475 0.04980355774413952 9.174733420464356
3204 0 0.01 147523.2900163664 6.7036851273972475 0.04980355774413952 9.174733420464356
3205 0 0.01 147523.2900163664 6.7036851273972475 0.04980355774413952 9.174733420464356
3206 0 0.01 147523.2900163664 6.7036851273972475 0.04980355774413952 9.174733420464356
3207 0 0.01 147523.2900163664 6.7036851273972475 0.04980355774413952 9.174733420464356
3208 0 0.01 147523.2900163664 6.7036851273972475 0.04980355774413952 9.174733420464356
3209 0 0.01 147523.2900163664 6.7036851273972475 0.04980355774413952 9.174733420464356
3210 0 0.01 147523.2900163664 6.7036851273972475 0.04980355774413952 9.174733420464356
3211 0 0.01 147523.2900163664 6.7036851273972475 0.04980355774413952 9.174733420464356
3212 0 0.01 147523.2900163664 6.7036851273972475 0.04980355774413952 9.174733420464356
3213 0 0.01 147523.2900163664 6.7036851273972475 0.04980355774413952 9.174733420464356
3214 0 0.01 147523.2900163664 6.7036851273972475 0.04980355774413952 9.174733420464356
3215 0 0.01 147523.2900163664 6.7036851273972475 0.04980355774413952 9.174733420464356
3216 0 0.01 147523.2900163664 6.7036851273972475 0.04980355774413952 9.174733420464356
3217 0 0.01 147523.2900163664 6.7036851273972475 0.04980355774413952 9.174733420464356
3218 0 0.01 147523.2900163664 6.7036851273972475 0.04980355774413952 9.174733420464356
3219 0 0.01 147523.2900163664 6.7036851273972475 0.04980355774413952 9.174733420464356
3220 0 0.01 147523.2900163664 6.7036851273972475 0.04980355774413952 9.174733420464356
3221 0 0.01 147523.2900163664 6.7036851273972475 0.04980355774413952 9.174733420464356
3222 0 0.01 147523.2900163664 6.7036851273972475 0.04980355774413952 9.174733420464356
3223 0 0.01 147523.2900163664 6.7036851273972475 0.04980355774413952 9.174733420464356
3224 0 0.01 147523.2900163664 6.7036851273972475 0.04980355774413952 9.174733420464356
3225 0 0.01 147523.2900163664 6.7036851273972475 0.04980355774413952 9.174733420464356
3226 0 0.01 147523.2900163664 6.7036851273972475 0.04980355774413952 9.174733420464356
3227 0 0.01 147523.2900163664 6.7036851273972475 0.04980355774413952 9.174733420464356
3228 0 0.01 147523.2900163664 6.7036851273972475 0.04980355774413952 9.174733420464356
3229 0 0.01 147523.2900163664 6.7036851273972475 0.04980355774413952 9.174733420464356
3230 0 0.01 147523.2900163664 6.7036851273972475 0.04980355774413952 9.174733420464356
3231 0 0.01 147523.2900163664 6.7036851273972475 0.04980355774413952 9.174733420464356
3232 0 0.01 147523.2900163664 6.7036851273972475 0.04980355774413952 9.174733420464356
3233 0 0.01 147523.2900163664 6.7036851273972475 0.04980355774413952 9.174733420464356
3234 0 0.01 147523.2900163664 6.7036851273972475 0.04980355774413952 9.174733420464356
3235 0 0.01 147523.2900163664 6.7036851273972475 0.04980355774413952 9.174733420464356
3236 0 0.01 147523.2900163664 6.7036851273972475 0.04980355774413952 9.174733420464356
3237 0 0.01 147523.2900163664 6.7036851273972475 0.04980355774413952 9.174733420464356
3238 0 0.01 147523.2900163664 6.7036851273972475 0.04980355774413952 9.174733420464356
3239 0 0.01 147523.2900163664 6.7036851273972475 0.04980355774413952 9.174733420464356
3240 0 0.01 147523.2900163664 6.7036851273972475 0.04980355774413952 9.174733420464356
3241 0 0.01 147523.2900163664 6.7036851273972475 0.04980355774413952 9.174733420464356
3242 0 0.01 147523.2900163664 6.7036851273972475 0.04980355774413952 9.174733420464356
3243 0 0.01 147523.2900163664 6.7036851273972475 0.04980355774413952 9.174733420464356
3244 0 0.01 147523.2900163664 6.7036851273972475 0.04980355774413952 9.174733420464356
3245 0 0.01 147523.2900163664 6.7036851273972475 0.04980355774413952 9.174733420464356
3246 0 0.01 147523.2900163664 6.7036851273972475 0.04980355774413952 9.174733420464356
3247 0 0.01 147523.2900163664 6.7036851273972475 0.04980355774413952 9.174733420464356
3248 0 0.01 147523.2900163664 6.7036851273972475 0.04980355774413952 9.174733420464356
3249 0 0.01 147523.2900163664 6.7036851273972475 0.04980355774413952 9.174733420464356
3250 0 0.01 147523.2900163664 6.7036851273972475 0.04980355774413952 9.174733420464356
3251 0 0.01 147523.2900163664 6.7036851273972475 0.04980355774413952 9.174733420464356
3252 0 0.01 147523.2900163664 6.7036851273972475 0.04980355774413952 9.174733420464356
3253 0 0.01 147523.2900163664 6.7036851273972475 0.04980355774413952 9.174733420464356
3254 0 0.01 147523.2900163664 6.7036851273972475 0.04980355774413952 9.174733420464356
3255 0 0.01 147523.2900163664 6.7036851273972475 0.04980355774413952 9.174733420464356
3256 0 0.01 147523.2900163664 6.7036851273972475 0.04980355774413952 9.174733420464356
3257 0 0.01 147523.2900163664 6.7036851273972475 0.04980355774413952 9.174733420464356
3258 0 0.01 147523.2900163664 6.7036851273972475 0.04980355774413952 9.174733420464356
3259 0 0.01 147523.2900163664 6.7036851273972475 0.04980355774413952 9.174733420464356
3260 0 0.01 147523.2900163664 6.7036851273972475 0.04980355774413952 9.174733420464356
3261 0 0.01 147523.2900163664 6.7036851273972475 0.04980355774413952 9.174733420464356
3262 0 0.01 147523.2900163664 6.7036851273972475 0.04980355774413952 9.174733420464356
3263 0 0.01 147523.2900163664 6.7036851273972475 0.04980355774413952 9.174733420464356
3264 0 0.01 147523.2900163664 6.7036851273972475 0.04980355774413952 9.174733420464356
3265 0 0.01 147523.2900163664 6.7036851273972475 0.04980355774413952 9.174733420464356
3266 0 0.01 147523.2900163664 6.7036851273972475 0.04980355774413952 9.174733420464356
3267 0 0.01 147523.2900163664 6.7036851273972475 0.04980355774413952 9.174733420464356
3268 0 0.01 147523.2900163664 6.7036851273972475 0.04980355774413952 9.174733420464356
3269 0 0.01 147523.2900163664 6.7036851273972475 0.04980355774413952 9.174733420464356
3270 0 0.01 147523.2900163664 6.7036851273972475 0.04980355774413952 9.174733420464356
3271 0 0.01 147523.2900163664 6.7036851273972475 0.04980355774413952 9.174733420464356
3272 0 0.01 147523.2900163664 6.7036851273972475 0.04980355774413952 9.174733420464356
3273 0 0.01 147523.2900163664 6.7036851273972475 0.04980355774413952 9.174733420464356
3274 0 0.01 147523.2900163664 6.7036851273972475 0.04980355774413952 9.174733420464356
3275 0 0.01 147523.2900163664 6.7036851273972475 0.04980355774413952 9.174733420464356
3276 0 0.01 147523.2900163664 6.7036851273972475 0.04980355774413952 9.174733420464356
3277 0 0.01 147523.2900163664 6.7036851273972475 0.04980355774413952 9.174733420464356
3278 0 0.01 147523.2900163664 6.7036851273972475 0.04980355774413952 9.174733420464356
3279 0 0.01 147523.2900163664 6.7036851273972475 0.04980355774413952 9.174733420464356
3280 0 0.01 147523.2900163664 6.7036851273972475 0.04980355774413952 9.174733420464356
3281 0 0.01 147523.2900163664 6.7036851273972475 0.04980355774413952 9.174733420464356
3282 0 0.01 147523.2900163664 6.7036851273972475 0.04980355774413952 9.174733420464356
3283 0 0.01 147523.2900163664 6.7036851273972475 0.04980355774413952 9.174733420464356
3284 0 0.01 147523.2900163664 6.7036851273972475 0.04980355774413952 9.174733420464356
3285 0 0.01 147523.2900163664 6.7036851273972475 0.04980355774413952 9.174733420464356
3286 0 0.01 147523.2900163664 6.7036851273972475 0.04980355774413952 9.174733420464356
3287 0 0.01 147523.2900163664 6.7036851273972475 0.04980355774413952 9.174733420464356
3288 0 0.01 147523.2900163664 6.7036851273972475 0.04980355774413952 9.174733420464356
3289 0 0.01 147523.2900163664 6.7036851273972475 0.04980355774413952 9.174733420464356
3290 0 0.01 147523.2900163664 6.7036851273972475 0.04980355774413952 9.174733420464356
3291 0 0.01 147523.2900163664 6.7036851273972475 0.04980355774413952 9.174733420464356
3292 0 0.01 147523.2900163664 6.7036851273972475 0.04980355774413952 9.174733420464356
3293 0 0.01 147523.2900163664 6.7036851273972475 0.04980355774413952 9.174733420464356
3294 0 0.01 147523.2900163664 6.7036851273972475 0.04980355774413952 9.174733420464356
3295 0 0.01 147523.2900163664 6.7036851273972475 0.04980355774413952 9.174733420464356
3296 0 0.01 147523.2900163664 6.7036851273972475 0.04980355774413952 9.174733420464356
3297 0 0.01 147523.2900163664 6.7036851273972475 0.04980355774413952 9.174733420464356
3298 0 0.01 147523.2900163664 6.7036851273972475 0.04980355774413952 9.174733420464356
3299 0 0.01 147523.2900163664 6.7036851273972475 0.04980355774413952 9.174733420464356
3300 0 0.01 147523.2900163664 6.7036851273972475 0.04980355774413952 9.174733420464356
3301 0 0.01 147523.2900163664 6.7036851273972475 0.04980355774413952 9.174733420464356
3302 0 0.01 147523.2900163664 6.7036851273972475 0.04980355774413952 9.174733420464356
3303 0 0.01 147523.2900163664 6.7036851273972475 0.04980355774413952 9.174733420464356
3304 0 0.01 147523.2900163664 6.7036851273972475 0.04980355774413952 9.174733420464356
3305 0 0.01 147523.2900163664 6.7036851273972475 0.04980355774413952 9.174733420464356
3306 0 0.01 147523.2900163664 6.7036851273972475 0.04980355774413952 9.174733420464356
3307 0 0.01 147523.2900163664 6.7036851273972475 0.04980355774413952 9.174733420464356
3308 0 0.01 147523.2900163664 6.7036851273972475 0.04980355774413952 9.174733420464356
3309 0 0.01 147523.2900163664 6.7036851273972475 0.04980355774413952 9.174733420464356
3310 0 0.01 147523.2900163664 6.7036851273972475 0.04980355774413952 9.174733420464356
3311 0 0.01 147523.2900163664 6.7036851273972475 0.04980355774413952 9.174733420464356
3312 0 0.01 147523.2900163664 6.7036851273972475 0.04980355774413952 9.174733420464356
3313 0 0.01 147523.2900163664 6.7036851273972475 0.04980355774413952 9.174733420464356
3314 0 0.01 147523.2900163664 6.7036851273972475 0.04980355774413952 9.174733420464356
3315 0 0.01 147523.2900163664 6.7036851273972475 0.04980355774413952 9.174733420464356
3316 0 0.01 147523.2900163664 6.7036851273972475 0.04980355774413952 9.174733420464356
3317 0 0.01 147523.2900163664 6.7036851273972475 0.04980355774413952 9.174733420464356
3318 0 0.01 147523.2900163664 6.7036851273972475 0.04980355774413952 9.174733420464356
3319 0 0.01 147523.2900163664 6.7036851273972475 0.04980355774413952 9.174733420464356
3320 0 0.01 147523.2900163664 6.7036851273972475 0.04980355774413952 9.174733420464356
3321 0 0.01 147523.2900163664 6.7036851273972475 0.04980355774413952 9.174733420464356
3322 0 0.01 147523.2900163664 6.7036851273972475 0.04980355774413952 9.174733420464356
3323 0 0.01 147523.2900163664 6.7036851273972475 0.04980355774413952 9.174733420464356
3324 0 0.01 147523.2900163664 6.7036851273972475 0.04980355774413952 9.174733420464356
3325 0 0.01 147523.2900163664 6.7036851273972475 0.04980355774413952 9.174733420464356
3326 0 0.01 147523.2900163664 6.7036851273972475 0.04980355774413952 9.174733420464356
3327 0 0.01 147523.2900163664 6.7036851273972475 0.04980355774413952 9.174733420464356
3328 0 0.01 147523.2900163664 6.7036851273972475 0.04980355774413952 9.174733420464356
3329 0 0.01 147523.2900163664 6.7036851273972475 0.04980355774413952 9.174733420464356
3330 0 0.01 147523.2900163664 6.7036851273972475 0.04980355774413952 9.174733420464356
3331 0 0.01 147523.2900163664 6.7036851273972475 0.04980355774413952 9.174733420464356
3332 0 0.01 147523.2900163664 6.7036851273972475 0.04980355774413952 9.174733420464356
3333 0 0.01 147523.2900163664 6.7036851273972475 0.04980355774413952 9.174733420464356
3334 0 0.01 147523.2900163664 6.7036851273972475 0.04980355774413952 9.174733420464356
3335 0 0.01 147523.2900163664 6.7036851273972475 0.04980355774413952 9.174733420464356
3336 0 0.01 147523.2900163664 6.7036851273972475 0.04980355774413952 9.174733420464356
3337 0 0.01 147523.2900163664 6.7036851273972475 0.04980355774413952 9.174733420464356
3338 0 0.01 147523.2900163664 6.7036851273972475 0.04980355774413952 9.174733420464356
3339 0 0.01 147523.2900163664 6.7036851273972475 0.04980355774413952 9.174733420464356
3340 0 0.01 147523.2900163664 6.7036851273972475 0.04980355774413952 9.174733420464356
3341 0 0.01 147523.2900163664 6.7036851273972475 0.04980355774413952 9.174733420464356
3342 0 0.01 147523.2900163664 6.7036851273972475 0.04980355774413952 9.174733420464356
3343 0 0.01 147523.2900163664 6.7036851273972475 0.04980355774413952 9.174733420464356
3344 0 0.01 147523.2900163664 6.7036851273972475 0.04980355774413952 9.174733420464356
3345 0 0.01 147523.2900163664 6.7036851273972475 0.04980355774413952 9.174733420464356
3346 0 0.01 147523.2900163664 6.7036851273972475 0.04980355774413952 9.174733420464356
3347 0 0.01 147523.2900163664 6.7036851273972475 0.04980355774413952 9.174733420464356
3348 0 0.01 147523.2900163664 6.7036851273972475 0.04980355774413952 9.174733420464356
3349 0 0.01 147523.2900163664 6.7036851273972475 0.04980355774413952 9.174733420464356
3350 0 0.01 147523.2900163664 6.7036851273972475 0.04980355774413952 9.174733420464356
3351 0 0.01 147523.2900163664 6.7036851273972475 0.04980355774413952 9.174733420464356
3352 0 0.01 147523.2900163664 6.7036851273972475 0.04980355774413952 9.174733420464356
3353 0 0.01 147523.2900163664 6.7036851273972475 0.04980355774413952 9.174733420464356
3354 0 0.01 147523.2900163664 6.7036851273972475 0.04980355774413952 9.174733420464356
3355 0 0.01 147523.2900163664 6.7036851273972475 0.04980355774413952 9.174733420464356
3356 0 0.01 147523.2900163664 6.7036851273972475 0.04980355774413952 9.174733420464356
3357 0 0.01 147523.2900163664 6.7036851273972475 0.04980355774413952 9.174733420464356
3358 0 0.01 147523.2900163664 6.7036851273972475 0.04980355774413952 9.174733420464356
3359 0 0.01 147523.2900163664 6.7036851273972475 0.04980355774413952 9.174733420464356
3360 0 0.01 147523.2900163664 6.7036851273972475 0.04980355774413952 9.174733420464356
3361 0 0.01 147523.2900163664 6.7036851273972475 0.04980355774413952 9.174733420464356
3362 0 0.01 147523.2900163664 6.7036851273972475 0.04980355774413952 9.174733420464356
3363 0 0.01 147523.2900163664 6.7036851273972475 0.04980355774413952 9.174733420464356
3364 0 0.01 147523.2900163664 6.7036851273972475 0.04980355774413952 9.174733420464356
3365 0 0.01 147523.2900163664 6.7036851273972475 0.04980355774413952 9.174733420464356
3366 0 0.01 147523.2900163664 6.7036851273972475 0.04980355774413952 9.174733420464356
3367 0 0.01 147523.2900163664 6.7036851273972475 0.04980355774413952 9.174733420464356
3368 0 0.01 147523.2900163664 6.7036851273972475 0.04980355774413952 9.174733420464356
3369 0 0.01 147523.2900163664 6.7036851273972475 0.04980355774413952 9.174733420464356
3370 0 0.01 147523.2900163664 6.7036851273972475 0.04980355774413952 9.174733420464356
3371 0 0.01 147523.2900163664 6.7036851273972475 0.04980355774413952 9.174733420464356
3372 0 0.01 147523.2900163664 6.7036851273972475 0.04980355774413952 9.174733420464356
3373 0 0.01 147523.2900163664 6.7036851273972475 0.04980355774413952 9.174733420464356
3374 0 0.01 147523.2900163664 6.7036851273972475 0.04980355774413952 9.174733420464356
3375 0 0.01 147523.2900163664 6.7036851273972475 0.04980355774413952 9.174733420464356
3376 0 0.01 147523.2900163664 6.7036851273972475 0.04980355774413952 9.174733420464356
3377 0 0.01 147523.2900163664 6.7036851273972475 0.04980355774413952 9.174733420464356
3378 0 0.01 147523.2900163664 6.7036851273972475 0.04980355774413952 9.174733420464356
3379 0 0.01 147523.2900163664 6.7036851273972475 0.04980355774413952 9.174733420464356
3380 0 0.01 147523.2900163664 6.7036851273972475 0.04980355774413952 9.174733420464356
3381 0 0.01 147523.2900163664 6.7036851273972475 0.04980355774413952 9.174733420464356
3382 0 0.01 147523.2900163664 6.7036851273972475 0.04980355774413952 9.174733420464356
3383 0 0.01 147523.2900163664 6.7036851273972475 0.04980355774413952 9.174733420464356
3384 0 0.01 147523.2900163664 6.7036851273972475 0.04980355774413952 9.174733420464356
3385 0 0.01 147523.2900163664 6.7036851273972475 0.04980355774413952 9.174733420464356
3386 0 0.01 147523.2900163664 6.7036851273972475 0.04980355774413952 9.174733420464356
3387 0 0.01 147523.2900163664 6.7036851273972475 0.04980355774413952 9.174733420464356
3388 0 0.01 147523.2900163664 6.7036851273972475 0.04980355774413952 9.174733420464356
3389 0 0.01 147523.2900163664 6.7036851273972475 0.04980355774413952 9.174733420464356
3390 0 0.01 147523.2900163664 6.7036851273972475 0.04980355774413952 9.174733420464356
3391 0 0.01 147523.2900163664 6.7036851273972475 0.04980355774413952 9.174733420464356
3392 0 0.01 147523.2900163664 6.7036851273972475 0.04980355774413952 9.174733420464356
3393 0 0.01 147523.2900163664 6.7036851273972475 0.04980355774413952 9.174733420464356
3394 0 0.01 147523.2900163664 6.7036851273972475 0.04980355774413952 9.174733420464356
3395 0 0.01 147523.2900163664 6.7036851273972475 0.04980355774413952 9.174733420464356
3396 0 0.01 147523.2900163664 6.7036851273972475 0.04980355774413952 9.174733420464356
3397 0 0.01 147523.2900163664 6.7036851273972475 0.04980355774413952 9.174733420464356
3398 0 0.01 147523.2900163664 6.7036851273972475 0.04980355774413952 9.174733420464356
3399 0 0.01 147523.2900163664 6.7036851273972475 0.04980355774413952 9.174733420464356
3400 0 0.01 147523.2900163664 6.7036851273972475 0.04980355774413952 9.174733420464356
3401 0 0.01 147523.2900163664 6.7036851273972475 0.04980355774413952 9.174733420464356
3402 0 0.01 147523.2900163664 6.7036851273972475 0.04980355774413952 9.174733420464356
3403 0 0.01 147523.2900163664 6.7036851273972475 0.04980355774413952 9.174733420464356
3404 0 0.01 147523.2900163664 6.7036851273972475 0.04980355774413952 9.174733420464356
3405 0 0.01 147523.2900163664 6.7036851273972475 0.04980355774413952 9.174733420464356
3406 0 0.01 147523.2900163664 6.7036851273972475 0.04980355774413952 9.174733420464356
3407 0 0.01 147523.2900163664 6.7036851273972475 0.04980355774413952 9.174733420464356
3408 0 0.01 147523.2900163664 6.7036851273972475 0.04980355774413952 9.174733420464356
3409 0 0.01 147523.2900163664 6.7036851273972475 0.04980355774413952 9.174733420464356
3410 0 0.01 147523.2900163664 6.7036851273972475 0.04980355774413952 9.174733420464356
3411 0 0.01 147523.2900163664 6.7036851273972475 0.04980355774413952 9.174733420464356
3412 0 0.01 147523.2900163664 6.7036851273972475 0.04980355774413952 9.174733420464356
3413 0 0.01 147523.2900163664 6.7036851273972475 0.04980355774413952 9.174733420464356
3414 0 0.01 147523.2900163664 6.7036851273972475 0.04980355774413952 9.174733420464356
3415 0 0.01 147523.2900163664 6.7036851273972475 0.04980355774413952 9.174733420464356
3416 0 0.01 147523.2900163664 6.7036851273972475 0.04980355774413952 9.174733420464356
3417 0 0.01 147523.2900163664 6.7036851273972475 0.04980355774413952 9.174733420464356
3418 0 0.01 147523.2900163664 6.7036851273972475 0.04980355774413952 9.174733420464356
3419 0 0.01 147523.2900163664 6.7036851273972475 0.04980355774413952 9.174733420464356
3420 0 0.01 147523.2900163664 6.7036851273972475 0.04980355774413952 9.174733420464356
3421 0 0.01 147523.2900163664 6.7036851273972475 0.04980355774413952 9.174733420464356
3422 0 0.01 147523.2900163664 6.7036851273972475 0.04980355774413952 9.174733420464356
3423 0 0.01 147523.2900163664 6.7036851273972475 0.04980355774413952 9.174733420464356
3424 0 0.01 147523.2900163664 6.7036851273972475 0.04980355774413952 9.174733420464356
3425 0 0.01 147523.2900163664 6.7036851273972475 0.04980355774413952 9.174733420464356
3426 0 0.01 147523.2900163664 6.7036851273972475 0.04980355774413952 9.174733420464356
3427 0 0.01 147523.2900163664 6.7036851273972475 0.04980355774413952 9.174733420464356
3428 0 0.01 147523.2900163664 6.7036851273972475 0.04980355774413952 9.174733420464356
3429 0 0.01 147523.2900163664 6.7036851273972475 0.04980355774413952 9.174733420464356
3430 0 0.01 147523.2900163664 6.7036851273972475 0.04980355774413952 9.174733420464356
3431 0 0.01 147523.2900163664 6.7036851273972475 0.04980355774413952 9.174733420464356
3432 0 0.01 147523.2900163664 6.7036851273972475 0.04980355774413952 9.174733420464356
3433 0 0.01 147523.2900163664 6.7036851273972475 0.04980355774413952 9.174733420464356
3434 0 0.01 147523.2900163664 6.7036851273972475 0.04980355774413952 9.174733420464356
3435 0 0.01 147523.2900163664 6.7036851273972475 0.04980355774413952 9.174733420464356
3436 0 0.01 147523.2900163664 6.7036851273972475 0.04980355774413952 9.174733420464356
3437 0 0.01 147523.2900163664 6.7036851273972475 0.04980355774413952 9.174733420464356
3438 0 0.01 147523.2900163664 6.7036851273972475 0.04980355774413952 9.174733420464356
3439 0 0.01 147523.2900163664 6.7036851273972475 0.04980355774413952 9.174733420464356
3440 0 0.01 147523.2900163664 6.7036851273972475 0.04980355774413952 9.174733420464356
3441 0 0.01 147523.2900163664 6.7036851273972475 0.04980355774413952 9.174733420464356
3442 0 0.01 147523.2900163664 6.7036851273972475 0.04980355774413952 9.174733420464356
3443 0 0.01 147523.2900163664 6.7036851273972475 0.04980355774413952 9.174733420464356
3444 0 0.01 147523.2900163664 6.7036851273972475 0.04980355774413952 9.174733420464356
3445 0 0.01 147523.2900163664 6.7036851273972475 0.04980355774413952 9.174733420464356
3446 0 0.01 147523.2900163664 6.7036851273972475 0.04980355774413952 9.174733420464356
3447 0 0.01 147523.2900163664 6.7036851273972475 0.04980355774413952 9.174733420464356
3448 0 0.01 147523.2900163664 6.7036851273972475 0.04980355774413952 9.174733420464356
3449 0 0.01 147523.2900163664 6.7036851273972475 0.04980355774413952 9.174733420464356
3450 0 0.01 147523.2900163664 6.7036851273972475 0.04980355774413952 9.174733420464356
3451 0 0.01 147523.2900163664 6.7036851273972475 0.04980355774413952 9.174733420464356
3452 0 0.01 147523.2900163664 6.7036851273972475 0.04980355774413952 9.174733420464356
3453 0 0.01 147523.2900163664 6.7036851273972475 0.04980355774413952 9.174733420464356
3454 0 0.01 147523.2900163664 6.7036851273972475 0.04980355774413952 9.174733420464356
3455 0 0.01 147523.2900163664 6.7036851273972475 0.04980355774413952 9.174733420464356
3456 0 0.01 147523.2900163664 6.7036851273972475 0.04980355774413952 9.174733420464356
3457 0 0.01 147523.2900163664 6.7036851273972475 0.04980355774413952 9.174733420464356
3458 0 0.01 147523.2900163664 6.7036851273972475 0.04980355774413952 9.174733420464356
3459 0 0.01 147523.2900163664 6.7036851273972475 0.04980355774413952 9.174733420464356
3460 0 0.01 147523.2900163664 6.7036851273972475 0.04980355774413952 9.174733420464356
3461 0 0.01 147523.2900163664 6.7036851273972475 0.04980355774413952 9.174733420464356
3462 0 0.01 147523.2900163664 6.7036851273972475 0.04980355774413952 9.174733420464356
3463 0 0.01 147523.2900163664 6.7036851273972475 0.04980355774413952 9.174733420464356
3464 0 0.01 147523.2900163664 6.7036851273972475 0.04980355774413952 9.174733420464356
3465 0 0.01 147523.2900163664 6.7036851273972475 0.04980355774413952 9.174733420464356
3466 0 0.01 147523.2900163664 6.7036851273972475 0.04980355774413952 9.174733420464356
3467 0 0.01 147523.2900163664 6.7036851273972475 0.04980355774413952 9.174733420464356
3468 0 0.01 147523.2900163664 6.7036851273972475 0.04980355774413952 9.174733420464356
3469 0 0.01 147523.2900163664 6.7036851273972475 0.04980355774413952 9.174733420464356
3470 0 0.01 147523.2900163664 6.7036851273972475 0.04980355774413952 9.174733420464356
3471 0 0.01 147523.2900163664 6.7036851273972475 0.04980355774413952 9.174733420464356
3472 0 0.01 147523.2900163664 6.7036851273972475 0.04980355774413952 9.174733420464356
3473 0 0.01 147523.2900163664 6.7036851273972475 0.04980355774413952 9.174733420464356
3474 0 0.01 147523.2900163664 6.7036851273972475 0.04980355774413952 9.174733420464356
3475 0 0.01 147523.2900163664 6.7036851273972475 0.04980355774413952 9.174733420464356
3476 0 0.01 147523.2900163664 6.7036851273972475 0.04980355774413952 9.174733420464356
3477 0 0.01 147523.2900163664 6.7036851273972475 0.04980355774413952 9.174733420464356
3478 0 0.01 147523.2900163664 6.7036851273972475 0.04980355774413952 9.174733420464356
3479 0 0.01 147523.2900163664 6.7036851273972475 0.04980355774413952 9.174733420464356
3480 0 0.01 147523.2900163664 6.7036851273972475 0.04980355774413952 9.174733420464356
3481 0 0.01 147523.2900163664 6.7036851273972475 0.04980355774413952 9.174733420464356
3482 0 0.01 147523.2900163664 6.7036851273972475 0.04980355774413952 9.174733420464356
3483 0 0.01 147523.2900163664 6.7036851273972475 0.04980355774413952 9.174733420464356
3484 0 0.01 147523.2900163664 6.7036851273972475 0.04980355774413952 9.174733420464356
3485 0 0.01 147523.2900163664 6.7036851273972475 0.04980355774413952 9.174733420464356
3486 0 0.01 147523.2900163664 6.7036851273972475 0.04980355774413952 9.174733420464356
3487 0 0.01 147523.2900163664 6.7036851273972475 0.04980355774413952 9.174733420464356
3488 0 0.01 147523.2900163664 6.7036851273972475 0.04980355774413952 9.174733420464356
3489 0 0.01 147523.2900163664 6.7036851273972475 0.04980355774413952 9.174733420464356
3490 0 0.01 147523.2900163664 6.7036851273972475 0.04980355774413952 9.174733420464356
3491 0 0.01 147523.2900163664 6.7036851273972475 0.04980355774413952 9.174733420464356
3492 0 0.01 147523.2900163664 6.7036851273972475 0.04980355774413952 9.174733420464356
3493 0 0.01 147523.2900163664 6.7036851273972475 0.04980355774413952 9.174733420464356
3494 0 0.01 147523.2900163664 6.7036851273972475 0.04980355774413952 9.174733420464356
3495 0 0.01 147523.2900163664 6.7036851273972475 0.04980355774413952 9.174733420464356
3496 0 0.01 147523.2900163664 6.7036851273972475 0.04980355774413952 9.174733420464356
3497 0 0.01 147523.2900163664 6.7036851273972475 0.04980355774413952 9.174733420464356
3498 0 0.01 147523.2900163664 6.7036851273972475 0.04980355774413952 9.174733420464356
3499 0 0.01 147523.2900163664 6.7036851273972475 0.04980355774413952 9.174733420464356
3500 0 0.01 147523.2900163664 6.7036851273972475 0.04980355774413952 9.174733420464356
3501 0 0.01 147523.2900163664 6.7036851273972475 0.04980355774413952 9.174733420464356
3502 0 0.01 147523.2900163664 6.7036851273972475 0.04980355774413952 9.174733420464356
3503 0 0.01 147523.2900163664 6.7036851273972475 0.04980355774413952 9.174733420464356
3504 0 0.01 147523.2900163664 6.7036851273972475 0.04980355774413952 9.174733420464356
3505 0 0.01 147523.2900163664 6.7036851273972475 0.04980355774413952 9.174733420464356
3506 0 0.01 147523.2900163664 6.7036851273972475 0.04980355774413952 9.174733420464356
3507 0 0.01 147523.2900163664 6.7036851273972475 0.04980355774413952 9.174733420464356
3508 0 0.01 147523.2900163664 6.7036851273972475 0.04980355774413952 9.174733420464356
3509 0 0.01 147523.2900163664 6.7036851273972475 0.04980355774413952 9.174733420464356
3510 0 0.01 147523.2900163664 6.7036851273972475 0.04980355774413952 9.174733420464356
3511 0 0.01 147523.2900163664 6.7036851273972475 0.04980355774413952 9.174733420464356
3512 0 0.01 147523.2900163664 6.7036851273972475 0.04980355774413952 9.174733420464356
3513 0 0.01 147523.2900163664 6.7036851273972475 0.04980355774413952 9.174733420464356
3514 0 0.01 147523.2900163664 6.7036851273972475 0.04980355774413952 9.174733420464356
3515 0 0.01 147523.2900163664 6.7036851273972475 0.04980355774413952 9.174733420464356
3516 0 0.01 147523.2900163664 6.7036851273972475 0.04980355774413952 9.174733420464356
3517 0 0.01 147523.2900163664 6.7036851273972475 0.04980355774413952 9.174733420464356
3518 0 0.01 147523.2900163664 6.7036851273972475 0.04980355774413952 9.174733420464356
3519 0 0.01 147523.2900163664 6.7036851273972475 0.04980355774413952 9.174733420464356
3520 0 0.01 147523.2900163664 6.7036851273972475 0.04980355774413952 9.174733420464356
3521 0 0.01 147523.2900163664 6.7036851273972475 0.04980355774413952 9.174733420464356
3522 0 0.01 147523.2900163664 6.7036851273972475 0.04980355774413952 9.174733420464356
3523 0 0.01 147523.2900163664 6.7036851273972475 0.04980355774413952 9.174733420464356
3524 0 0.01 147523.2900163664 6.7036851273972475 0.04980355774413952 9.174733420464356
3525 0 0.01 147523.2900163664 6.7036851273972475 0.04980355774413952 9.174733420464356
3526 0 0.01 147523.2900163664 6.7036851273972475 0.04980355774413952 9.174733420464356
3527 0 0.01 147523.2900163664 6.7036851273972475 0.04980355774413952 9.174733420464356
3528 0 0.01 147523.2900163664 6.7036851273972475 0.04980355774413952 9.174733420464356
3529 0 0.01 147523.2900163664 6.7036851273972475 0.04980355774413952 9.174733420464356
3530 0 0.01 147523.2900163664 6.7036851273972475 0.04980355774413952 9.174733420464356
3531 0 0.01 147523.2900163664 6.7036851273972475 0.04980355774413952 9.174733420464356
3532 0 0.01 147523.2900163664 6.7036851273972475 0.04980355774413952 9.174733420464356
3533 0 0.01 147523.2900163664 6.7036851273972475 0.04980355774413952 9.174733420464356
3534 0 0.01 147523.2900163664 6.7036851273972475 0.04980355774413952 9.174733420464356
3535 0 0.01 147523.2900163664 6.7036851273972475 0.04980355774413952 9.174733420464356
3536 0 0.01 147523.2900163664 6.7036851273972475 0.04980355774413952 9.174733420464356
3537 0 0.01 147523.2900163664 6.7036851273972475 0.04980355774413952 9.174733420464356
3538 0 0.01 147735.85609193347 6.7229030635164575 0.048725550706364376 9.199124914904408
3539 0 0.01 147735.85609193347 6.7229030635164575 0.048725550706364376 9.199124914904408
3540 0 0.01 147735.85609193347 6.7229030635164575 0.048725550706364376 9.199124914904408
3541 0 0.01 147735.85609193347 6.7229030635164575 0.048725550706364376 9.199124914904408
3542 0 0.01 147735.85609193347 6.7229030635164575 0.048725550706364376 9.199124914904408
3543 0 0.01 147735.85609193347 6.7229030635164575 0.048725550706364376 9.199124914904408
3544 0 0.01 147735.85609193347 6.7229030635164575 0.048725550706364376 9.199124914904408
3545 0 0.01 147735.85609193347 6.7229030635164575 0.048725550706364376 9.199124914904408
3546 0 0.01 147735.85609193347 6.7229030635164575 0.048725550706364376 9.199124914904408
3547 0 0.01 147735.85609193347 6.7229030635164575 0.048725550706364376 9.199124914904408
3548 0 0.01 147735.85609193347 6.7229030635164575 0.048725550706364376 9.199124914904408
3549 0 0.01 147735.85609193347 6.7229030635164575 0.048725550706364376 9.199124914904408
3550 0 0.01 147735.85609193347 6.7229030635164575 0.048725550706364376 9.199124914904408
3551 0 0.01 147735.85609193347 6.7229030635164575 0.048725550706364376 9.199124914904408
3552 0 0.01 147735.85609193347 6.7229030635164575 0.048725550706364376 9.199124914904408
3553 0 0.01 147735.85609193347 6.7229030635164575 0.048725550706364376 9.199124914904408
3554 0 0.01 147735.85609193347 6.7229030635164575 0.048725550706364376 9.199124914904408
3555 0 0.01 147735.85609193347 6.7229030635164575 0.048725550706364376 9.199124914904408
3556 0 0.01 147735.85609193347 6.7229030635164575 0.048725550706364376 9.199124914904408
3557 0 0.01 147735.85609193347 6.7229030635164575 0.048725550706364376 9.199124914904408
3558 0 0.01 147735.85609193347 6.7229030635164575 0.048725550706364376 9.199124914904408
3559 0 0.01 147735.85609193347 6.7229030635164575 0.048725550706364376 9.199124914904408
3560 0 0.01 147735.85609193347 6.7229030635164575 0.048725550706364376 9.199124914904408
3561 0 0.01 147735.85609193347 6.7229030635164575 0.048725550706364376 9.199124914904408
3562 0 0.01 147735.85609193347 6.7229030635164575 0.048725550706364376 9.199124914904408
3563 0 0.01 147735.85609193347 6.7229030635164575 0.048725550706364376 9.199124914904408
3564 0 0.01 147735.85609193347 6.7229030635164575 0.048725550706364376 9.199124914904408
3565 0 0.01 147735.85609193347 6.7229030635164575 0.048725550706364376 9.199124914904408
3566 0 0.01 147735.85609193347 6.7229030635164575 0.048725550706364376 9.199124914904408
3567 0 0.01 147735.85609193347 6.7229030635164575 0.048725550706364376 9.199124914904408
3568 0 0.01 147735.85609193347 6.7229030635164575 0.048725550706364376 9.199124914904408
3569 0 0.01 147735.85609193347 6.7229030635164575 0.048725550706364376 9.199124914904408
3570 0 0.01 147735.85609193347 6.7229030635164575 0.048725550706364376 9.199124914904408
3571 0 0.01 147735.85609193347 6.7229030635164575 0.048725550706364376 9.199124914904408
3572 0 0.01 147735.85609193347 6.7229030635164575 0.048725550706364376 9.199124914904408
3573 0 0.01 147735.85609193347 6.7229030635164575 0.048725550706364376 9.199124914904408
3574 0 0.01 147735.85609193347 6.7229030635164575 0.048725550706364376 9.199124914904408
3575 0 0.01 147735.85609193347 6.7229030635164575 0.048725550706364376 9.199124914904408
3576 0 0.01 147735.85609193347 6.7229030635164575 0.048725550706364376 9.199124914904408
3577 0 0.01 147735.85609193347 6.7229030635164575 0.048725550706364376 9.199124914904408
3578 0 0.01 147735.85609193347 6.7229030635164575 0.048725550706364376 9.199124914904408
3579 0 0.01 147735.85609193347 6.7229030635164575 0.048725550706364376 9.199124914904408
3580 0 0.01 147735.85609193347 6.7229030635164575 0.048725550706364376 9.199124914904408
3581 0 0.01 147735.85609193347 6.7229030635164575 0.048725550706364376 9.199124914904408
3582 0 0.01 147735.85609193347 6.7229030635164575 0.048725550706364376 9.199124914904408
3583 0 0.01 147735.85609193347 6.7229030635164575 0.048725550706364376 9.199124914904408
3584 0 0.01 147735.85609193347 6.7229030635164575 0.048725550706364376 9.199124914904408
3585 0 0.01 147735.85609193347 6.7229030635164575 0.048725550706364376 9.199124914904408
3586 0 0.01 147735.85609193347 6.7229030635164575 0.048725550706364376 9.199124914904408
3587 0 0.01 147735.85609193347 6.7229030635164575 0.048725550706364376 9.199124914904408
3588 0 0.01 147735.85609193347 6.7229030635164575 0.048725550706364376 9.199124914904408
3589 0 0.01 147735.85609193347 6.7229030635164575 0.048725550706364376 9.199124914904408
3590 0 0.01 147735.85609193347 6.7229030635164575 0.048725550706364376 9.199124914904408
3591 0 0.01 147735.85609193347 6.7229030635164575 0.048725550706364376 9.199124914904408
3592 0 0.01 147735.85609193347 6.7229030635164575 0.048725550706364376 9.199124914904408
3593 0 0.01 147735.85609193347 6.7229030635164575 0.048725550706364376 9.199124914904408
3594 0 0.01 147735.85609193347 6.7229030635164575 0.048725550706364376 9.199124914904408
3595 0 0.01 147735.85609193347 6.7229030635164575 0.048725550706364376 9.199124914904408
3596 0 0.01 147735.85609193347 6.7229030635164575 0.048725550706364376 9.199124914904408
3597 0 0.01 147735.85609193347 6.7229030635164575 0.048725550706364376 9.199124914904408
3598 0 0.01 147735.85609193347 6.7229030635164575 0.048725550706364376 9.199124914904408
3599 0 0.01 147735.85609193347 6.7229030635164575 0.048725550706364376 9.199124914904408
3600 0 0.01 147735.85609193347 6.7229030635164575 0.048725550706364376 9.199124914904408
3601 0 0.01 147735.85609193347 6.7229030635164575 0.048725550706364376 9.199124914904408
3602 0 0.01 147735.85609193347 6.7229030635164575 0.048725550706364376 9.199124914904408
3603 0 0.01 147735.85609193347 6.7229030635164575 0.048725550706364376 9.199124914904408
3604 0 0.01 147735.85609193347 6.7229030635164575 0.048725550706364376 9.199124914904408
3605 0 0.01 147735.85609193347 6.7229030635164575 0.048725550706364376 9.199124914904408
3606 0 0.01 147735.85609193347 6.7229030635164575 0.048725550706364376 9.199124914904408
3607 0 0.01 147735.85609193347 6.7229030635164575 0.048725550706364376 9.199124914904408
3608 0 0.01 147735.85609193347 6.7229030635164575 0.048725550706364376 9.199124914904408
3609 0 0.01 147735.85609193347 6.7229030635164575 0.048725550706364376 9.199124914904408
3610 0 0.01 147735.85609193347 6.7229030635164575 0.048725550706364376 9.199124914904408
3611 0 0.01 147735.85609193347 6.7229030635164575 0.048725550706364376 9.199124914904408
3612 0 0.01 147735.85609193347 6.7229030635164575 0.048725550706364376 9.199124914904408
3613 0 0.01 147735.85609193347 6.7229030635164575 0.048725550706364376 9.199124914904408
3614 0 0.01 147735.85609193347 6.7229030635164575 0.048725550706364376 9.199124914904408
3615 0 0.01 147735.85609193347 6.7229030635164575 0.048725550706364376 9.199124914904408
3616 0 0.01 147735.85609193347 6.7229030635164575 0.048725550706364376 9.199124914904408
3617 0 0.01 147735.85609193347 6.7229030635164575 0.048725550706364376 9.199124914904408
3618 0 0.01 147735.85609193347 6.7229030635164575 0.048725550706364376 9.199124914904408
3619 0 0.01 147735.85609193347 6.7229030635164575 0.048725550706364376 9.199124914904408
3620 0 0.01 147735.85609193347 6.7229030635164575 0.048725550706364376 9.199124914904408
3621 0 0.01 147735.85609193347 6.7229030635164575 0.048725550706364376 9.199124914904408
3622 0 0.01 147735.85609193347 6.7229030635164575 0.048725550706364376 9.199124914904408
3623 0 0.01 147735.85609193347 6.7229030635164575 0.048725550706364376 9.199124914904408
3624 0 0.01 147735.85609193347 6.7229030635164575 0.048725550706364376 9.199124914904408
3625 0 0.01 147735.85609193347 6.7229030635164575 0.048725550706364376 9.199124914904408
3626 0 0.01 147735.85609193347 6.7229030635164575 0.048725550706364376 9.199124914904408
3627 0 0.01 147735.85609193347 6.7229030635164575 0.048725550706364376 9.199124914904408
3628 0 0.01 147735.85609193347 6.7229030635164575 0.048725550706364376 9.199124914904408
3629 0 0.01 147735.85609193347 6.7229030635164575 0.048725550706364376 9.199124914904408
3630 0 0.01 147735.85609193347 6.7229030635164575 0.048725550706364376 9.199124914904408
3631 0 0.01 147735.85609193347 6.7229030635164575 0.048725550706364376 9.199124914904408
3632 0 0.01 147735.85609193347 6.7229030635164575 0.048725550706364376 9.199124914904408
3633 0 0.01 147735.85609193347 6.7229030635164575 0.048725550706364376 9.199124914904408
3634 0 0.01 147735.85609193347 6.7229030635164575 0.048725550706364376 9.199124914904408
3635 0 0.01 147735.85609193347 6.7229030635164575 0.048725550706364376 9.199124914904408
3636 0 0.01 147735.85609193347 6.7229030635164575 0.048725550706364376 9.199124914904408
3637 0 0.01 147735.85609193347 6.7229030635164575 0.048725550706364376 9.199124914904408
3638 0 0.01 147735.85609193347 6.7229030635164575 0.048725550706364376 9.199124914904408
3639 0 0.01 147735.85609193347 6.7229030635164575 0.048725550706364376 9.199124914904408
3640 0 0.01 147735.85609193347 6.7229030635164575 0.048725550706364376 9.199124914904408
3641 0 0.01 147735.85609193347 6.7229030635164575 0.048725550706364376 9.199124914904408
3642 0 0.01 147735.85609193347 6.7229030635164575 0.048725550706364376 9.199124914904408
3643 0 0.01 147735.85609193347 6.7229030635164575 0.048725550706364376 9.199124914904408
3644 0 0.01 147735.85609193347 6.7229030635164575 0.048725550706364376 9.199124914904408
3645 0 0.01 147735.85609193347 6.7229030635164575 0.048725550706364376 9.199124914904408
3646 0 0.01 147735.85609193347 6.7229030635164575 0.048725550706364376 9.199124914904408
3647 0 0.01 147735.85609193347 6.7229030635164575 0.048725550706364376 9.199124914904408
3648 0 0.01 147735.85609193347 6.7229030635164575 0.048725550706364376 9.199124914904408
3649 0 0.01 147735.85609193347 6.7229030635164575 0.048725550706364376 9.199124914904408
3650 0 0.01 147735.85609193347 6.7229030635164575 0.048725550706364376 9.199124914904408
3651 0 0.01 147735.85609193347 6.7229030635164575 0.048725550706364376 9.199124914904408
3652 0 0.01 147735.85609193347 6.7229030635164575 0.048725550706364376 9.199124914904408
3653 0 0.01 147735.85609193347 6.7229030635164575 0.048725550706364376 9.199124914904408
3654 0 0.01 147735.85609193347 6.7229030635164575 0.048725550706364376 9.199124914904408
3655 0 0.01 147735.85609193347 6.7229030635164575 0.048725550706364376 9.199124914904408
3656 0 0.01 147735.85609193347 6.7229030635164575 0.048725550706364376 9.199124914904408
3657 0 0.01 147735.85609193347 6.7229030635164575 0.048725550706364376 9.199124914904408
3658 0 0.01 147735.85609193347 6.7229030635164575 0.048725550706364376 9.199124914904408
3659 0 0.01 147735.85609193347 6.7229030635164575 0.048725550706364376 9.199124914904408
3660 0 0.01 147735.85609193347 6.7229030635164575 0.048725550706364376 9.199124914904408
3661 0 0.01 147735.85609193347 6.7229030635164575 0.048725550706364376 9.199124914904408
3662 0 0.01 147735.85609193347 6.7229030635164575 0.048725550706364376 9.199124914904408
3663 0 0.01 147735.85609193347 6.7229030635164575 0.048725550706364376 9.199124914904408
3664 0 0.01 147735.85609193347 6.7229030635164575 0.048725550706364376 9.199124914904408
3665 0 0.01 147735.85609193347 6.7229030635164575 0.048725550706364376 9.199124914904408
3666 0 0.01 147735.85609193347 6.7229030635164575 0.048725550706364376 9.199124914904408
3667 0 0.01 147735.85609193347 6.7229030635164575 0.048725550706364376 9.199124914904408
3668 0 0.01 147735.85609193347 6.7229030635164575 0.048725550706364376 9.199124914904408
3669 0 0.01 147735.85609193347 6.7229030635164575 0.048725550706364376 9.199124914904408
3670 0 0.01 147735.85609193347 6.7229030635164575 0.048725550706364376 9.199124914904408
3671 0 0.01 147735.85609193347 6.7229030635164575 0.048725550706364376 9.199124914904408
3672 0 0.01 147735.85609193347 6.7229030635164575 0.048725550706364376 9.199124914904408
3673 0 0.01 147735.85609193347 6.7229030635164575 0.048725550706364376 9.199124914904408
3674 0 0.01 147735.85609193347 6.7229030635164575 0.048725550706364376 9.199124914904408
3675 0 0.01 147735.85609193347 6.7229030635164575 0.048725550706364376 9.199124914904408
3676 0 0.01 147735.85609193347 6.7229030635164575 0.048725550706364376 9.199124914904408
3677 0 0.01 147735.85609193347 6.7229030635164575 0.048725550706364376 9.199124914904408
3678 0 0.01 147735.85609193347 6.7229030635164575 0.048725550706364376 9.199124914904408
3679 0 0.01 147735.85609193347 6.7229030635164575 0.048725550706364376 9.199124914904408
3680 0 0.01 147735.85609193347 6.7229030635164575 0.048725550706364376 9.199124914904408
3681 0 0.01 147735.85609193347 6.7229030635164575 0.048725550706364376 9.199124914904408
3682 0 0.01 147735.85609193347 6.7229030635164575 0.048725550706364376 9.199124914904408
3683 0 0.01 147735.85609193347 6.7229030635164575 0.048725550706364376 9.199124914904408
3684 0 0.01 147735.85609193347 6.7229030635164575 0.048725550706364376 9.199124914904408
3685 0 0.01 147735.85609193347 6.7229030635164575 0.048725550706364376 9.199124914904408
3686 0 0.01 147735.85609193347 6.7229030635164575 0.048725550706364376 9.199124914904408
3687 0 0.01 147735.85609193347 6.7229030635164575 0.048725550706364376 9.199124914904408
3688 0 0.01 147735.85609193347 6.7229030635164575 0.048725550706364376 9.199124914904408
3689 0 0.01 147735.85609193347 6.7229030635164575 0.048725550706364376 9.199124914904408
3690 0 0.01 147735.85609193347 6.7229030635164575 0.048725550706364376 9.199124914904408
3691 0 0.01 147735.85609193347 6.7229030635164575 0.048725550706364376 9.199124914904408
3692 0 0.01 147735.85609193347 6.7229030635164575 0.048725550706364376 9.199124914904408
3693 0 0.01 147735.85609193347 6.7229030635164575 0.048725550706364376 9.199124914904408
3694 0 0.01 147735.85609193347 6.7229030635164575 0.048725550706364376 9.199124914904408
3695 0 0.01 147735.85609193347 6.7229030635164575 0.048725550706364376 9.199124914904408
3696 0 0.01 147735.85609193347 6.7229030635164575 0.048725550706364376 9.199124914904408
3697 0 0.01 147735.85609193347 6.7229030635164575 0.048725550706364376 9.199124914904408
3698 0 0.01 147735.85609193347 6.7229030635164575 0.048725550706364376 9.199124914904408
3699 0 0.01 147735.85609193347 6.7229030635164575 0.048725550706364376 9.199124914904408
3700 0 0.01 147735.85609193347 6.7229030635164575 0.048725550706364376 9.199124914904408
3701 0 0.01 147735.85609193347 6.7229030635164575 0.048725550706364376 9.199124914904408
3702 0 0.01 147735.85609193347 6.7229030635164575 0.048725550706364376 9.199124914904408
3703 0 0.01 147735.85609193347 6.7229030635164575 0.048725550706364376 9.199124914904408
3704 0 0.01 147735.85609193347 6.7229030635164575 0.048725550706364376 9.199124914904408
3705 0 0.01 147735.85609193347 6.7229030635164575 0.048725550706364376 9.199124914904408
3706 0 0.01 147735.85609193347 6.7229030635164575 0.048725550706364376 9.199124914904408
3707 0 0.01 147735.85609193347 6.7229030635164575 0.048725550706364376 9.199124914904408
3708 0 0.01 147735.85609193347 6.7229030635164575 0.048725550706364376 9.199124914904408
3709 0 0.01 147735.85609193347 6.7229030635164575 0.048725550706364376 9.199124914904408
3710 0 0.01 147735.85609193347 6.7229030635164575 0.048725550706364376 9.199124914904408
3711 0 0.01 147735.85609193347 6.7229030635164575 0.048725550706364376 9.199124914904408
3712 0 0.01 147735.85609193347 6.7229030635164575 0.048725550706364376 9.199124914904408
3713 0 0.01 147735.85609193347 6.7229030635164575 0.048725550706364376 9.199124914904408
3714 0 0.01 147735.85609193347 6.7229030635164575 0.048725550706364376 9.199124914904408
3715 0 0.01 147735.85609193347 6.7229030635164575 0.048725550706364376 9.199124914904408
3716 0 0.01 147735.85609193347 6.7229030635164575 0.048725550706364376 9.199124914904408
3717 0 0.01 147735.85609193347 6.7229030635164575 0.048725550706364376 9.199124914904408
3718 0 0.01 147735.85609193347 6.7229030635164575 0.048725550706364376 9.199124914904408
3719 0 0.01 147735.85609193347 6.7229030635164575 0.048725550706364376 9.199124914904408
3720 0 0.01 147735.85609193347 6.7229030635164575 0.048725550706364376 9.199124914904408
3721 0 0.01 147735.85609193347 6.7229030635164575 0.048725550706364376 9.199124914904408
3722 0 0.01 147735.85609193347 6.7229030635164575 0.048725550706364376 9.199124914904408
3723 0 0.01 147735.85609193347 6.7229030635164575 0.048725550706364376 9.199124914904408
3724 0 0.01 147735.85609193347 6.7229030635164575 0.048725550706364376 9.199124914904408
3725 0 0.01 147735.85609193347 6.7229030635164575 0.048725550706364376 9.199124914904408
3726 0 0.01 147735.85609193347 6.7229030635164575 0.048725550706364376 9.199124914904408
3727 0 0.01 147735.85609193347 6.7229030635164575 0.048725550706364376 9.199124914904408
3728 0 0.01 147735.85609193347 6.7229030635164575 0.048725550706364376 9.199124914904408
3729 0 0.01 147735.85609193347 6.7229030635164575 0.048725550706364376 9.199124914904408
3730 0 0.01 147735.85609193347 6.7229030635164575 0.048725550706364376 9.199124914904408
3731 0 0.01 147735.85609193347 6.7229030635164575 0.048725550706364376 9.199124914904408
3732 0 0.01 147735.85609193347 6.7229030635164575 0.048725550706364376 9.199124914904408
3733 0 0.01 147735.85609193347 6.7229030635164575 0.048725550706364376 9.199124914904408
3734 0 0.01 147735.85609193347 6.7229030635164575 0.048725550706364376 9.199124914904408
3735 0 0.01 147735.85609193347 6.7229030635164575 0.048725550706364376 9.199124914904408
3736 0 0.01 147735.85609193347 6.7229030635164575 0.048725550706364376 9.199124914904408
3737 0 0.01 147735.85609193347 6.7229030635164575 0.048725550706364376 9.199124914904408
3738 0 0.01 147735.85609193347 6.7229030635164575 0.048725550706364376 9.199124914904408
3739 0 0.01 147735.85609193347 6.7229030635164575 0.048725550706364376 9.199124914904408
3740 0 0.01 147735.85609193347 6.7229030635164575 0.048725550706364376 9.199124914904408
3741 0 0.01 147735.85609193347 6.7229030635164575 0.048725550706364376 9.199124914904408
3742 0 0.01 147735.85609193347 6.7229030635164575 0.048725550706364376 9.199124914904408
3743 0 0.01 147735.85609193347 6.7229030635164575 0.048725550706364376 9.199124914904408
3744 0 0.01 147735.85609193347 6.7229030635164575 0.048725550706364376 9.199124914904408
3745 0 0.01 147735.85609193347 6.7229030635164575 0.048725550706364376 9.199124914904408
3746 0 0.01 147735.85609193347 6.7229030635164575 0.048725550706364376 9.199124914904408
3747 0 0.01 147735.85609193347 6.7229030635164575 0.048725550706364376 9.199124914904408
3748 0 0.01 147735.85609193347 6.7229030635164575 0.048725550706364376 9.199124914904408
3749 0 0.01 147735.85609193347 6.7229030635164575 0.048725550706364376 9.199124914904408
3750 0 0.01 147735.85609193347 6.7229030635164575 0.048725550706364376 9.199124914904408
3751 0 0.01 147735.85609193347 6.7229030635164575 0.048725550706364376 9.199124914904408
3752 0 0.01 147735.85609193347 6.7229030635164575 0.048725550706364376 9.199124914904408
3753 0 0.01 147735.85609193347 6.7229030635164575 0.048725550706364376 9.199124914904408
3754 0 0.01 147735.85609193347 6.7229030635164575 0.048725550706364376 9.199124914904408
3755 0 0.01 147735.85609193347 6.7229030635164575 0.048725550706364376 9.199124914904408
3756 0 0.01 147735.85609193347 6.7229030635164575 0.048725550706364376 9.199124914904408
3757 0 0.01 147735.85609193347 6.7229030635164575 0.048725550706364376 9.199124914904408
3758 0 0.01 147735.85609193347 6.7229030635164575 0.048725550706364376 9.199124914904408
3759 0 0.01 147735.85609193347 6.7229030635164575 0.048725550706364376 9.199124914904408
3760 0 0.01 147735.85609193347 6.7229030635164575 0.048725550706364376 9.199124914904408
3761 0 0.01 147735.85609193347 6.7229030635164575 0.048725550706364376 9.199124914904408
3762 0 0.01 147735.85609193347 6.7229030635164575 0.048725550706364376 9.199124914904408
3763 0 0.01 147735.85609193347 6.7229030635164575 0.048725550706364376 9.199124914904408
3764 0 0.01 147735.85609193347 6.7229030635164575 0.048725550706364376 9.199124914904408
3765 0 0.01 147735.85609193347 6.7229030635164575 0.048725550706364376 9.199124914904408
3766 0 0.01 147735.85609193347 6.7229030635164575 0.048725550706364376 9.199124914904408
3767 0 0.01 147735.85609193347 6.7229030635164575 0.048725550706364376 9.199124914904408
3768 0 0.01 147735.85609193347 6.7229030635164575 0.048725550706364376 9.199124914904408
3769 0 0.01 147735.85609193347 6.7229030635164575 0.048725550706364376 9.199124914904408
3770 0 0.01 147735.85609193347 6.7229030635164575 0.048725550706364376 9.199124914904408
3771 0 0.01 147735.85609193347 6.7229030635164575 0.048725550706364376 9.199124914904408
3772 0 0.01 147735.85609193347 6.7229030635164575 0.048725550706364376 9.199124914904408
3773 0 0.01 147735.85609193347 6.7229030635164575 0.048725550706364376 9.199124914904408
3774 0 0.01 147735.85609193347 6.7229030635164575 0.048725550706364376 9.199124914904408
3775 0 0.01 147735.85609193347 6.7229030635164575 0.048725550706364376 9.199124914904408
3776 0 0.01 147735.85609193347 6.7229030635164575 0.048725550706364376 9.199124914904408
3777 0 0.01 147735.85609193347 6.7229030635164575 0.048725550706364376 9.199124914904408
3778 0 0.01 147735.85609193347 6.7229030635164575 0.048725550706364376 9.199124914904408
3779 0 0.01 147735.85609193347 6.7229030635164575 0.048725550706364376 9.199124914904408
3780 0 0.01 147735.85609193347 6.7229030635164575 0.048725550706364376 9.199124914904408
3781 0 0.01 147735.85609193347 6.7229030635164575 0.048725550706364376 9.199124914904408
3782 0 0.01 147735.85609193347 6.7229030635164575 0.048725550706364376 9.199124914904408
3783 0 0.01 147735.85609193347 6.7229030635164575 0.048725550706364376 9.199124914904408
3784 0 0.01 147735.85609193347 6.7229030635164575 0.048725550706364376 9.199124914904408
3785 0 0.01 147735.85609193347 6.7229030635164575 0.048725550706364376 9.199124914904408
3786 0 0.01 147735.85609193347 6.7229030635164575 0.048725550706364376 9.199124914904408
3787 0 0.01 147735.85609193347 6.7229030635164575 0.048725550706364376 9.199124914904408
3788 0 0.01 147735.85609193347 6.7229030635164575 0.048725550706364376 9.199124914904408
3789 0 0.01 147735.85609193347 6.7229030635164575 0.048725550706364376 9.199124914904408
3790 0 0.01 147735.85609193347 6.7229030635164575 0.048725550706364376 9.199124914904408
3791 0 0.01 147735.85609193347 6.7229030635164575 0.048725550706364376 9.199124914904408
3792 0 0.01 147735.85609193347 6.7229030635164575 0.048725550706364376 9.199124914904408
3793 0 0.01 147735.85609193347 6.7229030635164575 0.048725550706364376 9.199124914904408
3794 0 0.01 147735.85609193347 6.7229030635164575 0.048725550706364376 9.199124914904408
3795 0 0.01 147735.85609193347 6.7229030635164575 0.048725550706364376 9.199124914904408
3796 0 0.01 147735.85609193347 6.7229030635164575 0.048725550706364376 9.199124914904408
3797 0 0.01 147735.85609193347 6.7229030635164575 0.048725550706364376 9.199124914904408
3798 0 0.01 147735.85609193347 6.7229030635164575 0.048725550706364376 9.199124914904408
3799 0 0.01 147735.85609193347 6.7229030635164575 0.048725550706364376 9.199124914904408
3800 0 0.01 147735.85609193347 6.7229030635164575 0.048725550706364376 9.199124914904408
3801 0 0.01 147735.85609193347 6.7229030635164575 0.048725550706364376 9.199124914904408
3802 0 0.01 147735.85609193347 6.7229030635164575 0.048725550706364376 9.199124914904408
3803 0 0.01 147735.85609193347 6.7229030635164575 0.048725550706364376 9.199124914904408
3804 0 0.01 147735.85609193347 6.7229030635164575 0.048725550706364376 9.199124914904408
3805 0 0.01 147735.85609193347 6.7229030635164575 0.048725550706364376 9.199124914904408
3806 0 0.01 147735.85609193347 6.7229030635164575 0.048725550706364376 9.199124914904408
3807 0 0.01 147735.85609193347 6.7229030635164575 0.048725550706364376 9.199124914904408
3808 0 0.01 147735.85609193347 6.7229030635164575 0.048725550706364376 9.199124914904408
3809 0 0.01 147735.85609193347 6.7229030635164575 0.048725550706364376 9.199124914904408
3810 0 0.01 147735.85609193347 6.7229030635164575 0.048725550706364376 9.199124914904408
3811 0 0.01 147735.85609193347 6.7229030635164575 0.048725550706364376 9.199124914904408
3812 0 0.01 147735.85609193347 6.7229030635164575 0.048725550706364376 9.199124914904408
3813 0 0.01 147735.85609193347 6.7229030635164575 0.048725550706364376 9.199124914904408
3814 0 0.01 147735.85609193347 6.7229030635164575 0.048725550706364376 9.199124914904408
3815 0 0.01 147735.85609193347 6.7229030635164575 0.048725550706364376 9.199124914904408
3816 0 0.01 147735.85609193347 6.7229030635164575 0.048725550706364376 9.199124914904408
3817 0 0.01 147735.85609193347 6.7229030635164575 0.048725550706364376 9.199124914904408
3818 0 0.01 147735.85609193347 6.7229030635164575 0.048725550706364376 9.199124914904408
3819 0 0.01 147735.85609193347 6.7229030635164575 0.048725550706364376 9.199124914904408
3820 0 0.01 147735.85609193347 6.7229030635164575 0.048725550706364376 9.199124914904408
3821 0 0.01 147735.85609193347 6.7229030635164575 0.048725550706364376 9.199124914904408
3822 0 0.01 147735.85609193347 6.7229030635164575 0.048725550706364376 9.199124914904408
3823 0 0.01 147735.85609193347 6.7229030635164575 0.048725550706364376 9.199124914904408
3824 0 0.01 147735.85609193347 6.7229030635164575 0.048725550706364376 9.199124914904408
3825 0 0.01 147735.85609193347 6.7229030635164575 0.048725550706364376 9.199124914904408
3826 0 0.01 147735.85609193347 6.7229030635164575 0.048725550706364376 9.199124914904408
3827 0 0.01 147735.85609193347 6.7229030635164575 0.048725550706364376 9.199124914904408
3828 0 0.01 147735.85609193347 6.7229030635164575 0.048725550706364376 9.199124914904408
3829 0 0.01 147735.85609193347 6.7229030635164575 0.048725550706364376 9.199124914904408
3830 0 0.01 147735.85609193347 6.7229030635164575 0.048725550706364376 9.199124914904408
3831 0 0.01 147735.85609193347 6.7229030635164575 0.048725550706364376 9.199124914904408
3832 0 0.01 147735.85609193347 6.7229030635164575 0.048725550706364376 9.199124914904408
3833 0 0.01 147735.85609193347 6.7229030635164575 0.048725550706364376 9.199124914904408
3834 0 0.01 147735.85609193347 6.7229030635164575 0.048725550706364376 9.199124914904408
3835 0 0.01 147735.85609193347 6.7229030635164575 0.048725550706364376 9.199124914904408
3836 0 0.01 147735.85609193347 6.7229030635164575 0.048725550706364376 9.199124914904408
3837 0 0.01 147735.85609193347 6.7229030635164575 0.048725550706364376 9.199124914904408
3838 0 0.01 147735.85609193347 6.7229030635164575 0.048725550706364376 9.199124914904408
3839 0 0.01 147735.85609193347 6.7229030635164575 0.048725550706364376 9.199124914904408
3840 0 0.01 147735.85609193347 6.7229030635164575 0.048725550706364376 9.199124914904408
3841 0 0.01 147735.85609193347 6.7229030635164575 0.048725550706364376 9.199124914904408
3842 0 0.01 147735.85609193347 6.7229030635164575 0.048725550706364376 9.199124914904408
3843 0 0.01 147735.85609193347 6.7229030635164575 0.048725550706364376 9.199124914904408
3844 0 0.01 147735.85609193347 6.7229030635164575 0.048725550706364376 9.199124914904408
3845 0 0.01 147735.85609193347 6.7229030635164575 0.048725550706364376 9.199124914904408
3846 0 0.01 147735.85609193347 6.7229030635164575 0.048725550706364376 9.199124914904408
3847 0 0.01 147735.85609193347 6.7229030635164575 0.048725550706364376 9.199124914904408
3848 0 0.01 147735.85609193347 6.7229030635164575 0.048725550706364376 9.199124914904408
3849 0 0.01 147735.85609193347 6.7229030635164575 0.048725550706364376 9.199124914904408
3850 0 0.01 147735.85609193347 6.7229030635164575 0.048725550706364376 9.199124914904408
3851 0 0.01 147735.85609193347 6.7229030635164575 0.048725550706364376 9.199124914904408
3852 0 0.01 147735.85609193347 6.7229030635164575 0.048725550706364376 9.199124914904408
3853 0 0.01 147735.85609193347 6.7229030635164575 0.048725550706364376 9.199124914904408
3854 0 0.01 147735.85609193347 6.7229030635164575 0.048725550706364376 9.199124914904408
3855 0 0.01 147735.85609193347 6.7229030635164575 0.048725550706364376 9.199124914904408
3856 0 0.01 147735.85609193347 6.7229030635164575 0.048725550706364376 9.199124914904408
3857 0 0.01 147735.85609193347 6.7229030635164575 0.048725550706364376 9.199124914904408
3858 0 0.01 147735.85609193347 6.7229030635164575 0.048725550706364376 9.199124914904408
3859 0 0.01 147735.85609193347 6.7229030635164575 0.048725550706364376 9.199124914904408
3860 0 0.01 147735.85609193347 6.7229030635164575 0.048725550706364376 9.199124914904408
3861 0 0.01 147735.85609193347 6.7229030635164575 0.048725550706364376 9.199124914904408
3862 0 0.01 147735.85609193347 6.7229030635164575 0.048725550706364376 9.199124914904408
3863 0 0.01 147735.85609193347 6.7229030635164575 0.048725550706364376 9.199124914904408
3864 0 0.01 147735.85609193347 6.7229030635164575 0.048725550706364376 9.199124914904408
3865 0 0.01 147735.85609193347 6.7229030635164575 0.048725550706364376 9.199124914904408
3866 0 0.01 147735.85609193347 6.7229030635164575 0.048725550706364376 9.199124914904408
3867 0 0.01 147735.85609193347 6.7229030635164575 0.048725550706364376 9.199124914904408
3868 0 0.01 147735.85609193347 6.7229030635164575 0.048725550706364376 9.199124914904408
3869 0 0.01 147735.85609193347 6.7229030635164575 0.048725550706364376 9.199124914904408
3870 0 0.01 147735.85609193347 6.7229030635164575 0.048725550706364376 9.199124914904408
3871 0 0.01 147735.85609193347 6.7229030635164575 0.048725550706364376 9.199124914904408
3872 0 0.01 147735.85609193347 6.7229030635164575 0.048725550706364376 9.199124914904408
3873 0 0.01 147735.85609193347 6.7229030635164575 0.048725550706364376 9.199124914904408
3874 0 0.01 147735.85609193347 6.7229030635164575 0.048725550706364376 9.199124914904408
3875 0 0.01 147735.85609193347 6.7229030635164575 0.048725550706364376 9.199124914904408
3876 0 0.01 147735.85609193347 6.7229030635164575 0.048725550706364376 9.199124914904408
3877 0 0.01 147735.85609193347 6.7229030635164575 0.048725550706364376 9.199124914904408
3878 0 0.01 147735.85609193347 6.7229030635164575 0.048725550706364376 9.199124914904408
3879 0 0.01 147735.85609193347 6.7229030635164575 0.048725550706364376 9.199124914904408
3880 0 0.01 147735.85609193347 6.7229030635164575 0.048725550706364376 9.199124914904408
3881 0 0.01 147735.85609193347 6.7229030635164575 0.048725550706364376 9.199124914904408
3882 0 0.01 147735.85609193347 6.7229030635164575 0.048725550706364376 9.199124914904408
3883 0 0.01 147735.85609193347 6.7229030635164575 0.048725550706364376 9.199124914904408
3884 0 0.01 147735.85609193347 6.7229030635164575 0.048725550706364376 9.199124914904408
3885 0 0.01 147735.85609193347 6.7229030635164575 0.048725550706364376 9.199124914904408
3886 0 0.01 147735.85609193347 6.7229030635164575 0.048725550706364376 9.199124914904408
3887 0 0.01 147735.85609193347 6.7229030635164575 0.048725550706364376 9.199124914904408
3888 0 0.01 147735.85609193347 6.7229030635164575 0.048725550706364376 9.199124914904408
3889 0 0.01 147735.85609193347 6.7229030635164575 0.048725550706364376 9.199124914904408
3890 0 0.01 147735.85609193347 6.7229030635164575 0.048725550706364376 9.199124914904408
3891 0 0.01 147735.85609193347 6.7229030635164575 0.048725550706364376 9.199124914904408
3892 0 0.01 147735.85609193347 6.7229030635164575 0.048725550706364376 9.199124914904408
3893 0 0.01 147735.85609193347 6.7229030635164575 0.048725550706364376 9.199124914904408
3894 0 0.01 147735.85609193347 6.7229030635164575 0.048725550706364376 9.199124914904408
3895 0 0.01 147735.85609193347 6.7229030635164575 0.048725550706364376 9.199124914904408
3896 0 0.01 147735.85609193347 6.7229030635164575 0.048725550706364376 9.199124914904408
3897 0 0.01 147735.85609193347 6.7229030635164575 0.048725550706364376 9.199124914904408
3898 0 0.01 147735.85609193347 6.7229030635164575 0.048725550706364376 9.199124914904408
3899 0 0.01 147735.85609193347 6.7229030635164575 0.048725550706364376 9.199124914904408
3900 0 0.01 147735.85609193347 6.7229030635164575 0.048725550706364376 9.199124914904408
3901 0 0.01 147735.85609193347 6.7229030635164575 0.048725550706364376 9.199124914904408
3902 0 0.01 147735.85609193347 6.7229030635164575 0.048725550706364376 9.199124914904408
3903 0 0.01 147735.85609193347 6.7229030635164575 0.048725550706364376 9.199124914904408
3904 0 0.01 147735.85609193347 6.7229030635164575 0.048725550706364376 9.199124914904408
3905 0 0.01 147735.85609193347 6.7229030635164575 0.048725550706364376 9.199124914904408
3906 0 0.01 147735.85609193347 6.7229030635164575 0.048725550706364376 9.199124914904408
3907 0 0.01 147735.85609193347 6.7229030635164575 0.048725550706364376 9.199124914904408
3908 0 0.01 147735.85609193347 6.7229030635164575 0.048725550706364376 9.199124914904408
3909 0 0.01 147735.85609193347 6.7229030635164575 0.048725550706364376 9.199124914904408
3910 0 0.01 147735.85609193347 6.7229030635164575 0.048725550706364376 9.199124914904408
3911 0 0.01 147735.85609193347 6.7229030635164575 0.048725550706364376 9.199124914904408
3912 0 0.01 147735.85609193347 6.7229030635164575 0.048725550706364376 9.199124914904408
3913 0 0.01 147735.85609193347 6.7229030635164575 0.048725550706364376 9.199124914904408
3914 0 0.01 147733.33453249524 6.722147765403383 0.04923510151820525 9.186719592836756
3915 0 0.01 147733.33453249524 6.722147765403383 0.04923510151820525 9.186719592836756
3916 0 0.01 147733.33453249524 6.722147765403383 0.04923510151820525 9.186719592836756
3917 0 0.01 147733.33453249524 6.722147765403383 0.04923510151820525 9.186719592836756
3918 0 0.01 147733.33453249524 6.722147765403383 0.04923510151820525 9.186719592836756
3919 0 0.01 147733.33453249524 6.722147765403383 0.04923510151820525 9.186719592836756
3920 0 0.01 147733.33453249524 6.722147765403383 0.04923510151820525 9.186719592836756
3921 0 0.01 147733.33453249524 6.722147765403383 0.04923510151820525 9.186719592836756
3922 0 0.01 147733.33453249524 6.722147765403383 0.04923510151820525 9.186719592836756
3923 0 0.01 147733.33453249524 6.722147765403383 0.04923510151820525 9.186719592836756
3924 0 0.01 147733.33453249524 6.722147765403383 0.04923510151820525 9.186719592836756
3925 0 0.01 147733.33453249524 6.722147765403383 0.04923510151820525 9.186719592836756
3926 0 0.01 147733.33453249524 6.722147765403383 0.04923510151820525 9.186719592836756
3927 0 0.01 147733.33453249524 6.722147765403383 0.04923510151820525 9.186719592836756
3928 0 0.01 147733.33453249524 6.722147765403383 0.04923510151820525 9.186719592836756
3929 0 0.01 147733.33453249524 6.722147765403383 0.04923510151820525 9.186719592836756
3930 0 0.01 147733.33453249524 6.722147765403383 0.04923510151820525 9.186719592836756
3931 0 0.01 147733.33453249524 6.722147765403383 0.04923510151820525 9.186719592836756
3932 0 0.01 147733.33453249524 6.722147765403383 0.04923510151820525 9.186719592836756
3933 0 0.01 147733.33453249524 6.722147765403383 0.04923510151820525 9.186719592836756
3934 0 0.01 147733.33453249524 6.722147765403383 0.04923510151820525 9.186719592836756
3935 0 0.01 147733.33453249524 6.722147765403383 0.04923510151820525 9.186719592836756
3936 0 0.01 147733.33453249524 6.722147765403383 0.04923510151820525 9.186719592836756
3937 0 0.01 147733.33453249524 6.722147765403383 0.04923510151820525 9.186719592836756
3938 0 0.01 147733.33453249524 6.722147765403383 0.04923510151820525 9.186719592836756
3939 0 0.01 147733.33453249524 6.722147765403383 0.04923510151820525 9.186719592836756
3940 0 0.01 147733.33453249524 6.722147765403383 0.04923510151820525 9.186719592836756
3941 0 0.01 147733.33453249524 6.722147765403383 0.04923510151820525 9.186719592836756
3942 0 0.01 147733.33453249524 6.722147765403383 0.04923510151820525 9.186719592836756
3943 0 0.01 147733.33453249524 6.722147765403383 0.04923510151820525 9.186719592836756
3944 0 0.01 147733.33453249524 6.722147765403383 0.04923510151820525 9.186719592836756
3945 0 0.01 147733.33453249524 6.722147765403383 0.04923510151820525 9.186719592836756
3946 0 0.01 147733.33453249524 6.722147765403383 0.04923510151820525 9.186719592836756
3947 0 0.01 147733.33453249524 6.722147765403383 0.04923510151820525 9.186719592836756
3948 0 0.01 147733.33453249524 6.722147765403383 0.04923510151820525 9.186719592836756
3949 0 0.01 147733.33453249524 6.722147765403383 0.04923510151820525 9.186719592836756
3950 0 0.01 147733.33453249524 6.722147765403383 0.04923510151820525 9.186719592836756
3951 0 0.01 147733.33453249524 6.722147765403383 0.04923510151820525 9.186719592836756
3952 0 0.01 147733.33453249524 6.722147765403383 0.04923510151820525 9.186719592836756
3953 0 0.01 147733.33453249524 6.722147765403383 0.04923510151820525 9.186719592836756
3954 0 0.01 147733.33453249524 6.722147765403383 0.04923510151820525 9.186719592836756
3955 0 0.01 147733.33453249524 6.722147765403383 0.04923510151820525 9.186719592836756
3956 0 0.01 147733.33453249524 6.722147765403383 0.04923510151820525 9.186719592836756
3957 0 0.01 147733.33453249524 6.722147765403383 0.04923510151820525 9.186719592836756
3958 0 0.01 147733.33453249524 6.722147765403383 0.04923510151820525 9.186719592836756
3959 0 0.01 147733.33453249524 6.722147765403383 0.04923510151820525 9.186719592836756
3960 0 0.01 147733.33453249524 6.722147765403383 0.04923510151820525 9.186719592836756
3961 0 0.01 147733.33453249524 6.722147765403383 0.04923510151820525 9.186719592836756
3962 0 0.01 147733.33453249524 6.722147765403383 0.04923510151820525 9.186719592836756
3963 0 0.01 147733.33453249524 6.722147765403383 0.04923510151820525 9.186719592836756
3964 0 0.01 147733.33453249524 6.722147765403383 0.04923510151820525 9.186719592836756
3965 0 0.01 147733.33453249524 6.722147765403383 0.04923510151820525 9.186719592836756
3966 0 0.01 147733.33453249524 6.722147765403383 0.04923510151820525 9.186719592836756
3967 0 0.01 147733.33453249524 6.722147765403383 0.04923510151820525 9.186719592836756
3968 0 0.01 147733.33453249524 6.722147765403383 0.04923510151820525 9.186719592836756
3969 0 0.01 147733.33453249524 6.722147765403383 0.04923510151820525 9.186719592836756
3970 0 0.01 147733.33453249524 6.722147765403383 0.04923510151820525 9.186719592836756
3971 0 0.01 147733.33453249524 6.722147765403383 0.04923510151820525 9.186719592836756
3972 0 0.01 147733.33453249524 6.722147765403383 0.04923510151820525 9.186719592836756
3973 0 0.01 147733.33453249524 6.722147765403383 0.04923510151820525 9.186719592836756
3974 0 0.01 147733.33453249524 6.722147765403383 0.04923510151820525 9.186719592836756
3975 0 0.01 147733.33453249524 6.722147765403383 0.04923510151820525 9.186719592836756
3976 0 0.01 147733.33453249524 6.722147765403383 0.04923510151820525 9.186719592836756
3977 0 0.01 147733.33453249524 6.722147765403383 0.04923510151820525 9.186719592836756
3978 0 0.01 147733.33453249524 6.722147765403383 0.04923510151820525 9.186719592836756
3979 0 0.01 147733.33453249524 6.722147765403383 0.04923510151820525 9.186719592836756
3980 0 0.01 147733.33453249524 6.722147765403383 0.04923510151820525 9.186719592836756
3981 0 0.01 147733.33453249524 6.722147765403383 0.04923510151820525 9.186719592836756
3982 0 0.01 147733.33453249524 6.722147765403383 0.04923510151820525 9.186719592836756
3983 0 0.01 147733.33453249524 6.722147765403383 0.04923510151820525 9.186719592836756
3984 0 0.01 147733.33453249524 6.722147765403383 0.04923510151820525 9.186719592836756
3985 0 0.01 147733.33453249524 6.722147765403383 0.04923510151820525 9.186719592836756
3986 0 0.01 147733.33453249524 6.722147765403383 0.04923510151820525 9.186719592836756
3987 0 0.01 147733.33453249524 6.722147765403383 0.04923510151820525 9.186719592836756
3988 0 0.01 147733.33453249524 6.722147765403383 0.04923510151820525 9.186719592836756
3989 0 0.01 147733.33453249524 6.722147765403383 0.04923510151820525 9.186719592836756
3990 0 0.01 147733.33453249524 6.722147765403383 0.04923510151820525 9.186719592836756
3991 0 0.01 147733.33453249524 6.722147765403383 0.04923510151820525 9.186719592836756
3992 0 0.01 147733.33453249524 6.722147765403383 0.04923510151820525 9.186719592836756
3993 0 0.01 147733.33453249524 6.722147765403383 0.04923510151820525 9.186719592836756
3994 0 0.01 147733.33453249524 6.722147765403383 0.04923510151820525 9.186719592836756
3995 0 0.01 147733.33453249524 6.722147765403383 0.04923510151820525 9.186719592836756
3996 0 0.01 147733.33453249524 6.722147765403383 0.04923510151820525 9.186719592836756
3997 0 0.01 147733.33453249524 6.722147765403383 0.04923510151820525 9.186719592836756
3998 0 0.01 147733.33453249524 6.722147765403383 0.04923510151820525 9.186719592836756
3999 0 0.01 147733.33453249524 6.722147765403383 0.04923510151820525 9.186719592836756
4000 0 0.01 147733.33453249524 6.722147765403383 0.04923510151820525 9.186719592836756
4001 0 0.01 147733.33453249524 6.722147765403383 0.04923510151820525 9.186719592836756
4002 0 0.01 147733.33453249524 6.722147765403383 0.04923510151820525 9.186719592836756
4003 0 0.01 147733.33453249524 6.722147765403383 0.04923510151820525 9.186719592836756
4004 0 0.01 147733.33453249524 6.722147765403383 0.04923510151820525 9.186719592836756
4005 0 0.01 147733.33453249524 6.722147765403383 0.04923510151820525 9.186719592836756
4006 0 0.01 147733.33453249524 6.722147765403383 0.04923510151820525 9.186719592836756
4007 0 0.01 147733.33453249524 6.722147765403383 0.04923510151820525 9.186719592836756
4008 0 0.01 147733.33453249524 6.722147765403383 0.04923510151820525 9.186719592836756
4009 0 0.01 147733.33453249524 6.722147765403383 0.04923510151820525 9.186719592836756
4010 0 0.01 147733.33453249524 6.722147765403383 0.04923510151820525 9.186719592836756
4011 0 0.01 147733.33453249524 6.722147765403383 0.04923510151820525 9.186719592836756
4012 0 0.01 147733.33453249524 6.722147765403383 0.04923510151820525 9.186719592836756
4013 0 0.01 147733.33453249524 6.722147765403383 0.04923510151820525 9.186719592836756
4014 0 0.01 147733.33453249524 6.722147765403383 0.04923510151820525 9.186719592836756
4015 0 0.01 147733.33453249524 6.722147765403383 0.04923510151820525 9.186719592836756
4016 0 0.01 147733.33453249524 6.722147765403383 0.04923510151820525 9.186719592836756
4017 0 0.01 147733.33453249524 6.722147765403383 0.04923510151820525 9.186719592836756
4018 0 0.01 147733.33453249524 6.722147765403383 0.04923510151820525 9.186719592836756
4019 0 0.01 147733.33453249524 6.722147765403383 0.04923510151820525 9.186719592836756
4020 0 0.01 147733.33453249524 6.722147765403383 0.04923510151820525 9.186719592836756
4021 0 0.01 147733.33453249524 6.722147765403383 0.04923510151820525 9.186719592836756
4022 0 0.01 147733.33453249524 6.722147765403383 0.04923510151820525 9.186719592836756
4023 0 0.01 147733.33453249524 6.722147765403383 0.04923510151820525 9.186719592836756
4024 0 0.01 147733.33453249524 6.722147765403383 0.04923510151820525 9.186719592836756
4025 0 0.01 147733.33453249524 6.722147765403383 0.04923510151820525 9.186719592836756
4026 0 0.01 147733.33453249524 6.722147765403383 0.04923510151820525 9.186719592836756
4027 0 0.01 147733.33453249524 6.722147765403383 0.04923510151820525 9.186719592836756
4028 0 0.01 147733.33453249524 6.722147765403383 0.04923510151820525 9.186719592836756
4029 0 0.01 147733.33453249524 6.722147765403383 0.04923510151820525 9.186719592836756
4030 0 0.01 147733.33453249524 6.722147765403383 0.04923510151820525 9.186719592836756
4031 0 0.01 147733.33453249524 6.722147765403383 0.04923510151820525 9.186719592836756
4032 0 0.01 147733.33453249524 6.722147765403383 0.04923510151820525 9.186719592836756
4033 0 0.01 147733.33453249524 6.722147765403383 0.04923510151820525 9.186719592836756
4034 0 0.01 147733.33453249524 6.722147765403383 0.04923510151820525 9.186719592836756
4035 0 0.01 147733.33453249524 6.722147765403383 0.04923510151820525 9.186719592836756
4036 0 0.01 147733.33453249524 6.722147765403383 0.04923510151820525 9.186719592836756
4037 0 0.01 147733.33453249524 6.722147765403383 0.04923510151820525 9.186719592836756
4038 0 0.01 147733.33453249524 6.722147765403383 0.04923510151820525 9.186719592836756
4039 0 0.01 147733.33453249524 6.722147765403383 0.04923510151820525 9.186719592836756
4040 0 0.01 147733.33453249524 6.722147765403383 0.04923510151820525 9.186719592836756
4041 0 0.01 147733.33453249524 6.722147765403383 0.04923510151820525 9.186719592836756
4042 0 0.01 147733.33453249524 6.722147765403383 0.04923510151820525 9.186719592836756
4043 0 0.01 147733.33453249524 6.722147765403383 0.04923510151820525 9.186719592836756
4044 0 0.01 147733.33453249524 6.722147765403383 0.04923510151820525 9.186719592836756
4045 0 0.01 147733.33453249524 6.722147765403383 0.04923510151820525 9.186719592836756
4046 0 0.01 147733.33453249524 6.722147765403383 0.04923510151820525 9.186719592836756
4047 0 0.01 147733.33453249524 6.722147765403383 0.04923510151820525 9.186719592836756
4048 0 0.01 147733.33453249524 6.722147765403383 0.04923510151820525 9.186719592836756
4049 0 0.01 147733.33453249524 6.722147765403383 0.04923510151820525 9.186719592836756
4050 0 0.01 147733.33453249524 6.722147765403383 0.04923510151820525 9.186719592836756
4051 0 0.01 147733.33453249524 6.722147765403383 0.04923510151820525 9.186719592836756
4052 0 0.01 147733.33453249524 6.722147765403383 0.04923510151820525 9.186719592836756
4053 0 0.01 147733.33453249524 6.722147765403383 0.04923510151820525 9.186719592836756
4054 0 0.01 147733.33453249524 6.722147765403383 0.04923510151820525 9.186719592836756
4055 0 0.01 147733.33453249524 6.722147765403383 0.04923510151820525 9.186719592836756
4056 0 0.01 147733.33453249524 6.722147765403383 0.04923510151820525 9.186719592836756
4057 0 0.01 147733.33453249524 6.722147765403383 0.04923510151820525 9.186719592836756
4058 0 0.01 147733.33453249524 6.722147765403383 0.04923510151820525 9.186719592836756
4059 0 0.01 147733.33453249524 6.722147765403383 0.04923510151820525 9.186719592836756
4060 0 0.01 147733.33453249524 6.722147765403383 0.04923510151820525 9.186719592836756
4061 0 0.01 147733.33453249524 6.722147765403383 0.04923510151820525 9.186719592836756
4062 0 0.01 147733.33453249524 6.722147765403383 0.04923510151820525 9.186719592836756
4063 0 0.01 147733.33453249524 6.722147765403383 0.04923510151820525 9.186719592836756
4064 0 0.01 147733.33453249524 6.722147765403383 0.04923510151820525 9.186719592836756
4065 0 0.01 147733.33453249524 6.722147765403383 0.04923510151820525 9.186719592836756
4066 0 0.01 147733.33453249524 6.722147765403383 0.04923510151820525 9.186719592836756
4067 0 0.01 147733.33453249524 6.722147765403383 0.04923510151820525 9.186719592836756
4068 0 0.01 147733.33453249524 6.722147765403383 0.04923510151820525 9.186719592836756
4069 0 0.01 147733.33453249524 6.722147765403383 0.04923510151820525 9.186719592836756
4070 0 0.01 147733.33453249524 6.722147765403383 0.04923510151820525 9.186719592836756
4071 0 0.01 147733.33453249524 6.722147765403383 0.04923510151820525 9.186719592836756
4072 0 0.01 147733.33453249524 6.722147765403383 0.04923510151820525 9.186719592836756
4073 0 0.01 147733.33453249524 6.722147765403383 0.04923510151820525 9.186719592836756
4074 0 0.01 147733.33453249524 6.722147765403383 0.04923510151820525 9.186719592836756
4075 0 0.01 147733.33453249524 6.722147765403383 0.04923510151820525 9.186719592836756
4076 0 0.01 147733.33453249524 6.722147765403383 0.04923510151820525 9.186719592836756
4077 0 0.01 147733.33453249524 6.722147765403383 0.04923510151820525 9.186719592836756
4078 0 0.01 147733.33453249524 6.722147765403383 0.04923510151820525 9.186719592836756
4079 0 0.01 147733.33453249524 6.722147765403383 0.04923510151820525 9.186719592836756
4080 0 0.01 147733.33453249524 6.722147765403383 0.04923510151820525 9.186719592836756
4081 0 0.01 147733.33453249524 6.722147765403383 0.04923510151820525 9.186719592836756
4082 0 0.01 147733.33453249524 6.722147765403383 0.04923510151820525 9.186719592836756
4083 0 0.01 147733.33453249524 6.722147765403383 0.04923510151820525 9.186719592836756
4084 0 0.01 147733.33453249524 6.722147765403383 0.04923510151820525 9.186719592836756
4085 0 0.01 147733.33453249524 6.722147765403383 0.04923510151820525 9.186719592836756
4086 0 0.01 147733.33453249524 6.722147765403383 0.04923510151820525 9.186719592836756
4087 0 0.01 147733.33453249524 6.722147765403383 0.04923510151820525 9.186719592836756
4088 0 0.01 147733.33453249524 6.722147765403383 0.04923510151820525 9.186719592836756
4089 0 0.01 147733.33453249524 6.722147765403383 0.04923510151820525 9.186719592836756
4090 0 0.01 147733.33453249524 6.722147765403383 0.04923510151820525 9.186719592836756
4091 0 0.01 147733.33453249524 6.722147765403383 0.04923510151820525 9.186719592836756
4092 0 0.01 147733.33453249524 6.722147765403383 0.04923510151820525 9.186719592836756
4093 0 0.01 147733.33453249524 6.722147765403383 0.04923510151820525 9.186719592836756
4094 0 0.01 147733.33453249524 6.722147765403383 0.04923510151820525 9.186719592836756
4095 0 0.01 147733.33453249524 6.722147765403383 0.04923510151820525 9.186719592836756
4096 0 0.01 147733.33453249524 6.722147765403383 0.04923510151820525 9.186719592836756
4097 0 0.01 147733.33453249524 6.722147765403383 0.04923510151820525 9.186719592836756
4098 0 0.01 147733.33453249524 6.722147765403383 0.04923510151820525 9.186719592836756
4099 0 0.01 147733.33453249524 6.722147765403383 0.04923510151820525 9.186719592836756
4100 0 0.01 147733.33453249524 6.722147765403383 0.04923510151820525 9.186719592836756
4101 0 0.01 147733.33453249524 6.722147765403383 0.04923510151820525 9.186719592836756
4102 0 0.01 147733.33453249524 6.722147765403383 0.04923510151820525 9.186719592836756
4103 0 0.01 147733.33453249524 6.722147765403383 0.04923510151820525 9.186719592836756
4104 0 0.01 147733.33453249524 6.722147765403383 0.04923510151820525 9.186719592836756
4105 0 0.01 147733.33453249524 6.722147765403383 0.04923510151820525 9.186719592836756
4106 0 0.01 147733.33453249524 6.722147765403383 0.04923510151820525 9.186719592836756
4107 0 0.01 147733.33453249524 6.722147765403383 0.04923510151820525 9.186719592836756
4108 0 0.01 147733.33453249524 6.722147765403383 0.04923510151820525 9.186719592836756
4109 0 0.01 147733.33453249524 6.722147765403383 0.04923510151820525 9.186719592836756
4110 0 0.01 147733.33453249524 6.722147765403383 0.04923510151820525 9.186719592836756
4111 0 0.01 147733.33453249524 6.722147765403383 0.04923510151820525 9.186719592836756
4112 0 0.01 147733.33453249524 6.722147765403383 0.04923510151820525 9.186719592836756
4113 0 0.01 147733.33453249524 6.722147765403383 0.04923510151820525 9.186719592836756
4114 0 0.01 147733.33453249524 6.722147765403383 0.04923510151820525 9.186719592836756
4115 0 0.01 147733.33453249524 6.722147765403383 0.04923510151820525 9.186719592836756
4116 0 0.01 147733.33453249524 6.722147765403383 0.04923510151820525 9.186719592836756
4117 0 0.01 147733.33453249524 6.722147765403383 0.04923510151820525 9.186719592836756
4118 0 0.01 147733.33453249524 6.722147765403383 0.04923510151820525 9.186719592836756
4119 0 0.01 147733.33453249524 6.722147765403383 0.04923510151820525 9.186719592836756
4120 0 0.01 147733.33453249524 6.722147765403383 0.04923510151820525 9.186719592836756
4121 0 0.01 147733.33453249524 6.722147765403383 0.04923510151820525 9.186719592836756
4122 0 0.01 147733.33453249524 6.722147765403383 0.04923510151820525 9.186719592836756
4123 0 0.01 147733.33453249524 6.722147765403383 0.04923510151820525 9.186719592836756
4124 0 0.01 147733.33453249524 6.722147765403383 0.04923510151820525 9.186719592836756
4125 0 0.01 147733.33453249524 6.722147765403383 0.04923510151820525 9.186719592836756
4126 0 0.01 147733.33453249524 6.722147765403383 0.04923510151820525 9.186719592836756
4127 0 0.01 147733.33453249524 6.722147765403383 0.04923510151820525 9.186719592836756
4128 0 0.01 147733.33453249524 6.722147765403383 0.04923510151820525 9.186719592836756
4129 0 0.01 147733.33453249524 6.722147765403383 0.04923510151820525 9.186719592836756
4130 0 0.01 147733.33453249524 6.722147765403383 0.04923510151820525 9.186719592836756
4131 0 0.01 147733.33453249524 6.722147765403383 0.04923510151820525 9.186719592836756
4132 0 0.01 147733.33453249524 6.722147765403383 0.04923510151820525 9.186719592836756
4133 0 0.01 147733.33453249524 6.722147765403383 0.04923510151820525 9.186719592836756
4134 0 0.01 147733.33453249524 6.722147765403383 0.04923510151820525 9.186719592836756
4135 0 0.01 147733.33453249524 6.722147765403383 0.04923510151820525 9.186719592836756
4136 0 0.01 147733.33453249524 6.722147765403383 0.04923510151820525 9.186719592836756
4137 0 0.01 147733.33453249524 6.722147765403383 0.04923510151820525 9.186719592836756
4138 0 0.01 147733.33453249524 6.722147765403383 0.04923510151820525 9.186719592836756
4139 0 0.01 147733.33453249524 6.722147765403383 0.04923510151820525 9.186719592836756
4140 0 0.01 147733.33453249524 6.722147765403383 0.04923510151820525 9.186719592836756
4141 0 0.01 147733.33453249524 6.722147765403383 0.04923510151820525 9.186719592836756
4142 0 0.01 147733.33453249524 6.722147765403383 0.04923510151820525 9.186719592836756
4143 0 0.01 147733.33453249524 6.722147765403383 0.04923510151820525 9.186719592836756
4144 0 0.01 147733.33453249524 6.722147765403383 0.04923510151820525 9.186719592836756
4145 0 0.01 147733.33453249524 6.722147765403383 0.04923510151820525 9.186719592836756
4146 0 0.01 147733.33453249524 6.722147765403383 0.04923510151820525 9.186719592836756
4147 0 0.01 147733.33453249524 6.722147765403383 0.04923510151820525 9.186719592836756
4148 0 0.01 147733.33453249524 6.722147765403383 0.04923510151820525 9.186719592836756
4149 0 0.01 147733.33453249524 6.722147765403383 0.04923510151820525 9.186719592836756
4150 0 0.01 147733.33453249524 6.722147765403383 0.04923510151820525 9.186719592836756
4151 0 0.01 147733.33453249524 6.722147765403383 0.04923510151820525 9.186719592836756
4152 0 0.01 147733.33453249524 6.722147765403383 0.04923510151820525 9.186719592836756
4153 0 0.01 147733.33453249524 6.722147765403383 0.04923510151820525 9.186719592836756
4154 0 0.01 147733.33453249524 6.722147765403383 0.04923510151820525 9.186719592836756
4155 0 0.01 147733.33453249524 6.722147765403383 0.04923510151820525 9.186719592836756
4156 0 0.01 147733.33453249524 6.722147765403383 0.04923510151820525 9.186719592836756
4157 0 0.01 147733.33453249524 6.722147765403383 0.04923510151820525 9.186719592836756
4158 0 0.01 147733.33453249524 6.722147765403383 0.04923510151820525 9.186719592836756
4159 0 0.01 147733.33453249524 6.722147765403383 0.04923510151820525 9.186719592836756
4160 0 0.01 147733.33453249524 6.722147765403383 0.04923510151820525 9.186719592836756
4161 0 0.01 147733.33453249524 6.722147765403383 0.04923510151820525 9.186719592836756
4162 0 0.01 147733.33453249524 6.722147765403383 0.04923510151820525 9.186719592836756
4163 0 0.01 147733.33453249524 6.722147765403383 0.04923510151820525 9.186719592836756
4164 0 0.01 147733.33453249524 6.722147765403383 0.04923510151820525 9.186719592836756
4165 0 0.01 147733.33453249524 6.722147765403383 0.04923510151820525 9.186719592836756
4166 0 0.01 147733.33453249524 6.722147765403383 0.04923510151820525 9.186719592836756
4167 0 0.01 147733.33453249524 6.722147765403383 0.04923510151820525 9.186719592836756
4168 0 0.01 147733.33453249524 6.722147765403383 0.04923510151820525 9.186719592836756
4169 0 0.01 147733.33453249524 6.722147765403383 0.04923510151820525 9.186719592836756
4170 0 0.01 147733.33453249524 6.722147765403383 0.04923510151820525 9.186719592836756
4171 0 0.01 147733.33453249524 6.722147765403383 0.04923510151820525 9.186719592836756
4172 0 0.01 147733.33453249524 6.722147765403383 0.04923510151820525 9.186719592836756
4173 0 0.01 147733.33453249524 6.722147765403383 0.04923510151820525 9.186719592836756
4174 0 0.01 147733.33453249524 6.722147765403383 0.04923510151820525 9.186719592836756
4175 0 0.01 147733.33453249524 6.722147765403383 0.04923510151820525 9.186719592836756
4176 0 0.01 147733.33453249524 6.722147765403383 0.04923510151820525 9.186719592836756
4177 0 0.01 147733.33453249524 6.722147765403383 0.04923510151820525 9.186719592836756
4178 0 0.01 147733.33453249524 6.722147765403383 0.04923510151820525 9.186719592836756
4179 0 0.01 147733.33453249524 6.722147765403383 0.04923510151820525 9.186719592836756
4180 0 0.01 147733.33453249524 6.722147765403383 0.04923510151820525 9.186719592836756
4181 0 0.01 147733.33453249524 6.722147765403383 0.04923510151820525 9.186719592836756
4182 0 0.01 147733.33453249524 6.722147765403383 0.04923510151820525 9.186719592836756
4183 0 0.01 147733.33453249524 6.722147765403383 0.04923510151820525 9.186719592836756
4184 0 0.01 147733.33453249524 6.722147765403383 0.04923510151820525 9.186719592836756
4185 0 0.01 147733.33453249524 6.722147765403383 0.04923510151820525 9.186719592836756
4186 0 0.01 147733.33453249524 6.722147765403383 0.04923510151820525 9.186719592836756
4187 0 0.01 147733.33453249524 6.722147765403383 0.04923510151820525 9.186719592836756
4188 0 0.01 147733.33453249524 6.722147765403383 0.04923510151820525 9.186719592836756
4189 0 0.01 147733.33453249524 6.722147765403383 0.04923510151820525 9.186719592836756
4190 0 0.01 147733.33453249524 6.722147765403383 0.04923510151820525 9.186719592836756
4191 0 0.01 147733.33453249524 6.722147765403383 0.04923510151820525 9.186719592836756
4192 0 0.01 147733.33453249524 6.722147765403383 0.04923510151820525 9.186719592836756
4193 0 0.01 147733.33453249524 6.722147765403383 0.04923510151820525 9.186719592836756
4194 0 0.01 147733.33453249524 6.722147765403383 0.04923510151820525 9.186719592836756
4195 0 0.01 147733.33453249524 6.722147765403383 0.04923510151820525 9.186719592836756
4196 0 0.01 147733.33453249524 6.722147765403383 0.04923510151820525 9.186719592836756
4197 0 0.01 147733.33453249524 6.722147765403383 0.04923510151820525 9.186719592836756
4198 0 0.01 147733.33453249524 6.722147765403383 0.04923510151820525 9.186719592836756
4199 0 0.01 147733.33453249524 6.722147765403383 0.04923510151820525 9.186719592836756
4200 0 0.01 147733.33453249524 6.722147765403383 0.04923510151820525 9.186719592836756
4201 0 0.01 147733.33453249524 6.722147765403383 0.04923510151820525 9.186719592836756
4202 0 0.01 147733.33453249524 6.722147765403383 0.04923510151820525 9.186719592836756
4203 0 0.01 147733.33453249524 6.722147765403383 0.04923510151820525 9.186719592836756
4204 0 0.01 147733.33453249524 6.722147765403383 0.04923510151820525 9.186719592836756
4205 0 0.01 147733.33453249524 6.722147765403383 0.04923510151820525 9.186719592836756
4206 0 0.01 147733.33453249524 6.722147765403383 0.04923510151820525 9.186719592836756
4207 0 0.01 147733.33453249524 6.722147765403383 0.04923510151820525 9.186719592836756
4208 0 0.01 147733.33453249524 6.722147765403383 0.04923510151820525 9.186719592836756
4209 0 0.01 147733.33453249524 6.722147765403383 0.04923510151820525 9.186719592836756
4210 0 0.01 147733.33453249524 6.722147765403383 0.04923510151820525 9.186719592836756
4211 0 0.01 147733.33453249524 6.722147765403383 0.04923510151820525 9.186719592836756
4212 0 0.01 147733.33453249524 6.722147765403383 0.04923510151820525 9.186719592836756
4213 0 0.01 147733.33453249524 6.722147765403383 0.04923510151820525 9.186719592836756
4214 0 0.01 147733.33453249524 6.722147765403383 0.04923510151820525 9.186719592836756
4215 0 0.01 147733.33453249524 6.722147765403383 0.04923510151820525 9.186719592836756
4216 0 0.01 147733.33453249524 6.722147765403383 0.04923510151820525 9.186719592836756
4217 0 0.01 147733.33453249524 6.722147765403383 0.04923510151820525 9.186719592836756
4218 0 0.01 147733.33453249524 6.722147765403383 0.04923510151820525 9.186719592836756
4219 0 0.01 147733.33453249524 6.722147765403383 0.04923510151820525 9.186719592836756
4220 0 0.01 147733.33453249524 6.722147765403383 0.04923510151820525 9.186719592836756
4221 0 0.01 147733.33453249524 6.722147765403383 0.04923510151820525 9.186719592836756
4222 0 0.01 147733.33453249524 6.722147765403383 0.04923510151820525 9.186719592836756
4223 0 0.01 147733.33453249524 6.722147765403383 0.04923510151820525 9.186719592836756
4224 0 0.01 147733.33453249524 6.722147765403383 0.04923510151820525 9.186719592836756
4225 0 0.01 147733.33453249524 6.722147765403383 0.04923510151820525 9.186719592836756
4226 0 0.01 147733.33453249524 6.722147765403383 0.04923510151820525 9.186719592836756
4227 0 0.01 147733.33453249524 6.722147765403383 0.04923510151820525 9.186719592836756
4228 0 0.01 147733.33453249524 6.722147765403383 0.04923510151820525 9.186719592836756
4229 0 0.01 147733.33453249524 6.722147765403383 0.04923510151820525 9.186719592836756
4230 0 0.01 147733.33453249524 6.722147765403383 0.04923510151820525 9.186719592836756
4231 0 0.01 147733.33453249524 6.722147765403383 0.04923510151820525 9.186719592836756
4232 0 0.01 147733.33453249524 6.722147765403383 0.04923510151820525 9.186719592836756
4233 0 0.01 147733.33453249524 6.722147765403383 0.04923510151820525 9.186719592836756
4234 0 0.01 147733.33453249524 6.722147765403383 0.04923510151820525 9.186719592836756
4235 0 0.01 147733.33453249524 6.722147765403383 0.04923510151820525 9.186719592836756
4236 0 0.01 147733.33453249524 6.722147765403383 0.04923510151820525 9.186719592836756
4237 0 0.01 147733.33453249524 6.722147765403383 0.04923510151820525 9.186719592836756
4238 0 0.01 147733.33453249524 6.722147765403383 0.04923510151820525 9.186719592836756
4239 0 0.01 147733.33453249524 6.722147765403383 0.04923510151820525 9.186719592836756
4240 0 0.01 147733.33453249524 6.722147765403383 0.04923510151820525 9.186719592836756
4241 0 0.01 147733.33453249524 6.722147765403383 0.04923510151820525 9.186719592836756
4242 0 0.01 147733.33453249524 6.722147765403383 0.04923510151820525 9.186719592836756
4243 0 0.01 147733.33453249524 6.722147765403383 0.04923510151820525 9.186719592836756
4244 0 0.01 147733.33453249524 6.722147765403383 0.04923510151820525 9.186719592836756
4245 0 0.01 147733.33453249524 6.722147765403383 0.04923510151820525 9.186719592836756
4246 0 0.01 147733.33453249524 6.722147765403383 0.04923510151820525 9.186719592836756
4247 0 0.01 147733.33453249524 6.722147765403383 0.04923510151820525 9.186719592836756
4248 0 0.01 147733.33453249524 6.722147765403383 0.04923510151820525 9.186719592836756
4249 0 0.01 147733.33453249524 6.722147765403383 0.04923510151820525 9.186719592836756
4250 0 0.01 147733.33453249524 6.722147765403383 0.04923510151820525 9.186719592836756
4251 0 0.01 147733.33453249524 6.722147765403383 0.04923510151820525 9.186719592836756
4252 0 0.01 147733.33453249524 6.722147765403383 0.04923510151820525 9.186719592836756
4253 0 0.01 147733.33453249524 6.722147765403383 0.04923510151820525 9.186719592836756
4254 0 0.01 147733.33453249524 6.722147765403383 0.04923510151820525 9.186719592836756
4255 0 0.01 147733.33453249524 6.722147765403383 0.04923510151820525 9.186719592836756
4256 0 0.01 147733.33453249524 6.722147765403383 0.04923510151820525 9.186719592836756
4257 0 0.01 147733.33453249524 6.722147765403383 0.04923510151820525 9.186719592836756
4258 0 0.01 147733.33453249524 6.722147765403383 0.04923510151820525 9.186719592836756
4259 0 0.01 147733.33453249524 6.722147765403383 0.04923510151820525 9.186719592836756
4260 0 0.01 147733.33453249524 6.722147765403383 0.04923510151820525 9.186719592836756
4261 0 0.01 147733.33453249524 6.722147765403383 0.04923510151820525 9.186719592836756
4262 0 0.01 147733.33453249524 6.722147765403383 0.04923510151820525 9.186719592836756
4263 0 0.01 147733.33453249524 6.722147765403383 0.04923510151820525 9.186719592836756
4264 0 0.01 147733.33453249524 6.722147765403383 0.04923510151820525 9.186719592836756
4265 0 0.01 147733.33453249524 6.722147765403383 0.04923510151820525 9.186719592836756
4266 0 0.01 147733.33453249524 6.722147765403383 0.04923510151820525 9.186719592836756
4267 0 0.01 147733.33453249524 6.722147765403383 0.04923510151820525 9.186719592836756
4268 0 0.01 147733.33453249524 6.722147765403383 0.04923510151820525 9.186719592836756
4269 0 0.01 147733.33453249524 6.722147765403383 0.04923510151820525 9.186719592836756
4270 0 0.01 147733.33453249524 6.722147765403383 0.04923510151820525 9.186719592836756
4271 0 0.01 147733.33453249524 6.722147765403383 0.04923510151820525 9.186719592836756
4272 0 0.01 147733.33453249524 6.722147765403383 0.04923510151820525 9.186719592836756
4273 0 0.01 147733.33453249524 6.722147765403383 0.04923510151820525 9.186719592836756
4274 0 0.01 147733.33453249524 6.722147765403383 0.04923510151820525 9.186719592836756
4275 0 0.01 147733.33453249524 6.722147765403383 0.04923510151820525 9.186719592836756
4276 0 0.01 147733.33453249524 6.722147765403383 0.04923510151820525 9.186719592836756
4277 0 0.01 147733.33453249524 6.722147765403383 0.04923510151820525 9.186719592836756
4278 0 0.01 147733.33453249524 6.722147765403383 0.04923510151820525 9.186719592836756
4279 0 0.01 147733.33453249524 6.722147765403383 0.04923510151820525 9.186719592836756
4280 0 0.01 147733.33453249524 6.722147765403383 0.04923510151820525 9.186719592836756
4281 0 0.01 147733.33453249524 6.722147765403383 0.04923510151820525 9.186719592836756
4282 0 0.01 147733.33453249524 6.722147765403383 0.04923510151820525 9.186719592836756
4283 0 0.01 147733.33453249524 6.722147765403383 0.04923510151820525 9.186719592836756
4284 0 0.01 147733.33453249524 6.722147765403383 0.04923510151820525 9.186719592836756
4285 0 0.01 147733.33453249524 6.722147765403383 0.04923510151820525 9.186719592836756
4286 0 0.01 147733.33453249524 6.722147765403383 0.04923510151820525 9.186719592836756
4287 0 0.01 147733.33453249524 6.722147765403383 0.04923510151820525 9.186719592836756
4288 0 0.01 147733.33453249524 6.722147765403383 0.04923510151820525 9.186719592836756
4289 0 0.01 147733.33453249524 6.722147765403383 0.04923510151820525 9.186719592836756
4290 0 0.01 147733.33453249524 6.722147765403383 0.04923510151820525 9.186719592836756
4291 0 0.01 147733.33453249524 6.722147765403383 0.04923510151820525 9.186719592836756
4292 0 0.01 147733.33453249524 6.722147765403383 0.04923510151820525 9.186719592836756
4293 0 0.01 147733.33453249524 6.722147765403383 0.04923510151820525 9.186719592836756
4294 0 0.01 147733.33453249524 6.722147765403383 0.04923510151820525 9.186719592836756
4295 0 0.01 147733.33453249524 6.722147765403383 0.04923510151820525 9.186719592836756
4296 0 0.01 147733.33453249524 6.722147765403383 0.04923510151820525 9.186719592836756
4297 0 0.01 147733.33453249524 6.722147765403383 0.04923510151820525 9.186719592836756
4298 0 0.01 147733.33453249524 6.722147765403383 0.04923510151820525 9.186719592836756
4299 0 0.01 147733.33453249524 6.722147765403383 0.04923510151820525 9.186719592836756
4300 0 0.01 147733.33453249524 6.722147765403383 0.04923510151820525 9.186719592836756
4301 0 0.01 147733.33453249524 6.722147765403383 0.04923510151820525 9.186719592836756
4302 0 0.01 147733.33453249524 6.722147765403383 0.04923510151820525 9.186719592836756
4303 0 0.01 147733.33453249524 6.722147765403383 0.04923510151820525 9.186719592836756
4304 0 0.01 147733.33453249524 6.722147765403383 0.04923510151820525 9.186719592836756
4305 0 0.01 147733.33453249524 6.722147765403383 0.04923510151820525 9.186719592836756
4306 0 0.01 147733.33453249524 6.722147765403383 0.04923510151820525 9.186719592836756
4307 0 0.01 147733.33453249524 6.722147765403383 0.04923510151820525 9.186719592836756
4308 0 0.01 147733.33453249524 6.722147765403383 0.04923510151820525 9.186719592836756
4309 0 0.01 147733.33453249524 6.722147765403383 0.04923510151820525 9.186719592836756
4310 0 0.01 147733.33453249524 6.722147765403383 0.04923510151820525 9.186719592836756
4311 0 0.01 147733.33453249524 6.722147765403383 0.04923510151820525 9.186719592836756
4312 0 0.01 147733.33453249524 6.722147765403383 0.04923510151820525 9.186719592836756
4313 0 0.01 147733.33453249524 6.722147765403383 0.04923510151820525 9.186719592836756
4314 0 0.01 147733.33453249524 6.722147765403383 0.04923510151820525 9.186719592836756
4315 0 0.01 147733.33453249524 6.722147765403383 0.04923510151820525 9.186719592836756
4316 0 0.01 147733.33453249524 6.722147765403383 0.04923510151820525 9.186719592836756
4317 0 0.01 147733.33453249524 6.722147765403383 0.04923510151820525 9.186719592836756
4318 0 0.01 147733.33453249524 6.722147765403383 0.04923510151820525 9.186719592836756
4319 0 0.01 147733.33453249524 6.722147765403383 0.04923510151820525 9.186719592836756
4320 0 0.01 147733.33453249524 6.722147765403383 0.04923510151820525 9.186719592836756
4321 0 0.01 147733.33453249524 6.722147765403383 0.04923510151820525 9.186719592836756
4322 0 0.01 147733.33453249524 6.722147765403383 0.04923510151820525 9.186719592836756
4323 0 0.01 147733.33453249524 6.722147765403383 0.04923510151820525 9.186719592836756
4324 0 0.01 147733.33453249524 6.722147765403383 0.04923510151820525 9.186719592836756
4325 0 0.01 147733.33453249524 6.722147765403383 0.04923510151820525 9.186719592836756
4326 0 0.01 147733.33453249524 6.722147765403383 0.04923510151820525 9.186719592836756
4327 0 0.01 147733.33453249524 6.722147765403383 0.04923510151820525 9.186719592836756
4328 0 0.01 147733.33453249524 6.722147765403383 0.04923510151820525 9.186719592836756
4329 0 0.01 147733.33453249524 6.722147765403383 0.04923510151820525 9.186719592836756
4330 0 0.01 147733.33453249524 6.722147765403383 0.04923510151820525 9.186719592836756
4331 0 0.01 147733.33453249524 6.722147765403383 0.04923510151820525 9.186719592836756
4332 0 0.01 147733.33453249524 6.722147765403383 0.04923510151820525 9.186719592836756
4333 0 0.01 147733.33453249524 6.722147765403383 0.04923510151820525 9.186719592836756
4334 0 0.01 147733.33453249524 6.722147765403383 0.04923510151820525 9.186719592836756
4335 0 0.01 147733.33453249524 6.722147765403383 0.04923510151820525 9.186719592836756
4336 0 0.01 147733.33453249524 6.722147765403383 0.04923510151820525 9.186719592836756
4337 0 0.01 147733.33453249524 6.722147765403383 0.04923510151820525 9.186719592836756
4338 0 0.01 147733.33453249524 6.722147765403383 0.04923510151820525 9.186719592836756
4339 0 0.01 147733.33453249524 6.722147765403383 0.04923510151820525 9.186719592836756
4340 0 0.01 147733.33453249524 6.722147765403383 0.04923510151820525 9.186719592836756
4341 0 0.01 147733.33453249524 6.722147765403383 0.04923510151820525 9.186719592836756
4342 0 0.01 147733.33453249524 6.722147765403383 0.04923510151820525 9.186719592836756
4343 0 0.01 147733.33453249524 6.722147765403383 0.04923510151820525 9.186719592836756
4344 0 0.01 147733.33453249524 6.722147765403383 0.04923510151820525 9.186719592836756
4345 0 0.01 147733.33453249524 6.722147765403383 0.04923510151820525 9.186719592836756
4346 0 0.01 147733.33453249524 6.722147765403383 0.04923510151820525 9.186719592836756
4347 0 0.01 147733.33453249524 6.722147765403383 0.04923510151820525 9.186719592836756
4348 0 0.01 147733.33453249524 6.722147765403383 0.04923510151820525 9.186719592836756
4349 0 0.01 147733.33453249524 6.722147765403383 0.04923510151820525 9.186719592836756
4350 0 0.01 147733.33453249524 6.722147765403383 0.04923510151820525 9.186719592836756
4351 0 0.01 147733.33453249524 6.722147765403383 0.04923510151820525 9.186719592836756
4352 0 0.01 147733.33453249524 6.722147765403383 0.04923510151820525 9.186719592836756
4353 0 0.01 147733.33453249524 6.722147765403383 0.04923510151820525 9.186719592836756
4354 0 0.01 147733.33453249524 6.722147765403383 0.04923510151820525 9.186719592836756
4355 0 0.01 147733.33453249524 6.722147765403383 0.04923510151820525 9.186719592836756
4356 0 0.01 147733.33453249524 6.722147765403383 0.04923510151820525 9.186719592836756
4357 0 0.01 147733.33453249524 6.722147765403383 0.04923510151820525 9.186719592836756
4358 0 0.01 147733.33453249524 6.722147765403383 0.04923510151820525 9.186719592836756
4359 0 0.01 147733.33453249524 6.722147765403383 0.04923510151820525 9.186719592836756
4360 0 0.01 147733.33453249524 6.722147765403383 0.04923510151820525 9.186719592836756
4361 0 0.01 147733.33453249524 6.722147765403383 0.04923510151820525 9.186719592836756
4362 0 0.01 147733.33453249524 6.722147765403383 0.04923510151820525 9.186719592836756
4363 0 0.01 147733.33453249524 6.722147765403383 0.04923510151820525 9.186719592836756
4364 0 0.01 147733.33453249524 6.722147765403383 0.04923510151820525 9.186719592836756
4365 0 0.01 147733.33453249524 6.722147765403383 0.04923510151820525 9.186719592836756
4366 0 0.01 147733.33453249524 6.722147765403383 0.04923510151820525 9.186719592836756
4367 0 0.01 147733.33453249524 6.722147765403383 0.04923510151820525 9.186719592836756
4368 0 0.01 147733.33453249524 6.722147765403383 0.04923510151820525 9.186719592836756
4369 0 0.01 147733.33453249524 6.722147765403383 0.04923510151820525 9.186719592836756
4370 0 0.01 147733.33453249524 6.722147765403383 0.04923510151820525 9.186719592836756
4371 0 0.01 147733.33453249524 6.722147765403383 0.04923510151820525 9.186719592836756
4372 0 0.01 147733.33453249524 6.722147765403383 0.04923510151820525 9.186719592836756
4373 0 0.01 147733.33453249524 6.722147765403383 0.04923510151820525 9.186719592836756
4374 0 0.01 147733.33453249524 6.722147765403383 0.04923510151820525 9.186719592836756
4375 0 0.01 147733.33453249524 6.722147765403383 0.04923510151820525 9.186719592836756
4376 0 0.01 147733.33453249524 6.722147765403383 0.04923510151820525 9.186719592836756
4377 0 0.01 147733.33453249524 6.722147765403383 0.04923510151820525 9.186719592836756
4378 0 0.01 147733.33453249524 6.722147765403383 0.04923510151820525 9.186719592836756
4379 0 0.01 147733.33453249524 6.722147765403383 0.04923510151820525 9.186719592836756
4380 0 0.01 147733.33453249524 6.722147765403383 0.04923510151820525 9.186719592836756
4381 0 0.01 147733.33453249524 6.722147765403383 0.04923510151820525 9.186719592836756
4382 0 0.01 147733.33453249524 6.722147765403383 0.04923510151820525 9.186719592836756
4383 0 0.01 147733.33453249524 6.722147765403383 0.04923510151820525 9.186719592836756
4384 0 0.01 147733.33453249524 6.722147765403383 0.04923510151820525 9.186719592836756
4385 0 0.01 147733.33453249524 6.722147765403383 0.04923510151820525 9.186719592836756
4386 0 0.01 147733.33453249524 6.722147765403383 0.04923510151820525 9.186719592836756
4387 0 0.01 147733.33453249524 6.722147765403383 0.04923510151820525 9.186719592836756
4388 0 0.01 147733.33453249524 6.722147765403383 0.04923510151820525 9.186719592836756
4389 0 0.01 147733.33453249524 6.722147765403383 0.04923510151820525 9.186719592836756
4390 0 0.01 147733.33453249524 6.722147765403383 0.04923510151820525 9.186719592836756
4391 0 0.01 147733.33453249524 6.722147765403383 0.04923510151820525 9.186719592836756
4392 0 0.01 147733.33453249524 6.722147765403383 0.04923510151820525 9.186719592836756
4393 0 0.01 147733.33453249524 6.722147765403383 0.04923510151820525 9.186719592836756
4394 0 0.01 147733.33453249524 6.722147765403383 0.04923510151820525 9.186719592836756
4395 0 0.01 147733.33453249524 6.722147765403383 0.04923510151820525 9.186719592836756
4396 0 0.01 147733.33453249524 6.722147765403383 0.04923510151820525 9.186719592836756
4397 0 0.01 147733.33453249524 6.722147765403383 0.04923510151820525 9.186719592836756
4398 0 0.01 147733.33453249524 6.722147765403383 0.04923510151820525 9.186719592836756
4399 0 0.01 147733.33453249524 6.722147765403383 0.04923510151820525 9.186719592836756
4400 0 0.01 147733.33453249524 6.722147765403383 0.04923510151820525 9.186719592836756
4401 0 0.01 147733.33453249524 6.722147765403383 0.04923510151820525 9.186719592836756
4402 0 0.01 147733.33453249524 6.722147765403383 0.04923510151820525 9.186719592836756
4403 0 0.01 147733.33453249524 6.722147765403383 0.04923510151820525 9.186719592836756
4404 0 0.01 147733.33453249524 6.722147765403383 0.04923510151820525 9.186719592836756
4405 0 0.01 147733.33453249524 6.722147765403383 0.04923510151820525 9.186719592836756
4406 0 0.01 147733.33453249524 6.722147765403383 0.04923510151820525 9.186719592836756
4407 0 0.01 147733.33453249524 6.722147765403383 0.04923510151820525 9.186719592836756
4408 0 0.01 147733.33453249524 6.722147765403383 0.04923510151820525 9.186719592836756
4409 0 0.01 147733.33453249524 6.722147765403383 0.04923510151820525 9.186719592836756
4410 0 0.01 147733.33453249524 6.722147765403383 0.04923510151820525 9.186719592836756
4411 0 0.01 147733.33453249524 6.722147765403383 0.04923510151820525 9.186719592836756
4412 0 0.01 147733.33453249524 6.722147765403383 0.04923510151820525 9.186719592836756
4413 0 0.01 147733.33453249524 6.722147765403383 0.04923510151820525 9.186719592836756
4414 0 0.01 147733.33453249524 6.722147765403383 0.04923510151820525 9.186719592836756
4415 0 0.01 147733.33453249524 6.722147765403383 0.04923510151820525 9.186719592836756
4416 0 0.01 147733.33453249524 6.722147765403383 0.04923510151820525 9.186719592836756
4417 0 0.01 147733.33453249524 6.722147765403383 0.04923510151820525 9.186719592836756
4418 0 0.01 147733.33453249524 6.722147765403383 0.04923510151820525 9.186719592836756
4419 0 0.01 147733.33453249524 6.722147765403383 0.04923510151820525 9.186719592836756
4420 0 0.01 147733.33453249524 6.722147765403383 0.04923510151820525 9.186719592836756
4421 0 0.01 147733.33453249524 6.722147765403383 0.04923510151820525 9.186719592836756
4422 0 0.01 147733.33453249524 6.722147765403383 0.04923510151820525 9.186719592836756
4423 0 0.01 147733.33453249524 6.722147765403383 0.04923510151820525 9.186719592836756
4424 0 0.01 147733.33453249524 6.722147765403383 0.04923510151820525 9.186719592836756
4425 0 0.01 147733.33453249524 6.722147765403383 0.04923510151820525 9.186719592836756
4426 0 0.01 147733.33453249524 6.722147765403383 0.04923510151820525 9.186719592836756
4427 0 0.01 147733.33453249524 6.722147765403383 0.04923510151820525 9.186719592836756
4428 0 0.01 147733.33453249524 6.722147765403383 0.04923510151820525 9.186719592836756
4429 0 0.01 147733.33453249524 6.722147765403383 0.04923510151820525 9.186719592836756
4430 0 0.01 147733.33453249524 6.722147765403383 0.04923510151820525 9.186719592836756
4431 0 0.01 147733.33453249524 6.722147765403383 0.04923510151820525 9.186719592836756
4432 0 0.01 147733.33453249524 6.722147765403383 0.04923510151820525 9.186719592836756
4433 0 0.01 147733.33453249524 6.722147765403383 0.04923510151820525 9.186719592836756
4434 0 0.01 147733.33453249524 6.722147765403383 0.04923510151820525 9.186719592836756
4435 0 0.01 147733.33453249524 6.722147765403383 0.04923510151820525 9.186719592836756
4436 0 0.01 147733.33453249524 6.722147765403383 0.04923510151820525 9.186719592836756
4437 0 0.01 147733.33453249524 6.722147765403383 0.04923510151820525 9.186719592836756
4438 0 0.01 147733.33453249524 6.722147765403383 0.04923510151820525 9.186719592836756
4439 0 0.01 147733.33453249524 6.722147765403383 0.04923510151820525 9.186719592836756
4440 0 0.01 147733.33453249524 6.722147765403383 0.04923510151820525 9.186719592836756
4441 0 0.01 147733.33453249524 6.722147765403383 0.04923510151820525 9.186719592836756
4442 0 0.01 147733.33453249524 6.722147765403383 0.04923510151820525 9.186719592836756
4443 0 0.01 147733.33453249524 6.722147765403383 0.04923510151820525 9.186719592836756
4444 0 0.01 147733.33453249524 6.722147765403383 0.04923510151820525 9.186719592836756
4445 0 0.01 147733.33453249524 6.722147765403383 0.04923510151820525 9.186719592836756
4446 0 0.01 147733.33453249524 6.722147765403383 0.04923510151820525 9.186719592836756
4447 0 0.01 147733.33453249524 6.722147765403383 0.04923510151820525 9.186719592836756
4448 0 0.01 147733.33453249524 6.722147765403383 0.04923510151820525 9.186719592836756
4449 0 0.01 147733.33453249524 6.722147765403383 0.04923510151820525 9.186719592836756
4450 0 0.01 147733.33453249524 6.722147765403383 0.04923510151820525 9.186719592836756
4451 0 0.01 147733.33453249524 6.722147765403383 0.04923510151820525 9.186719592836756
4452 0 0.01 147733.33453249524 6.722147765403383 0.04923510151820525 9.186719592836756
4453 0 0.01 147733.33453249524 6.722147765403383 0.04923510151820525 9.186719592836756
4454 0 0.01 147733.33453249524 6.722147765403383 0.04923510151820525 9.186719592836756
4455 0 0.01 147733.33453249524 6.722147765403383 0.04923510151820525 9.186719592836756
4456 0 0.01 147733.33453249524 6.722147765403383 0.04923510151820525 9.186719592836756
4457 0 0.01 147733.33453249524 6.722147765403383 0.04923510151820525 9.186719592836756
4458 0 0.01 147733.33453249524 6.722147765403383 0.04923510151820525 9.186719592836756
4459 0 0.01 147733.33453249524 6.722147765403383 0.04923510151820525 9.186719592836756
4460 0 0.01 147733.33453249524 6.722147765403383 0.04923510151820525 9.186719592836756
4461 0 0.01 147733.33453249524 6.722147765403383 0.04923510151820525 9.186719592836756
4462 0 0.01 147733.33453249524 6.722147765403383 0.04923510151820525 9.186719592836756
4463 0 0.01 147733.33453249524 6.722147765403383 0.04923510151820525 9.186719592836756
4464 0 0.01 147733.33453249524 6.722147765403383 0.04923510151820525 9.186719592836756
4465 0 0.01 147733.33453249524 6.722147765403383 0.04923510151820525 9.186719592836756
4466 0 0.01 147733.33453249524 6.722147765403383 0.04923510151820525 9.186719592836756
4467 0 0.01 147733.33453249524 6.722147765403383 0.04923510151820525 9.186719592836756
4468 0 0.01 147733.33453249524 6.722147765403383 0.04923510151820525 9.186719592836756
4469 0 0.01 147733.33453249524 6.722147765403383 0.04923510151820525 9.186719592836756
4470 0 0.01 147733.33453249524 6.722147765403383 0.04923510151820525 9.186719592836756
4471 0 0.01 147733.33453249524 6.722147765403383 0.04923510151820525 9.186719592836756
4472 0 0.01 147733.33453249524 6.722147765403383 0.04923510151820525 9.186719592836756
4473 0 0.01 147733.33453249524 6.722147765403383 0.04923510151820525 9.186719592836756
4474 0 0.01 147733.33453249524 6.722147765403383 0.04923510151820525 9.186719592836756
4475 0 0.01 147733.33453249524 6.722147765403383 0.04923510151820525 9.186719592836756
4476 0 0.01 147733.33453249524 6.722147765403383 0.04923510151820525 9.186719592836756
4477 0 0.01 147733.33453249524 6.722147765403383 0.04923510151820525 9.186719592836756
4478 0 0.01 147733.33453249524 6.722147765403383 0.04923510151820525 9.186719592836756
4479 0 0.01 147733.33453249524 6.722147765403383 0.04923510151820525 9.186719592836756
4480 0 0.01 147733.33453249524 6.722147765403383 0.04923510151820525 9.186719592836756
4481 0 0.01 147733.33453249524 6.722147765403383 0.04923510151820525 9.186719592836756
4482 0 0.01 147733.33453249524 6.722147765403383 0.04923510151820525 9.186719592836756
4483 0 0.01 147733.33453249524 6.722147765403383 0.04923510151820525 9.186719592836756
4484 0 0.01 147733.33453249524 6.722147765403383 0.04923510151820525 9.186719592836756
4485 0 0.01 147733.33453249524 6.722147765403383 0.04923510151820525 9.186719592836756
4486 0 0.01 147733.33453249524 6.722147765403383 0.04923510151820525 9.186719592836756
4487 0 0.01 147733.33453249524 6.722147765403383 0.04923510151820525 9.186719592836756
4488 0 0.01 147733.33453249524 6.722147765403383 0.04923510151820525 9.186719592836756
4489 0 0.01 147733.33453249524 6.722147765403383 0.04923510151820525 9.186719592836756
4490 0 0.01 147733.33453249524 6.722147765403383 0.04923510151820525 9.186719592836756
4491 0 0.01 147733.33453249524 6.722147765403383 0.04923510151820525 9.186719592836756
4492 0 0.01 147733.33453249524 6.722147765403383 0.04923510151820525 9.186719592836756
4493 0 0.01 147733.33453249524 6.722147765403383 0.04923510151820525 9.186719592836756
4494 0 0.01 147733.33453249524 6.722147765403383 0.04923510151820525 9.186719592836756
4495 0 0.01 147733.33453249524 6.722147765403383 0.04923510151820525 9.186719592836756
4496 0 0.01 147733.33453249524 6.722147765403383 0.04923510151820525 9.186719592836756
4497 0 0.01 147733.33453249524 6.722147765403383 0.04923510151820525 9.186719592836756
4498 0 0.01 147733.33453249524 6.722147765403383 0.04923510151820525 9.186719592836756
4499 0 0.01 147733.33453249524 6.722147765403383 0.04923510151820525 9.186719592836756
4500 0 0.01 147733.33453249524 6.722147765403383 0.04923510151820525 9.186719592836756
4501 0 0.01 147733.33453249524 6.722147765403383 0.04923510151820525 9.186719592836756
4502 0 0.01 147733.33453249524 6.722147765403383 0.04923510151820525 9.186719592836756
4503 0 0.01 147733.33453249524 6.722147765403383 0.04923510151820525 9.186719592836756
4504 0 0.01 147733.33453249524 6.722147765403383 0.04923510151820525 9.186719592836756
4505 0 0.01 147733.33453249524 6.722147765403383 0.04923510151820525 9.186719592836756
4506 0 0.01 147733.33453249524 6.722147765403383 0.04923510151820525 9.186719592836756
4507 0 0.01 147733.33453249524 6.722147765403383 0.04923510151820525 9.186719592836756
4508 0 0.01 147733.33453249524 6.722147765403383 0.04923510151820525 9.186719592836756
4509 0 0.01 147733.33453249524 6.722147765403383 0.04923510151820525 9.186719592836756
4510 0 0.01 147733.33453249524 6.722147765403383 0.04923510151820525 9.186719592836756
4511 0 0.01 147733.33453249524 6.722147765403383 0.04923510151820525 9.186719592836756
4512 0 0.01 147733.33453249524 6.722147765403383 0.04923510151820525 9.186719592836756
4513 0 0.01 147733.33453249524 6.722147765403383 0.04923510151820525 9.186719592836756
4514 0 0.01 147733.33453249524 6.722147765403383 0.04923510151820525 9.186719592836756
4515 0 0.01 147733.33453249524 6.722147765403383 0.04923510151820525 9.186719592836756
4516 0 0.01 147733.33453249524 6.722147765403383 0.04923510151820525 9.186719592836756
4517 0 0.01 147733.33453249524 6.722147765403383 0.04923510151820525 9.186719592836756
4518 0 0.01 147733.33453249524 6.722147765403383 0.04923510151820525 9.186719592836756
4519 0 0.01 147733.33453249524 6.722147765403383 0.04923510151820525 9.186719592836756
4520 0 0.01 147733.33453249524 6.722147765403383 0.04923510151820525 9.186719592836756
4521 0 0.01 147733.33453249524 6.722147765403383 0.04923510151820525 9.186719592836756
4522 0 0.01 147733.33453249524 6.722147765403383 0.04923510151820525 9.186719592836756
4523 0 0.01 147733.33453249524 6.722147765403383 0.04923510151820525 9.186719592836756
4524 0 0.01 147733.33453249524 6.722147765403383 0.04923510151820525 9.186719592836756
4525 0 0.01 147733.33453249524 6.722147765403383 0.04923510151820525 9.186719592836756
4526 0 0.01 147733.33453249524 6.722147765403383 0.04923510151820525 9.186719592836756
4527 0 0.01 147733.33453249524 6.722147765403383 0.04923510151820525 9.186719592836756
4528 0 0.01 147733.33453249524 6.722147765403383 0.04923510151820525 9.186719592836756
4529 0 0.01 147733.33453249524 6.722147765403383 0.04923510151820525 9.186719592836756
4530 0 0.01 147733.33453249524 6.722147765403383 0.04923510151820525 9.186719592836756
4531 0 0.01 147733.33453249524 6.722147765403383 0.04923510151820525 9.186719592836756
4532 0 0.01 147733.33453249524 6.722147765403383 0.04923510151820525 9.186719592836756
4533 0 0.01 147733.33453249524 6.722147765403383 0.04923510151820525 9.186719592836756
4534 0 0.01 147733.33453249524 6.722147765403383 0.04923510151820525 9.186719592836756
4535 0 0.01 147733.33453249524 6.722147765403383 0.04923510151820525 9.186719592836756
4536 0 0.01 147733.33453249524 6.722147765403383 0.04923510151820525 9.186719592836756
4537 0 0.01 147733.33453249524 6.722147765403383 0.04923510151820525 9.186719592836756
4538 0 0.01 147733.33453249524 6.722147765403383 0.04923510151820525 9.186719592836756
4539 0 0.01 147733.33453249524 6.722147765403383 0.04923510151820525 9.186719592836756
4540 0 0.01 147733.33453249524 6.722147765403383 0.04923510151820525 9.186719592836756
4541 0 0.01 147733.33453249524 6.722147765403383 0.04923510151820525 9.186719592836756
4542 0 0.01 147733.33453249524 6.722147765403383 0.04923510151820525 9.186719592836756
4543 0 0.01 147733.33453249524 6.722147765403383 0.04923510151820525 9.186719592836756
4544 0 0.01 147733.33453249524 6.722147765403383 0.04923510151820525 9.186719592836756
4545 0 0.01 147733.33453249524 6.722147765403383 0.04923510151820525 9.186719592836756
4546 0 0.01 147733.33453249524 6.722147765403383 0.04923510151820525 9.186719592836756
4547 0 0.01 147733.33453249524 6.722147765403383 0.04923510151820525 9.186719592836756
4548 0 0.01 147733.33453249524 6.722147765403383 0.04923510151820525 9.186719592836756
4549 0 0.01 147733.33453249524 6.722147765403383 0.04923510151820525 9.186719592836756
4550 0 0.01 147733.33453249524 6.722147765403383 0.04923510151820525 9.186719592836756
4551 0 0.01 147733.33453249524 6.722147765403383 0.04923510151820525 9.186719592836756
4552 0 0.01 147733.33453249524 6.722147765403383 0.04923510151820525 9.186719592836756
4553 0 0.01 147733.33453249524 6.722147765403383 0.04923510151820525 9.186719592836756
4554 0 0.01 147733.33453249524 6.722147765403383 0.04923510151820525 9.186719592836756
4555 0 0.01 147733.33453249524 6.722147765403383 0.04923510151820525 9.186719592836756
4556 0 0.01 147733.33453249524 6.722147765403383 0.04923510151820525 9.186719592836756
4557 0 0.01 147733.33453249524 6.722147765403383 0.04923510151820525 9.186719592836756
4558 0 0.01 147733.33453249524 6.722147765403383 0.04923510151820525 9.186719592836756
4559 0 0.01 147733.33453249524 6.722147765403383 0.04923510151820525 9.186719592836756
4560 0 0.01 147733.33453249524 6.722147765403383 0.04923510151820525 9.186719592836756
4561 0 0.01 147733.33453249524 6.722147765403383 0.04923510151820525 9.186719592836756
4562 0 0.01 147733.33453249524 6.722147765403383 0.04923510151820525 9.186719592836756
4563 0 0.01 147733.33453249524 6.722147765403383 0.04923510151820525 9.186719592836756
4564 0 0.01 147733.33453249524 6.722147765403383 0.04923510151820525 9.186719592836756
4565 0 0.01 147733.33453249524 6.722147765403383 0.04923510151820525 9.186719592836756
4566 0 0.01 147733.33453249524 6.722147765403383 0.04923510151820525 9.186719592836756
4567 0 0.01 147733.33453249524 6.722147765403383 0.04923510151820525 9.186719592836756
4568 0 0.01 147733.33453249524 6.722147765403383 0.04923510151820525 9.186719592836756
4569 0 0.01 147733.33453249524 6.722147765403383 0.04923510151820525 9.186719592836756
4570 0 0.01 147733.33453249524 6.722147765403383 0.04923510151820525 9.186719592836756
4571 0 0.01 147733.33453249524 6.722147765403383 0.04923510151820525 9.186719592836756
4572 0 0.01 147733.33453249524 6.722147765403383 0.04923510151820525 9.186719592836756
4573 0 0.01 147733.33453249524 6.722147765403383 0.04923510151820525 9.186719592836756
4574 0 0.01 147733.33453249524 6.722147765403383 0.04923510151820525 9.186719592836756
4575 0 0.01 147733.33453249524 6.722147765403383 0.04923510151820525 9.186719592836756
4576 0 0.01 147733.33453249524 6.722147765403383 0.04923510151820525 9.186719592836756
4577 0 0.01 147733.33453249524 6.722147765403383 0.04923510151820525 9.186719592836756
4578 0 0.01 147733.33453249524 6.722147765403383 0.04923510151820525 9.186719592836756
4579 0 0.01 147733.33453249524 6.722147765403383 0.04923510151820525 9.186719592836756
4580 0 0.01 147733.33453249524 6.722147765403383 0.04923510151820525 9.186719592836756
4581 0 0.01 147733.33453249524 6.722147765403383 0.04923510151820525 9.186719592836756
4582 0 0.01 147733.33453249524 6.722147765403383 0.04923510151820525 9.186719592836756
4583 0 0.01 147733.33453249524 6.722147765403383 0.04923510151820525 9.186719592836756
4584 0 0.01 147733.33453249524 6.722147765403383 0.04923510151820525 9.186719592836756
4585 0 0.01 147733.33453249524 6.722147765403383 0.04923510151820525 9.186719592836756
4586 0 0.01 147733.33453249524 6.722147765403383 0.04923510151820525 9.186719592836756
4587 0 0.01 147733.33453249524 6.722147765403383 0.04923510151820525 9.186719592836756
4588 0 0.01 147733.33453249524 6.722147765403383 0.04923510151820525 9.186719592836756
4589 0 0.01 147733.33453249524 6.722147765403383 0.04923510151820525 9.186719592836756
4590 0 0.01 147733.33453249524 6.722147765403383 0.04923510151820525 9.186719592836756
4591 0 0.01 147733.33453249524 6.722147765403383 0.04923510151820525 9.186719592836756
4592 0 0.01 147733.33453249524 6.722147765403383 0.04923510151820525 9.186719592836756
4593 0 0.01 147733.33453249524 6.722147765403383 0.04923510151820525 9.186719592836756
4594 0 0.01 147733.33453249524 6.722147765403383 0.04923510151820525 9.186719592836756
4595 0 0.01 147733.33453249524 6.722147765403383 0.04923510151820525 9.186719592836756
4596 0 0.01 147733.33453249524 6.722147765403383 0.04923510151820525 9.186719592836756
4597 0 0.01 147733.33453249524 6.722147765403383 0.04923510151820525 9.186719592836756
4598 0 0.01 147733.33453249524 6.722147765403383 0.04923510151820525 9.186719592836756
4599 0 0.01 147733.33453249524 6.722147765403383 0.04923510151820525 9.186719592836756
4600 0 0.01 147733.33453249524 6.722147765403383 0.04923510151820525 9.186719592836756
4601 0 0.01 147733.33453249524 6.722147765403383 0.04923510151820525 9.186719592836756
4602 0 0.01 147733.33453249524 6.722147765403383 0.04923510151820525 9.186719592836756
4603 0 0.01 147733.33453249524 6.722147765403383 0.04923510151820525 9.186719592836756
4604 0 0.01 147733.33453249524 6.722147765403383 0.04923510151820525 9.186719592836756
4605 0 0.01 147733.33453249524 6.722147765403383 0.04923510151820525 9.186719592836756
4606 0 0.01 147733.33453249524 6.722147765403383 0.04923510151820525 9.186719592836756
4607 0 0.01 147733.33453249524 6.722147765403383 0.04923510151820525 9.186719592836756
4608 0 0.01 147733.33453249524 6.722147765403383 0.04923510151820525 9.186719592836756
4609 0 0.01 147733.33453249524 6.722147765403383 0.04923510151820525 9.186719592836756
4610 0 0.01 147733.33453249524 6.722147765403383 0.04923510151820525 9.186719592836756
4611 0 0.01 147733.33453249524 6.722147765403383 0.04923510151820525 9.186719592836756
4612 0 0.01 147733.33453249524 6.722147765403383 0.04923510151820525 9.186719592836756
4613 0 0.01 147733.33453249524 6.722147765403383 0.04923510151820525 9.186719592836756
4614 0 0.01 147733.33453249524 6.722147765403383 0.04923510151820525 9.186719592836756
4615 0 0.01 147733.33453249524 6.722147765403383 0.04923510151820525 9.186719592836756
4616 0 0.01 147733.33453249524 6.722147765403383 0.04923510151820525 9.186719592836756
4617 0 0.01 147733.33453249524 6.722147765403383 0.04923510151820525 9.186719592836756
4618 0 0.01 147733.33453249524 6.722147765403383 0.04923510151820525 9.186719592836756
4619 0 0.01 147733.33453249524 6.722147765403383 0.04923510151820525 9.186719592836756
4620 0 0.01 147733.33453249524 6.722147765403383 0.04923510151820525 9.186719592836756
4621 0 0.01 147733.33453249524 6.722147765403383 0.04923510151820525 9.186719592836756
4622 0 0.01 147733.33453249524 6.722147765403383 0.04923510151820525 9.186719592836756
4623 0 0.01 147733.33453249524 6.722147765403383 0.04923510151820525 9.186719592836756
4624 0 0.01 147733.33453249524 6.722147765403383 0.04923510151820525 9.186719592836756
4625 0 0.01 147733.33453249524 6.722147765403383 0.04923510151820525 9.186719592836756
4626 0 0.01 147733.33453249524 6.722147765403383 0.04923510151820525 9.186719592836756
4627 0 0.01 147733.33453249524 6.722147765403383 0.04923510151820525 9.186719592836756
4628 0 0.01 147733.33453249524 6.722147765403383 0.04923510151820525 9.186719592836756
4629 0 0.01 147733.33453249524 6.722147765403383 0.04923510151820525 9.186719592836756
4630 0 0.01 147733.33453249524 6.722147765403383 0.04923510151820525 9.186719592836756
4631 0 0.01 147733.33453249524 6.722147765403383 0.04923510151820525 9.186719592836756
4632 0 0.01 147733.33453249524 6.722147765403383 0.04923510151820525 9.186719592836756
4633 0 0.01 147733.33453249524 6.722147765403383 0.04923510151820525 9.186719592836756
4634 0 0.01 147733.33453249524 6.722147765403383 0.04923510151820525 9.186719592836756
4635 0 0.01 147733.33453249524 6.722147765403383 0.04923510151820525 9.186719592836756
4636 0 0.01 147733.33453249524 6.722147765403383 0.04923510151820525 9.186719592836756
4637 0 0.01 147733.33453249524 6.722147765403383 0.04923510151820525 9.186719592836756
4638 0 0.01 147733.33453249524 6.722147765403383 0.04923510151820525 9.186719592836756
4639 0 0.01 147733.33453249524 6.722147765403383 0.04923510151820525 9.186719592836756
4640 0 0.01 147733.33453249524 6.722147765403383 0.04923510151820525 9.186719592836756
4641 0 0.01 147733.33453249524 6.722147765403383 0.04923510151820525 9.186719592836756
4642 0 0.01 147733.33453249524 6.722147765403383 0.04923510151820525 9.186719592836756
4643 0 0.01 147733.33453249524 6.722147765403383 0.04923510151820525 9.186719592836756
4644 0 0.01 147733.33453249524 6.722147765403383 0.04923510151820525 9.186719592836756
4645 0 0.01 147733.33453249524 6.722147765403383 0.04923510151820525 9.186719592836756
4646 0 0.01 147733.33453249524 6.722147765403383 0.04923510151820525 9.186719592836756
4647 0 0.01 147733.33453249524 6.722147765403383 0.04923510151820525 9.186719592836756
4648 0 0.01 147733.33453249524 6.722147765403383 0.04923510151820525 9.186719592836756
4649 0 0.01 147733.33453249524 6.722147765403383 0.04923510151820525 9.186719592836756
4650 0 0.01 147733.33453249524 6.722147765403383 0.04923510151820525 9.186719592836756
4651 0 0.01 147733.33453249524 6.722147765403383 0.04923510151820525 9.186719592836756
4652 0 0.01 147733.33453249524 6.722147765403383 0.04923510151820525 9.186719592836756
4653 0 0.01 147733.33453249524 6.722147765403383 0.04923510151820525 9.186719592836756
4654 0 0.01 147733.33453249524 6.722147765403383 0.04923510151820525 9.186719592836756
4655 0 0.01 147733.33453249524 6.722147765403383 0.04923510151820525 9.186719592836756
4656 0 0.01 147733.33453249524 6.722147765403383 0.04923510151820525 9.186719592836756
4657 0 0.01 147733.33453249524 6.722147765403383 0.04923510151820525 9.186719592836756
4658 0 0.01 147733.33453249524 6.722147765403383 0.04923510151820525 9.186719592836756
4659 0 0.01 147733.33453249524 6.722147765403383 0.04923510151820525 9.186719592836756
4660 0 0.01 147733.33453249524 6.722147765403383 0.04923510151820525 9.186719592836756
4661 0 0.01 147733.33453249524 6.722147765403383 0.04923510151820525 9.186719592836756
4662 0 0.01 147733.33453249524 6.722147765403383 0.04923510151820525 9.186719592836756
4663 0 0.01 147733.33453249524 6.722147765403383 0.04923510151820525 9.186719592836756
4664 0 0.01 147733.33453249524 6.722147765403383 0.04923510151820525 9.186719592836756
4665 0 0.01 147733.33453249524 6.722147765403383 0.04923510151820525 9.186719592836756
4666 0 0.01 147733.33453249524 6.722147765403383 0.04923510151820525 9.186719592836756
4667 0 0.01 147733.33453249524 6.722147765403383 0.04923510151820525 9.186719592836756
4668 0 0.01 147733.33453249524 6.722147765403383 0.04923510151820525 9.186719592836756
4669 0 0.01 147733.33453249524 6.722147765403383 0.04923510151820525 9.186719592836756
4670 0 0.01 147733.33453249524 6.722147765403383 0.04923510151820525 9.186719592836756
4671 0 0.01 147733.33453249524 6.722147765403383 0.04923510151820525 9.186719592836756
4672 0 0.01 147733.33453249524 6.722147765403383 0.04923510151820525 9.186719592836756
4673 0 0.01 147733.33453249524 6.722147765403383 0.04923510151820525 9.186719592836756
4674 0 0.01 147733.33453249524 6.722147765403383 0.04923510151820525 9.186719592836756
4675 0 0.01 147733.33453249524 6.722147765403383 0.04923510151820525 9.186719592836756
4676 0 0.01 147733.33453249524 6.722147765403383 0.04923510151820525 9.186719592836756
4677 0 0.01 147733.33453249524 6.722147765403383 0.04923510151820525 9.186719592836756
4678 0 0.01 147733.33453249524 6.722147765403383 0.04923510151820525 9.186719592836756
4679 0 0.01 147733.33453249524 6.722147765403383 0.04923510151820525 9.186719592836756
4680 0 0.01 147733.33453249524 6.722147765403383 0.04923510151820525 9.186719592836756
4681 0 0.01 147733.33453249524 6.722147765403383 0.04923510151820525 9.186719592836756
4682 0 0.01 147733.33453249524 6.722147765403383 0.04923510151820525 9.186719592836756
4683 0 0.01 147733.33453249524 6.722147765403383 0.04923510151820525 9.186719592836756
4684 0 0.01 147733.33453249524 6.722147765403383 0.04923510151820525 9.186719592836756
4685 0 0.01 147733.33453249524 6.722147765403383 0.04923510151820525 9.186719592836756
4686 0 0.01 147733.33453249524 6.722147765403383 0.04923510151820525 9.186719592836756
4687 0 0.01 147733.33453249524 6.722147765403383 0.04923510151820525 9.186719592836756
4688 0 0.01 147733.33453249524 6.722147765403383 0.04923510151820525 9.186719592836756
4689 0 0.01 147733.33453249524 6.722147765403383 0.04923510151820525 9.186719592836756
4690 0 0.01 147733.33453249524 6.722147765403383 0.04923510151820525 9.186719592836756
4691 0 0.01 147733.33453249524 6.722147765403383 0.04923510151820525 9.186719592836756
4692 0 0.01 147733.33453249524 6.722147765403383 0.04923510151820525 9.186719592836756
4693 0 0.01 147733.33453249524 6.722147765403383 0.04923510151820525 9.186719592836756
4694 0 0.01 147733.33453249524 6.722147765403383 0.04923510151820525 9.186719592836756
4695 0 0.01 147733.33453249524 6.722147765403383 0.04923510151820525 9.186719592836756
4696 0 0.01 147733.33453249524 6.722147765403383 0.04923510151820525 9.186719592836756
4697 0 0.01 147733.33453249524 6.722147765403383 0.04923510151820525 9.186719592836756
4698 0 0.01 147733.33453249524 6.722147765403383 0.04923510151820525 9.186719592836756
4699 0 0.01 147733.33453249524 6.722147765403383 0.04923510151820525 9.186719592836756
4700 0 0.01 147733.33453249524 6.722147765403383 0.04923510151820525 9.186719592836756
4701 0 0.01 147733.33453249524 6.722147765403383 0.04923510151820525 9.186719592836756
4702 0 0.01 147733.33453249524 6.722147765403383 0.04923510151820525 9.186719592836756
4703 0 0.01 147733.33453249524 6.722147765403383 0.04923510151820525 9.186719592836756
4704 0 0.01 147733.33453249524 6.722147765403383 0.04923510151820525 9.186719592836756
4705 0 0.01 147733.33453249524 6.722147765403383 0.04923510151820525 9.186719592836756
4706 0 0.01 147733.33453249524 6.722147765403383 0.04923510151820525 9.186719592836756
4707 0 0.01 147733.33453249524 6.722147765403383 0.04923510151820525 9.186719592836756
4708 0 0.01 147733.33453249524 6.722147765403383 0.04923510151820525 9.186719592836756
4709 0 0.01 147733.33453249524 6.722147765403383 0.04923510151820525 9.186719592836756
4710 0 0.01 147733.33453249524 6.722147765403383 0.04923510151820525 9.186719592836756
4711 0 0.01 147733.33453249524 6.722147765403383 0.04923510151820525 9.186719592836756
4712 0 0.01 147733.33453249524 6.722147765403383 0.04923510151820525 9.186719592836756
4713 0 0.01 147733.33453249524 6.722147765403383 0.04923510151820525 9.186719592836756
4714 0 0.01 147733.33453249524 6.722147765403383 0.04923510151820525 9.186719592836756
4715 0 0.01 147733.33453249524 6.722147765403383 0.04923510151820525 9.186719592836756
4716 0 0.01 147733.33453249524 6.722147765403383 0.04923510151820525 9.186719592836756
4717 0 0.01 147733.33453249524 6.722147765403383 0.04923510151820525 9.186719592836756
4718 0 0.01 147733.33453249524 6.722147765403383 0.04923510151820525 9.186719592836756
4719 0 0.01 147733.33453249524 6.722147765403383 0.04923510151820525 9.186719592836756
4720 0 0.01 147733.33453249524 6.722147765403383 0.04923510151820525 9.186719592836756
4721 0 0.01 147733.33453249524 6.722147765403383 0.04923510151820525 9.186719592836756
4722 0 0.01 147733.33453249524 6.722147765403383 0.04923510151820525 9.186719592836756
4723 0 0.01 147733.33453249524 6.722147765403383 0.04923510151820525 9.186719592836756
4724 0 0.01 147733.33453249524 6.722147765403383 0.04923510151820525 9.186719592836756
4725 0 0.01 147733.33453249524 6.722147765403383 0.04923510151820525 9.186719592836756
4726 0 0.01 147733.33453249524 6.722147765403383 0.04923510151820525 9.186719592836756
4727 0 0.01 147733.33453249524 6.722147765403383 0.04923510151820525 9.186719592836756
4728 0 0.01 147733.33453249524 6.722147765403383 0.04923510151820525 9.186719592836756
4729 0 0.01 147733.33453249524 6.722147765403383 0.04923510151820525 9.186719592836756
4730 0 0.01 147733.33453249524 6.722147765403383 0.04923510151820525 9.186719592836756
4731 0 0.01 147733.33453249524 6.722147765403383 0.04923510151820525 9.186719592836756
4732 0 0.01 147733.33453249524 6.722147765403383 0.04923510151820525 9.186719592836756
4733 0 0.01 147733.33453249524 6.722147765403383 0.04923510151820525 9.186719592836756
4734 0 0.01 147733.33453249524 6.722147765403383 0.04923510151820525 9.186719592836756
4735 0 0.01 147733.33453249524 6.722147765403383 0.04923510151820525 9.186719592836756
4736 0 0.01 147733.33453249524 6.722147765403383 0.04923510151820525 9.186719592836756
4737 0 0.01 147733.33453249524 6.722147765403383 0.04923510151820525 9.186719592836756
4738 0 0.01 147733.33453249524 6.722147765403383 0.04923510151820525 9.186719592836756
4739 0 0.01 147733.33453249524 6.722147765403383 0.04923510151820525 9.186719592836756
4740 0 0.01 147733.33453249524 6.722147765403383 0.04923510151820525 9.186719592836756
4741 0 0.01 147733.33453249524 6.722147765403383 0.04923510151820525 9.186719592836756
4742 0 0.01 147733.33453249524 6.722147765403383 0.04923510151820525 9.186719592836756
4743 0 0.01 147733.33453249524 6.722147765403383 0.04923510151820525 9.186719592836756
4744 0 0.01 147733.33453249524 6.722147765403383 0.04923510151820525 9.186719592836756
4745 0 0.01 147733.33453249524 6.722147765403383 0.04923510151820525 9.186719592836756
4746 0 0.01 147733.33453249524 6.722147765403383 0.04923510151820525 9.186719592836756
4747 0 0.01 147733.33453249524 6.722147765403383 0.04923510151820525 9.186719592836756
4748 0 0.01 147733.33453249524 6.722147765403383 0.04923510151820525 9.186719592836756
4749 0 0.01 147733.33453249524 6.722147765403383 0.04923510151820525 9.186719592836756
4750 0 0.01 147733.33453249524 6.722147765403383 0.04923510151820525 9.186719592836756
4751 0 0.01 147733.33453249524 6.722147765403383 0.04923510151820525 9.186719592836756
4752 0 0.01 147733.33453249524 6.722147765403383 0.04923510151820525 9.186719592836756
4753 0 0.01 147733.33453249524 6.722147765403383 0.04923510151820525 9.186719592836756
4754 0 0.01 147733.33453249524 6.722147765403383 0.04923510151820525 9.186719592836756
4755 0 0.01 147733.33453249524 6.722147765403383 0.04923510151820525 9.186719592836756
4756 0 0.01 147733.33453249524 6.722147765403383 0.04923510151820525 9.186719592836756
4757 0 0.01 147733.33453249524 6.722147765403383 0.04923510151820525 9.186719592836756
4758 0 0.01 147733.33453249524 6.722147765403383 0.04923510151820525 9.186719592836756
4759 0 0.01 147733.33453249524 6.722147765403383 0.04923510151820525 9.186719592836756
4760 0 0.01 147733.33453249524 6.722147765403383 0.04923510151820525 9.186719592836756
4761 0 0.01 147733.33453249524 6.722147765403383 0.04923510151820525 9.186719592836756
4762 0 0.01 147733.33453249524 6.722147765403383 0.04923510151820525 9.186719592836756
4763 0 0.01 147733.33453249524 6.722147765403383 0.04923510151820525 9.186719592836756
4764 0 0.01 147733.33453249524 6.722147765403383 0.04923510151820525 9.186719592836756
4765 0 0.01 147733.33453249524 6.722147765403383 0.04923510151820525 9.186719592836756
4766 0 0.01 147733.33453249524 6.722147765403383 0.04923510151820525 9.186719592836756
4767 0 0.01 147733.33453249524 6.722147765403383 0.04923510151820525 9.186719592836756
4768 0 0.01 147733.33453249524 6.722147765403383 0.04923510151820525 9.186719592836756
4769 0 0.01 147733.33453249524 6.722147765403383 0.04923510151820525 9.186719592836756
4770 0 0.01 147733.33453249524 6.722147765403383 0.04923510151820525 9.186719592836756
4771 0 0.01 147733.33453249524 6.722147765403383 0.04923510151820525 9.186719592836756
4772 0 0.01 147733.33453249524 6.722147765403383 0.04923510151820525 9.186719592836756
4773 0 0.01 147733.33453249524 6.722147765403383 0.04923510151820525 9.186719592836756
4774 0 0.01 147733.33453249524 6.722147765403383 0.04923510151820525 9.186719592836756
4775 0 0.01 147733.33453249524 6.722147765403383 0.04923510151820525 9.186719592836756
4776 0 0.01 147733.33453249524 6.722147765403383 0.04923510151820525 9.186719592836756
4777 0 0.01 147733.33453249524 6.722147765403383 0.04923510151820525 9.186719592836756
4778 0 0.01 147733.33453249524 6.722147765403383 0.04923510151820525 9.186719592836756
4779 0 0.01 147733.33453249524 6.722147765403383 0.04923510151820525 9.186719592836756
4780 0 0.01 147733.33453249524 6.722147765403383 0.04923510151820525 9.186719592836756
4781 0 0.01 147733.33453249524 6.722147765403383 0.04923510151820525 9.186719592836756
4782 0 0.01 147733.33453249524 6.722147765403383 0.04923510151820525 9.186719592836756
4783 0 0.01 147733.33453249524 6.722147765403383 0.04923510151820525 9.186719592836756
4784 0 0.01 147733.33453249524 6.722147765403383 0.04923510151820525 9.186719592836756
4785 0 0.01 147733.33453249524 6.722147765403383 0.04923510151820525 9.186719592836756
4786 0 0.01 147733.33453249524 6.722147765403383 0.04923510151820525 9.186719592836756
4787 0 0.01 147733.33453249524 6.722147765403383 0.04923510151820525 9.186719592836756
4788 0 0.01 147733.33453249524 6.722147765403383 0.04923510151820525 9.186719592836756
4789 0 0.01 147733.33453249524 6.722147765403383 0.04923510151820525 9.186719592836756
4790 0 0.01 147733.33453249524 6.722147765403383 0.04923510151820525 9.186719592836756
4791 0 0.01 147733.33453249524 6.722147765403383 0.04923510151820525 9.186719592836756
4792 0 0.01 147733.33453249524 6.722147765403383 0.04923510151820525 9.186719592836756
4793 0 0.01 147733.33453249524 6.722147765403383 0.04923510151820525 9.186719592836756
4794 0 0.01 147733.33453249524 6.722147765403383 0.04923510151820525 9.186719592836756
4795 0 0.01 147733.33453249524 6.722147765403383 0.04923510151820525 9.186719592836756
4796 0 0.01 147733.33453249524 6.722147765403383 0.04923510151820525 9.186719592836756
4797 0 0.01 147733.33453249524 6.722147765403383 0.04923510151820525 9.186719592836756
4798 0 0.01 147733.33453249524 6.722147765403383 0.04923510151820525 9.186719592836756
4799 0 0.01 147733.33453249524 6.722147765403383 0.04923510151820525 9.186719592836756
4800 0 0.01 147733.33453249524 6.722147765403383 0.04923510151820525 9.186719592836756
4801 0 0.01 147733.33453249524 6.722147765403383 0.04923510151820525 9.186719592836756
4802 0 0.01 147733.33453249524 6.722147765403383 0.04923510151820525 9.186719592836756
4803 0 0.01 147733.33453249524 6.722147765403383 0.04923510151820525 9.186719592836756
4804 0 0.01 147733.33453249524 6.722147765403383 0.04923510151820525 9.186719592836756
4805 0 0.01 147733.33453249524 6.722147765403383 0.04923510151820525 9.186719592836756
4806 0 0.01 147733.33453249524 6.722147765403383 0.04923510151820525 9.186719592836756
4807 0 0.01 147733.33453249524 6.722147765403383 0.04923510151820525 9.186719592836756
4808 0 0.01 147733.33453249524 6.722147765403383 0.04923510151820525 9.186719592836756
4809 0 0.01 147733.33453249524 6.722147765403383 0.04923510151820525 9.186719592836756
4810 0 0.01 147733.33453249524 6.722147765403383 0.04923510151820525 9.186719592836756
4811 0 0.01 147733.33453249524 6.722147765403383 0.04923510151820525 9.186719592836756
4812 0 0.01 147733.33453249524 6.722147765403383 0.04923510151820525 9.186719592836756
4813 0 0.01 147733.33453249524 6.722147765403383 0.04923510151820525 9.186719592836756
4814 0 0.01 147733.33453249524 6.722147765403383 0.04923510151820525 9.186719592836756
4815 0 0.01 147733.33453249524 6.722147765403383 0.04923510151820525 9.186719592836756
4816 0 0.01 147733.33453249524 6.722147765403383 0.04923510151820525 9.186719592836756
4817 0 0.01 147733.33453249524 6.722147765403383 0.04923510151820525 9.186719592836756
4818 0 0.01 147733.33453249524 6.722147765403383 0.04923510151820525 9.186719592836756
4819 0 0.01 147733.33453249524 6.722147765403383 0.04923510151820525 9.186719592836756
4820 0 0.01 147733.33453249524 6.722147765403383 0.04923510151820525 9.186719592836756
4821 0 0.01 147733.33453249524 6.722147765403383 0.04923510151820525 9.186719592836756
4822 0 0.01 147733.33453249524 6.722147765403383 0.04923510151820525 9.186719592836756
4823 0 0.01 147733.33453249524 6.722147765403383 0.04923510151820525 9.186719592836756
4824 0 0.01 147733.33453249524 6.722147765403383 0.04923510151820525 9.186719592836756
4825 0 0.01 147733.33453249524 6.722147765403383 0.04923510151820525 9.186719592836756
4826 0 0.01 147733.33453249524 6.722147765403383 0.04923510151820525 9.186719592836756
4827 0 0.01 147733.33453249524 6.722147765403383 0.04923510151820525 9.186719592836756
4828 0 0.01 147733.33453249524 6.722147765403383 0.04923510151820525 9.186719592836756
4829 0 0.01 147733.33453249524 6.722147765403383 0.04923510151820525 9.186719592836756
4830 0 0.01 147733.33453249524 6.722147765403383 0.04923510151820525 9.186719592836756
4831 0 0.01 147733.33453249524 6.722147765403383 0.04923510151820525 9.186719592836756
4832 0 0.01 147733.33453249524 6.722147765403383 0.04923510151820525 9.186719592836756
4833 0 0.01 147733.33453249524 6.722147765403383 0.04923510151820525 9.186719592836756
4834 0 0.01 147733.33453249524 6.722147765403383 0.04923510151820525 9.186719592836756
4835 0 0.01 147733.33453249524 6.722147765403383 0.04923510151820525 9.186719592836756
4836 0 0.01 147733.33453249524 6.722147765403383 0.04923510151820525 9.186719592836756
4837 0 0.01 147733.33453249524 6.722147765403383 0.04923510151820525 9.186719592836756
4838 0 0.01 147733.33453249524 6.722147765403383 0.04923510151820525 9.186719592836756
4839 0 0.01 147733.33453249524 6.722147765403383 0.04923510151820525 9.186719592836756
4840 0 0.01 147733.33453249524 6.722147765403383 0.04923510151820525 9.186719592836756
4841 0 0.01 147733.33453249524 6.722147765403383 0.04923510151820525 9.186719592836756
4842 0 0.01 147733.33453249524 6.722147765403383 0.04923510151820525 9.186719592836756
4843 0 0.01 147733.33453249524 6.722147765403383 0.04923510151820525 9.186719592836756
4844 0 0.01 147733.33453249524 6.722147765403383 0.04923510151820525 9.186719592836756
4845 0 0.01 147733.33453249524 6.722147765403383 0.04923510151820525 9.186719592836756
4846 0 0.01 147733.33453249524 6.722147765403383 0.04923510151820525 9.186719592836756
4847 0 0.01 147733.33453249524 6.722147765403383 0.04923510151820525 9.186719592836756
4848 0 0.01 147733.33453249524 6.722147765403383 0.04923510151820525 9.186719592836756
4849 0 0.01 147733.33453249524 6.722147765403383 0.04923510151820525 9.186719592836756
4850 0 0.01 147733.33453249524 6.722147765403383 0.04923510151820525 9.186719592836756
4851 0 0.01 147733.33453249524 6.722147765403383 0.04923510151820525 9.186719592836756
4852 0 0.01 147733.33453249524 6.722147765403383 0.04923510151820525 9.186719592836756
4853 0 0.01 147733.33453249524 6.722147765403383 0.04923510151820525 9.186719592836756
4854 0 0.01 147733.33453249524 6.722147765403383 0.04923510151820525 9.186719592836756
4855 0 0.01 147733.33453249524 6.722147765403383 0.04923510151820525 9.186719592836756
4856 0 0.01 147733.33453249524 6.722147765403383 0.04923510151820525 9.186719592836756
4857 0 0.01 147733.33453249524 6.722147765403383 0.04923510151820525 9.186719592836756
4858 0 0.01 147733.33453249524 6.722147765403383 0.04923510151820525 9.186719592836756
4859 0 0.01 147733.33453249524 6.722147765403383 0.04923510151820525 9.186719592836756
4860 0 0.01 147733.33453249524 6.722147765403383 0.04923510151820525 9.186719592836756
4861 0 0.01 147733.33453249524 6.722147765403383 0.04923510151820525 9.186719592836756
4862 0 0.01 147733.33453249524 6.722147765403383 0.04923510151820525 9.186719592836756
4863 0 0.01 147733.33453249524 6.722147765403383 0.04923510151820525 9.186719592836756
4864 0 0.01 147733.33453249524 6.722147765403383 0.04923510151820525 9.186719592836756
4865 0 0.01 147733.33453249524 6.722147765403383 0.04923510151820525 9.186719592836756
4866 0 0.01 147733.33453249524 6.722147765403383 0.04923510151820525 9.186719592836756
4867 0 0.01 147733.33453249524 6.722147765403383 0.04923510151820525 9.186719592836756
4868 0 0.01 147733.33453249524 6.722147765403383 0.04923510151820525 9.186719592836756
4869 0 0.01 147733.33453249524 6.722147765403383 0.04923510151820525 9.186719592836756
4870 0 0.01 147733.33453249524 6.722147765403383 0.04923510151820525 9.186719592836756
4871 0 0.01 147733.33453249524 6.722147765403383 0.04923510151820525 9.186719592836756
4872 0 0.01 147733.33453249524 6.722147765403383 0.04923510151820525 9.186719592836756
4873 0 0.01 147733.33453249524 6.722147765403383 0.04923510151820525 9.186719592836756
4874 0 0.01 147733.33453249524 6.722147765403383 0.04923510151820525 9.186719592836756
4875 0 0.01 147733.33453249524 6.722147765403383 0.04923510151820525 9.186719592836756
4876 0 0.01 147733.33453249524 6.722147765403383 0.04923510151820525 9.186719592836756
4877 0 0.01 147733.33453249524 6.722147765403383 0.04923510151820525 9.186719592836756
4878 0 0.01 147733.33453249524 6.722147765403383 0.04923510151820525 9.186719592836756
4879 0 0.01 147733.33453249524 6.722147765403383 0.04923510151820525 9.186719592836756
4880 0 0.01 147733.33453249524 6.722147765403383 0.04923510151820525 9.186719592836756
4881 0 0.01 147733.33453249524 6.722147765403383 0.04923510151820525 9.186719592836756
4882 0 0.01 147733.33453249524 6.722147765403383 0.04923510151820525 9.186719592836756
4883 0 0.01 147733.33453249524 6.722147765403383 0.04923510151820525 9.186719592836756
4884 0 0.01 147733.33453249524 6.722147765403383 0.04923510151820525 9.186719592836756
4885 0 0.01 147733.33453249524 6.722147765403383 0.04923510151820525 9.186719592836756
4886 0 0.01 147733.33453249524 6.722147765403383 0.04923510151820525 9.186719592836756
4887 0 0.01 147733.33453249524 6.722147765403383 0.04923510151820525 9.186719592836756
4888 0 0.01 147733.33453249524 6.722147765403383 0.04923510151820525 9.186719592836756
4889 0 0.01 147733.33453249524 6.722147765403383 0.04923510151820525 9.186719592836756
4890 0 0.01 147733.33453249524 6.722147765403383 0.04923510151820525 9.186719592836756
4891 0 0.01 147733.33453249524 6.722147765403383 0.04923510151820525 9.186719592836756
4892 0 0.01 147733.33453249524 6.722147765403383 0.04923510151820525 9.186719592836756
4893 0 0.01 147733.33453249524 6.722147765403383 0.04923510151820525 9.186719592836756
4894 0 0.01 147733.33453249524 6.722147765403383 0.04923510151820525 9.186719592836756
4895 0 0.01 147733.33453249524 6.722147765403383 0.04923510151820525 9.186719592836756
4896 0 0.01 147733.33453249524 6.722147765403383 0.04923510151820525 9.186719592836756
4897 0 0.01 147733.33453249524 6.722147765403383 0.04923510151820525 9.186719592836756
4898 0 0.01 147733.33453249524 6.722147765403383 0.04923510151820525 9.186719592836756
4899 0 0.01 147733.33453249524 6.722147765403383 0.04923510151820525 9.186719592836756
4900 0 0.01 147733.33453249524 6.722147765403383 0.04923510151820525 9.186719592836756
4901 0 0.01 147733.33453249524 6.722147765403383 0.04923510151820525 9.186719592836756
4902 0 0.01 147733.33453249524 6.722147765403383 0.04923510151820525 9.186719592836756
4903 0 0.01 147733.33453249524 6.722147765403383 0.04923510151820525 9.186719592836756
4904 0 0.01 147733.33453249524 6.722147765403383 0.04923510151820525 9.186719592836756
4905 0 0.01 147733.33453249524 6.722147765403383 0.04923510151820525 9.186719592836756
4906 0 0.01 147733.33453249524 6.722147765403383 0.04923510151820525 9.186719592836756
4907 0 0.01 147733.33453249524 6.722147765403383 0.04923510151820525 9.186719592836756
4908 0 0.01 147733.33453249524 6.722147765403383 0.04923510151820525 9.186719592836756
4909 0 0.01 147733.33453249524 6.722147765403383 0.04923510151820525 9.186719592836756
4910 0 0.01 147733.33453249524 6.722147765403383 0.04923510151820525 9.186719592836756
4911 0 0.01 147733.33453249524 6.722147765403383 0.04923510151820525 9.186719592836756
4912 0 0.01 147733.33453249524 6.722147765403383 0.04923510151820525 9.186719592836756
4913 0 0.01 147733.33453249524 6.722147765403383 0.04923510151820525 9.186719592836756
4914 0 0.01 147733.33453249524 6.722147765403383 0.04923510151820525 9.186719592836756
4915 0 0.01 147733.33453249524 6.722147765403383 0.04923510151820525 9.186719592836756
4916 0 0.01 147733.33453249524 6.722147765403383 0.04923510151820525 9.186719592836756
4917 0 0.01 147733.33453249524 6.722147765403383 0.04923510151820525 9.186719592836756
4918 0 0.01 147733.33453249524 6.722147765403383 0.04923510151820525 9.186719592836756
4919 0 0.01 147733.33453249524 6.722147765403383 0.04923510151820525 9.186719592836756
4920 0 0.01 147733.33453249524 6.722147765403383 0.04923510151820525 9.186719592836756
4921 0 0.01 147733.33453249524 6.722147765403383 0.04923510151820525 9.186719592836756
4922 0 0.01 147733.33453249524 6.722147765403383 0.04923510151820525 9.186719592836756
4923 0 0.01 147733.33453249524 6.722147765403383 0.04923510151820525 9.186719592836756
4924 0 0.01 147733.33453249524 6.722147765403383 0.04923510151820525 9.186719592836756
4925 0 0.01 147733.33453249524 6.722147765403383 0.04923510151820525 9.186719592836756
4926 0 0.01 147733.33453249524 6.722147765403383 0.04923510151820525 9.186719592836756
4927 0 0.01 147733.33453249524 6.722147765403383 0.04923510151820525 9.186719592836756
4928 0 0.01 147733.33453249524 6.722147765403383 0.04923510151820525 9.186719592836756
4929 0 0.01 147733.33453249524 6.722147765403383 0.04923510151820525 9.186719592836756
4930 0 0.01 147733.33453249524 6.722147765403383 0.04923510151820525 9.186719592836756
4931 0 0.01 147733.33453249524 6.722147765403383 0.04923510151820525 9.186719592836756
4932 0 0.01 147733.33453249524 6.722147765403383 0.04923510151820525 9.186719592836756
4933 0 0.01 147733.33453249524 6.722147765403383 0.04923510151820525 9.186719592836756
4934 0 0.01 147733.33453249524 6.722147765403383 0.04923510151820525 9.186719592836756
4935 0 0.01 147733.33453249524 6.722147765403383 0.04923510151820525 9.186719592836756
4936 0 0.01 147733.33453249524 6.722147765403383 0.04923510151820525 9.186719592836756
4937 0 0.01 147733.33453249524 6.722147765403383 0.04923510151820525 9.186719592836756
4938 0 0.01 147733.33453249524 6.722147765403383 0.04923510151820525 9.186719592836756
4939 0 0.01 147733.33453249524 6.722147765403383 0.04923510151820525 9.186719592836756
4940 0 0.01 147733.33453249524 6.722147765403383 0.04923510151820525 9.186719592836756
4941 0 0.01 147733.33453249524 6.722147765403383 0.04923510151820525 9.186719592836756
4942 0 0.01 147733.33453249524 6.722147765403383 0.04923510151820525 9.186719592836756
4943 0 0.01 147733.33453249524 6.722147765403383 0.04923510151820525 9.186719592836756
4944 0 0.01 147733.33453249524 6.722147765403383 0.04923510151820525 9.186719592836756
4945 0 0.01 147733.33453249524 6.722147765403383 0.04923510151820525 9.186719592836756
4946 0 0.01 147733.33453249524 6.722147765403383 0.04923510151820525 9.186719592836756
4947 0 0.01 147733.33453249524 6.722147765403383 0.04923510151820525 9.186719592836756
4948 0 0.01 147733.33453249524 6.722147765403383 0.04923510151820525 9.186719592836756
4949 0 0.01 147733.33453249524 6.722147765403383 0.04923510151820525 9.186719592836756
4950 0 0.01 147733.33453249524 6.722147765403383 0.04923510151820525 9.186719592836756
4951 0 0.01 147733.33453249524 6.722147765403383 0.04923510151820525 9.186719592836756
4952 0 0.01 147733.33453249524 6.722147765403383 0.04923510151820525 9.186719592836756
4953 0 0.01 147733.33453249524 6.722147765403383 0.04923510151820525 9.186719592836756
4954 0 0.01 147733.33453249524 6.722147765403383 0.04923510151820525 9.186719592836756
4955 0 0.01 147733.33453249524 6.722147765403383 0.04923510151820525 9.186719592836756
4956 0 0.01 147733.33453249524 6.722147765403383 0.04923510151820525 9.186719592836756
4957 0 0.01 147733.33453249524 6.722147765403383 0.04923510151820525 9.186719592836756
4958 0 0.01 147733.33453249524 6.722147765403383 0.04923510151820525 9.186719592836756
4959 0 0.01 147733.33453249524 6.722147765403383 0.04923510151820525 9.186719592836756
4960 0 0.01 147733.33453249524 6.722147765403383 0.04923510151820525 9.186719592836756
4961 0 0.01 147733.33453249524 6.722147765403383 0.04923510151820525 9.186719592836756
4962 0 0.01 147733.33453249524 6.722147765403383 0.04923510151820525 9.186719592836756
4963 0 0.01 147733.33453249524 6.722147765403383 0.04923510151820525 9.186719592836756
4964 0 0.01 147733.33453249524 6.722147765403383 0.04923510151820525 9.186719592836756
4965 0 0.01 147874.04813932188 6.7025858002032255 0.04881537733903811 9.163806279739529
4966 0 0.01 147874.04813932188 6.7025858002032255 0.04881537733903811 9.163806279739529
4967 0 0.01 147874.04813932188 6.7025858002032255 0.04881537733903811 9.163806279739529
4968 0 0.01 147874.04813932188 6.7025858002032255 0.04881537733903811 9.163806279739529
4969 0 0.01 147874.04813932188 6.7025858002032255 0.04881537733903811 9.163806279739529
4970 0 0.01 147874.04813932188 6.7025858002032255 0.04881537733903811 9.163806279739529
4971 0 0.01 147874.04813932188 6.7025858002032255 0.04881537733903811 9.163806279739529
4972 0 0.01 147874.04813932188 6.7025858002032255 0.04881537733903811 9.163806279739529
4973 0 0.01 147874.04813932188 6.7025858002032255 0.04881537733903811 9.163806279739529
4974 0 0.01 147874.04813932188 6.7025858002032255 0.04881537733903811 9.163806279739529
4975 0 0.01 147874.04813932188 6.7025858002032255 0.04881537733903811 9.163806279739529
4976 0 0.01 147874.04813932188 6.7025858002032255 0.04881537733903811 9.163806279739529
4977 0 0.01 147874.04813932188 6.7025858002032255 0.04881537733903811 9.163806279739529
4978 0 0.01 147874.04813932188 6.7025858002032255 0.04881537733903811 9.163806279739529
4979 0 0.01 147874.04813932188 6.7025858002032255 0.04881537733903811 9.163806279739529
4980 0 0.01 147874.04813932188 6.7025858002032255 0.04881537733903811 9.163806279739529
4981 0 0.01 147874.04813932188 6.7025858002032255 0.04881537733903811 9.163806279739529
4982 0 0.01 147874.04813932188 6.7025858002032255 0.04881537733903811 9.163806279739529
4983 0 0.01 147874.04813932188 6.7025858002032255 0.04881537733903811 9.163806279739529
4984 0 0.01 147874.04813932188 6.7025858002032255 0.04881537733903811 9.163806279739529
4985 0 0.01 147874.04813932188 6.7025858002032255 0.04881537733903811 9.163806279739529
4986 0 0.01 147874.04813932188 6.7025858002032255 0.04881537733903811 9.163806279739529
4987 0 0.01 147874.04813932188 6.7025858002032255 0.04881537733903811 9.163806279739529
4988 0 0.01 147874.04813932188 6.7025858002032255 0.04881537733903811 9.163806279739529
4989 0 0.01 147874.04813932188 6.7025858002032255 0.04881537733903811 9.163806279739529
4990 0 0.01 147874.04813932188 6.7025858002032255 0.04881537733903811 9.163806279739529
4991 0 0.01 147874.04813932188 6.7025858002032255 0.04881537733903811 9.163806279739529
4992 0 0.01 147874.04813932188 6.7025858002032255 0.04881537733903811 9.163806279739529
4993 0 0.01 147874.04813932188 6.7025858002032255 0.04881537733903811 9.163806279739529
4994 0 0.01 147874.04813932188 6.7025858002032255 0.04881537733903811 9.163806279739529
4995 0 0.01 147874.04813932188 6.7025858002032255 0.04881537733903811 9.163806279739529
4996 0 0.01 147874.04813932188 6.7025858002032255 0.04881537733903811 9.163806279739529
4997 0 0.01 147874.04813932188 6.7025858002032255 0.04881537733903811 9.163806279739529
4998 0 0.01 147874.04813932188 6.7025858002032255 0.04881537733903811 9.163806279739529
4999 0 0.01 147874.04813932188 6.7025858002032255 0.04881537733903811 9.163806279739529
5000 0 0.01 147874.04813932188 6.7025858002032255 0.04881537733903811 9.163806279739529
5001 0 0.01 147874.04813932188 6.7025858002032255 0.04881537733903811 9.163806279739529
5002 0 0.01 147874.04813932188 6.7025858002032255 0.04881537733903811 9.163806279739529
5003 0 0.01 147874.04813932188 6.7025858002032255 0.04881537733903811 9.163806279739529
5004 0 0.01 147874.04813932188 6.7025858002032255 0.04881537733903811 9.163806279739529
5005 0 0.01 147874.04813932188 6.7025858002032255 0.04881537733903811 9.163806279739529
5006 0 0.01 147874.04813932188 6.7025858002032255 0.04881537733903811 9.163806279739529
5007 0 0.01 147874.04813932188 6.7025858002032255 0.04881537733903811 9.163806279739529
5008 0 0.01 147874.04813932188 6.7025858002032255 0.04881537733903811 9.163806279739529
5009 0 0.01 147874.04813932188 6.7025858002032255 0.04881537733903811 9.163806279739529
5010 0 0.01 147874.04813932188 6.7025858002032255 0.04881537733903811 9.163806279739529
5011 0 0.01 147874.04813932188 6.7025858002032255 0.04881537733903811 9.163806279739529
5012 0 0.01 147874.04813932188 6.7025858002032255 0.04881537733903811 9.163806279739529
5013 0 0.01 147874.04813932188 6.7025858002032255 0.04881537733903811 9.163806279739529
5014 0 0.01 147874.04813932188 6.7025858002032255 0.04881537733903811 9.163806279739529
5015 0 0.01 147874.04813932188 6.7025858002032255 0.04881537733903811 9.163806279739529
5016 0 0.01 147874.04813932188 6.7025858002032255 0.04881537733903811 9.163806279739529
5017 0 0.01 147874.04813932188 6.7025858002032255 0.04881537733903811 9.163806279739529
5018 0 0.01 147874.04813932188 6.7025858002032255 0.04881537733903811 9.163806279739529
5019 0 0.01 147874.04813932188 6.7025858002032255 0.04881537733903811 9.163806279739529
5020 0 0.01 147874.04813932188 6.7025858002032255 0.04881537733903811 9.163806279739529
5021 0 0.01 147874.04813932188 6.7025858002032255 0.04881537733903811 9.163806279739529
5022 0 0.01 147874.04813932188 6.7025858002032255 0.04881537733903811 9.163806279739529
5023 0 0.01 147874.04813932188 6.7025858002032255 0.04881537733903811 9.163806279739529
5024 0 0.01 147874.04813932188 6.7025858002032255 0.04881537733903811 9.163806279739529
5025 0 0.01 147874.04813932188 6.7025858002032255 0.04881537733903811 9.163806279739529
5026 0 0.01 147874.04813932188 6.7025858002032255 0.04881537733903811 9.163806279739529
5027 0 0.01 147874.04813932188 6.7025858002032255 0.04881537733903811 9.163806279739529
5028 0 0.01 147874.04813932188 6.7025858002032255 0.04881537733903811 9.163806279739529
5029 0 0.01 147874.04813932188 6.7025858002032255 0.04881537733903811 9.163806279739529
5030 0 0.01 147874.04813932188 6.7025858002032255 0.04881537733903811 9.163806279739529
5031 0 0.01 147874.04813932188 6.7025858002032255 0.04881537733903811 9.163806279739529
5032 0 0.01 147874.04813932188 6.7025858002032255 0.04881537733903811 9.163806279739529
5033 0 0.01 147874.04813932188 6.7025858002032255 0.04881537733903811 9.163806279739529
5034 0 0.01 147874.04813932188 6.7025858002032255 0.04881537733903811 9.163806279739529
5035 0 0.01 147874.04813932188 6.7025858002032255 0.04881537733903811 9.163806279739529
5036 0 0.01 147874.04813932188 6.7025858002032255 0.04881537733903811 9.163806279739529
5037 0 0.01 147874.04813932188 6.7025858002032255 0.04881537733903811 9.163806279739529
5038 0 0.01 147874.04813932188 6.7025858002032255 0.04881537733903811 9.163806279739529
5039 0 0.01 147874.04813932188 6.7025858002032255 0.04881537733903811 9.163806279739529
5040 0 0.01 147874.04813932188 6.7025858002032255 0.04881537733903811 9.163806279739529
5041 0 0.01 147874.04813932188 6.7025858002032255 0.04881537733903811 9.163806279739529
5042 0 0.01 147874.04813932188 6.7025858002032255 0.04881537733903811 9.163806279739529
5043 0 0.01 147874.04813932188 6.7025858002032255 0.04881537733903811 9.163806279739529
5044 0 0.01 147874.04813932188 6.7025858002032255 0.04881537733903811 9.163806279739529
5045 0 0.01 147874.04813932188 6.7025858002032255 0.04881537733903811 9.163806279739529
5046 0 0.01 147874.04813932188 6.7025858002032255 0.04881537733903811 9.163806279739529
5047 0 0.01 147874.04813932188 6.7025858002032255 0.04881537733903811 9.163806279739529
5048 0 0.01 147874.04813932188 6.7025858002032255 0.04881537733903811 9.163806279739529
5049 0 0.01 147874.04813932188 6.7025858002032255 0.04881537733903811 9.163806279739529
5050 0 0.01 147874.04813932188 6.7025858002032255 0.04881537733903811 9.163806279739529
5051 0 0.01 147874.04813932188 6.7025858002032255 0.04881537733903811 9.163806279739529
5052 0 0.01 147874.04813932188 6.7025858002032255 0.04881537733903811 9.163806279739529
5053 0 0.01 147874.04813932188 6.7025858002032255 0.04881537733903811 9.163806279739529
5054 0 0.01 147874.04813932188 6.7025858002032255 0.04881537733903811 9.163806279739529
5055 0 0.01 147874.04813932188 6.7025858002032255 0.04881537733903811 9.163806279739529
5056 0 0.01 147874.04813932188 6.7025858002032255 0.04881537733903811 9.163806279739529
5057 0 0.01 147874.04813932188 6.7025858002032255 0.04881537733903811 9.163806279739529
5058 0 0.01 147874.04813932188 6.7025858002032255 0.04881537733903811 9.163806279739529
5059 0 0.01 147874.04813932188 6.7025858002032255 0.04881537733903811 9.163806279739529
5060 0 0.01 147874.04813932188 6.7025858002032255 0.04881537733903811 9.163806279739529
5061 0 0.01 147874.04813932188 6.7025858002032255 0.04881537733903811 9.163806279739529
5062 0 0.01 147874.04813932188 6.7025858002032255 0.04881537733903811 9.163806279739529
5063 0 0.01 147874.04813932188 6.7025858002032255 0.04881537733903811 9.163806279739529
5064 0 0.01 147874.04813932188 6.7025858002032255 0.04881537733903811 9.163806279739529
5065 0 0.01 147874.04813932188 6.7025858002032255 0.04881537733903811 9.163806279739529
5066 0 0.01 147874.04813932188 6.7025858002032255 0.04881537733903811 9.163806279739529
5067 0 0.01 147874.04813932188 6.7025858002032255 0.04881537733903811 9.163806279739529
5068 0 0.01 147874.04813932188 6.7025858002032255 0.04881537733903811 9.163806279739529
5069 0 0.01 147874.04813932188 6.7025858002032255 0.04881537733903811 9.163806279739529
5070 0 0.01 147874.04813932188 6.7025858002032255 0.04881537733903811 9.163806279739529
5071 0 0.01 147874.04813932188 6.7025858002032255 0.04881537733903811 9.163806279739529
5072 0 0.01 147874.04813932188 6.7025858002032255 0.04881537733903811 9.163806279739529
5073 0 0.01 147874.04813932188 6.7025858002032255 0.04881537733903811 9.163806279739529
5074 0 0.01 147874.04813932188 6.7025858002032255 0.04881537733903811 9.163806279739529
5075 0 0.01 147874.04813932188 6.7025858002032255 0.04881537733903811 9.163806279739529
5076 0 0.01 147874.04813932188 6.7025858002032255 0.04881537733903811 9.163806279739529
5077 0 0.01 147874.04813932188 6.7025858002032255 0.04881537733903811 9.163806279739529
5078 0 0.01 147874.04813932188 6.7025858002032255 0.04881537733903811 9.163806279739529
5079 0 0.01 147874.04813932188 6.7025858002032255 0.04881537733903811 9.163806279739529
5080 0 0.01 147874.04813932188 6.7025858002032255 0.04881537733903811 9.163806279739529
5081 0 0.01 147874.04813932188 6.7025858002032255 0.04881537733903811 9.163806279739529
5082 0 0.01 147874.04813932188 6.7025858002032255 0.04881537733903811 9.163806279739529
5083 0 0.01 147874.04813932188 6.7025858002032255 0.04881537733903811 9.163806279739529
5084 0 0.01 147874.04813932188 6.7025858002032255 0.04881537733903811 9.163806279739529
5085 0 0.01 147874.04813932188 6.7025858002032255 0.04881537733903811 9.163806279739529
5086 0 0.01 147874.04813932188 6.7025858002032255 0.04881537733903811 9.163806279739529
5087 0 0.01 147874.04813932188 6.7025858002032255 0.04881537733903811 9.163806279739529
5088 0 0.01 147874.04813932188 6.7025858002032255 0.04881537733903811 9.163806279739529
5089 0 0.01 147874.04813932188 6.7025858002032255 0.04881537733903811 9.163806279739529
5090 0 0.01 147874.04813932188 6.7025858002032255 0.04881537733903811 9.163806279739529
5091 0 0.01 147874.04813932188 6.7025858002032255 0.04881537733903811 9.163806279739529
5092 0 0.01 147874.04813932188 6.7025858002032255 0.04881537733903811 9.163806279739529
5093 0 0.01 147874.04813932188 6.7025858002032255 0.04881537733903811 9.163806279739529
5094 0 0.01 147874.04813932188 6.7025858002032255 0.04881537733903811 9.163806279739529
5095 0 0.01 147874.04813932188 6.7025858002032255 0.04881537733903811 9.163806279739529
5096 0 0.01 147874.04813932188 6.7025858002032255 0.04881537733903811 9.163806279739529
5097 0 0.01 147874.04813932188 6.7025858002032255 0.04881537733903811 9.163806279739529
5098 0 0.01 147874.04813932188 6.7025858002032255 0.04881537733903811 9.163806279739529
5099 0 0.01 147874.04813932188 6.7025858002032255 0.04881537733903811 9.163806279739529
5100 0 0.01 147874.04813932188 6.7025858002032255 0.04881537733903811 9.163806279739529
5101 0 0.01 147874.04813932188 6.7025858002032255 0.04881537733903811 9.163806279739529
5102 0 0.01 147874.04813932188 6.7025858002032255 0.04881537733903811 9.163806279739529
5103 0 0.01 147874.04813932188 6.7025858002032255 0.04881537733903811 9.163806279739529
5104 0 0.01 147874.04813932188 6.7025858002032255 0.04881537733903811 9.163806279739529
5105 0 0.01 147874.04813932188 6.7025858002032255 0.04881537733903811 9.163806279739529
5106 0 0.01 147874.04813932188 6.7025858002032255 0.04881537733903811 9.163806279739529
5107 0 0.01 147874.04813932188 6.7025858002032255 0.04881537733903811 9.163806279739529
5108 0 0.01 147874.04813932188 6.7025858002032255 0.04881537733903811 9.163806279739529
5109 0 0.01 147874.04813932188 6.7025858002032255 0.04881537733903811 9.163806279739529
5110 0 0.01 147874.04813932188 6.7025858002032255 0.04881537733903811 9.163806279739529
5111 0 0.01 147874.04813932188 6.7025858002032255 0.04881537733903811 9.163806279739529
5112 0 0.01 147874.04813932188 6.7025858002032255 0.04881537733903811 9.163806279739529
5113 0 0.01 147874.04813932188 6.7025858002032255 0.04881537733903811 9.163806279739529
5114 0 0.01 147874.04813932188 6.7025858002032255 0.04881537733903811 9.163806279739529
5115 0 0.01 147874.04813932188 6.7025858002032255 0.04881537733903811 9.163806279739529
5116 0 0.01 147874.04813932188 6.7025858002032255 0.04881537733903811 9.163806279739529
5117 0 0.01 147874.04813932188 6.7025858002032255 0.04881537733903811 9.163806279739529
5118 0 0.01 147874.04813932188 6.7025858002032255 0.04881537733903811 9.163806279739529
5119 0 0.01 147874.04813932188 6.7025858002032255 0.04881537733903811 9.163806279739529
5120 0 0.01 147874.04813932188 6.7025858002032255 0.04881537733903811 9.163806279739529
5121 0 0.01 147874.04813932188 6.7025858002032255 0.04881537733903811 9.163806279739529
5122 0 0.01 147874.04813932188 6.7025858002032255 0.04881537733903811 9.163806279739529
5123 0 0.01 147874.04813932188 6.7025858002032255 0.04881537733903811 9.163806279739529
5124 0 0.01 147874.04813932188 6.7025858002032255 0.04881537733903811 9.163806279739529
5125 0 0.01 147874.04813932188 6.7025858002032255 0.04881537733903811 9.163806279739529
5126 0 0.01 147874.04813932188 6.7025858002032255 0.04881537733903811 9.163806279739529
5127 0 0.01 147874.04813932188 6.7025858002032255 0.04881537733903811 9.163806279739529
5128 0 0.01 147874.04813932188 6.7025858002032255 0.04881537733903811 9.163806279739529
5129 0 0.01 147874.04813932188 6.7025858002032255 0.04881537733903811 9.163806279739529
5130 0 0.01 147874.04813932188 6.7025858002032255 0.04881537733903811 9.163806279739529
5131 0 0.01 147874.04813932188 6.7025858002032255 0.04881537733903811 9.163806279739529
5132 0 0.01 147874.04813932188 6.7025858002032255 0.04881537733903811 9.163806279739529
5133 0 0.01 147874.04813932188 6.7025858002032255 0.04881537733903811 9.163806279739529
5134 0 0.01 147874.04813932188 6.7025858002032255 0.04881537733903811 9.163806279739529
5135 0 0.01 147874.04813932188 6.7025858002032255 0.04881537733903811 9.163806279739529
5136 0 0.01 147874.04813932188 6.7025858002032255 0.04881537733903811 9.163806279739529
5137 0 0.01 147874.04813932188 6.7025858002032255 0.04881537733903811 9.163806279739529
5138 0 0.01 147874.04813932188 6.7025858002032255 0.04881537733903811 9.163806279739529
5139 0 0.01 147874.04813932188 6.7025858002032255 0.04881537733903811 9.163806279739529
5140 0 0.01 147874.04813932188 6.7025858002032255 0.04881537733903811 9.163806279739529
5141 0 0.01 147874.04813932188 6.7025858002032255 0.04881537733903811 9.163806279739529
5142 0 0.01 147874.04813932188 6.7025858002032255 0.04881537733903811 9.163806279739529
5143 0 0.01 147874.04813932188 6.7025858002032255 0.04881537733903811 9.163806279739529
5144 0 0.01 147874.04813932188 6.7025858002032255 0.04881537733903811 9.163806279739529
5145 0 0.01 147874.04813932188 6.7025858002032255 0.04881537733903811 9.163806279739529
5146 0 0.01 147874.04813932188 6.7025858002032255 0.04881537733903811 9.163806279739529
5147 0 0.01 147874.04813932188 6.7025858002032255 0.04881537733903811 9.163806279739529
5148 0 0.01 147874.04813932188 6.7025858002032255 0.04881537733903811 9.163806279739529
5149 0 0.01 147874.04813932188 6.7025858002032255 0.04881537733903811 9.163806279739529
5150 0 0.01 147874.04813932188 6.7025858002032255 0.04881537733903811 9.163806279739529
5151 0 0.01 147874.04813932188 6.7025858002032255 0.04881537733903811 9.163806279739529
5152 0 0.01 147874.04813932188 6.7025858002032255 0.04881537733903811 9.163806279739529
5153 0 0.01 147874.04813932188 6.7025858002032255 0.04881537733903811 9.163806279739529
5154 0 0.01 147874.04813932188 6.7025858002032255 0.04881537733903811 9.163806279739529
5155 0 0.01 147874.04813932188 6.7025858002032255 0.04881537733903811 9.163806279739529
5156 0 0.01 147874.04813932188 6.7025858002032255 0.04881537733903811 9.163806279739529
5157 0 0.01 147874.04813932188 6.7025858002032255 0.04881537733903811 9.163806279739529
5158 0 0.01 147874.04813932188 6.7025858002032255 0.04881537733903811 9.163806279739529
5159 0 0.01 147874.04813932188 6.7025858002032255 0.04881537733903811 9.163806279739529
5160 0 0.01 147874.04813932188 6.7025858002032255 0.04881537733903811 9.163806279739529
5161 0 0.01 147874.04813932188 6.7025858002032255 0.04881537733903811 9.163806279739529
5162 0 0.01 147874.04813932188 6.7025858002032255 0.04881537733903811 9.163806279739529
5163 0 0.01 147874.04813932188 6.7025858002032255 0.04881537733903811 9.163806279739529
5164 0 0.01 147874.04813932188 6.7025858002032255 0.04881537733903811 9.163806279739529
5165 0 0.01 147874.04813932188 6.7025858002032255 0.04881537733903811 9.163806279739529
5166 0 0.01 147874.04813932188 6.7025858002032255 0.04881537733903811 9.163806279739529
5167 0 0.01 147874.04813932188 6.7025858002032255 0.04881537733903811 9.163806279739529
5168 0 0.01 147874.04813932188 6.7025858002032255 0.04881537733903811 9.163806279739529
5169 0 0.01 147874.04813932188 6.7025858002032255 0.04881537733903811 9.163806279739529
5170 0 0.01 147874.04813932188 6.7025858002032255 0.04881537733903811 9.163806279739529
5171 0 0.01 147874.04813932188 6.7025858002032255 0.04881537733903811 9.163806279739529
5172 0 0.01 147874.04813932188 6.7025858002032255 0.04881537733903811 9.163806279739529
5173 0 0.01 147874.04813932188 6.7025858002032255 0.04881537733903811 9.163806279739529
5174 0 0.01 147874.04813932188 6.7025858002032255 0.04881537733903811 9.163806279739529
5175 0 0.01 147874.04813932188 6.7025858002032255 0.04881537733903811 9.163806279739529
5176 0 0.01 147874.04813932188 6.7025858002032255 0.04881537733903811 9.163806279739529
5177 0 0.01 147874.04813932188 6.7025858002032255 0.04881537733903811 9.163806279739529
5178 0 0.01 147874.04813932188 6.7025858002032255 0.04881537733903811 9.163806279739529
5179 0 0.01 147874.04813932188 6.7025858002032255 0.04881537733903811 9.163806279739529
5180 0 0.01 147874.04813932188 6.7025858002032255 0.04881537733903811 9.163806279739529
5181 0 0.01 147874.04813932188 6.7025858002032255 0.04881537733903811 9.163806279739529
5182 0 0.01 147874.04813932188 6.7025858002032255 0.04881537733903811 9.163806279739529
5183 0 0.01 147874.04813932188 6.7025858002032255 0.04881537733903811 9.163806279739529
5184 0 0.01 147874.04813932188 6.7025858002032255 0.04881537733903811 9.163806279739529
5185 0 0.01 147874.04813932188 6.7025858002032255 0.04881537733903811 9.163806279739529
5186 0 0.01 147874.04813932188 6.7025858002032255 0.04881537733903811 9.163806279739529
5187 0 0.01 147874.04813932188 6.7025858002032255 0.04881537733903811 9.163806279739529
5188 0 0.01 147874.04813932188 6.7025858002032255 0.04881537733903811 9.163806279739529
5189 0 0.01 147874.04813932188 6.7025858002032255 0.04881537733903811 9.163806279739529
5190 0 0.01 147874.04813932188 6.7025858002032255 0.04881537733903811 9.163806279739529
5191 0 0.01 147874.04813932188 6.7025858002032255 0.04881537733903811 9.163806279739529
5192 0 0.01 147874.04813932188 6.7025858002032255 0.04881537733903811 9.163806279739529
5193 0 0.01 147874.04813932188 6.7025858002032255 0.04881537733903811 9.163806279739529
5194 0 0.01 147874.04813932188 6.7025858002032255 0.04881537733903811 9.163806279739529
5195 0 0.01 147874.04813932188 6.7025858002032255 0.04881537733903811 9.163806279739529
5196 0 0.01 147874.04813932188 6.7025858002032255 0.04881537733903811 9.163806279739529
5197 0 0.01 147874.04813932188 6.7025858002032255 0.04881537733903811 9.163806279739529
5198 0 0.01 147874.04813932188 6.7025858002032255 0.04881537733903811 9.163806279739529
5199 0 0.01 147874.04813932188 6.7025858002032255 0.04881537733903811 9.163806279739529
5200 0 0.01 147874.04813932188 6.7025858002032255 0.04881537733903811 9.163806279739529
5201 0 0.01 147874.04813932188 6.7025858002032255 0.04881537733903811 9.163806279739529
5202 0 0.01 147874.04813932188 6.7025858002032255 0.04881537733903811 9.163806279739529
5203 0 0.01 147874.04813932188 6.7025858002032255 0.04881537733903811 9.163806279739529
5204 0 0.01 147874.04813932188 6.7025858002032255 0.04881537733903811 9.163806279739529
5205 0 0.01 147874.04813932188 6.7025858002032255 0.04881537733903811 9.163806279739529
5206 0 0.01 147874.04813932188 6.7025858002032255 0.04881537733903811 9.163806279739529
5207 0 0.01 147874.04813932188 6.7025858002032255 0.04881537733903811 9.163806279739529
5208 0 0.01 147874.04813932188 6.7025858002032255 0.04881537733903811 9.163806279739529
5209 0 0.01 147874.04813932188 6.7025858002032255 0.04881537733903811 9.163806279739529
5210 0 0.01 147874.04813932188 6.7025858002032255 0.04881537733903811 9.163806279739529
5211 0 0.01 147874.04813932188 6.7025858002032255 0.04881537733903811 9.163806279739529
5212 0 0.01 147874.04813932188 6.7025858002032255 0.04881537733903811 9.163806279739529
5213 0 0.01 147874.04813932188 6.7025858002032255 0.04881537733903811 9.163806279739529
5214 0 0.01 147874.04813932188 6.7025858002032255 0.04881537733903811 9.163806279739529
5215 0 0.01 147874.04813932188 6.7025858002032255 0.04881537733903811 9.163806279739529
5216 0 0.01 147874.04813932188 6.7025858002032255 0.04881537733903811 9.163806279739529
5217 0 0.01 147874.04813932188 6.7025858002032255 0.04881537733903811 9.163806279739529
5218 0 0.01 147874.04813932188 6.7025858002032255 0.04881537733903811 9.163806279739529
5219 0 0.01 147874.04813932188 6.7025858002032255 0.04881537733903811 9.163806279739529
5220 0 0.01 147874.04813932188 6.7025858002032255 0.04881537733903811 9.163806279739529
5221 0 0.01 147874.04813932188 6.7025858002032255 0.04881537733903811 9.163806279739529
5222 0 0.01 147874.04813932188 6.7025858002032255 0.04881537733903811 9.163806279739529
5223 0 0.01 147874.04813932188 6.7025858002032255 0.04881537733903811 9.163806279739529
5224 0 0.01 147874.04813932188 6.7025858002032255 0.04881537733903811 9.163806279739529
5225 0 0.01 147874.04813932188 6.7025858002032255 0.04881537733903811 9.163806279739529
5226 0 0.01 147874.04813932188 6.7025858002032255 0.04881537733903811 9.163806279739529
5227 0 0.01 147874.04813932188 6.7025858002032255 0.04881537733903811 9.163806279739529
5228 0 0.01 147874.04813932188 6.7025858002032255 0.04881537733903811 9.163806279739529
5229 0 0.01 147874.04813932188 6.7025858002032255 0.04881537733903811 9.163806279739529
5230 0 0.01 147874.04813932188 6.7025858002032255 0.04881537733903811 9.163806279739529
5231 0 0.01 147874.04813932188 6.7025858002032255 0.04881537733903811 9.163806279739529
5232 0 0.01 147874.04813932188 6.7025858002032255 0.04881537733903811 9.163806279739529
5233 0 0.01 147874.04813932188 6.7025858002032255 0.04881537733903811 9.163806279739529
5234 0 0.01 147874.04813932188 6.7025858002032255 0.04881537733903811 9.163806279739529
5235 0 0.01 147874.04813932188 6.7025858002032255 0.04881537733903811 9.163806279739529
5236 0 0.01 147874.04813932188 6.7025858002032255 0.04881537733903811 9.163806279739529
5237 0 0.01 147874.04813932188 6.7025858002032255 0.04881537733903811 9.163806279739529
5238 0 0.01 147874.04813932188 6.7025858002032255 0.04881537733903811 9.163806279739529
5239 0 0.01 147874.04813932188 6.7025858002032255 0.04881537733903811 9.163806279739529
5240 0 0.01 147874.04813932188 6.7025858002032255 0.04881537733903811 9.163806279739529
5241 0 0.01 147874.04813932188 6.7025858002032255 0.04881537733903811 9.163806279739529
5242 0 0.01 147874.04813932188 6.7025858002032255 0.04881537733903811 9.163806279739529
5243 0 0.01 147874.04813932188 6.7025858002032255 0.04881537733903811 9.163806279739529
5244 0 0.01 147874.04813932188 6.7025858002032255 0.04881537733903811 9.163806279739529
5245 0 0.01 147874.04813932188 6.7025858002032255 0.04881537733903811 9.163806279739529
5246 0 0.01 147874.04813932188 6.7025858002032255 0.04881537733903811 9.163806279739529
5247 0 0.01 147874.04813932188 6.7025858002032255 0.04881537733903811 9.163806279739529
5248 0 0.01 147874.04813932188 6.7025858002032255 0.04881537733903811 9.163806279739529
5249 0 0.01 147874.04813932188 6.7025858002032255 0.04881537733903811 9.163806279739529
5250 0 0.01 147874.04813932188 6.7025858002032255 0.04881537733903811 9.163806279739529
5251 0 0.01 147874.04813932188 6.7025858002032255 0.04881537733903811 9.163806279739529
5252 0 0.01 147874.04813932188 6.7025858002032255 0.04881537733903811 9.163806279739529
5253 0 0.01 147874.04813932188 6.7025858002032255 0.04881537733903811 9.163806279739529
5254 0 0.01 147874.04813932188 6.7025858002032255 0.04881537733903811 9.163806279739529
5255 0 0.01 147874.04813932188 6.7025858002032255 0.04881537733903811 9.163806279739529
5256 0 0.01 147874.04813932188 6.7025858002032255 0.04881537733903811 9.163806279739529
5257 0 0.01 147874.04813932188 6.7025858002032255 0.04881537733903811 9.163806279739529
5258 0 0.01 147874.04813932188 6.7025858002032255 0.04881537733903811 9.163806279739529
5259 0 0.01 147874.04813932188 6.7025858002032255 0.04881537733903811 9.163806279739529
5260 0 0.01 147874.04813932188 6.7025858002032255 0.04881537733903811 9.163806279739529
5261 0 0.01 147874.04813932188 6.7025858002032255 0.04881537733903811 9.163806279739529
5262 0 0.01 147874.04813932188 6.7025858002032255 0.04881537733903811 9.163806279739529
5263 0 0.01 147874.04813932188 6.7025858002032255 0.04881537733903811 9.163806279739529
5264 0 0.01 147874.04813932188 6.7025858002032255 0.04881537733903811 9.163806279739529
5265 0 0.01 147874.04813932188 6.7025858002032255 0.04881537733903811 9.163806279739529
5266 0 0.01 147874.04813932188 6.7025858002032255 0.04881537733903811 9.163806279739529
5267 0 0.01 147874.04813932188 6.7025858002032255 0.04881537733903811 9.163806279739529
5268 0 0.01 147874.04813932188 6.7025858002032255 0.04881537733903811 9.163806279739529
5269 0 0.01 147874.04813932188 6.7025858002032255 0.04881537733903811 9.163806279739529
5270 0 0.01 147874.04813932188 6.7025858002032255 0.04881537733903811 9.163806279739529
5271 0 0.01 147874.04813932188 6.7025858002032255 0.04881537733903811 9.163806279739529
5272 0 0.01 147874.04813932188 6.7025858002032255 0.04881537733903811 9.163806279739529
5273 0 0.01 147874.04813932188 6.7025858002032255 0.04881537733903811 9.163806279739529
5274 0 0.01 147874.04813932188 6.7025858002032255 0.04881537733903811 9.163806279739529
5275 0 0.01 147874.04813932188 6.7025858002032255 0.04881537733903811 9.163806279739529
5276 0 0.01 147874.04813932188 6.7025858002032255 0.04881537733903811 9.163806279739529
5277 0 0.01 147874.04813932188 6.7025858002032255 0.04881537733903811 9.163806279739529
5278 0 0.01 147874.04813932188 6.7025858002032255 0.04881537733903811 9.163806279739529
5279 0 0.01 147874.04813932188 6.7025858002032255 0.04881537733903811 9.163806279739529
5280 0 0.01 147874.04813932188 6.7025858002032255 0.04881537733903811 9.163806279739529
5281 0 0.01 147874.04813932188 6.7025858002032255 0.04881537733903811 9.163806279739529
5282 0 0.01 147874.04813932188 6.7025858002032255 0.04881537733903811 9.163806279739529
5283 0 0.01 147874.04813932188 6.7025858002032255 0.04881537733903811 9.163806279739529
5284 0 0.01 147874.04813932188 6.7025858002032255 0.04881537733903811 9.163806279739529
5285 0 0.01 147874.04813932188 6.7025858002032255 0.04881537733903811 9.163806279739529
5286 0 0.01 147874.04813932188 6.7025858002032255 0.04881537733903811 9.163806279739529
5287 0 0.01 147874.04813932188 6.7025858002032255 0.04881537733903811 9.163806279739529
5288 0 0.01 147874.04813932188 6.7025858002032255 0.04881537733903811 9.163806279739529
5289 0 0.01 147874.04813932188 6.7025858002032255 0.04881537733903811 9.163806279739529
5290 0 0.01 147874.04813932188 6.7025858002032255 0.04881537733903811 9.163806279739529
5291 0 0.01 147874.04813932188 6.7025858002032255 0.04881537733903811 9.163806279739529
5292 0 0.01 147874.04813932188 6.7025858002032255 0.04881537733903811 9.163806279739529
5293 0 0.01 147874.04813932188 6.7025858002032255 0.04881537733903811 9.163806279739529
5294 0 0.01 147874.04813932188 6.7025858002032255 0.04881537733903811 9.163806279739529
5295 0 0.01 147874.04813932188 6.7025858002032255 0.04881537733903811 9.163806279739529
5296 0 0.01 147874.04813932188 6.7025858002032255 0.04881537733903811 9.163806279739529
5297 0 0.01 147874.04813932188 6.7025858002032255 0.04881537733903811 9.163806279739529
5298 0 0.01 147874.04813932188 6.7025858002032255 0.04881537733903811 9.163806279739529
5299 0 0.01 147874.04813932188 6.7025858002032255 0.04881537733903811 9.163806279739529
5300 0 0.01 147874.04813932188 6.7025858002032255 0.04881537733903811 9.163806279739529
5301 0 0.01 147874.04813932188 6.7025858002032255 0.04881537733903811 9.163806279739529
5302 0 0.01 147874.04813932188 6.7025858002032255 0.04881537733903811 9.163806279739529
5303 0 0.01 147874.04813932188 6.7025858002032255 0.04881537733903811 9.163806279739529
5304 0 0.01 147874.04813932188 6.7025858002032255 0.04881537733903811 9.163806279739529
5305 0 0.01 147874.04813932188 6.7025858002032255 0.04881537733903811 9.163806279739529
5306 0 0.01 147874.04813932188 6.7025858002032255 0.04881537733903811 9.163806279739529
5307 0 0.01 147874.04813932188 6.7025858002032255 0.04881537733903811 9.163806279739529
5308 0 0.01 147874.04813932188 6.7025858002032255 0.04881537733903811 9.163806279739529
5309 0 0.01 147874.04813932188 6.7025858002032255 0.04881537733903811 9.163806279739529
5310 0 0.01 147874.04813932188 6.7025858002032255 0.04881537733903811 9.163806279739529
5311 0 0.01 147874.04813932188 6.7025858002032255 0.04881537733903811 9.163806279739529
5312 0 0.01 147874.04813932188 6.7025858002032255 0.04881537733903811 9.163806279739529
5313 0 0.01 147874.04813932188 6.7025858002032255 0.04881537733903811 9.163806279739529
5314 0 0.01 147874.04813932188 6.7025858002032255 0.04881537733903811 9.163806279739529
5315 0 0.01 147874.04813932188 6.7025858002032255 0.04881537733903811 9.163806279739529
5316 0 0.01 147874.04813932188 6.7025858002032255 0.04881537733903811 9.163806279739529
5317 0 0.01 147874.04813932188 6.7025858002032255 0.04881537733903811 9.163806279739529
5318 0 0.01 147874.04813932188 6.7025858002032255 0.04881537733903811 9.163806279739529
5319 0 0.01 147874.04813932188 6.7025858002032255 0.04881537733903811 9.163806279739529
5320 0 0.01 147874.04813932188 6.7025858002032255 0.04881537733903811 9.163806279739529
5321 0 0.01 147874.04813932188 6.7025858002032255 0.04881537733903811 9.163806279739529
5322 0 0.01 147874.04813932188 6.7025858002032255 0.04881537733903811 9.163806279739529
5323 0 0.01 147874.04813932188 6.7025858002032255 0.04881537733903811 9.163806279739529
5324 0 0.01 147874.04813932188 6.7025858002032255 0.04881537733903811 9.163806279739529
5325 0 0.01 147874.04813932188 6.7025858002032255 0.04881537733903811 9.163806279739529
5326 0 0.01 147874.04813932188 6.7025858002032255 0.04881537733903811 9.163806279739529
5327 0 0.01 147874.04813932188 6.7025858002032255 0.04881537733903811 9.163806279739529
5328 0 0.01 147874.04813932188 6.7025858002032255 0.04881537733903811 9.163806279739529
5329 0 0.01 147874.04813932188 6.7025858002032255 0.04881537733903811 9.163806279739529
5330 0 0.01 147874.04813932188 6.7025858002032255 0.04881537733903811 9.163806279739529
5331 0 0.01 147874.04813932188 6.7025858002032255 0.04881537733903811 9.163806279739529
5332 0 0.01 147874.04813932188 6.7025858002032255 0.04881537733903811 9.163806279739529
5333 0 0.01 147874.04813932188 6.7025858002032255 0.04881537733903811 9.163806279739529
5334 0 0.01 147874.04813932188 6.7025858002032255 0.04881537733903811 9.163806279739529
5335 0 0.01 147874.04813932188 6.7025858002032255 0.04881537733903811 9.163806279739529
5336 0 0.01 147874.04813932188 6.7025858002032255 0.04881537733903811 9.163806279739529
5337 0 0.01 147874.04813932188 6.7025858002032255 0.04881537733903811 9.163806279739529
5338 0 0.01 147874.04813932188 6.7025858002032255 0.04881537733903811 9.163806279739529
5339 0 0.01 147874.04813932188 6.7025858002032255 0.04881537733903811 9.163806279739529
5340 0 0.01 147874.04813932188 6.7025858002032255 0.04881537733903811 9.163806279739529
5341 0 0.01 147874.04813932188 6.7025858002032255 0.04881537733903811 9.163806279739529
5342 0 0.01 147874.04813932188 6.7025858002032255 0.04881537733903811 9.163806279739529
5343 0 0.01 147874.04813932188 6.7025858002032255 0.04881537733903811 9.163806279739529
5344 0 0.01 147874.04813932188 6.7025858002032255 0.04881537733903811 9.163806279739529
5345 0 0.01 147874.04813932188 6.7025858002032255 0.04881537733903811 9.163806279739529
5346 0 0.01 147874.04813932188 6.7025858002032255 0.04881537733903811 9.163806279739529
5347 0 0.01 147874.04813932188 6.7025858002032255 0.04881537733903811 9.163806279739529
5348 0 0.01 147874.04813932188 6.7025858002032255 0.04881537733903811 9.163806279739529
5349 0 0.01 147874.04813932188 6.7025858002032255 0.04881537733903811 9.163806279739529
5350 0 0.01 147874.04813932188 6.7025858002032255 0.04881537733903811 9.163806279739529
5351 0 0.01 147874.04813932188 6.7025858002032255 0.04881537733903811 9.163806279739529
5352 0 0.01 147874.04813932188 6.7025858002032255 0.04881537733903811 9.163806279739529
5353 0 0.01 147874.04813932188 6.7025858002032255 0.04881537733903811 9.163806279739529
5354 0 0.01 147874.04813932188 6.7025858002032255 0.04881537733903811 9.163806279739529
5355 0 0.01 147874.04813932188 6.7025858002032255 0.04881537733903811 9.163806279739529
5356 0 0.01 147874.04813932188 6.7025858002032255 0.04881537733903811 9.163806279739529
5357 0 0.01 147874.04813932188 6.7025858002032255 0.04881537733903811 9.163806279739529
5358 0 0.01 147874.04813932188 6.7025858002032255 0.04881537733903811 9.163806279739529
5359 0 0.01 147874.04813932188 6.7025858002032255 0.04881537733903811 9.163806279739529
5360 0 0.01 147874.04813932188 6.7025858002032255 0.04881537733903811 9.163806279739529
5361 0 0.01 147874.04813932188 6.7025858002032255 0.04881537733903811 9.163806279739529
5362 0 0.01 147874.04813932188 6.7025858002032255 0.04881537733903811 9.163806279739529
5363 0 0.01 147874.04813932188 6.7025858002032255 0.04881537733903811 9.163806279739529
5364 0 0.01 147874.04813932188 6.7025858002032255 0.04881537733903811 9.163806279739529
5365 0 0.01 147874.04813932188 6.7025858002032255 0.04881537733903811 9.163806279739529
5366 0 0.01 147874.04813932188 6.7025858002032255 0.04881537733903811 9.163806279739529
5367 0 0.01 147874.04813932188 6.7025858002032255 0.04881537733903811 9.163806279739529
5368 0 0.01 147874.04813932188 6.7025858002032255 0.04881537733903811 9.163806279739529
5369 0 0.01 147874.04813932188 6.7025858002032255 0.04881537733903811 9.163806279739529
5370 0 0.01 147874.04813932188 6.7025858002032255 0.04881537733903811 9.163806279739529
5371 0 0.01 147874.04813932188 6.7025858002032255 0.04881537733903811 9.163806279739529
5372 0 0.01 147874.04813932188 6.7025858002032255 0.04881537733903811 9.163806279739529
5373 0 0.01 147874.04813932188 6.7025858002032255 0.04881537733903811 9.163806279739529
5374 0 0.01 147874.04813932188 6.7025858002032255 0.04881537733903811 9.163806279739529
5375 0 0.01 147874.04813932188 6.7025858002032255 0.04881537733903811 9.163806279739529
5376 0 0.01 147874.04813932188 6.7025858002032255 0.04881537733903811 9.163806279739529
5377 0 0.01 147874.04813932188 6.7025858002032255 0.04881537733903811 9.163806279739529
5378 0 0.01 147874.04813932188 6.7025858002032255 0.04881537733903811 9.163806279739529
5379 0 0.01 147874.04813932188 6.7025858002032255 0.04881537733903811 9.163806279739529
5380 0 0.01 147874.04813932188 6.7025858002032255 0.04881537733903811 9.163806279739529
5381 0 0.01 147874.04813932188 6.7025858002032255 0.04881537733903811 9.163806279739529
5382 0 0.01 147874.04813932188 6.7025858002032255 0.04881537733903811 9.163806279739529
5383 0 0.01 147874.04813932188 6.7025858002032255 0.04881537733903811 9.163806279739529
5384 0 0.01 147874.04813932188 6.7025858002032255 0.04881537733903811 9.163806279739529
5385 0 0.01 147874.04813932188 6.7025858002032255 0.04881537733903811 9.163806279739529
5386 0 0.01 147874.04813932188 6.7025858002032255 0.04881537733903811 9.163806279739529
5387 0 0.01 147874.04813932188 6.7025858002032255 0.04881537733903811 9.163806279739529
5388 0 0.01 147874.04813932188 6.7025858002032255 0.04881537733903811 9.163806279739529
5389 0 0.01 147874.04813932188 6.7025858002032255 0.04881537733903811 9.163806279739529
5390 0 0.01 147874.04813932188 6.7025858002032255 0.04881537733903811 9.163806279739529
5391 0 0.01 147874.04813932188 6.7025858002032255 0.04881537733903811 9.163806279739529
5392 0 0.01 147874.04813932188 6.7025858002032255 0.04881537733903811 9.163806279739529
5393 0 0.01 147874.04813932188 6.7025858002032255 0.04881537733903811 9.163806279739529
5394 0 0.01 147874.04813932188 6.7025858002032255 0.04881537733903811 9.163806279739529
5395 0 0.01 147874.04813932188 6.7025858002032255 0.04881537733903811 9.163806279739529
5396 0 0.01 147874.04813932188 6.7025858002032255 0.04881537733903811 9.163806279739529
5397 0 0.01 147874.04813932188 6.7025858002032255 0.04881537733903811 9.163806279739529
5398 0 0.01 147874.04813932188 6.7025858002032255 0.04881537733903811 9.163806279739529
5399 0 0.01 147874.04813932188 6.7025858002032255 0.04881537733903811 9.163806279739529
5400 0 0.01 147874.04813932188 6.7025858002032255 0.04881537733903811 9.163806279739529
5401 0 0.01 147874.04813932188 6.7025858002032255 0.04881537733903811 9.163806279739529
5402 0 0.01 147874.04813932188 6.7025858002032255 0.04881537733903811 9.163806279739529
5403 0 0.01 147874.04813932188 6.7025858002032255 0.04881537733903811 9.163806279739529
5404 0 0.01 147874.04813932188 6.7025858002032255 0.04881537733903811 9.163806279739529
5405 0 0.01 147874.04813932188 6.7025858002032255 0.04881537733903811 9.163806279739529
5406 0 0.01 147874.04813932188 6.7025858002032255 0.04881537733903811 9.163806279739529
5407 0 0.01 147874.04813932188 6.7025858002032255 0.04881537733903811 9.163806279739529
5408 0 0.01 147874.04813932188 6.7025858002032255 0.04881537733903811 9.163806279739529
5409 0 0.01 147874.04813932188 6.7025858002032255 0.04881537733903811 9.163806279739529
5410 0 0.01 147874.04813932188 6.7025858002032255 0.04881537733903811 9.163806279739529
5411 0 0.01 147874.04813932188 6.7025858002032255 0.04881537733903811 9.163806279739529
5412 0 0.01 147874.04813932188 6.7025858002032255 0.04881537733903811 9.163806279739529
5413 0 0.01 147874.04813932188 6.7025858002032255 0.04881537733903811 9.163806279739529
5414 0 0.01 147874.04813932188 6.7025858002032255 0.04881537733903811 9.163806279739529
5415 0 0.01 147874.04813932188 6.7025858002032255 0.04881537733903811 9.163806279739529
5416 0 0.01 147874.04813932188 6.7025858002032255 0.04881537733903811 9.163806279739529
5417 0 0.01 147874.04813932188 6.7025858002032255 0.04881537733903811 9.163806279739529
5418 0 0.01 147874.04813932188 6.7025858002032255 0.04881537733903811 9.163806279739529
5419 0 0.01 147874.04813932188 6.7025858002032255 0.04881537733903811 9.163806279739529
5420 0 0.01 147874.04813932188 6.7025858002032255 0.04881537733903811 9.163806279739529
5421 0 0.01 147874.04813932188 6.7025858002032255 0.04881537733903811 9.163806279739529
5422 0 0.01 147874.04813932188 6.7025858002032255 0.04881537733903811 9.163806279739529
5423 0 0.01 147874.04813932188 6.7025858002032255 0.04881537733903811 9.163806279739529
5424 0 0.01 147874.04813932188 6.7025858002032255 0.04881537733903811 9.163806279739529
5425 0 0.01 147874.04813932188 6.7025858002032255 0.04881537733903811 9.163806279739529
5426 0 0.01 147874.04813932188 6.7025858002032255 0.04881537733903811 9.163806279739529
5427 0 0.01 147874.04813932188 6.7025858002032255 0.04881537733903811 9.163806279739529
5428 0 0.01 147874.04813932188 6.7025858002032255 0.04881537733903811 9.163806279739529
5429 0 0.01 147874.04813932188 6.7025858002032255 0.04881537733903811 9.163806279739529
5430 0 0.01 147874.04813932188 6.7025858002032255 0.04881537733903811 9.163806279739529
5431 0 0.01 147874.04813932188 6.7025858002032255 0.04881537733903811 9.163806279739529
5432 0 0.01 147874.04813932188 6.7025858002032255 0.04881537733903811 9.163806279739529
5433 0 0.01 147874.04813932188 6.7025858002032255 0.04881537733903811 9.163806279739529
5434 0 0.01 147874.04813932188 6.7025858002032255 0.04881537733903811 9.163806279739529
5435 0 0.01 147874.04813932188 6.7025858002032255 0.04881537733903811 9.163806279739529
5436 0 0.01 147874.04813932188 6.7025858002032255 0.04881537733903811 9.163806279739529
5437 0 0.01 147874.04813932188 6.7025858002032255 0.04881537733903811 9.163806279739529
5438 0 0.01 147874.04813932188 6.7025858002032255 0.04881537733903811 9.163806279739529
5439 0 0.01 147874.04813932188 6.7025858002032255 0.04881537733903811 9.163806279739529
5440 0 0.01 147874.04813932188 6.7025858002032255 0.04881537733903811 9.163806279739529
5441 0 0.01 147874.04813932188 6.7025858002032255 0.04881537733903811 9.163806279739529
5442 0 0.01 147874.04813932188 6.7025858002032255 0.04881537733903811 9.163806279739529
5443 0 0.01 147874.04813932188 6.7025858002032255 0.04881537733903811 9.163806279739529
5444 0 0.01 147874.04813932188 6.7025858002032255 0.04881537733903811 9.163806279739529
5445 0 0.01 147874.04813932188 6.7025858002032255 0.04881537733903811 9.163806279739529
5446 0 0.01 147874.04813932188 6.7025858002032255 0.04881537733903811 9.163806279739529
5447 0 0.01 147874.04813932188 6.7025858002032255 0.04881537733903811 9.163806279739529
5448 0 0.01 147874.04813932188 6.7025858002032255 0.04881537733903811 9.163806279739529
5449 0 0.01 147874.04813932188 6.7025858002032255 0.04881537733903811 9.163806279739529
5450 0 0.01 147874.04813932188 6.7025858002032255 0.04881537733903811 9.163806279739529
5451 0 0.01 147874.04813932188 6.7025858002032255 0.04881537733903811 9.163806279739529
5452 0 0.01 147874.04813932188 6.7025858002032255 0.04881537733903811 9.163806279739529
5453 0 0.01 147874.04813932188 6.7025858002032255 0.04881537733903811 9.163806279739529
5454 0 0.01 147874.04813932188 6.7025858002032255 0.04881537733903811 9.163806279739529
5455 0 0.01 147874.04813932188 6.7025858002032255 0.04881537733903811 9.163806279739529
5456 0 0.01 147874.04813932188 6.7025858002032255 0.04881537733903811 9.163806279739529
5457 0 0.01 147874.04813932188 6.7025858002032255 0.04881537733903811 9.163806279739529
5458 0 0.01 147874.04813932188 6.7025858002032255 0.04881537733903811 9.163806279739529
5459 0 0.01 147874.04813932188 6.7025858002032255 0.04881537733903811 9.163806279739529
5460 0 0.01 147874.04813932188 6.7025858002032255 0.04881537733903811 9.163806279739529
5461 0 0.01 147874.04813932188 6.7025858002032255 0.04881537733903811 9.163806279739529
5462 0 0.01 147874.04813932188 6.7025858002032255 0.04881537733903811 9.163806279739529
5463 0 0.01 147874.04813932188 6.7025858002032255 0.04881537733903811 9.163806279739529
5464 0 0.01 147874.04813932188 6.7025858002032255 0.04881537733903811 9.163806279739529
5465 0 0.01 147874.04813932188 6.7025858002032255 0.04881537733903811 9.163806279739529
5466 0 0.01 147874.04813932188 6.7025858002032255 0.04881537733903811 9.163806279739529
5467 0 0.01 147874.04813932188 6.7025858002032255 0.04881537733903811 9.163806279739529
5468 0 0.01 147874.04813932188 6.7025858002032255 0.04881537733903811 9.163806279739529
5469 0 0.01 147874.04813932188 6.7025858002032255 0.04881537733903811 9.163806279739529
5470 0 0.01 147874.04813932188 6.7025858002032255 0.04881537733903811 9.163806279739529
5471 0 0.01 147874.04813932188 6.7025858002032255 0.04881537733903811 9.163806279739529
5472 0 0.01 147874.04813932188 6.7025858002032255 0.04881537733903811 9.163806279739529
5473 0 0.01 147874.04813932188 6.7025858002032255 0.04881537733903811 9.163806279739529
5474 0 0.01 147874.04813932188 6.7025858002032255 0.04881537733903811 9.163806279739529
5475 0 0.01 147874.04813932188 6.7025858002032255 0.04881537733903811 9.163806279739529
5476 0 0.01 147874.04813932188 6.7025858002032255 0.04881537733903811 9.163806279739529
5477 0 0.01 147874.04813932188 6.7025858002032255 0.04881537733903811 9.163806279739529
5478 0 0.01 147874.04813932188 6.7025858002032255 0.04881537733903811 9.163806279739529
5479 0 0.01 147874.04813932188 6.7025858002032255 0.04881537733903811 9.163806279739529
5480 0 0.01 147874.04813932188 6.7025858002032255 0.04881537733903811 9.163806279739529
5481 0 0.01 147874.04813932188 6.7025858002032255 0.04881537733903811 9.163806279739529
5482 0 0.01 147874.04813932188 6.7025858002032255 0.04881537733903811 9.163806279739529
5483 0 0.01 147874.04813932188 6.7025858002032255 0.04881537733903811 9.163806279739529
5484 0 0.01 147874.04813932188 6.7025858002032255 0.04881537733903811 9.163806279739529
5485 0 0.01 147874.04813932188 6.7025858002032255 0.04881537733903811 9.163806279739529
5486 0 0.01 147874.04813932188 6.7025858002032255 0.04881537733903811 9.163806279739529
5487 0 0.01 147874.04813932188 6.7025858002032255 0.04881537733903811 9.163806279739529
5488 0 0.01 147874.04813932188 6.7025858002032255 0.04881537733903811 9.163806279739529
5489 0 0.01 147874.04813932188 6.7025858002032255 0.04881537733903811 9.163806279739529
5490 0 0.01 147874.04813932188 6.7025858002032255 0.04881537733903811 9.163806279739529
5491 0 0.01 147874.04813932188 6.7025858002032255 0.04881537733903811 9.163806279739529
5492 0 0.01 147874.04813932188 6.7025858002032255 0.04881537733903811 9.163806279739529
5493 0 0.01 147874.04813932188 6.7025858002032255 0.04881537733903811 9.163806279739529
5494 0 0.01 147874.04813932188 6.7025858002032255 0.04881537733903811 9.163806279739529
5495 0 0.01 147874.04813932188 6.7025858002032255 0.04881537733903811 9.163806279739529
5496 0 0.01 147874.04813932188 6.7025858002032255 0.04881537733903811 9.163806279739529
5497 0 0.01 147874.04813932188 6.7025858002032255 0.04881537733903811 9.163806279739529
5498 0 0.01 147874.04813932188 6.7025858002032255 0.04881537733903811 9.163806279739529
5499 0 0.01 147874.04813932188 6.7025858002032255 0.04881537733903811 9.163806279739529
5500 0 0.01 147874.04813932188 6.7025858002032255 0.04881537733903811 9.163806279739529
5501 0 0.01 147874.04813932188 6.7025858002032255 0.04881537733903811 9.163806279739529
5502 0 0.01 147874.04813932188 6.7025858002032255 0.04881537733903811 9.163806279739529
5503 0 0.01 147874.04813932188 6.7025858002032255 0.04881537733903811 9.163806279739529
5504 0 0.01 147874.04813932188 6.7025858002032255 0.04881537733903811 9.163806279739529
5505 0 0.01 147874.04813932188 6.7025858002032255 0.04881537733903811 9.163806279739529
5506 0 0.01 147874.04813932188 6.7025858002032255 0.04881537733903811 9.163806279739529
5507 0 0.01 147874.04813932188 6.7025858002032255 0.04881537733903811 9.163806279739529
5508 0 0.01 147874.04813932188 6.7025858002032255 0.04881537733903811 9.163806279739529
5509 0 0.01 147874.04813932188 6.7025858002032255 0.04881537733903811 9.163806279739529
5510 0 0.01 147874.04813932188 6.7025858002032255 0.04881537733903811 9.163806279739529
5511 0 0.01 147874.04813932188 6.7025858002032255 0.04881537733903811 9.163806279739529
5512 0 0.01 147874.04813932188 6.7025858002032255 0.04881537733903811 9.163806279739529
5513 0 0.01 147874.04813932188 6.7025858002032255 0.04881537733903811 9.163806279739529
5514 0 0.01 147874.04813932188 6.7025858002032255 0.04881537733903811 9.163806279739529
5515 0 0.01 147874.04813932188 6.7025858002032255 0.04881537733903811 9.163806279739529
5516 0 0.01 147874.04813932188 6.7025858002032255 0.04881537733903811 9.163806279739529
5517 0 0.01 147874.04813932188 6.7025858002032255 0.04881537733903811 9.163806279739529
5518 0 0.01 147874.04813932188 6.7025858002032255 0.04881537733903811 9.163806279739529
5519 0 0.01 147874.04813932188 6.7025858002032255 0.04881537733903811 9.163806279739529
5520 0 0.01 147874.04813932188 6.7025858002032255 0.04881537733903811 9.163806279739529
5521 0 0.01 147874.04813932188 6.7025858002032255 0.04881537733903811 9.163806279739529
5522 0 0.01 147874.04813932188 6.7025858002032255 0.04881537733903811 9.163806279739529
5523 0 0.01 147874.04813932188 6.7025858002032255 0.04881537733903811 9.163806279739529
5524 0 0.01 147874.04813932188 6.7025858002032255 0.04881537733903811 9.163806279739529
5525 0 0.01 147874.04813932188 6.7025858002032255 0.04881537733903811 9.163806279739529
5526 0 0.01 147874.04813932188 6.7025858002032255 0.04881537733903811 9.163806279739529
5527 0 0.01 147874.04813932188 6.7025858002032255 0.04881537733903811 9.163806279739529
5528 0 0.01 147874.04813932188 6.7025858002032255 0.04881537733903811 9.163806279739529
5529 0 0.01 147874.04813932188 6.7025858002032255 0.04881537733903811 9.163806279739529
5530 0 0.01 147874.04813932188 6.7025858002032255 0.04881537733903811 9.163806279739529
5531 0 0.01 147874.04813932188 6.7025858002032255 0.04881537733903811 9.163806279739529
5532 0 0.01 147874.04813932188 6.7025858002032255 0.04881537733903811 9.163806279739529
5533 0 0.01 147874.04813932188 6.7025858002032255 0.04881537733903811 9.163806279739529
5534 0 0.01 147874.04813932188 6.7025858002032255 0.04881537733903811 9.163806279739529
5535 0 0.01 147874.04813932188 6.7025858002032255 0.04881537733903811 9.163806279739529
5536 0 0.01 147874.04813932188 6.7025858002032255 0.04881537733903811 9.163806279739529
5537 0 0.01 147874.04813932188 6.7025858002032255 0.04881537733903811 9.163806279739529
5538 0 0.01 147874.04813932188 6.7025858002032255 0.04881537733903811 9.163806279739529
5539 0 0.01 147874.04813932188 6.7025858002032255 0.04881537733903811 9.163806279739529
5540 0 0.01 147874.04813932188 6.7025858002032255 0.04881537733903811 9.163806279739529
5541 0 0.01 147874.04813932188 6.7025858002032255 0.04881537733903811 9.163806279739529
5542 0 0.01 147874.04813932188 6.7025858002032255 0.04881537733903811 9.163806279739529
5543 0 0.01 147874.04813932188 6.7025858002032255 0.04881537733903811 9.163806279739529
5544 0 0.01 147874.04813932188 6.7025858002032255 0.04881537733903811 9.163806279739529
5545 0 0.01 147874.04813932188 6.7025858002032255 0.04881537733903811 9.163806279739529
5546 0 0.01 147874.04813932188 6.7025858002032255 0.04881537733903811 9.163806279739529
5547 0 0.01 147874.04813932188 6.7025858002032255 0.04881537733903811 9.163806279739529
5548 0 0.01 147874.04813932188 6.7025858002032255 0.04881537733903811 9.163806279739529
5549 0 0.01 147874.04813932188 6.7025858002032255 0.04881537733903811 9.163806279739529
5550 0 0.01 147874.04813932188 6.7025858002032255 0.04881537733903811 9.163806279739529
5551 0 0.01 147874.04813932188 6.7025858002032255 0.04881537733903811 9.163806279739529
5552 0 0.01 147874.04813932188 6.7025858002032255 0.04881537733903811 9.163806279739529
5553 0 0.01 147874.04813932188 6.7025858002032255 0.04881537733903811 9.163806279739529
5554 0 0.01 147874.04813932188 6.7025858002032255 0.04881537733903811 9.163806279739529
5555 0 0.01 147874.04813932188 6.7025858002032255 0.04881537733903811 9.163806279739529
5556 0 0.01 147874.04813932188 6.7025858002032255 0.04881537733903811 9.163806279739529
5557 0 0.01 147874.04813932188 6.7025858002032255 0.04881537733903811 9.163806279739529
5558 0 0.01 147874.04813932188 6.7025858002032255 0.04881537733903811 9.163806279739529
5559 0 0.01 147874.04813932188 6.7025858002032255 0.04881537733903811 9.163806279739529
5560 0 0.01 147874.04813932188 6.7025858002032255 0.04881537733903811 9.163806279739529
5561 0 0.01 147874.04813932188 6.7025858002032255 0.04881537733903811 9.163806279739529
5562 0 0.01 147874.04813932188 6.7025858002032255 0.04881537733903811 9.163806279739529
5563 0 0.01 147874.04813932188 6.7025858002032255 0.04881537733903811 9.163806279739529
5564 0 0.01 147874.04813932188 6.7025858002032255 0.04881537733903811 9.163806279739529
5565 0 0.01 147874.04813932188 6.7025858002032255 0.04881537733903811 9.163806279739529
5566 0 0.01 147874.04813932188 6.7025858002032255 0.04881537733903811 9.163806279739529
5567 0 0.01 147874.04813932188 6.7025858002032255 0.04881537733903811 9.163806279739529
5568 0 0.01 147874.04813932188 6.7025858002032255 0.04881537733903811 9.163806279739529
5569 0 0.01 147874.04813932188 6.7025858002032255 0.04881537733903811 9.163806279739529
5570 0 0.01 147874.04813932188 6.7025858002032255 0.04881537733903811 9.163806279739529
5571 0 0.01 147874.04813932188 6.7025858002032255 0.04881537733903811 9.163806279739529
5572 0 0.01 147874.04813932188 6.7025858002032255 0.04881537733903811 9.163806279739529
5573 0 0.01 147874.04813932188 6.7025858002032255 0.04881537733903811 9.163806279739529
5574 0 0.01 147874.04813932188 6.7025858002032255 0.04881537733903811 9.163806279739529
5575 0 0.01 147874.04813932188 6.7025858002032255 0.04881537733903811 9.163806279739529
5576 0 0.01 147874.04813932188 6.7025858002032255 0.04881537733903811 9.163806279739529
5577 0 0.01 147874.04813932188 6.7025858002032255 0.04881537733903811 9.163806279739529
5578 0 0.01 147874.04813932188 6.7025858002032255 0.04881537733903811 9.163806279739529
5579 0 0.01 147874.04813932188 6.7025858002032255 0.04881537733903811 9.163806279739529
5580 0 0.01 147874.04813932188 6.7025858002032255 0.04881537733903811 9.163806279739529
5581 0 0.01 147874.04813932188 6.7025858002032255 0.04881537733903811 9.163806279739529
5582 0 0.01 147874.04813932188 6.7025858002032255 0.04881537733903811 9.163806279739529
5583 0 0.01 147874.04813932188 6.7025858002032255 0.04881537733903811 9.163806279739529
5584 0 0.01 147874.04813932188 6.7025858002032255 0.04881537733903811 9.163806279739529
5585 0 0.01 147874.04813932188 6.7025858002032255 0.04881537733903811 9.163806279739529
5586 0 0.01 147874.04813932188 6.7025858002032255 0.04881537733903811 9.163806279739529
5587 0 0.01 147874.04813932188 6.7025858002032255 0.04881537733903811 9.163806279739529
5588 0 0.01 147874.04813932188 6.7025858002032255 0.04881537733903811 9.163806279739529
5589 0 0.01 147874.04813932188 6.7025858002032255 0.04881537733903811 9.163806279739529
5590 0 0.01 147874.04813932188 6.7025858002032255 0.04881537733903811 9.163806279739529
5591 0 0.01 147874.04813932188 6.7025858002032255 0.04881537733903811 9.163806279739529
5592 0 0.01 147874.04813932188 6.7025858002032255 0.04881537733903811 9.163806279739529
5593 0 0.01 147874.04813932188 6.7025858002032255 0.04881537733903811 9.163806279739529
5594 0 0.01 147874.04813932188 6.7025858002032255 0.04881537733903811 9.163806279739529
5595 0 0.01 147874.04813932188 6.7025858002032255 0.04881537733903811 9.163806279739529
5596 0 0.01 147874.04813932188 6.7025858002032255 0.04881537733903811 9.163806279739529
5597 0 0.01 147874.04813932188 6.7025858002032255 0.04881537733903811 9.163806279739529
5598 0 0.01 147874.04813932188 6.7025858002032255 0.04881537733903811 9.163806279739529
5599 0 0.01 147874.04813932188 6.7025858002032255 0.04881537733903811 9.163806279739529
5600 0 0.01 147874.04813932188 6.7025858002032255 0.04881537733903811 9.163806279739529
5601 0 0.01 147874.04813932188 6.7025858002032255 0.04881537733903811 9.163806279739529
5602 0 0.01 147874.04813932188 6.7025858002032255 0.04881537733903811 9.163806279739529
5603 0 0.01 147874.04813932188 6.7025858002032255 0.04881537733903811 9.163806279739529
5604 0 0.01 147874.04813932188 6.7025858002032255 0.04881537733903811 9.163806279739529
5605 0 0.01 147874.04813932188 6.7025858002032255 0.04881537733903811 9.163806279739529
5606 0 0.01 147874.04813932188 6.7025858002032255 0.04881537733903811 9.163806279739529
5607 0 0.01 147874.04813932188 6.7025858002032255 0.04881537733903811 9.163806279739529
5608 0 0.01 147874.04813932188 6.7025858002032255 0.04881537733903811 9.163806279739529
5609 0 0.01 147874.04813932188 6.7025858002032255 0.04881537733903811 9.163806279739529
5610 0 0.01 147874.04813932188 6.7025858002032255 0.04881537733903811 9.163806279739529
5611 0 0.01 147874.04813932188 6.7025858002032255 0.04881537733903811 9.163806279739529
5612 0 0.01 147874.04813932188 6.7025858002032255 0.04881537733903811 9.163806279739529
5613 0 0.01 147874.04813932188 6.7025858002032255 0.04881537733903811 9.163806279739529
5614 0 0.01 147874.04813932188 6.7025858002032255 0.04881537733903811 9.163806279739529
5615 0 0.01 147874.04813932188 6.7025858002032255 0.04881537733903811 9.163806279739529
5616 0 0.01 147874.04813932188 6.7025858002032255 0.04881537733903811 9.163806279739529
5617 0 0.01 147874.04813932188 6.7025858002032255 0.04881537733903811 9.163806279739529
5618 0 0.01 147874.04813932188 6.7025858002032255 0.04881537733903811 9.163806279739529
5619 0 0.01 147874.04813932188 6.7025858002032255 0.04881537733903811 9.163806279739529
5620 0 0.01 147874.04813932188 6.7025858002032255 0.04881537733903811 9.163806279739529
5621 0 0.01 147874.04813932188 6.7025858002032255 0.04881537733903811 9.163806279739529
5622 0 0.01 147874.04813932188 6.7025858002032255 0.04881537733903811 9.163806279739529
5623 0 0.01 147874.04813932188 6.7025858002032255 0.04881537733903811 9.163806279739529
5624 0 0.01 147874.04813932188 6.7025858002032255 0.04881537733903811 9.163806279739529
5625 0 0.01 147874.04813932188 6.7025858002032255 0.04881537733903811 9.163806279739529
5626 0 0.01 147874.04813932188 6.7025858002032255 0.04881537733903811 9.163806279739529
5627 0 0.01 147874.04813932188 6.7025858002032255 0.04881537733903811 9.163806279739529
5628 0 0.01 147874.04813932188 6.7025858002032255 0.04881537733903811 9.163806279739529
5629 0 0.01 147874.04813932188 6.7025858002032255 0.04881537733903811 9.163806279739529
5630 0 0.01 147874.04813932188 6.7025858002032255 0.04881537733903811 9.163806279739529
5631 0 0.01 147874.04813932188 6.7025858002032255 0.04881537733903811 9.163806279739529
5632 0 0.01 147874.04813932188 6.7025858002032255 0.04881537733903811 9.163806279739529
5633 0 0.01 147874.04813932188 6.7025858002032255 0.04881537733903811 9.163806279739529
5634 0 0.01 147874.04813932188 6.7025858002032255 0.04881537733903811 9.163806279739529
5635 0 0.01 147874.04813932188 6.7025858002032255 0.04881537733903811 9.163806279739529
5636 0 0.01 147874.04813932188 6.7025858002032255 0.04881537733903811 9.163806279739529
5637 0 0.01 147874.04813932188 6.7025858002032255 0.04881537733903811 9.163806279739529
5638 0 0.01 147874.04813932188 6.7025858002032255 0.04881537733903811 9.163806279739529
5639 0 0.01 147874.04813932188 6.7025858002032255 0.04881537733903811 9.163806279739529
5640 0 0.01 147874.04813932188 6.7025858002032255 0.04881537733903811 9.163806279739529
5641 0 0.01 147874.04813932188 6.7025858002032255 0.04881537733903811 9.163806279739529
5642 0 0.01 147874.04813932188 6.7025858002032255 0.04881537733903811 9.163806279739529
5643 0 0.01 147874.04813932188 6.7025858002032255 0.04881537733903811 9.163806279739529
5644 0 0.01 147874.04813932188 6.7025858002032255 0.04881537733903811 9.163806279739529
5645 0 0.01 147874.04813932188 6.7025858002032255 0.04881537733903811 9.163806279739529
5646 0 0.01 147874.04813932188 6.7025858002032255 0.04881537733903811 9.163806279739529
5647 0 0.01 147874.04813932188 6.7025858002032255 0.04881537733903811 9.163806279739529
5648 0 0.01 147874.04813932188 6.7025858002032255 0.04881537733903811 9.163806279739529
5649 0 0.01 147874.04813932188 6.7025858002032255 0.04881537733903811 9.163806279739529
5650 0 0.01 147874.04813932188 6.7025858002032255 0.04881537733903811 9.163806279739529
5651 0 0.01 147874.04813932188 6.7025858002032255 0.04881537733903811 9.163806279739529
5652 0 0.01 147874.04813932188 6.7025858002032255 0.04881537733903811 9.163806279739529
5653 0 0.01 147874.04813932188 6.7025858002032255 0.04881537733903811 9.163806279739529
5654 0 0.01 147874.04813932188 6.7025858002032255 0.04881537733903811 9.163806279739529
5655 0 0.01 147874.04813932188 6.7025858002032255 0.04881537733903811 9.163806279739529
5656 0 0.01 147874.04813932188 6.7025858002032255 0.04881537733903811 9.163806279739529
5657 0 0.01 147874.04813932188 6.7025858002032255 0.04881537733903811 9.163806279739529
5658 0 0.01 147874.04813932188 6.7025858002032255 0.04881537733903811 9.163806279739529
5659 0 0.01 147874.04813932188 6.7025858002032255 0.04881537733903811 9.163806279739529
5660 0 0.01 147874.04813932188 6.7025858002032255 0.04881537733903811 9.163806279739529
5661 0 0.01 147874.04813932188 6.7025858002032255 0.04881537733903811 9.163806279739529
5662 0 0.01 147874.04813932188 6.7025858002032255 0.04881537733903811 9.163806279739529
5663 0 0.01 147874.04813932188 6.7025858002032255 0.04881537733903811 9.163806279739529
5664 0 0.01 147874.04813932188 6.7025858002032255 0.04881537733903811 9.163806279739529
5665 0 0.01 147874.04813932188 6.7025858002032255 0.04881537733903811 9.163806279739529
5666 0 0.01 147874.04813932188 6.7025858002032255 0.04881537733903811 9.163806279739529
5667 0 0.01 147874.04813932188 6.7025858002032255 0.04881537733903811 9.163806279739529
5668 0 0.01 147874.04813932188 6.7025858002032255 0.04881537733903811 9.163806279739529
5669 0 0.01 147874.04813932188 6.7025858002032255 0.04881537733903811 9.163806279739529
5670 0 0.01 147874.04813932188 6.7025858002032255 0.04881537733903811 9.163806279739529
5671 0 0.01 147874.04813932188 6.7025858002032255 0.04881537733903811 9.163806279739529
5672 0 0.01 147874.04813932188 6.7025858002032255 0.04881537733903811 9.163806279739529
5673 0 0.01 147874.04813932188 6.7025858002032255 0.04881537733903811 9.163806279739529
5674 0 0.01 147874.04813932188 6.7025858002032255 0.04881537733903811 9.163806279739529
5675 0 0.01 147874.04813932188 6.7025858002032255 0.04881537733903811 9.163806279739529
5676 0 0.01 147874.04813932188 6.7025858002032255 0.04881537733903811 9.163806279739529
5677 0 0.01 147874.04813932188 6.7025858002032255 0.04881537733903811 9.163806279739529
5678 0 0.01 147874.04813932188 6.7025858002032255 0.04881537733903811 9.163806279739529
5679 0 0.01 147874.04813932188 6.7025858002032255 0.04881537733903811 9.163806279739529
5680 0 0.01 147874.04813932188 6.7025858002032255 0.04881537733903811 9.163806279739529
5681 0 0.01 147874.04813932188 6.7025858002032255 0.04881537733903811 9.163806279739529
5682 0 0.01 147874.04813932188 6.7025858002032255 0.04881537733903811 9.163806279739529
5683 0 0.01 147874.04813932188 6.7025858002032255 0.04881537733903811 9.163806279739529
5684 0 0.01 147874.04813932188 6.7025858002032255 0.04881537733903811 9.163806279739529
5685 0 0.01 147874.04813932188 6.7025858002032255 0.04881537733903811 9.163806279739529
5686 0 0.01 147874.04813932188 6.7025858002032255 0.04881537733903811 9.163806279739529
5687 0 0.01 147874.04813932188 6.7025858002032255 0.04881537733903811 9.163806279739529
5688 0 0.01 147874.04813932188 6.7025858002032255 0.04881537733903811 9.163806279739529
5689 0 0.01 147874.04813932188 6.7025858002032255 0.04881537733903811 9.163806279739529
5690 0 0.01 147874.04813932188 6.7025858002032255 0.04881537733903811 9.163806279739529
5691 0 0.01 147874.04813932188 6.7025858002032255 0.04881537733903811 9.163806279739529
5692 0 0.01 147874.04813932188 6.7025858002032255 0.04881537733903811 9.163806279739529
5693 0 0.01 147874.04813932188 6.7025858002032255 0.04881537733903811 9.163806279739529
5694 0 0.01 147874.04813932188 6.7025858002032255 0.04881537733903811 9.163806279739529
5695 0 0.01 147874.04813932188 6.7025858002032255 0.04881537733903811 9.163806279739529
5696 0 0.01 147874.04813932188 6.7025858002032255 0.04881537733903811 9.163806279739529
5697 0 0.01 147874.04813932188 6.7025858002032255 0.04881537733903811 9.163806279739529
5698 0 0.01 147874.04813932188 6.7025858002032255 0.04881537733903811 9.163806279739529
5699 0 0.01 147874.04813932188 6.7025858002032255 0.04881537733903811 9.163806279739529
5700 0 0.01 147874.04813932188 6.7025858002032255 0.04881537733903811 9.163806279739529
5701 0 0.01 147874.04813932188 6.7025858002032255 0.04881537733903811 9.163806279739529
5702 0 0.01 147874.04813932188 6.7025858002032255 0.04881537733903811 9.163806279739529
5703 0 0.01 147874.04813932188 6.7025858002032255 0.04881537733903811 9.163806279739529
5704 0 0.01 147874.04813932188 6.7025858002032255 0.04881537733903811 9.163806279739529
5705 0 0.01 147874.04813932188 6.7025858002032255 0.04881537733903811 9.163806279739529
5706 0 0.01 147874.04813932188 6.7025858002032255 0.04881537733903811 9.163806279739529
5707 0 0.01 147874.04813932188 6.7025858002032255 0.04881537733903811 9.163806279739529
5708 0 0.01 147874.04813932188 6.7025858002032255 0.04881537733903811 9.163806279739529
5709 0 0.01 147874.04813932188 6.7025858002032255 0.04881537733903811 9.163806279739529
5710 0 0.01 147874.04813932188 6.7025858002032255 0.04881537733903811 9.163806279739529
5711 0 0.01 147874.04813932188 6.7025858002032255 0.04881537733903811 9.163806279739529
5712 0 0.01 147874.04813932188 6.7025858002032255 0.04881537733903811 9.163806279739529
5713 0 0.01 147874.04813932188 6.7025858002032255 0.04881537733903811 9.163806279739529
5714 0 0.01 147874.04813932188 6.7025858002032255 0.04881537733903811 9.163806279739529
5715 0 0.01 147874.04813932188 6.7025858002032255 0.04881537733903811 9.163806279739529
5716 0 0.01 147874.04813932188 6.7025858002032255 0.04881537733903811 9.163806279739529
5717 0 0.01 147874.04813932188 6.7025858002032255 0.04881537733903811 9.163806279739529
5718 0 0.01 147874.04813932188 6.7025858002032255 0.04881537733903811 9.163806279739529
5719 0 0.01 147874.04813932188 6.7025858002032255 0.04881537733903811 9.163806279739529
5720 0 0.01 147874.04813932188 6.7025858002032255 0.04881537733903811 9.163806279739529
5721 0 0.01 147874.04813932188 6.7025858002032255 0.04881537733903811 9.163806279739529
5722 0 0.01 147874.04813932188 6.7025858002032255 0.04881537733903811 9.163806279739529
5723 0 0.01 147874.04813932188 6.7025858002032255 0.04881537733903811 9.163806279739529
5724 0 0.01 147874.04813932188 6.7025858002032255 0.04881537733903811 9.163806279739529
5725 0 0.01 147874.04813932188 6.7025858002032255 0.04881537733903811 9.163806279739529
5726 0 0.01 147874.04813932188 6.7025858002032255 0.04881537733903811 9.163806279739529
5727 0 0.01 147874.04813932188 6.7025858002032255 0.04881537733903811 9.163806279739529
5728 0 0.01 147874.04813932188 6.7025858002032255 0.04881537733903811 9.163806279739529
5729 0 0.01 147874.04813932188 6.7025858002032255 0.04881537733903811 9.163806279739529
5730 0 0.01 147874.04813932188 6.7025858002032255 0.04881537733903811 9.163806279739529
5731 0 0.01 147874.04813932188 6.7025858002032255 0.04881537733903811 9.163806279739529
5732 0 0.01 147874.04813932188 6.7025858002032255 0.04881537733903811 9.163806279739529
5733 0 0.01 147874.04813932188 6.7025858002032255 0.04881537733903811 9.163806279739529
5734 0 0.01 147874.04813932188 6.7025858002032255 0.04881537733903811 9.163806279739529
5735 0 0.01 147874.04813932188 6.7025858002032255 0.04881537733903811 9.163806279739529
5736 0 0.01 147874.04813932188 6.7025858002032255 0.04881537733903811 9.163806279739529
5737 0 0.01 147874.04813932188 6.7025858002032255 0.04881537733903811 9.163806279739529
5738 0 0.01 147874.04813932188 6.7025858002032255 0.04881537733903811 9.163806279739529
5739 0 0.01 147874.04813932188 6.7025858002032255 0.04881537733903811 9.163806279739529
5740 0 0.01 147874.04813932188 6.7025858002032255 0.04881537733903811 9.163806279739529
5741 0 0.01 147874.04813932188 6.7025858002032255 0.04881537733903811 9.163806279739529
5742 0 0.01 147874.04813932188 6.7025858002032255 0.04881537733903811 9.163806279739529
5743 0 0.01 147874.04813932188 6.7025858002032255 0.04881537733903811 9.163806279739529
5744 0 0.01 147874.04813932188 6.7025858002032255 0.04881537733903811 9.163806279739529
5745 0 0.01 147874.04813932188 6.7025858002032255 0.04881537733903811 9.163806279739529
5746 0 0.01 147874.04813932188 6.7025858002032255 0.04881537733903811 9.163806279739529
5747 0 0.01 147874.04813932188 6.7025858002032255 0.04881537733903811 9.163806279739529
5748 0 0.01 147874.04813932188 6.7025858002032255 0.04881537733903811 9.163806279739529
5749 0 0.01 147874.04813932188 6.7025858002032255 0.04881537733903811 9.163806279739529
5750 0 0.01 147874.04813932188 6.7025858002032255 0.04881537733903811 9.163806279739529
5751 0 0.01 147874.04813932188 6.7025858002032255 0.04881537733903811 9.163806279739529
5752 0 0.01 147874.04813932188 6.7025858002032255 0.04881537733903811 9.163806279739529
5753 0 0.01 147874.04813932188 6.7025858002032255 0.04881537733903811 9.163806279739529
5754 0 0.01 147874.04813932188 6.7025858002032255 0.04881537733903811 9.163806279739529
5755 0 0.01 147874.04813932188 6.7025858002032255 0.04881537733903811 9.163806279739529
5756 0 0.01 147874.04813932188 6.7025858002032255 0.04881537733903811 9.163806279739529
5757 0 0.01 147874.04813932188 6.7025858002032255 0.04881537733903811 9.163806279739529
5758 0 0.01 147874.04813932188 6.7025858002032255 0.04881537733903811 9.163806279739529
5759 0 0.01 147874.04813932188 6.7025858002032255 0.04881537733903811 9.163806279739529
5760 0 0.01 147874.04813932188 6.7025858002032255 0.04881537733903811 9.163806279739529
5761 0 0.01 147874.04813932188 6.7025858002032255 0.04881537733903811 9.163806279739529
5762 0 0.01 147874.04813932188 6.7025858002032255 0.04881537733903811 9.163806279739529
5763 0 0.01 147874.04813932188 6.7025858002032255 0.04881537733903811 9.163806279739529
5764 0 0.01 147874.04813932188 6.7025858002032255 0.04881537733903811 9.163806279739529
5765 0 0.01 147874.04813932188 6.7025858002032255 0.04881537733903811 9.163806279739529
5766 0 0.01 147874.04813932188 6.7025858002032255 0.04881537733903811 9.163806279739529
5767 0 0.01 147874.04813932188 6.7025858002032255 0.04881537733903811 9.163806279739529
5768 0 0.01 147874.04813932188 6.7025858002032255 0.04881537733903811 9.163806279739529
5769 0 0.01 147874.04813932188 6.7025858002032255 0.04881537733903811 9.163806279739529
5770 0 0.01 147874.04813932188 6.7025858002032255 0.04881537733903811 9.163806279739529
5771 0 0.01 147874.04813932188 6.7025858002032255 0.04881537733903811 9.163806279739529
5772 0 0.01 147874.04813932188 6.7025858002032255 0.04881537733903811 9.163806279739529
5773 0 0.01 147874.04813932188 6.7025858002032255 0.04881537733903811 9.163806279739529
5774 0 0.01 147874.04813932188 6.7025858002032255 0.04881537733903811 9.163806279739529
5775 0 0.01 147874.04813932188 6.7025858002032255 0.04881537733903811 9.163806279739529
5776 0 0.01 147874.04813932188 6.7025858002032255 0.04881537733903811 9.163806279739529
5777 0 0.01 147874.04813932188 6.7025858002032255 0.04881537733903811 9.163806279739529
5778 0 0.01 147874.04813932188 6.7025858002032255 0.04881537733903811 9.163806279739529
5779 0 0.01 147874.04813932188 6.7025858002032255 0.04881537733903811 9.163806279739529
5780 0 0.01 147874.04813932188 6.7025858002032255 0.04881537733903811 9.163806279739529
5781 0 0.01 147874.04813932188 6.7025858002032255 0.04881537733903811 9.163806279739529
5782 0 0.01 147874.04813932188 6.7025858002032255 0.04881537733903811 9.163806279739529
5783 0 0.01 147874.04813932188 6.7025858002032255 0.04881537733903811 9.163806279739529
5784 0 0.01 147874.04813932188 6.7025858002032255 0.04881537733903811 9.163806279739529
5785 0 0.01 147874.04813932188 6.7025858002032255 0.04881537733903811 9.163806279739529
5786 0 0.01 147874.04813932188 6.7025858002032255 0.04881537733903811 9.163806279739529
5787 0 0.01 147874.04813932188 6.7025858002032255 0.04881537733903811 9.163806279739529
5788 0 0.01 147874.04813932188 6.7025858002032255 0.04881537733903811 9.163806279739529
5789 0 0.01 147874.04813932188 6.7025858002032255 0.04881537733903811 9.163806279739529
5790 0 0.01 147874.04813932188 6.7025858002032255 0.04881537733903811 9.163806279739529
5791 0 0.01 147874.04813932188 6.7025858002032255 0.04881537733903811 9.163806279739529
5792 0 0.01 147874.04813932188 6.7025858002032255 0.04881537733903811 9.163806279739529
5793 0 0.01 147874.04813932188 6.7025858002032255 0.04881537733903811 9.163806279739529
5794 0 0.01 147874.04813932188 6.7025858002032255 0.04881537733903811 9.163806279739529
5795 0 0.01 147874.04813932188 6.7025858002032255 0.04881537733903811 9.163806279739529
5796 0 0.01 147874.04813932188 6.7025858002032255 0.04881537733903811 9.163806279739529
5797 0 0.01 147874.04813932188 6.7025858002032255 0.04881537733903811 9.163806279739529
5798 0 0.01 147874.04813932188 6.7025858002032255 0.04881537733903811 9.163806279739529
5799 0 0.01 147874.04813932188 6.7025858002032255 0.04881537733903811 9.163806279739529
5800 0 0.01 147874.04813932188 6.7025858002032255 0.04881537733903811 9.163806279739529
5801 0 0.01 147874.04813932188 6.7025858002032255 0.04881537733903811 9.163806279739529
5802 0 0.01 147874.04813932188 6.7025858002032255 0.04881537733903811 9.163806279739529
5803 0 0.01 147874.04813932188 6.7025858002032255 0.04881537733903811 9.163806279739529
5804 0 0.01 147874.04813932188 6.7025858002032255 0.04881537733903811 9.163806279739529
5805 0 0.01 147874.04813932188 6.7025858002032255 0.04881537733903811 9.163806279739529
5806 0 0.01 147874.04813932188 6.7025858002032255 0.04881537733903811 9.163806279739529
5807 0 0.01 147874.04813932188 6.7025858002032255 0.04881537733903811 9.163806279739529
5808 0 0.01 147874.04813932188 6.7025858002032255 0.04881537733903811 9.163806279739529
5809 0 0.01 147874.04813932188 6.7025858002032255 0.04881537733903811 9.163806279739529
5810 0 0.01 147874.04813932188 6.7025858002032255 0.04881537733903811 9.163806279739529
5811 0 0.01 147874.04813932188 6.7025858002032255 0.04881537733903811 9.163806279739529
5812 0 0.01 147874.04813932188 6.7025858002032255 0.04881537733903811 9.163806279739529
5813 0 0.01 147874.04813932188 6.7025858002032255 0.04881537733903811 9.163806279739529
5814 0 0.01 147874.04813932188 6.7025858002032255 0.04881537733903811 9.163806279739529
5815 0 0.01 147874.04813932188 6.7025858002032255 0.04881537733903811 9.163806279739529
5816 0 0.01 147874.04813932188 6.7025858002032255 0.04881537733903811 9.163806279739529
5817 0 0.01 147874.04813932188 6.7025858002032255 0.04881537733903811 9.163806279739529
5818 0 0.01 147874.04813932188 6.7025858002032255 0.04881537733903811 9.163806279739529
5819 0 0.01 147874.04813932188 6.7025858002032255 0.04881537733903811 9.163806279739529
5820 0 0.01 147874.04813932188 6.7025858002032255 0.04881537733903811 9.163806279739529
5821 0 0.01 147874.04813932188 6.7025858002032255 0.04881537733903811 9.163806279739529
5822 0 0.01 147874.04813932188 6.7025858002032255 0.04881537733903811 9.163806279739529
5823 0 0.01 147874.04813932188 6.7025858002032255 0.04881537733903811 9.163806279739529
5824 0 0.01 147874.04813932188 6.7025858002032255 0.04881537733903811 9.163806279739529
5825 0 0.01 147874.04813932188 6.7025858002032255 0.04881537733903811 9.163806279739529
5826 0 0.01 147874.04813932188 6.7025858002032255 0.04881537733903811 9.163806279739529
5827 0 0.01 147874.04813932188 6.7025858002032255 0.04881537733903811 9.163806279739529
5828 0 0.01 147874.04813932188 6.7025858002032255 0.04881537733903811 9.163806279739529
5829 0 0.01 147874.04813932188 6.7025858002032255 0.04881537733903811 9.163806279739529
5830 0 0.01 147874.04813932188 6.7025858002032255 0.04881537733903811 9.163806279739529
5831 0 0.01 147874.04813932188 6.7025858002032255 0.04881537733903811 9.163806279739529
5832 0 0.01 147874.04813932188 6.7025858002032255 0.04881537733903811 9.163806279739529
5833 0 0.01 147874.04813932188 6.7025858002032255 0.04881537733903811 9.163806279739529
5834 0 0.01 147874.04813932188 6.7025858002032255 0.04881537733903811 9.163806279739529
5835 0 0.01 147874.04813932188 6.7025858002032255 0.04881537733903811 9.163806279739529
5836 0 0.01 147874.04813932188 6.7025858002032255 0.04881537733903811 9.163806279739529
5837 0 0.01 147874.04813932188 6.7025858002032255 0.04881537733903811 9.163806279739529
5838 0 0.01 147874.04813932188 6.7025858002032255 0.04881537733903811 9.163806279739529
5839 0 0.01 147874.04813932188 6.7025858002032255 0.04881537733903811 9.163806279739529
5840 0 0.01 147874.04813932188 6.7025858002032255 0.04881537733903811 9.163806279739529
5841 0 0.01 147874.04813932188 6.7025858002032255 0.04881537733903811 9.163806279739529
5842 0 0.01 147874.04813932188 6.7025858002032255 0.04881537733903811 9.163806279739529
5843 0 0.01 147874.04813932188 6.7025858002032255 0.04881537733903811 9.163806279739529
5844 0 0.01 147874.04813932188 6.7025858002032255 0.04881537733903811 9.163806279739529
5845 0 0.01 147874.04813932188 6.7025858002032255 0.04881537733903811 9.163806279739529
5846 0 0.01 147874.04813932188 6.7025858002032255 0.04881537733903811 9.163806279739529
5847 0 0.01 147874.04813932188 6.7025858002032255 0.04881537733903811 9.163806279739529
5848 0 0.01 147874.04813932188 6.7025858002032255 0.04881537733903811 9.163806279739529
5849 0 0.01 147874.04813932188 6.7025858002032255 0.04881537733903811 9.163806279739529
5850 0 0.01 147874.04813932188 6.7025858002032255 0.04881537733903811 9.163806279739529
5851 0 0.01 147874.04813932188 6.7025858002032255 0.04881537733903811 9.163806279739529
5852 0 0.01 147874.04813932188 6.7025858002032255 0.04881537733903811 9.163806279739529
5853 0 0.01 147874.04813932188 6.7025858002032255 0.04881537733903811 9.163806279739529
5854 0 0.01 147874.04813932188 6.7025858002032255 0.04881537733903811 9.163806279739529
5855 0 0.01 147874.04813932188 6.7025858002032255 0.04881537733903811 9.163806279739529
5856 0 0.01 147874.04813932188 6.7025858002032255 0.04881537733903811 9.163806279739529
5857 0 0.01 147874.04813932188 6.7025858002032255 0.04881537733903811 9.163806279739529
5858 0 0.01 147874.04813932188 6.7025858002032255 0.04881537733903811 9.163806279739529
5859 0 0.01 147874.04813932188 6.7025858002032255 0.04881537733903811 9.163806279739529
5860 0 0.01 147874.04813932188 6.7025858002032255 0.04881537733903811 9.163806279739529
5861 0 0.01 147874.04813932188 6.7025858002032255 0.04881537733903811 9.163806279739529
5862 0 0.01 147874.04813932188 6.7025858002032255 0.04881537733903811 9.163806279739529
5863 0 0.01 147874.04813932188 6.7025858002032255 0.04881537733903811 9.163806279739529
5864 0 0.01 147874.04813932188 6.7025858002032255 0.04881537733903811 9.163806279739529
5865 0 0.01 147874.04813932188 6.7025858002032255 0.04881537733903811 9.163806279739529
5866 0 0.01 147874.04813932188 6.7025858002032255 0.04881537733903811 9.163806279739529
5867 0 0.01 147874.04813932188 6.7025858002032255 0.04881537733903811 9.163806279739529
5868 0 0.01 147874.04813932188 6.7025858002032255 0.04881537733903811 9.163806279739529
5869 0 0.01 147874.04813932188 6.7025858002032255 0.04881537733903811 9.163806279739529
5870 0 0.01 147874.04813932188 6.7025858002032255 0.04881537733903811 9.163806279739529
5871 0 0.01 147874.04813932188 6.7025858002032255 0.04881537733903811 9.163806279739529
5872 0 0.01 147874.04813932188 6.7025858002032255 0.04881537733903811 9.163806279739529
5873 0 0.01 147874.04813932188 6.7025858002032255 0.04881537733903811 9.163806279739529
5874 0 0.01 147874.04813932188 6.7025858002032255 0.04881537733903811 9.163806279739529
5875 0 0.01 147874.04813932188 6.7025858002032255 0.04881537733903811 9.163806279739529
5876 0 0.01 147874.04813932188 6.7025858002032255 0.04881537733903811 9.163806279739529
5877 0 0.01 147874.04813932188 6.7025858002032255 0.04881537733903811 9.163806279739529
5878 0 0.01 147874.04813932188 6.7025858002032255 0.04881537733903811 9.163806279739529
5879 0 0.01 147874.04813932188 6.7025858002032255 0.04881537733903811 9.163806279739529
5880 0 0.01 147874.04813932188 6.7025858002032255 0.04881537733903811 9.163806279739529
5881 0 0.01 147874.04813932188 6.7025858002032255 0.04881537733903811 9.163806279739529
5882 0 0.01 147874.04813932188 6.7025858002032255 0.04881537733903811 9.163806279739529
5883 0 0.01 147874.04813932188 6.7025858002032255 0.04881537733903811 9.163806279739529
5884 0 0.01 147874.04813932188 6.7025858002032255 0.04881537733903811 9.163806279739529
5885 0 0.01 147874.04813932188 6.7025858002032255 0.04881537733903811 9.163806279739529
5886 0 0.01 147874.04813932188 6.7025858002032255 0.04881537733903811 9.163806279739529
5887 0 0.01 147874.04813932188 6.7025858002032255 0.04881537733903811 9.163806279739529
5888 0 0.01 147874.04813932188 6.7025858002032255 0.04881537733903811 9.163806279739529
5889 0 0.01 147874.04813932188 6.7025858002032255 0.04881537733903811 9.163806279739529
5890 0 0.01 147874.04813932188 6.7025858002032255 0.04881537733903811 9.163806279739529
5891 0 0.01 147874.04813932188 6.7025858002032255 0.04881537733903811 9.163806279739529
5892 0 0.01 147874.04813932188 6.7025858002032255 0.04881537733903811 9.163806279739529
5893 0 0.01 147874.04813932188 6.7025858002032255 0.04881537733903811 9.163806279739529
5894 0 0.01 147874.04813932188 6.7025858002032255 0.04881537733903811 9.163806279739529
5895 0 0.01 147874.04813932188 6.7025858002032255 0.04881537733903811 9.163806279739529
5896 0 0.01 147874.04813932188 6.7025858002032255 0.04881537733903811 9.163806279739529
5897 0 0.01 147874.04813932188 6.7025858002032255 0.04881537733903811 9.163806279739529
5898 0 0.01 147874.04813932188 6.7025858002032255 0.04881537733903811 9.163806279739529
5899 0 0.01 147874.04813932188 6.7025858002032255 0.04881537733903811 9.163806279739529
5900 0 0.01 147874.04813932188 6.7025858002032255 0.04881537733903811 9.163806279739529
5901 0 0.01 147874.04813932188 6.7025858002032255 0.04881537733903811 9.163806279739529
5902 0 0.01 147874.04813932188 6.7025858002032255 0.04881537733903811 9.163806279739529
5903 0 0.01 147874.04813932188 6.7025858002032255 0.04881537733903811 9.163806279739529
5904 0 0.01 147874.04813932188 6.7025858002032255 0.04881537733903811 9.163806279739529
5905 0 0.01 147874.04813932188 6.7025858002032255 0.04881537733903811 9.163806279739529
5906 0 0.01 147874.04813932188 6.7025858002032255 0.04881537733903811 9.163806279739529
5907 0 0.01 147874.04813932188 6.7025858002032255 0.04881537733903811 9.163806279739529
5908 0 0.01 147874.04813932188 6.7025858002032255 0.04881537733903811 9.163806279739529
5909 0 0.01 147874.04813932188 6.7025858002032255 0.04881537733903811 9.163806279739529
5910 0 0.01 147874.04813932188 6.7025858002032255 0.04881537733903811 9.163806279739529
5911 0 0.01 147874.04813932188 6.7025858002032255 0.04881537733903811 9.163806279739529
5912 0 0.01 147874.04813932188 6.7025858002032255 0.04881537733903811 9.163806279739529
5913 0 0.01 147874.04813932188 6.7025858002032255 0.04881537733903811 9.163806279739529
5914 0 0.01 147874.04813932188 6.7025858002032255 0.04881537733903811 9.163806279739529
5915 0 0.01 147874.04813932188 6.7025858002032255 0.04881537733903811 9.163806279739529
5916 0 0.01 147874.04813932188 6.7025858002032255 0.04881537733903811 9.163806279739529
5917 0 0.01 147874.04813932188 6.7025858002032255 0.04881537733903811 9.163806279739529
5918 0 0.01 147874.04813932188 6.7025858002032255 0.04881537733903811 9.163806279739529
5919 0 0.01 147874.04813932188 6.7025858002032255 0.04881537733903811 9.163806279739529
5920 0 0.01 147874.04813932188 6.7025858002032255 0.04881537733903811 9.163806279739529
5921 0 0.01 147874.04813932188 6.7025858002032255 0.04881537733903811 9.163806279739529
5922 0 0.01 147874.04813932188 6.7025858002032255 0.04881537733903811 9.163806279739529
5923 0 0.01 147874.04813932188 6.7025858002032255 0.04881537733903811 9.163806279739529
5924 0 0.01 147874.04813932188 6.7025858002032255 0.04881537733903811 9.163806279739529
5925 0 0.01 147874.04813932188 6.7025858002032255 0.04881537733903811 9.163806279739529
5926 0 0.01 147874.04813932188 6.7025858002032255 0.04881537733903811 9.163806279739529
5927 0 0.01 147874.04813932188 6.7025858002032255 0.04881537733903811 9.163806279739529
5928 0 0.01 147874.04813932188 6.7025858002032255 0.04881537733903811 9.163806279739529
5929 0 0.01 147874.04813932188 6.7025858002032255 0.04881537733903811 9.163806279739529
5930 0 0.01 147874.04813932188 6.7025858002032255 0.04881537733903811 9.163806279739529
5931 0 0.01 147874.04813932188 6.7025858002032255 0.04881537733903811 9.163806279739529
5932 0 0.01 147874.04813932188 6.7025858002032255 0.04881537733903811 9.163806279739529
5933 0 0.01 147874.04813932188 6.7025858002032255 0.04881537733903811 9.163806279739529
5934 0 0.01 147874.04813932188 6.7025858002032255 0.04881537733903811 9.163806279739529
5935 0 0.01 147874.04813932188 6.7025858002032255 0.04881537733903811 9.163806279739529
5936 0 0.01 147874.04813932188 6.7025858002032255 0.04881537733903811 9.163806279739529
5937 0 0.01 147874.04813932188 6.7025858002032255 0.04881537733903811 9.163806279739529
5938 0 0.01 147874.04813932188 6.7025858002032255 0.04881537733903811 9.163806279739529
5939 0 0.01 147874.04813932188 6.7025858002032255 0.04881537733903811 9.163806279739529
5940 0 0.01 147874.04813932188 6.7025858002032255 0.04881537733903811 9.163806279739529
5941 0 0.01 147874.04813932188 6.7025858002032255 0.04881537733903811 9.163806279739529
5942 0 0.01 147874.04813932188 6.7025858002032255 0.04881537733903811 9.163806279739529
5943 0 0.01 147874.04813932188 6.7025858002032255 0.04881537733903811 9.163806279739529
5944 0 0.01 147874.04813932188 6.7025858002032255 0.04881537733903811 9.163806279739529
5945 0 0.01 147874.04813932188 6.7025858002032255 0.04881537733903811 9.163806279739529
5946 0 0.01 147874.04813932188 6.7025858002032255 0.04881537733903811 9.163806279739529
5947 0 0.01 147874.04813932188 6.7025858002032255 0.04881537733903811 9.163806279739529
5948 0 0.01 147874.04813932188 6.7025858002032255 0.04881537733903811 9.163806279739529
5949 0 0.01 147874.04813932188 6.7025858002032255 0.04881537733903811 9.163806279739529
5950 0 0.01 147874.04813932188 6.7025858002032255 0.04881537733903811 9.163806279739529
5951 0 0.01 147874.04813932188 6.7025858002032255 0.04881537733903811 9.163806279739529
5952 0 0.01 147874.04813932188 6.7025858002032255 0.04881537733903811 9.163806279739529
5953 0 0.01 147874.04813932188 6.7025858002032255 0.04881537733903811 9.163806279739529
5954 0 0.01 147874.04813932188 6.7025858002032255 0.04881537733903811 9.163806279739529
5955 0 0.01 147874.04813932188 6.7025858002032255 0.04881537733903811 9.163806279739529
5956 0 0.01 147874.04813932188 6.7025858002032255 0.04881537733903811 9.163806279739529
5957 0 0.01 147874.04813932188 6.7025858002032255 0.04881537733903811 9.163806279739529
5958 0 0.01 147874.04813932188 6.7025858002032255 0.04881537733903811 9.163806279739529
5959 0 0.01 147874.04813932188 6.7025858002032255 0.04881537733903811 9.163806279739529
5960 0 0.01 147874.04813932188 6.7025858002032255 0.04881537733903811 9.163806279739529
5961 0 0.01 147874.04813932188 6.7025858002032255 0.04881537733903811 9.163806279739529
5962 0 0.01 147874.04813932188 6.7025858002032255 0.04881537733903811 9.163806279739529
5963 0 0.01 147874.04813932188 6.7025858002032255 0.04881537733903811 9.163806279739529
5964 0 0.01 147874.04813932188 6.7025858002032255 0.04881537733903811 9.163806279739529
5965 0 0.01 147874.04813932188 6.7025858002032255 0.04881537733903811 9.163806279739529
5966 0 0.01 147874.04813932188 6.7025858002032255 0.04881537733903811 9.163806279739529
5967 0 0.01 147874.04813932188 6.7025858002032255 0.04881537733903811 9.163806279739529
5968 0 0.01 147874.04813932188 6.7025858002032255 0.04881537733903811 9.163806279739529
5969 0 0.01 147874.04813932188 6.7025858002032255 0.04881537733903811 9.163806279739529
5970 0 0.01 147874.04813932188 6.7025858002032255 0.04881537733903811 9.163806279739529
5971 0 0.01 147874.04813932188 6.7025858002032255 0.04881537733903811 9.163806279739529
5972 0 0.01 147874.04813932188 6.7025858002032255 0.04881537733903811 9.163806279739529
5973 0 0.01 147874.04813932188 6.7025858002032255 0.04881537733903811 9.163806279739529
5974 0 0.01 147874.04813932188 6.7025858002032255 0.04881537733903811 9.163806279739529
5975 0 0.01 147874.04813932188 6.7025858002032255 0.04881537733903811 9.163806279739529
5976 0 0.01 147874.04813932188 6.7025858002032255 0.04881537733903811 9.163806279739529
5977 0 0.01 147874.04813932188 6.7025858002032255 0.04881537733903811 9.163806279739529
5978 0 0.01 147874.04813932188 6.7025858002032255 0.04881537733903811 9.163806279739529
5979 0 0.01 147874.04813932188 6.7025858002032255 0.04881537733903811 9.163806279739529
5980 0 0.01 147874.04813932188 6.7025858002032255 0.04881537733903811 9.163806279739529
5981 0 0.01 147874.04813932188 6.7025858002032255 0.04881537733903811 9.163806279739529
5982 0 0.01 147874.04813932188 6.7025858002032255 0.04881537733903811 9.163806279739529
5983 0 0.01 147874.04813932188 6.7025858002032255 0.04881537733903811 9.163806279739529
5984 0 0.01 147874.04813932188 6.7025858002032255 0.04881537733903811 9.163806279739529
5985 0 0.01 147874.04813932188 6.7025858002032255 0.04881537733903811 9.163806279739529
5986 0 0.01 147874.04813932188 6.7025858002032255 0.04881537733903811 9.163806279739529
5987 0 0.01 147874.04813932188 6.7025858002032255 0.04881537733903811 9.163806279739529
5988 0 0.01 147874.04813932188 6.7025858002032255 0.04881537733903811 9.163806279739529
5989 0 0.01 147874.04813932188 6.7025858002032255 0.04881537733903811 9.163806279739529
5990 0 0.01 147874.04813932188 6.7025858002032255 0.04881537733903811 9.163806279739529
5991 0 0.01 147874.04813932188 6.7025858002032255 0.04881537733903811 9.163806279739529
5992 0 0.01 147874.04813932188 6.7025858002032255 0.04881537733903811 9.163806279739529
5993 0 0.01 147874.04813932188 6.7025858002032255 0.04881537733903811 9.163806279739529
5994 0 0.01 147874.04813932188 6.7025858002032255 0.04881537733903811 9.163806279739529
5995 0 0.01 147874.04813932188 6.7025858002032255 0.04881537733903811 9.163806279739529
5996 0 0.01 147874.04813932188 6.7025858002032255 0.04881537733903811 9.163806279739529
5997 0 0.01 147874.04813932188 6.7025858002032255 0.04881537733903811 9.163806279739529
5998 0 0.01 147874.04813932188 6.7025858002032255 0.04881537733903811 9.163806279739529
5999 0 0.01 147874.04813932188 6.7025858002032255 0.04881537733903811 9.163806279739529
6000 0 0.01 147874.04813932188 6.7025858002032255 0.04881537733903811 9.163806279739529
6001 0 0.01 147874.04813932188 6.7025858002032255 0.04881537733903811 9.163806279739529
6002 0 0.01 147874.04813932188 6.7025858002032255 0.04881537733903811 9.163806279739529
6003 0 0.01 147874.04813932188 6.7025858002032255 0.04881537733903811 9.163806279739529
6004 0 0.01 147874.04813932188 6.7025858002032255 0.04881537733903811 9.163806279739529
6005 0 0.01 147874.04813932188 6.7025858002032255 0.04881537733903811 9.163806279739529
6006 0 0.01 147874.04813932188 6.7025858002032255 0.04881537733903811 9.163806279739529
6007 0 0.01 147874.04813932188 6.7025858002032255 0.04881537733903811 9.163806279739529
6008 0 0.01 147874.04813932188 6.7025858002032255 0.04881537733903811 9.163806279739529
6009 0 0.01 147874.04813932188 6.7025858002032255 0.04881537733903811 9.163806279739529
6010 0 0.01 147874.04813932188 6.7025858002032255 0.04881537733903811 9.163806279739529
6011 0 0.01 147874.04813932188 6.7025858002032255 0.04881537733903811 9.163806279739529
6012 0 0.01 147874.04813932188 6.7025858002032255 0.04881537733903811 9.163806279739529
6013 0 0.01 147874.04813932188 6.7025858002032255 0.04881537733903811 9.163806279739529
6014 0 0.01 147874.04813932188 6.7025858002032255 0.04881537733903811 9.163806279739529
6015 0 0.01 147874.04813932188 6.7025858002032255 0.04881537733903811 9.163806279739529
6016 0 0.01 147874.04813932188 6.7025858002032255 0.04881537733903811 9.163806279739529
6017 0 0.01 147874.04813932188 6.7025858002032255 0.04881537733903811 9.163806279739529
6018 0 0.01 147874.04813932188 6.7025858002032255 0.04881537733903811 9.163806279739529
6019 0 0.01 147874.04813932188 6.7025858002032255 0.04881537733903811 9.163806279739529
6020 0 0.01 147874.04813932188 6.7025858002032255 0.04881537733903811 9.163806279739529
6021 0 0.01 147874.04813932188 6.7025858002032255 0.04881537733903811 9.163806279739529
6022 0 0.01 147874.04813932188 6.7025858002032255 0.04881537733903811 9.163806279739529
6023 0 0.01 147874.04813932188 6.7025858002032255 0.04881537733903811 9.163806279739529
6024 0 0.01 147874.04813932188 6.7025858002032255 0.04881537733903811 9.163806279739529
6025 0 0.01 147874.04813932188 6.7025858002032255 0.04881537733903811 9.163806279739529
6026 0 0.01 147874.04813932188 6.7025858002032255 0.04881537733903811 9.163806279739529
6027 0 0.01 147874.04813932188 6.7025858002032255 0.04881537733903811 9.163806279739529
6028 0 0.01 147874.04813932188 6.7025858002032255 0.04881537733903811 9.163806279739529
6029 0 0.01 147874.04813932188 6.7025858002032255 0.04881537733903811 9.163806279739529
6030 0 0.01 147874.04813932188 6.7025858002032255 0.04881537733903811 9.163806279739529
6031 0 0.01 147874.04813932188 6.7025858002032255 0.04881537733903811 9.163806279739529
6032 0 0.01 147874.04813932188 6.7025858002032255 0.04881537733903811 9.163806279739529
6033 0 0.01 147874.04813932188 6.7025858002032255 0.04881537733903811 9.163806279739529
6034 0 0.01 147874.04813932188 6.7025858002032255 0.04881537733903811 9.163806279739529
6035 0 0.01 147874.04813932188 6.7025858002032255 0.04881537733903811 9.163806279739529
6036 0 0.01 147874.04813932188 6.7025858002032255 0.04881537733903811 9.163806279739529
6037 0 0.01 147874.04813932188 6.7025858002032255 0.04881537733903811 9.163806279739529
6038 0 0.01 147874.04813932188 6.7025858002032255 0.04881537733903811 9.163806279739529
6039 0 0.01 147874.04813932188 6.7025858002032255 0.04881537733903811 9.163806279739529
6040 0 0.01 147874.04813932188 6.7025858002032255 0.04881537733903811 9.163806279739529
6041 0 0.01 147874.04813932188 6.7025858002032255 0.04881537733903811 9.163806279739529
6042 0 0.01 147874.04813932188 6.7025858002032255 0.04881537733903811 9.163806279739529
6043 0 0.01 147874.04813932188 6.7025858002032255 0.04881537733903811 9.163806279739529
6044 0 0.01 147874.04813932188 6.7025858002032255 0.04881537733903811 9.163806279739529
6045 0 0.01 147874.04813932188 6.7025858002032255 0.04881537733903811 9.163806279739529
6046 0 0.01 147874.04813932188 6.7025858002032255 0.04881537733903811 9.163806279739529
6047 0 0.01 147874.04813932188 6.7025858002032255 0.04881537733903811 9.163806279739529
6048 0 0.01 147874.04813932188 6.7025858002032255 0.04881537733903811 9.163806279739529
6049 0 0.01 147874.04813932188 6.7025858002032255 0.04881537733903811 9.163806279739529
6050 0 0.01 147874.04813932188 6.7025858002032255 0.04881537733903811 9.163806279739529
6051 0 0.01 147874.04813932188 6.7025858002032255 0.04881537733903811 9.163806279739529
6052 0 0.01 147874.04813932188 6.7025858002032255 0.04881537733903811 9.163806279739529
6053 0 0.01 147874.04813932188 6.7025858002032255 0.04881537733903811 9.163806279739529
6054 0 0.01 147874.04813932188 6.7025858002032255 0.04881537733903811 9.163806279739529
6055 0 0.01 147874.04813932188 6.7025858002032255 0.04881537733903811 9.163806279739529
6056 0 0.01 147874.04813932188 6.7025858002032255 0.04881537733903811 9.163806279739529
6057 0 0.01 147874.04813932188 6.7025858002032255 0.04881537733903811 9.163806279739529
6058 0 0.01 147874.04813932188 6.7025858002032255 0.04881537733903811 9.163806279739529
6059 0 0.01 147874.04813932188 6.7025858002032255 0.04881537733903811 9.163806279739529
6060 0 0.01 147874.04813932188 6.7025858002032255 0.04881537733903811 9.163806279739529
6061 0 0.01 147874.04813932188 6.7025858002032255 0.04881537733903811 9.163806279739529
6062 0 0.01 147874.04813932188 6.7025858002032255 0.04881537733903811 9.163806279739529
6063 0 0.01 147874.04813932188 6.7025858002032255 0.04881537733903811 9.163806279739529
6064 0 0.01 147874.04813932188 6.7025858002032255 0.04881537733903811 9.163806279739529
6065 0 0.01 147874.04813932188 6.7025858002032255 0.04881537733903811 9.163806279739529
6066 0 0.01 147874.04813932188 6.7025858002032255 0.04881537733903811 9.163806279739529
6067 0 0.01 147874.04813932188 6.7025858002032255 0.04881537733903811 9.163806279739529
6068 0 0.01 147874.04813932188 6.7025858002032255 0.04881537733903811 9.163806279739529
6069 0 0.01 147874.04813932188 6.7025858002032255 0.04881537733903811 9.163806279739529
6070 0 0.01 147874.04813932188 6.7025858002032255 0.04881537733903811 9.163806279739529
6071 0 0.01 147874.04813932188 6.7025858002032255 0.04881537733903811 9.163806279739529
6072 0 0.01 147874.04813932188 6.7025858002032255 0.04881537733903811 9.163806279739529
6073 0 0.01 147874.04813932188 6.7025858002032255 0.04881537733903811 9.163806279739529
6074 0 0.01 147874.04813932188 6.7025858002032255 0.04881537733903811 9.163806279739529
6075 0 0.01 147874.04813932188 6.7025858002032255 0.04881537733903811 9.163806279739529
6076 0 0.01 147874.04813932188 6.7025858002032255 0.04881537733903811 9.163806279739529
6077 0 0.01 147874.04813932188 6.7025858002032255 0.04881537733903811 9.163806279739529
6078 0 0.01 147874.04813932188 6.7025858002032255 0.04881537733903811 9.163806279739529
6079 0 0.01 147874.04813932188 6.7025858002032255 0.04881537733903811 9.163806279739529
6080 0 0.01 147874.04813932188 6.7025858002032255 0.04881537733903811 9.163806279739529
6081 0 0.01 147874.04813932188 6.7025858002032255 0.04881537733903811 9.163806279739529
6082 0 0.01 147874.04813932188 6.7025858002032255 0.04881537733903811 9.163806279739529
6083 0 0.01 147874.04813932188 6.7025858002032255 0.04881537733903811 9.163806279739529
6084 0 0.01 147874.04813932188 6.7025858002032255 0.04881537733903811 9.163806279739529
6085 0 0.01 147874.04813932188 6.7025858002032255 0.04881537733903811 9.163806279739529
6086 0 0.01 147874.04813932188 6.7025858002032255 0.04881537733903811 9.163806279739529
6087 0 0.01 147874.04813932188 6.7025858002032255 0.04881537733903811 9.163806279739529
6088 0 0.01 147874.04813932188 6.7025858002032255 0.04881537733903811 9.163806279739529
6089 0 0.01 147874.04813932188 6.7025858002032255 0.04881537733903811 9.163806279739529
6090 0 0.01 147874.04813932188 6.7025858002032255 0.04881537733903811 9.163806279739529
6091 0 0.01 147874.04813932188 6.7025858002032255 0.04881537733903811 9.163806279739529
6092 0 0.01 147874.04813932188 6.7025858002032255 0.04881537733903811 9.163806279739529
6093 0 0.01 147874.04813932188 6.7025858002032255 0.04881537733903811 9.163806279739529
6094 0 0.01 147874.04813932188 6.7025858002032255 0.04881537733903811 9.163806279739529
6095 0 0.01 147874.04813932188 6.7025858002032255 0.04881537733903811 9.163806279739529
6096 0 0.01 147874.04813932188 6.7025858002032255 0.04881537733903811 9.163806279739529
6097 0 0.01 147874.04813932188 6.7025858002032255 0.04881537733903811 9.163806279739529
6098 0 0.01 147874.04813932188 6.7025858002032255 0.04881537733903811 9.163806279739529
6099 0 0.01 147874.04813932188 6.7025858002032255 0.04881537733903811 9.163806279739529
6100 0 0.01 147874.04813932188 6.7025858002032255 0.04881537733903811 9.163806279739529
6101 0 0.01 147874.04813932188 6.7025858002032255 0.04881537733903811 9.163806279739529
6102 0 0.01 147874.04813932188 6.7025858002032255 0.04881537733903811 9.163806279739529
6103 0 0.01 147874.04813932188 6.7025858002032255 0.04881537733903811 9.163806279739529
6104 0 0.01 147874.04813932188 6.7025858002032255 0.04881537733903811 9.163806279739529
6105 0 0.01 147874.04813932188 6.7025858002032255 0.04881537733903811 9.163806279739529
6106 0 0.01 147874.04813932188 6.7025858002032255 0.04881537733903811 9.163806279739529
6107 0 0.01 147874.04813932188 6.7025858002032255 0.04881537733903811 9.163806279739529
6108 0 0.01 147874.04813932188 6.7025858002032255 0.04881537733903811 9.163806279739529
6109 0 0.01 147874.04813932188 6.7025858002032255 0.04881537733903811 9.163806279739529
6110 0 0.01 147874.04813932188 6.7025858002032255 0.04881537733903811 9.163806279739529
6111 0 0.01 147874.04813932188 6.7025858002032255 0.04881537733903811 9.163806279739529
6112 0 0.01 147874.04813932188 6.7025858002032255 0.04881537733903811 9.163806279739529
6113 0 0.01 147874.04813932188 6.7025858002032255 0.04881537733903811 9.163806279739529
6114 0 0.01 147874.04813932188 6.7025858002032255 0.04881537733903811 9.163806279739529
6115 0 0.01 147874.04813932188 6.7025858002032255 0.04881537733903811 9.163806279739529
6116 0 0.01 147874.04813932188 6.7025858002032255 0.04881537733903811 9.163806279739529
6117 0 0.01 147874.04813932188 6.7025858002032255 0.04881537733903811 9.163806279739529
6118 0 0.01 147874.04813932188 6.7025858002032255 0.04881537733903811 9.163806279739529
6119 0 0.01 147874.04813932188 6.7025858002032255 0.04881537733903811 9.163806279739529
6120 0 0.01 147874.04813932188 6.7025858002032255 0.04881537733903811 9.163806279739529
6121 0 0.01 147874.04813932188 6.7025858002032255 0.04881537733903811 9.163806279739529
6122 0 0.01 147874.04813932188 6.7025858002032255 0.04881537733903811 9.163806279739529
6123 0 0.01 147874.04813932188 6.7025858002032255 0.04881537733903811 9.163806279739529
6124 0 0.01 147874.04813932188 6.7025858002032255 0.04881537733903811 9.163806279739529
6125 0 0.01 147874.04813932188 6.7025858002032255 0.04881537733903811 9.163806279739529
6126 0 0.01 147874.04813932188 6.7025858002032255 0.04881537733903811 9.163806279739529
6127 0 0.01 147874.04813932188 6.7025858002032255 0.04881537733903811 9.163806279739529
6128 0 0.01 147874.04813932188 6.7025858002032255 0.04881537733903811 9.163806279739529
6129 0 0.01 147874.04813932188 6.7025858002032255 0.04881537733903811 9.163806279739529
6130 0 0.01 147874.04813932188 6.7025858002032255 0.04881537733903811 9.163806279739529
6131 0 0.01 147874.04813932188 6.7025858002032255 0.04881537733903811 9.163806279739529
6132 0 0.01 147874.04813932188 6.7025858002032255 0.04881537733903811 9.163806279739529
6133 0 0.01 147874.04813932188 6.7025858002032255 0.04881537733903811 9.163806279739529
6134 0 0.01 147874.04813932188 6.7025858002032255 0.04881537733903811 9.163806279739529
6135 0 0.01 147874.04813932188 6.7025858002032255 0.04881537733903811 9.163806279739529
6136 0 0.01 147874.04813932188 6.7025858002032255 0.04881537733903811 9.163806279739529
6137 0 0.01 147874.04813932188 6.7025858002032255 0.04881537733903811 9.163806279739529
6138 0 0.01 147874.04813932188 6.7025858002032255 0.04881537733903811 9.163806279739529
6139 0 0.01 147874.04813932188 6.7025858002032255 0.04881537733903811 9.163806279739529
6140 0 0.01 147874.04813932188 6.7025858002032255 0.04881537733903811 9.163806279739529
6141 0 0.01 147874.04813932188 6.7025858002032255 0.04881537733903811 9.163806279739529
6142 0 0.01 147874.04813932188 6.7025858002032255 0.04881537733903811 9.163806279739529
6143 0 0.01 147874.04813932188 6.7025858002032255 0.04881537733903811 9.163806279739529
6144 0 0.01 147874.04813932188 6.7025858002032255 0.04881537733903811 9.163806279739529
6145 0 0.01 147874.04813932188 6.7025858002032255 0.04881537733903811 9.163806279739529
6146 0 0.01 147874.04813932188 6.7025858002032255 0.04881537733903811 9.163806279739529
6147 0 0.01 147874.04813932188 6.7025858002032255 0.04881537733903811 9.163806279739529
6148 0 0.01 147874.04813932188 6.7025858002032255 0.04881537733903811 9.163806279739529
6149 0 0.01 147874.04813932188 6.7025858002032255 0.04881537733903811 9.163806279739529
6150 0 0.01 147874.04813932188 6.7025858002032255 0.04881537733903811 9.163806279739529
6151 0 0.01 147874.04813932188 6.7025858002032255 0.04881537733903811 9.163806279739529
6152 0 0.01 147874.04813932188 6.7025858002032255 0.04881537733903811 9.163806279739529
6153 0 0.01 147874.04813932188 6.7025858002032255 0.04881537733903811 9.163806279739529
6154 0 0.01 147874.04813932188 6.7025858002032255 0.04881537733903811 9.163806279739529
6155 0 0.01 147874.04813932188 6.7025858002032255 0.04881537733903811 9.163806279739529
6156 0 0.01 147874.04813932188 6.7025858002032255 0.04881537733903811 9.163806279739529
6157 0 0.01 147874.04813932188 6.7025858002032255 0.04881537733903811 9.163806279739529
6158 0 0.01 147874.04813932188 6.7025858002032255 0.04881537733903811 9.163806279739529
6159 0 0.01 147874.04813932188 6.7025858002032255 0.04881537733903811 9.163806279739529
6160 0 0.01 147874.04813932188 6.7025858002032255 0.04881537733903811 9.163806279739529
6161 0 0.01 147874.04813932188 6.7025858002032255 0.04881537733903811 9.163806279739529
6162 0 0.01 147874.04813932188 6.7025858002032255 0.04881537733903811 9.163806279739529
6163 0 0.01 147874.04813932188 6.7025858002032255 0.04881537733903811 9.163806279739529
6164 0 0.01 147874.04813932188 6.7025858002032255 0.04881537733903811 9.163806279739529
6165 0 0.01 147874.04813932188 6.7025858002032255 0.04881537733903811 9.163806279739529
6166 0 0.01 147874.04813932188 6.7025858002032255 0.04881537733903811 9.163806279739529
6167 0 0.01 147874.04813932188 6.7025858002032255 0.04881537733903811 9.163806279739529
6168 0 0.01 147874.04813932188 6.7025858002032255 0.04881537733903811 9.163806279739529
6169 0 0.01 147874.04813932188 6.7025858002032255 0.04881537733903811 9.163806279739529
6170 0 0.01 147874.04813932188 6.7025858002032255 0.04881537733903811 9.163806279739529
6171 0 0.01 147874.04813932188 6.7025858002032255 0.04881537733903811 9.163806279739529
6172 0 0.01 147874.04813932188 6.7025858002032255 0.04881537733903811 9.163806279739529
6173 0 0.01 147874.04813932188 6.7025858002032255 0.04881537733903811 9.163806279739529
6174 0 0.01 147874.04813932188 6.7025858002032255 0.04881537733903811 9.163806279739529
6175 0 0.01 147874.04813932188 6.7025858002032255 0.04881537733903811 9.163806279739529
6176 0 0.01 147874.04813932188 6.7025858002032255 0.04881537733903811 9.163806279739529
6177 0 0.01 147874.04813932188 6.7025858002032255 0.04881537733903811 9.163806279739529
6178 0 0.01 147874.04813932188 6.7025858002032255 0.04881537733903811 9.163806279739529
6179 0 0.01 147874.04813932188 6.7025858002032255 0.04881537733903811 9.163806279739529
6180 0 0.01 147874.04813932188 6.7025858002032255 0.04881537733903811 9.163806279739529
6181 0 0.01 147874.04813932188 6.7025858002032255 0.04881537733903811 9.163806279739529
6182 0 0.01 147874.04813932188 6.7025858002032255 0.04881537733903811 9.163806279739529
6183 0 0.01 147874.04813932188 6.7025858002032255 0.04881537733903811 9.163806279739529
6184 0 0.01 147874.04813932188 6.7025858002032255 0.04881537733903811 9.163806279739529
6185 0 0.01 147874.04813932188 6.7025858002032255 0.04881537733903811 9.163806279739529
6186 0 0.01 147874.04813932188 6.7025858002032255 0.04881537733903811 9.163806279739529
6187 0 0.01 147874.04813932188 6.7025858002032255 0.04881537733903811 9.163806279739529
6188 0 0.01 147874.04813932188 6.7025858002032255 0.04881537733903811 9.163806279739529
6189 0 0.01 147874.04813932188 6.7025858002032255 0.04881537733903811 9.163806279739529
6190 0 0.01 147874.04813932188 6.7025858002032255 0.04881537733903811 9.163806279739529
6191 0 0.01 147874.04813932188 6.7025858002032255 0.04881537733903811 9.163806279739529
6192 0 0.01 147874.04813932188 6.7025858002032255 0.04881537733903811 9.163806279739529
6193 0 0.01 147874.04813932188 6.7025858002032255 0.04881537733903811 9.163806279739529
6194 0 0.01 147874.04813932188 6.7025858002032255 0.04881537733903811 9.163806279739529
6195 0 0.01 147874.04813932188 6.7025858002032255 0.04881537733903811 9.163806279739529
6196 0 0.01 147874.04813932188 6.7025858002032255 0.04881537733903811 9.163806279739529
6197 0 0.01 147874.04813932188 6.7025858002032255 0.04881537733903811 9.163806279739529
6198 0 0.01 147874.04813932188 6.7025858002032255 0.04881537733903811 9.163806279739529
6199 0 0.01 147874.04813932188 6.7025858002032255 0.04881537733903811 9.163806279739529
6200 0 0.01 147874.04813932188 6.7025858002032255 0.04881537733903811 9.163806279739529
6201 0 0.01 147874.04813932188 6.7025858002032255 0.04881537733903811 9.163806279739529
6202 0 0.01 147874.04813932188 6.7025858002032255 0.04881537733903811 9.163806279739529
6203 0 0.01 147874.04813932188 6.7025858002032255 0.04881537733903811 9.163806279739529
6204 0 0.01 147874.04813932188 6.7025858002032255 0.04881537733903811 9.163806279739529
6205 0 0.01 147874.04813932188 6.7025858002032255 0.04881537733903811 9.163806279739529
6206 0 0.01 147874.04813932188 6.7025858002032255 0.04881537733903811 9.163806279739529
6207 0 0.01 147874.04813932188 6.7025858002032255 0.04881537733903811 9.163806279739529
6208 0 0.01 147874.04813932188 6.7025858002032255 0.04881537733903811 9.163806279739529
6209 0 0.01 147874.04813932188 6.7025858002032255 0.04881537733903811 9.163806279739529
6210 0 0.01 147874.04813932188 6.7025858002032255 0.04881537733903811 9.163806279739529
6211 0 0.01 147874.04813932188 6.7025858002032255 0.04881537733903811 9.163806279739529
6212 0 0.01 147874.04813932188 6.7025858002032255 0.04881537733903811 9.163806279739529
6213 0 0.01 147874.04813932188 6.7025858002032255 0.04881537733903811 9.163806279739529
6214 0 0.01 147874.04813932188 6.7025858002032255 0.04881537733903811 9.163806279739529
6215 0 0.01 147874.04813932188 6.7025858002032255 0.04881537733903811 9.163806279739529
6216 0 0.01 147874.04813932188 6.7025858002032255 0.04881537733903811 9.163806279739529
6217 0 0.01 147874.04813932188 6.7025858002032255 0.04881537733903811 9.163806279739529
6218 0 0.01 147874.04813932188 6.7025858002032255 0.04881537733903811 9.163806279739529
6219 0 0.01 147874.04813932188 6.7025858002032255 0.04881537733903811 9.163806279739529
6220 0 0.01 147874.04813932188 6.7025858002032255 0.04881537733903811 9.163806279739529
6221 0 0.01 147874.04813932188 6.7025858002032255 0.04881537733903811 9.163806279739529
6222 0 0.01 147874.04813932188 6.7025858002032255 0.04881537733903811 9.163806279739529
6223 0 0.01 147874.04813932188 6.7025858002032255 0.04881537733903811 9.163806279739529
6224 0 0.01 147874.04813932188 6.7025858002032255 0.04881537733903811 9.163806279739529
6225 0 0.01 147874.04813932188 6.7025858002032255 0.04881537733903811 9.163806279739529
6226 0 0.01 147874.04813932188 6.7025858002032255 0.04881537733903811 9.163806279739529
6227 0 0.01 147874.04813932188 6.7025858002032255 0.04881537733903811 9.163806279739529
6228 0 0.01 147874.04813932188 6.7025858002032255 0.04881537733903811 9.163806279739529
6229 0 0.01 147874.04813932188 6.7025858002032255 0.04881537733903811 9.163806279739529
6230 0 0.01 147874.04813932188 6.7025858002032255 0.04881537733903811 9.163806279739529
6231 0 0.01 147874.04813932188 6.7025858002032255 0.04881537733903811 9.163806279739529
6232 0 0.01 147874.04813932188 6.7025858002032255 0.04881537733903811 9.163806279739529
6233 0 0.01 147874.04813932188 6.7025858002032255 0.04881537733903811 9.163806279739529
6234 0 0.01 147874.04813932188 6.7025858002032255 0.04881537733903811 9.163806279739529
6235 0 0.01 147874.04813932188 6.7025858002032255 0.04881537733903811 9.163806279739529
6236 0 0.01 147874.04813932188 6.7025858002032255 0.04881537733903811 9.163806279739529
6237 0 0.01 147874.04813932188 6.7025858002032255 0.04881537733903811 9.163806279739529
6238 0 0.01 147874.04813932188 6.7025858002032255 0.04881537733903811 9.163806279739529
6239 0 0.01 147874.04813932188 6.7025858002032255 0.04881537733903811 9.163806279739529
6240 0 0.01 147874.04813932188 6.7025858002032255 0.04881537733903811 9.163806279739529
6241 0 0.01 147874.04813932188 6.7025858002032255 0.04881537733903811 9.163806279739529
6242 0 0.01 147874.04813932188 6.7025858002032255 0.04881537733903811 9.163806279739529
6243 0 0.01 147874.04813932188 6.7025858002032255 0.04881537733903811 9.163806279739529
6244 0 0.01 147874.04813932188 6.7025858002032255 0.04881537733903811 9.163806279739529
6245 0 0.01 147874.04813932188 6.7025858002032255 0.04881537733903811 9.163806279739529
6246 0 0.01 147874.04813932188 6.7025858002032255 0.04881537733903811 9.163806279739529
6247 0 0.01 147874.04813932188 6.7025858002032255 0.04881537733903811 9.163806279739529
6248 0 0.01 147874.04813932188 6.7025858002032255 0.04881537733903811 9.163806279739529
6249 0 0.01 147874.04813932188 6.7025858002032255 0.04881537733903811 9.163806279739529
6250 0 0.01 147874.04813932188 6.7025858002032255 0.04881537733903811 9.163806279739529
6251 0 0.01 147874.04813932188 6.7025858002032255 0.04881537733903811 9.163806279739529
6252 0 0.01 147874.04813932188 6.7025858002032255 0.04881537733903811 9.163806279739529
6253 0 0.01 147874.04813932188 6.7025858002032255 0.04881537733903811 9.163806279739529
6254 0 0.01 147874.04813932188 6.7025858002032255 0.04881537733903811 9.163806279739529
6255 0 0.01 147874.04813932188 6.7025858002032255 0.04881537733903811 9.163806279739529
6256 0 0.01 147874.04813932188 6.7025858002032255 0.04881537733903811 9.163806279739529
6257 0 0.01 147874.04813932188 6.7025858002032255 0.04881537733903811 9.163806279739529
6258 0 0.01 147874.04813932188 6.7025858002032255 0.04881537733903811 9.163806279739529
6259 0 0.01 147874.04813932188 6.7025858002032255 0.04881537733903811 9.163806279739529
6260 0 0.01 147874.04813932188 6.7025858002032255 0.04881537733903811 9.163806279739529
6261 0 0.01 147874.04813932188 6.7025858002032255 0.04881537733903811 9.163806279739529
6262 0 0.01 147874.04813932188 6.7025858002032255 0.04881537733903811 9.163806279739529
6263 0 0.01 147874.04813932188 6.7025858002032255 0.04881537733903811 9.163806279739529
6264 0 0.01 147874.04813932188 6.7025858002032255 0.04881537733903811 9.163806279739529
6265 0 0.01 147874.04813932188 6.7025858002032255 0.04881537733903811 9.163806279739529
6266 0 0.01 147874.04813932188 6.7025858002032255 0.04881537733903811 9.163806279739529
6267 0 0.01 147874.04813932188 6.7025858002032255 0.04881537733903811 9.163806279739529
6268 0 0.01 147874.04813932188 6.7025858002032255 0.04881537733903811 9.163806279739529
6269 0 0.01 147874.04813932188 6.7025858002032255 0.04881537733903811 9.163806279739529
6270 0 0.01 147874.04813932188 6.7025858002032255 0.04881537733903811 9.163806279739529
6271 0 0.01 147874.04813932188 6.7025858002032255 0.04881537733903811 9.163806279739529
6272 0 0.01 147874.04813932188 6.7025858002032255 0.04881537733903811 9.163806279739529
6273 0 0.01 147874.04813932188 6.7025858002032255 0.04881537733903811 9.163806279739529
6274 0 0.01 147874.04813932188 6.7025858002032255 0.04881537733903811 9.163806279739529
6275 0 0.01 147874.04813932188 6.7025858002032255 0.04881537733903811 9.163806279739529
6276 0 0.01 147874.04813932188 6.7025858002032255 0.04881537733903811 9.163806279739529
6277 0 0.01 147874.04813932188 6.7025858002032255 0.04881537733903811 9.163806279739529
6278 0 0.01 147874.04813932188 6.7025858002032255 0.04881537733903811 9.163806279739529
6279 0 0.01 147874.04813932188 6.7025858002032255 0.04881537733903811 9.163806279739529
6280 0 0.01 147874.04813932188 6.7025858002032255 0.04881537733903811 9.163806279739529
6281 0 0.01 147874.04813932188 6.7025858002032255 0.04881537733903811 9.163806279739529
6282 0 0.01 147874.04813932188 6.7025858002032255 0.04881537733903811 9.163806279739529
6283 0 0.01 147874.04813932188 6.7025858002032255 0.04881537733903811 9.163806279739529
6284 0 0.01 147874.04813932188 6.7025858002032255 0.04881537733903811 9.163806279739529
6285 0 0.01 147874.04813932188 6.7025858002032255 0.04881537733903811 9.163806279739529
6286 0 0.01 147874.04813932188 6.7025858002032255 0.04881537733903811 9.163806279739529
6287 0 0.01 147874.04813932188 6.7025858002032255 0.04881537733903811 9.163806279739529
6288 0 0.01 147874.04813932188 6.7025858002032255 0.04881537733903811 9.163806279739529
6289 0 0.01 147874.04813932188 6.7025858002032255 0.04881537733903811 9.163806279739529
6290 0 0.01 147874.04813932188 6.7025858002032255 0.04881537733903811 9.163806279739529
6291 0 0.01 147874.04813932188 6.7025858002032255 0.04881537733903811 9.163806279739529
6292 0 0.01 147874.04813932188 6.7025858002032255 0.04881537733903811 9.163806279739529
6293 0 0.01 147874.04813932188 6.7025858002032255 0.04881537733903811 9.163806279739529
6294 0 0.01 147874.04813932188 6.7025858002032255 0.04881537733903811 9.163806279739529
6295 0 0.01 147874.04813932188 6.7025858002032255 0.04881537733903811 9.163806279739529
6296 0 0.01 147874.04813932188 6.7025858002032255 0.04881537733903811 9.163806279739529
6297 0 0.01 147874.04813932188 6.7025858002032255 0.04881537733903811 9.163806279739529
6298 0 0.01 147874.04813932188 6.7025858002032255 0.04881537733903811 9.163806279739529
6299 0 0.01 147874.04813932188 6.7025858002032255 0.04881537733903811 9.163806279739529
6300 0 0.01 147874.04813932188 6.7025858002032255 0.04881537733903811 9.163806279739529
6301 0 0.01 147874.04813932188 6.7025858002032255 0.04881537733903811 9.163806279739529
6302 0 0.01 147874.04813932188 6.7025858002032255 0.04881537733903811 9.163806279739529
6303 0 0.01 147874.04813932188 6.7025858002032255 0.04881537733903811 9.163806279739529
6304 0 0.01 147874.04813932188 6.7025858002032255 0.04881537733903811 9.163806279739529
6305 0 0.01 147874.04813932188 6.7025858002032255 0.04881537733903811 9.163806279739529
6306 0 0.01 147874.04813932188 6.7025858002032255 0.04881537733903811 9.163806279739529
6307 0 0.01 147874.04813932188 6.7025858002032255 0.04881537733903811 9.163806279739529
6308 0 0.01 147874.04813932188 6.7025858002032255 0.04881537733903811 9.163806279739529
6309 0 0.01 147874.04813932188 6.7025858002032255 0.04881537733903811 9.163806279739529
6310 0 0.01 147874.04813932188 6.7025858002032255 0.04881537733903811 9.163806279739529
6311 0 0.01 147874.04813932188 6.7025858002032255 0.04881537733903811 9.163806279739529
6312 0 0.01 147874.04813932188 6.7025858002032255 0.04881537733903811 9.163806279739529
6313 0 0.01 147874.04813932188 6.7025858002032255 0.04881537733903811 9.163806279739529
6314 0 0.01 147874.04813932188 6.7025858002032255 0.04881537733903811 9.163806279739529
6315 0 0.01 147874.04813932188 6.7025858002032255 0.04881537733903811 9.163806279739529
6316 0 0.01 147874.04813932188 6.7025858002032255 0.04881537733903811 9.163806279739529
6317 0 0.01 147874.04813932188 6.7025858002032255 0.04881537733903811 9.163806279739529
6318 0 0.01 147874.04813932188 6.7025858002032255 0.04881537733903811 9.163806279739529
6319 0 0.01 147874.04813932188 6.7025858002032255 0.04881537733903811 9.163806279739529
6320 0 0.01 147874.04813932188 6.7025858002032255 0.04881537733903811 9.163806279739529
6321 0 0.01 147874.04813932188 6.7025858002032255 0.04881537733903811 9.163806279739529
6322 0 0.01 147874.04813932188 6.7025858002032255 0.04881537733903811 9.163806279739529
6323 0 0.01 147874.04813932188 6.7025858002032255 0.04881537733903811 9.163806279739529
6324 0 0.01 147874.04813932188 6.7025858002032255 0.04881537733903811 9.163806279739529
6325 0 0.01 147874.04813932188 6.7025858002032255 0.04881537733903811 9.163806279739529
6326 0 0.01 147874.04813932188 6.7025858002032255 0.04881537733903811 9.163806279739529
6327 0 0.01 147874.04813932188 6.7025858002032255 0.04881537733903811 9.163806279739529
6328 0 0.01 147874.04813932188 6.7025858002032255 0.04881537733903811 9.163806279739529
6329 0 0.01 147874.04813932188 6.7025858002032255 0.04881537733903811 9.163806279739529
6330 0 0.01 147874.04813932188 6.7025858002032255 0.04881537733903811 9.163806279739529
6331 0 0.01 147874.04813932188 6.7025858002032255 0.04881537733903811 9.163806279739529
6332 0 0.01 147874.04813932188 6.7025858002032255 0.04881537733903811 9.163806279739529
6333 0 0.01 147874.04813932188 6.7025858002032255 0.04881537733903811 9.163806279739529
6334 0 0.01 147874.04813932188 6.7025858002032255 0.04881537733903811 9.163806279739529
6335 0 0.01 147874.04813932188 6.7025858002032255 0.04881537733903811 9.163806279739529
6336 0 0.01 147874.04813932188 6.7025858002032255 0.04881537733903811 9.163806279739529
6337 0 0.01 147874.04813932188 6.7025858002032255 0.04881537733903811 9.163806279739529
6338 0 0.01 147874.04813932188 6.7025858002032255 0.04881537733903811 9.163806279739529
6339 0 0.01 147874.04813932188 6.7025858002032255 0.04881537733903811 9.163806279739529
6340 0 0.01 147874.04813932188 6.7025858002032255 0.04881537733903811 9.163806279739529
6341 0 0.01 147874.04813932188 6.7025858002032255 0.04881537733903811 9.163806279739529
6342 0 0.01 147874.04813932188 6.7025858002032255 0.04881537733903811 9.163806279739529
6343 0 0.01 147874.04813932188 6.7025858002032255 0.04881537733903811 9.163806279739529
6344 0 0.01 147874.04813932188 6.7025858002032255 0.04881537733903811 9.163806279739529
6345 0 0.01 147874.04813932188 6.7025858002032255 0.04881537733903811 9.163806279739529
6346 0 0.01 147874.04813932188 6.7025858002032255 0.04881537733903811 9.163806279739529
6347 0 0.01 147874.04813932188 6.7025858002032255 0.04881537733903811 9.163806279739529
6348 0 0.01 147874.04813932188 6.7025858002032255 0.04881537733903811 9.163806279739529
6349 0 0.01 147874.04813932188 6.7025858002032255 0.04881537733903811 9.163806279739529
6350 0 0.01 147874.04813932188 6.7025858002032255 0.04881537733903811 9.163806279739529
6351 0 0.01 147874.04813932188 6.7025858002032255 0.04881537733903811 9.163806279739529
6352 0 0.01 147874.04813932188 6.7025858002032255 0.04881537733903811 9.163806279739529
6353 0 0.01 147874.04813932188 6.7025858002032255 0.04881537733903811 9.163806279739529
6354 0 0.01 147874.04813932188 6.7025858002032255 0.04881537733903811 9.163806279739529
6355 0 0.01 147874.04813932188 6.7025858002032255 0.04881537733903811 9.163806279739529
6356 0 0.01 147874.04813932188 6.7025858002032255 0.04881537733903811 9.163806279739529
6357 0 0.01 147874.04813932188 6.7025858002032255 0.04881537733903811 9.163806279739529
6358 0 0.01 147874.04813932188 6.7025858002032255 0.04881537733903811 9.163806279739529
6359 0 0.01 147874.04813932188 6.7025858002032255 0.04881537733903811 9.163806279739529
6360 0 0.01 147874.04813932188 6.7025858002032255 0.04881537733903811 9.163806279739529
6361 0 0.01 147874.04813932188 6.7025858002032255 0.04881537733903811 9.163806279739529
6362 0 0.01 147874.04813932188 6.7025858002032255 0.04881537733903811 9.163806279739529
6363 0 0.01 147874.04813932188 6.7025858002032255 0.04881537733903811 9.163806279739529
6364 0 0.01 147874.04813932188 6.7025858002032255 0.04881537733903811 9.163806279739529
6365 0 0.01 147874.04813932188 6.7025858002032255 0.04881537733903811 9.163806279739529
6366 0 0.01 147874.04813932188 6.7025858002032255 0.04881537733903811 9.163806279739529
6367 0 0.01 147874.04813932188 6.7025858002032255 0.04881537733903811 9.163806279739529
6368 0 0.01 147874.04813932188 6.7025858002032255 0.04881537733903811 9.163806279739529
6369 0 0.01 147874.04813932188 6.7025858002032255 0.04881537733903811 9.163806279739529
6370 0 0.01 147874.04813932188 6.7025858002032255 0.04881537733903811 9.163806279739529
6371 0 0.01 147874.04813932188 6.7025858002032255 0.04881537733903811 9.163806279739529
6372 0 0.01 147874.04813932188 6.7025858002032255 0.04881537733903811 9.163806279739529
6373 0 0.01 147874.04813932188 6.7025858002032255 0.04881537733903811 9.163806279739529
6374 0 0.01 147874.04813932188 6.7025858002032255 0.04881537733903811 9.163806279739529
6375 0 0.01 147874.04813932188 6.7025858002032255 0.04881537733903811 9.163806279739529
6376 0 0.01 147874.04813932188 6.7025858002032255 0.04881537733903811 9.163806279739529
6377 0 0.01 147874.04813932188 6.7025858002032255 0.04881537733903811 9.163806279739529
6378 0 0.01 147874.04813932188 6.7025858002032255 0.04881537733903811 9.163806279739529
6379 0 0.01 147874.04813932188 6.7025858002032255 0.04881537733903811 9.163806279739529
6380 0 0.01 147874.04813932188 6.7025858002032255 0.04881537733903811 9.163806279739529
6381 0 0.01 147874.04813932188 6.7025858002032255 0.04881537733903811 9.163806279739529
6382 0 0.01 147874.04813932188 6.7025858002032255 0.04881537733903811 9.163806279739529
6383 0 0.01 147874.04813932188 6.7025858002032255 0.04881537733903811 9.163806279739529
6384 0 0.01 147874.04813932188 6.7025858002032255 0.04881537733903811 9.163806279739529
6385 0 0.01 147874.04813932188 6.7025858002032255 0.04881537733903811 9.163806279739529
6386 0 0.01 147874.04813932188 6.7025858002032255 0.04881537733903811 9.163806279739529
6387 0 0.01 147874.04813932188 6.7025858002032255 0.04881537733903811 9.163806279739529
6388 0 0.01 147874.04813932188 6.7025858002032255 0.04881537733903811 9.163806279739529
6389 0 0.01 147874.04813932188 6.7025858002032255 0.04881537733903811 9.163806279739529
6390 0 0.01 147874.04813932188 6.7025858002032255 0.04881537733903811 9.163806279739529
6391 0 0.01 147874.04813932188 6.7025858002032255 0.04881537733903811 9.163806279739529
6392 0 0.01 147874.04813932188 6.7025858002032255 0.04881537733903811 9.163806279739529
6393 0 0.01 147874.04813932188 6.7025858002032255 0.04881537733903811 9.163806279739529
6394 0 0.01 147874.04813932188 6.7025858002032255 0.04881537733903811 9.163806279739529
6395 0 0.01 147874.04813932188 6.7025858002032255 0.04881537733903811 9.163806279739529
6396 0 0.01 147874.04813932188 6.7025858002032255 0.04881537733903811 9.163806279739529
6397 0 0.01 147874.04813932188 6.7025858002032255 0.04881537733903811 9.163806279739529
6398 0 0.01 147874.04813932188 6.7025858002032255 0.04881537733903811 9.163806279739529
6399 0 0.01 147874.04813932188 6.7025858002032255 0.04881537733903811 9.163806279739529
6400 0 0.01 147874.04813932188 6.7025858002032255 0.04881537733903811 9.163806279739529
6401 0 0.01 147874.04813932188 6.7025858002032255 0.04881537733903811 9.163806279739529
6402 0 0.01 147874.04813932188 6.7025858002032255 0.04881537733903811 9.163806279739529
6403 0 0.01 147874.04813932188 6.7025858002032255 0.04881537733903811 9.163806279739529
6404 0 0.01 147874.04813932188 6.7025858002032255 0.04881537733903811 9.163806279739529
6405 0 0.01 147874.04813932188 6.7025858002032255 0.04881537733903811 9.163806279739529
6406 0 0.01 147874.04813932188 6.7025858002032255 0.04881537733903811 9.163806279739529
6407 0 0.01 147874.04813932188 6.7025858002032255 0.04881537733903811 9.163806279739529
6408 0 0.01 147874.04813932188 6.7025858002032255 0.04881537733903811 9.163806279739529
6409 0 0.01 147874.04813932188 6.7025858002032255 0.04881537733903811 9.163806279739529
6410 0 0.01 147874.04813932188 6.7025858002032255 0.04881537733903811 9.163806279739529
6411 0 0.01 147874.04813932188 6.7025858002032255 0.04881537733903811 9.163806279739529
6412 0 0.01 147874.04813932188 6.7025858002032255 0.04881537733903811 9.163806279739529
6413 0 0.01 147874.04813932188 6.7025858002032255 0.04881537733903811 9.163806279739529
6414 0 0.01 147874.04813932188 6.7025858002032255 0.04881537733903811 9.163806279739529
6415 0 0.01 147874.04813932188 6.7025858002032255 0.04881537733903811 9.163806279739529
6416 0 0.01 147874.04813932188 6.7025858002032255 0.04881537733903811 9.163806279739529
6417 0 0.01 147874.04813932188 6.7025858002032255 0.04881537733903811 9.163806279739529
6418 0 0.01 147874.04813932188 6.7025858002032255 0.04881537733903811 9.163806279739529
6419 0 0.01 147874.04813932188 6.7025858002032255 0.04881537733903811 9.163806279739529
6420 0 0.01 147874.04813932188 6.7025858002032255 0.04881537733903811 9.163806279739529
6421 0 0.01 147874.04813932188 6.7025858002032255 0.04881537733903811 9.163806279739529
6422 0 0.01 147874.04813932188 6.7025858002032255 0.04881537733903811 9.163806279739529
6423 0 0.01 147874.04813932188 6.7025858002032255 0.04881537733903811 9.163806279739529
6424 0 0.01 147874.04813932188 6.7025858002032255 0.04881537733903811 9.163806279739529
6425 0 0.01 147874.04813932188 6.7025858002032255 0.04881537733903811 9.163806279739529
6426 0 0.01 147874.04813932188 6.7025858002032255 0.04881537733903811 9.163806279739529
6427 0 0.01 147874.04813932188 6.7025858002032255 0.04881537733903811 9.163806279739529
6428 0 0.01 147874.04813932188 6.7025858002032255 0.04881537733903811 9.163806279739529
6429 0 0.01 147874.04813932188 6.7025858002032255 0.04881537733903811 9.163806279739529
6430 0 0.01 147874.04813932188 6.7025858002032255 0.04881537733903811 9.163806279739529
6431 0 0.01 147874.04813932188 6.7025858002032255 0.04881537733903811 9.163806279739529
6432 0 0.01 147874.04813932188 6.7025858002032255 0.04881537733903811 9.163806279739529
6433 0 0.01 147874.04813932188 6.7025858002032255 0.04881537733903811 9.163806279739529
6434 0 0.01 147874.04813932188 6.7025858002032255 0.04881537733903811 9.163806279739529
6435 0 0.01 147874.04813932188 6.7025858002032255 0.04881537733903811 9.163806279739529
6436 0 0.01 147874.04813932188 6.7025858002032255 0.04881537733903811 9.163806279739529
6437 0 0.01 147874.04813932188 6.7025858002032255 0.04881537733903811 9.163806279739529
6438 0 0.01 147874.04813932188 6.7025858002032255 0.04881537733903811 9.163806279739529
6439 0 0.01 147874.04813932188 6.7025858002032255 0.04881537733903811 9.163806279739529
6440 0 0.01 147874.04813932188 6.7025858002032255 0.04881537733903811 9.163806279739529
6441 0 0.01 147874.04813932188 6.7025858002032255 0.04881537733903811 9.163806279739529
6442 0 0.01 147874.04813932188 6.7025858002032255 0.04881537733903811 9.163806279739529
6443 0 0.01 147874.04813932188 6.7025858002032255 0.04881537733903811 9.163806279739529
6444 0 0.01 147874.04813932188 6.7025858002032255 0.04881537733903811 9.163806279739529
6445 0 0.01 147874.04813932188 6.7025858002032255 0.04881537733903811 9.163806279739529
6446 0 0.01 147874.04813932188 6.7025858002032255 0.04881537733903811 9.163806279739529
6447 0 0.01 147874.04813932188 6.7025858002032255 0.04881537733903811 9.163806279739529
6448 0 0.01 147874.04813932188 6.7025858002032255 0.04881537733903811 9.163806279739529
6449 0 0.01 147874.04813932188 6.7025858002032255 0.04881537733903811 9.163806279739529
6450 0 0.01 147874.04813932188 6.7025858002032255 0.04881537733903811 9.163806279739529
6451 0 0.01 147874.04813932188 6.7025858002032255 0.04881537733903811 9.163806279739529
6452 0 0.01 147874.04813932188 6.7025858002032255 0.04881537733903811 9.163806279739529
6453 0 0.01 147874.04813932188 6.7025858002032255 0.04881537733903811 9.163806279739529
6454 0 0.01 147874.04813932188 6.7025858002032255 0.04881537733903811 9.163806279739529
6455 0 0.01 147874.04813932188 6.7025858002032255 0.04881537733903811 9.163806279739529
6456 0 0.01 147874.04813932188 6.7025858002032255 0.04881537733903811 9.163806279739529
6457 0 0.01 147874.04813932188 6.7025858002032255 0.04881537733903811 9.163806279739529
6458 0 0.01 147874.04813932188 6.7025858002032255 0.04881537733903811 9.163806279739529
6459 0 0.01 147874.04813932188 6.7025858002032255 0.04881537733903811 9.163806279739529
6460 0 0.01 147874.04813932188 6.7025858002032255 0.04881537733903811 9.163806279739529
6461 0 0.01 147874.04813932188 6.7025858002032255 0.04881537733903811 9.163806279739529
6462 0 0.01 147874.04813932188 6.7025858002032255 0.04881537733903811 9.163806279739529
6463 0 0.01 147874.04813932188 6.7025858002032255 0.04881537733903811 9.163806279739529
6464 0 0.01 147874.04813932188 6.7025858002032255 0.04881537733903811 9.163806279739529
6465 0 0.01 147874.04813932188 6.7025858002032255 0.04881537733903811 9.163806279739529
6466 0 0.01 147874.04813932188 6.7025858002032255 0.04881537733903811 9.163806279739529
6467 0 0.01 147874.04813932188 6.7025858002032255 0.04881537733903811 9.163806279739529
6468 0 0.01 147874.04813932188 6.7025858002032255 0.04881537733903811 9.163806279739529
6469 0 0.01 147874.04813932188 6.7025858002032255 0.04881537733903811 9.163806279739529
6470 0 0.01 147874.04813932188 6.7025858002032255 0.04881537733903811 9.163806279739529
6471 0 0.01 147874.04813932188 6.7025858002032255 0.04881537733903811 9.163806279739529
6472 0 0.01 147874.04813932188 6.7025858002032255 0.04881537733903811 9.163806279739529
6473 0 0.01 147874.04813932188 6.7025858002032255 0.04881537733903811 9.163806279739529
6474 0 0.01 147874.04813932188 6.7025858002032255 0.04881537733903811 9.163806279739529
6475 0 0.01 147874.04813932188 6.7025858002032255 0.04881537733903811 9.163806279739529
6476 0 0.01 147874.04813932188 6.7025858002032255 0.04881537733903811 9.163806279739529
6477 0 0.01 147874.04813932188 6.7025858002032255 0.04881537733903811 9.163806279739529
6478 0 0.01 147874.04813932188 6.7025858002032255 0.04881537733903811 9.163806279739529
6479 0 0.01 147874.04813932188 6.7025858002032255 0.04881537733903811 9.163806279739529
6480 0 0.01 147874.04813932188 6.7025858002032255 0.04881537733903811 9.163806279739529
6481 0 0.01 147874.04813932188 6.7025858002032255 0.04881537733903811 9.163806279739529
6482 0 0.01 147874.04813932188 6.7025858002032255 0.04881537733903811 9.163806279739529
6483 0 0.01 147874.04813932188 6.7025858002032255 0.04881537733903811 9.163806279739529
6484 0 0.01 147874.04813932188 6.7025858002032255 0.04881537733903811 9.163806279739529
6485 0 0.01 147874.04813932188 6.7025858002032255 0.04881537733903811 9.163806279739529
6486 0 0.01 147874.04813932188 6.7025858002032255 0.04881537733903811 9.163806279739529
6487 0 0.01 147874.04813932188 6.7025858002032255 0.04881537733903811 9.163806279739529
6488 0 0.01 147874.04813932188 6.7025858002032255 0.04881537733903811 9.163806279739529
6489 0 0.01 147874.04813932188 6.7025858002032255 0.04881537733903811 9.163806279739529
6490 0 0.01 147874.04813932188 6.7025858002032255 0.04881537733903811 9.163806279739529
6491 0 0.01 147874.04813932188 6.7025858002032255 0.04881537733903811 9.163806279739529
6492 0 0.01 147874.04813932188 6.7025858002032255 0.04881537733903811 9.163806279739529
6493 0 0.01 147874.04813932188 6.7025858002032255 0.04881537733903811 9.163806279739529
6494 0 0.01 147874.04813932188 6.7025858002032255 0.04881537733903811 9.163806279739529
6495 0 0.01 147874.04813932188 6.7025858002032255 0.04881537733903811 9.163806279739529
6496 0 0.01 147874.04813932188 6.7025858002032255 0.04881537733903811 9.163806279739529
6497 0 0.01 147874.04813932188 6.7025858002032255 0.04881537733903811 9.163806279739529
6498 0 0.01 147874.04813932188 6.7025858002032255 0.04881537733903811 9.163806279739529
6499 0 0.01 147874.04813932188 6.7025858002032255 0.04881537733903811 9.163806279739529
6500 0 0.01 147874.04813932188 6.7025858002032255 0.04881537733903811 9.163806279739529
6501 0 0.01 147874.04813932188 6.7025858002032255 0.04881537733903811 9.163806279739529
6502 0 0.01 147874.04813932188 6.7025858002032255 0.04881537733903811 9.163806279739529
6503 0 0.01 147874.04813932188 6.7025858002032255 0.04881537733903811 9.163806279739529
6504 0 0.01 147874.04813932188 6.7025858002032255 0.04881537733903811 9.163806279739529
6505 0 0.01 147874.04813932188 6.7025858002032255 0.04881537733903811 9.163806279739529
6506 0 0.01 147874.04813932188 6.7025858002032255 0.04881537733903811 9.163806279739529
6507 0 0.01 147874.04813932188 6.7025858002032255 0.04881537733903811 9.163806279739529
6508 0 0.01 147874.04813932188 6.7025858002032255 0.04881537733903811 9.163806279739529
6509 0 0.01 147874.04813932188 6.7025858002032255 0.04881537733903811 9.163806279739529
6510 0 0.01 147874.04813932188 6.7025858002032255 0.04881537733903811 9.163806279739529
6511 0 0.01 147874.04813932188 6.7025858002032255 0.04881537733903811 9.163806279739529
6512 0 0.01 147874.04813932188 6.7025858002032255 0.04881537733903811 9.163806279739529
6513 0 0.01 147874.04813932188 6.7025858002032255 0.04881537733903811 9.163806279739529
6514 0 0.01 147874.04813932188 6.7025858002032255 0.04881537733903811 9.163806279739529
6515 0 0.01 147874.04813932188 6.7025858002032255 0.04881537733903811 9.163806279739529
6516 0 0.01 147874.04813932188 6.7025858002032255 0.04881537733903811 9.163806279739529
6517 0 0.01 147874.04813932188 6.7025858002032255 0.04881537733903811 9.163806279739529
6518 0 0.01 147874.04813932188 6.7025858002032255 0.04881537733903811 9.163806279739529
6519 0 0.01 147874.04813932188 6.7025858002032255 0.04881537733903811 9.163806279739529
6520 0 0.01 147874.04813932188 6.7025858002032255 0.04881537733903811 9.163806279739529
6521 0 0.01 147874.04813932188 6.7025858002032255 0.04881537733903811 9.163806279739529
6522 0 0.01 147874.04813932188 6.7025858002032255 0.04881537733903811 9.163806279739529
6523 0 0.01 147874.04813932188 6.7025858002032255 0.04881537733903811 9.163806279739529
6524 0 0.01 147874.04813932188 6.7025858002032255 0.04881537733903811 9.163806279739529
6525 0 0.01 147874.04813932188 6.7025858002032255 0.04881537733903811 9.163806279739529
6526 0 0.01 147874.04813932188 6.7025858002032255 0.04881537733903811 9.163806279739529
6527 0 0.01 147874.04813932188 6.7025858002032255 0.04881537733903811 9.163806279739529
6528 0 0.01 147874.04813932188 6.7025858002032255 0.04881537733903811 9.163806279739529
6529 0 0.01 147874.04813932188 6.7025858002032255 0.04881537733903811 9.163806279739529
6530 0 0.01 147874.04813932188 6.7025858002032255 0.04881537733903811 9.163806279739529
6531 0 0.01 147874.04813932188 6.7025858002032255 0.04881537733903811 9.163806279739529
6532 0 0.01 147874.04813932188 6.7025858002032255 0.04881537733903811 9.163806279739529
6533 0 0.01 147874.04813932188 6.7025858002032255 0.04881537733903811 9.163806279739529
6534 0 0.01 147874.04813932188 6.7025858002032255 0.04881537733903811 9.163806279739529
6535 0 0.01 147874.04813932188 6.7025858002032255 0.04881537733903811 9.163806279739529
6536 0 0.01 147874.04813932188 6.7025858002032255 0.04881537733903811 9.163806279739529
6537 0 0.01 147874.04813932188 6.7025858002032255 0.04881537733903811 9.163806279739529
6538 0 0.01 147874.04813932188 6.7025858002032255 0.04881537733903811 9.163806279739529
6539 0 0.01 147874.04813932188 6.7025858002032255 0.04881537733903811 9.163806279739529
6540 0 0.01 147874.04813932188 6.7025858002032255 0.04881537733903811 9.163806279739529
6541 0 0.01 147874.04813932188 6.7025858002032255 0.04881537733903811 9.163806279739529
6542 0 0.01 147874.04813932188 6.7025858002032255 0.04881537733903811 9.163806279739529
6543 0 0.01 147874.04813932188 6.7025858002032255 0.04881537733903811 9.163806279739529
6544 0 0.01 147874.04813932188 6.7025858002032255 0.04881537733903811 9.163806279739529
6545 0 0.01 147874.04813932188 6.7025858002032255 0.04881537733903811 9.163806279739529
6546 0 0.01 147874.04813932188 6.7025858002032255 0.04881537733903811 9.163806279739529
6547 0 0.01 147874.04813932188 6.7025858002032255 0.04881537733903811 9.163806279739529
6548 0 0.01 147874.04813932188 6.7025858002032255 0.04881537733903811 9.163806279739529
6549 0 0.01 147874.04813932188 6.7025858002032255 0.04881537733903811 9.163806279739529
6550 0 0.01 147874.04813932188 6.7025858002032255 0.04881537733903811 9.163806279739529
6551 0 0.01 147874.04813932188 6.7025858002032255 0.04881537733903811 9.163806279739529
6552 0 0.01 147874.04813932188 6.7025858002032255 0.04881537733903811 9.163806279739529
6553 0 0.01 147874.04813932188 6.7025858002032255 0.04881537733903811 9.163806279739529
6554 0 0.01 147874.04813932188 6.7025858002032255 0.04881537733903811 9.163806279739529
6555 0 0.01 147874.04813932188 6.7025858002032255 0.04881537733903811 9.163806279739529
6556 0 0.01 147874.04813932188 6.7025858002032255 0.04881537733903811 9.163806279739529
6557 0 0.01 147874.04813932188 6.7025858002032255 0.04881537733903811 9.163806279739529
6558 0 0.01 147874.04813932188 6.7025858002032255 0.04881537733903811 9.163806279739529
6559 0 0.01 147874.04813932188 6.7025858002032255 0.04881537733903811 9.163806279739529
6560 0 0.01 147874.04813932188 6.7025858002032255 0.04881537733903811 9.163806279739529
6561 0 0.01 147874.04813932188 6.7025858002032255 0.04881537733903811 9.163806279739529
6562 0 0.01 147874.04813932188 6.7025858002032255 0.04881537733903811 9.163806279739529
6563 0 0.01 147874.04813932188 6.7025858002032255 0.04881537733903811 9.163806279739529
6564 0 0.01 147874.04813932188 6.7025858002032255 0.04881537733903811 9.163806279739529
6565 0 0.01 147874.04813932188 6.7025858002032255 0.04881537733903811 9.163806279739529
6566 0 0.01 147874.04813932188 6.7025858002032255 0.04881537733903811 9.163806279739529
6567 0 0.01 147874.04813932188 6.7025858002032255 0.04881537733903811 9.163806279739529
6568 0 0.01 147874.04813932188 6.7025858002032255 0.04881537733903811 9.163806279739529
6569 0 0.01 147874.04813932188 6.7025858002032255 0.04881537733903811 9.163806279739529
6570 0 0.01 147874.04813932188 6.7025858002032255 0.04881537733903811 9.163806279739529
6571 0 0.01 147874.04813932188 6.7025858002032255 0.04881537733903811 9.163806279739529
6572 0 0.01 147874.04813932188 6.7025858002032255 0.04881537733903811 9.163806279739529
6573 0 0.01 147874.04813932188 6.7025858002032255 0.04881537733903811 9.163806279739529
6574 0 0.01 147874.04813932188 6.7025858002032255 0.04881537733903811 9.163806279739529
6575 0 0.01 147874.04813932188 6.7025858002032255 0.04881537733903811 9.163806279739529
6576 0 0.01 147874.04813932188 6.7025858002032255 0.04881537733903811 9.163806279739529
6577 0 0.01 147874.04813932188 6.7025858002032255 0.04881537733903811 9.163806279739529
6578 0 0.01 147874.04813932188 6.7025858002032255 0.04881537733903811 9.163806279739529
6579 0 0.01 147874.04813932188 6.7025858002032255 0.04881537733903811 9.163806279739529
6580 0 0.01 147874.04813932188 6.7025858002032255 0.04881537733903811 9.163806279739529
6581 0 0.01 147874.04813932188 6.7025858002032255 0.04881537733903811 9.163806279739529
6582 0 0.01 147874.04813932188 6.7025858002032255 0.04881537733903811 9.163806279739529
6583 0 0.01 147874.04813932188 6.7025858002032255 0.04881537733903811 9.163806279739529
6584 0 0.01 147874.04813932188 6.7025858002032255 0.04881537733903811 9.163806279739529
6585 0 0.01 147874.04813932188 6.7025858002032255 0.04881537733903811 9.163806279739529
6586 0 0.01 147874.04813932188 6.7025858002032255 0.04881537733903811 9.163806279739529
6587 0 0.01 147874.04813932188 6.7025858002032255 0.04881537733903811 9.163806279739529
6588 0 0.01 147874.04813932188 6.7025858002032255 0.04881537733903811 9.163806279739529
6589 0 0.01 147874.04813932188 6.7025858002032255 0.04881537733903811 9.163806279739529
6590 0 0.01 147874.04813932188 6.7025858002032255 0.04881537733903811 9.163806279739529
6591 0 0.01 147874.04813932188 6.7025858002032255 0.04881537733903811 9.163806279739529
6592 0 0.01 147874.04813932188 6.7025858002032255 0.04881537733903811 9.163806279739529
6593 0 0.01 147874.04813932188 6.7025858002032255 0.04881537733903811 9.163806279739529
6594 0 0.01 147874.04813932188 6.7025858002032255 0.04881537733903811 9.163806279739529
6595 0 0.01 147874.04813932188 6.7025858002032255 0.04881537733903811 9.163806279739529
6596 0 0.01 147874.04813932188 6.7025858002032255 0.04881537733903811 9.163806279739529
6597 0 0.01 147874.04813932188 6.7025858002032255 0.04881537733903811 9.163806279739529
6598 0 0.01 147874.04813932188 6.7025858002032255 0.04881537733903811 9.163806279739529
6599 0 0.01 147874.04813932188 6.7025858002032255 0.04881537733903811 9.163806279739529
6600 0 0.01 147874.04813932188 6.7025858002032255 0.04881537733903811 9.163806279739529
6601 0 0.01 147874.04813932188 6.7025858002032255 0.04881537733903811 9.163806279739529
6602 0 0.01 147874.04813932188 6.7025858002032255 0.04881537733903811 9.163806279739529
6603 0 0.01 147874.04813932188 6.7025858002032255 0.04881537733903811 9.163806279739529
6604 0 0.01 147874.04813932188 6.7025858002032255 0.04881537733903811 9.163806279739529
6605 0 0.01 147874.04813932188 6.7025858002032255 0.04881537733903811 9.163806279739529
6606 0 0.01 147874.04813932188 6.7025858002032255 0.04881537733903811 9.163806279739529
6607 0 0.01 147874.04813932188 6.7025858002032255 0.04881537733903811 9.163806279739529
6608 0 0.01 147874.04813932188 6.7025858002032255 0.04881537733903811 9.163806279739529
6609 0 0.01 147874.04813932188 6.7025858002032255 0.04881537733903811 9.163806279739529
6610 0 0.01 147874.04813932188 6.7025858002032255 0.04881537733903811 9.163806279739529
6611 0 0.01 147874.04813932188 6.7025858002032255 0.04881537733903811 9.163806279739529
6612 0 0.01 147874.04813932188 6.7025858002032255 0.04881537733903811 9.163806279739529
6613 0 0.01 147874.04813932188 6.7025858002032255 0.04881537733903811 9.163806279739529
6614 0 0.01 147874.04813932188 6.7025858002032255 0.04881537733903811 9.163806279739529
6615 0 0.01 147874.04813932188 6.7025858002032255 0.04881537733903811 9.163806279739529
6616 0 0.01 147874.04813932188 6.7025858002032255 0.04881537733903811 9.163806279739529
6617 0 0.01 147874.04813932188 6.7025858002032255 0.04881537733903811 9.163806279739529
6618 0 0.01 147874.04813932188 6.7025858002032255 0.04881537733903811 9.163806279739529
6619 0 0.01 147874.04813932188 6.7025858002032255 0.04881537733903811 9.163806279739529
6620 0 0.01 147874.04813932188 6.7025858002032255 0.04881537733903811 9.163806279739529
6621 0 0.01 147874.04813932188 6.7025858002032255 0.04881537733903811 9.163806279739529
6622 0 0.01 147874.04813932188 6.7025858002032255 0.04881537733903811 9.163806279739529
6623 0 0.01 147874.04813932188 6.7025858002032255 0.04881537733903811 9.163806279739529
6624 0 0.01 147874.04813932188 6.7025858002032255 0.04881537733903811 9.163806279739529
6625 0 0.01 147874.04813932188 6.7025858002032255 0.04881537733903811 9.163806279739529
6626 0 0.01 147874.04813932188 6.7025858002032255 0.04881537733903811 9.163806279739529
6627 0 0.01 147874.04813932188 6.7025858002032255 0.04881537733903811 9.163806279739529
6628 0 0.01 147874.04813932188 6.7025858002032255 0.04881537733903811 9.163806279739529
6629 0 0.01 147874.04813932188 6.7025858002032255 0.04881537733903811 9.163806279739529
6630 0 0.01 147874.04813932188 6.7025858002032255 0.04881537733903811 9.163806279739529
6631 0 0.01 147874.04813932188 6.7025858002032255 0.04881537733903811 9.163806279739529
6632 0 0.01 147874.04813932188 6.7025858002032255 0.04881537733903811 9.163806279739529
6633 0 0.01 147874.04813932188 6.7025858002032255 0.04881537733903811 9.163806279739529
6634 0 0.01 147874.04813932188 6.7025858002032255 0.04881537733903811 9.163806279739529
6635 0 0.01 147874.04813932188 6.7025858002032255 0.04881537733903811 9.163806279739529
6636 0 0.01 147874.04813932188 6.7025858002032255 0.04881537733903811 9.163806279739529
6637 0 0.01 147874.04813932188 6.7025858002032255 0.04881537733903811 9.163806279739529
6638 0 0.01 147874.04813932188 6.7025858002032255 0.04881537733903811 9.163806279739529
6639 0 0.01 147874.04813932188 6.7025858002032255 0.04881537733903811 9.163806279739529
6640 0 0.01 147874.04813932188 6.7025858002032255 0.04881537733903811 9.163806279739529
6641 0 0.01 147874.04813932188 6.7025858002032255 0.04881537733903811 9.163806279739529
6642 0 0.01 147874.04813932188 6.7025858002032255 0.04881537733903811 9.163806279739529
6643 0 0.01 147874.04813932188 6.7025858002032255 0.04881537733903811 9.163806279739529
6644 0 0.01 147874.04813932188 6.7025858002032255 0.04881537733903811 9.163806279739529
6645 0 0.01 147874.04813932188 6.7025858002032255 0.04881537733903811 9.163806279739529
6646 0 0.01 147874.04813932188 6.7025858002032255 0.04881537733903811 9.163806279739529
6647 0 0.01 147874.04813932188 6.7025858002032255 0.04881537733903811 9.163806279739529
6648 0 0.01 147874.04813932188 6.7025858002032255 0.04881537733903811 9.163806279739529
6649 0 0.01 147874.04813932188 6.7025858002032255 0.04881537733903811 9.163806279739529
6650 0 0.01 147874.04813932188 6.7025858002032255 0.04881537733903811 9.163806279739529
6651 0 0.01 147874.04813932188 6.7025858002032255 0.04881537733903811 9.163806279739529
6652 0 0.01 147874.04813932188 6.7025858002032255 0.04881537733903811 9.163806279739529
6653 0 0.01 147874.04813932188 6.7025858002032255 0.04881537733903811 9.163806279739529
6654 0 0.01 147874.04813932188 6.7025858002032255 0.04881537733903811 9.163806279739529
6655 0 0.01 147874.04813932188 6.7025858002032255 0.04881537733903811 9.163806279739529
6656 0 0.01 147874.04813932188 6.7025858002032255 0.04881537733903811 9.163806279739529
6657 0 0.01 147874.04813932188 6.7025858002032255 0.04881537733903811 9.163806279739529
6658 0 0.01 147874.04813932188 6.7025858002032255 0.04881537733903811 9.163806279739529
6659 0 0.01 147874.04813932188 6.7025858002032255 0.04881537733903811 9.163806279739529
6660 0 0.01 147874.04813932188 6.7025858002032255 0.04881537733903811 9.163806279739529
6661 0 0.01 147874.04813932188 6.7025858002032255 0.04881537733903811 9.163806279739529
6662 0 0.01 147874.04813932188 6.7025858002032255 0.04881537733903811 9.163806279739529
6663 0 0.01 147874.04813932188 6.7025858002032255 0.04881537733903811 9.163806279739529
6664 0 0.01 147874.04813932188 6.7025858002032255 0.04881537733903811 9.163806279739529
6665 0 0.01 147874.04813932188 6.7025858002032255 0.04881537733903811 9.163806279739529
6666 0 0.01 147874.04813932188 6.7025858002032255 0.04881537733903811 9.163806279739529
6667 0 0.01 147874.04813932188 6.7025858002032255 0.04881537733903811 9.163806279739529
6668 0 0.01 147874.04813932188 6.7025858002032255 0.04881537733903811 9.163806279739529
6669 0 0.01 147874.04813932188 6.7025858002032255 0.04881537733903811 9.163806279739529
6670 0 0.01 147874.04813932188 6.7025858002032255 0.04881537733903811 9.163806279739529
6671 0 0.01 147874.04813932188 6.7025858002032255 0.04881537733903811 9.163806279739529
6672 0 0.01 147874.04813932188 6.7025858002032255 0.04881537733903811 9.163806279739529
6673 0 0.01 147874.04813932188 6.7025858002032255 0.04881537733903811 9.163806279739529
6674 0 0.01 147874.04813932188 6.7025858002032255 0.04881537733903811 9.163806279739529
6675 0 0.01 147874.04813932188 6.7025858002032255 0.04881537733903811 9.163806279739529
6676 0 0.01 147874.04813932188 6.7025858002032255 0.04881537733903811 9.163806279739529
6677 0 0.01 147874.04813932188 6.7025858002032255 0.04881537733903811 9.163806279739529
6678 0 0.01 147874.04813932188 6.7025858002032255 0.04881537733903811 9.163806279739529
6679 0 0.01 147874.04813932188 6.7025858002032255 0.04881537733903811 9.163806279739529
6680 0 0.01 147874.04813932188 6.7025858002032255 0.04881537733903811 9.163806279739529
6681 0 0.01 147874.04813932188 6.7025858002032255 0.04881537733903811 9.163806279739529
6682 0 0.01 147874.04813932188 6.7025858002032255 0.04881537733903811 9.163806279739529
6683 0 0.01 147874.04813932188 6.7025858002032255 0.04881537733903811 9.163806279739529
6684 0 0.01 147874.04813932188 6.7025858002032255 0.04881537733903811 9.163806279739529
6685 0 0.01 147874.04813932188 6.7025858002032255 0.04881537733903811 9.163806279739529
6686 0 0.01 147874.04813932188 6.7025858002032255 0.04881537733903811 9.163806279739529
6687 0 0.01 147874.04813932188 6.7025858002032255 0.04881537733903811 9.163806279739529
6688 0 0.01 147874.04813932188 6.7025858002032255 0.04881537733903811 9.163806279739529
6689 0 0.01 147874.04813932188 6.7025858002032255 0.04881537733903811 9.163806279739529
6690 0 0.01 147874.04813932188 6.7025858002032255 0.04881537733903811 9.163806279739529
6691 0 0.01 147874.04813932188 6.7025858002032255 0.04881537733903811 9.163806279739529
6692 0 0.01 147874.04813932188 6.7025858002032255 0.04881537733903811 9.163806279739529
6693 0 0.01 147874.04813932188 6.7025858002032255 0.04881537733903811 9.163806279739529
6694 0 0.01 147874.04813932188 6.7025858002032255 0.04881537733903811 9.163806279739529
6695 0 0.01 147874.04813932188 6.7025858002032255 0.04881537733903811 9.163806279739529
6696 0 0.01 147874.04813932188 6.7025858002032255 0.04881537733903811 9.163806279739529
6697 0 0.01 147874.04813932188 6.7025858002032255 0.04881537733903811 9.163806279739529
6698 0 0.01 147874.04813932188 6.7025858002032255 0.04881537733903811 9.163806279739529
6699 0 0.01 147874.04813932188 6.7025858002032255 0.04881537733903811 9.163806279739529
6700 0 0.01 147874.04813932188 6.7025858002032255 0.04881537733903811 9.163806279739529
6701 0 0.01 147874.04813932188 6.7025858002032255 0.04881537733903811 9.163806279739529
6702 0 0.01 147874.04813932188 6.7025858002032255 0.04881537733903811 9.163806279739529
6703 0 0.01 147874.04813932188 6.7025858002032255 0.04881537733903811 9.163806279739529
6704 0 0.01 147874.04813932188 6.7025858002032255 0.04881537733903811 9.163806279739529
6705 0 0.01 147874.04813932188 6.7025858002032255 0.04881537733903811 9.163806279739529
6706 0 0.01 147874.04813932188 6.7025858002032255 0.04881537733903811 9.163806279739529
6707 0 0.01 147874.04813932188 6.7025858002032255 0.04881537733903811 9.163806279739529
6708 0 0.01 147874.04813932188 6.7025858002032255 0.04881537733903811 9.163806279739529
6709 0 0.01 147874.04813932188 6.7025858002032255 0.04881537733903811 9.163806279739529
6710 0 0.01 147874.04813932188 6.7025858002032255 0.04881537733903811 9.163806279739529
6711 0 0.01 147874.04813932188 6.7025858002032255 0.04881537733903811 9.163806279739529
6712 0 0.01 147874.04813932188 6.7025858002032255 0.04881537733903811 9.163806279739529
6713 0 0.01 147874.04813932188 6.7025858002032255 0.04881537733903811 9.163806279739529
6714 0 0.01 147874.04813932188 6.7025858002032255 0.04881537733903811 9.163806279739529
6715 0 0.01 147874.04813932188 6.7025858002032255 0.04881537733903811 9.163806279739529
6716 0 0.01 147874.04813932188 6.7025858002032255 0.04881537733903811 9.163806279739529
6717 0 0.01 147874.04813932188 6.7025858002032255 0.04881537733903811 9.163806279739529
6718 0 0.01 147874.04813932188 6.7025858002032255 0.04881537733903811 9.163806279739529
6719 0 0.01 147874.04813932188 6.7025858002032255 0.04881537733903811 9.163806279739529
6720 0 0.01 147874.04813932188 6.7025858002032255 0.04881537733903811 9.163806279739529
6721 0 0.01 147874.04813932188 6.7025858002032255 0.04881537733903811 9.163806279739529
6722 0 0.01 147874.04813932188 6.7025858002032255 0.04881537733903811 9.163806279739529
6723 0 0.01 147874.04813932188 6.7025858002032255 0.04881537733903811 9.163806279739529
6724 0 0.01 147874.04813932188 6.7025858002032255 0.04881537733903811 9.163806279739529
6725 0 0.01 147874.04813932188 6.7025858002032255 0.04881537733903811 9.163806279739529
6726 0 0.01 147874.04813932188 6.7025858002032255 0.04881537733903811 9.163806279739529
6727 0 0.01 147874.04813932188 6.7025858002032255 0.04881537733903811 9.163806279739529
6728 0 0.01 147874.04813932188 6.7025858002032255 0.04881537733903811 9.163806279739529
6729 0 0.01 147874.04813932188 6.7025858002032255 0.04881537733903811 9.163806279739529
6730 0 0.01 147874.04813932188 6.7025858002032255 0.04881537733903811 9.163806279739529
6731 0 0.01 147874.04813932188 6.7025858002032255 0.04881537733903811 9.163806279739529
6732 0 0.01 147874.04813932188 6.7025858002032255 0.04881537733903811 9.163806279739529
6733 0 0.01 147874.04813932188 6.7025858002032255 0.04881537733903811 9.163806279739529
6734 0 0.01 147874.04813932188 6.7025858002032255 0.04881537733903811 9.163806279739529
6735 0 0.01 147874.04813932188 6.7025858002032255 0.04881537733903811 9.163806279739529
6736 0 0.01 147874.04813932188 6.7025858002032255 0.04881537733903811 9.163806279739529
6737 0 0.01 147874.04813932188 6.7025858002032255 0.04881537733903811 9.163806279739529
6738 0 0.01 147874.04813932188 6.7025858002032255 0.04881537733903811 9.163806279739529
6739 0 0.01 147874.04813932188 6.7025858002032255 0.04881537733903811 9.163806279739529
6740 0 0.01 147874.04813932188 6.7025858002032255 0.04881537733903811 9.163806279739529
6741 0 0.01 147874.04813932188 6.7025858002032255 0.04881537733903811 9.163806279739529
6742 0 0.01 147874.04813932188 6.7025858002032255 0.04881537733903811 9.163806279739529
6743 0 0.01 147874.04813932188 6.7025858002032255 0.04881537733903811 9.163806279739529
6744 0 0.01 147874.04813932188 6.7025858002032255 0.04881537733903811 9.163806279739529
6745 0 0.01 147874.04813932188 6.7025858002032255 0.04881537733903811 9.163806279739529
6746 0 0.01 147874.04813932188 6.7025858002032255 0.04881537733903811 9.163806279739529
6747 0 0.01 147874.04813932188 6.7025858002032255 0.04881537733903811 9.163806279739529
6748 0 0.01 147874.04813932188 6.7025858002032255 0.04881537733903811 9.163806279739529
6749 0 0.01 147874.04813932188 6.7025858002032255 0.04881537733903811 9.163806279739529
6750 0 0.01 147874.04813932188 6.7025858002032255 0.04881537733903811 9.163806279739529
6751 0 0.01 147874.04813932188 6.7025858002032255 0.04881537733903811 9.163806279739529
6752 0 0.01 147874.04813932188 6.7025858002032255 0.04881537733903811 9.163806279739529
6753 0 0.01 147874.04813932188 6.7025858002032255 0.04881537733903811 9.163806279739529
6754 0 0.01 147874.04813932188 6.7025858002032255 0.04881537733903811 9.163806279739529
6755 0 0.01 147874.04813932188 6.7025858002032255 0.04881537733903811 9.163806279739529
6756 0 0.01 147874.04813932188 6.7025858002032255 0.04881537733903811 9.163806279739529
6757 0 0.01 147874.04813932188 6.7025858002032255 0.04881537733903811 9.163806279739529
6758 0 0.01 147874.04813932188 6.7025858002032255 0.04881537733903811 9.163806279739529
6759 0 0.01 147874.04813932188 6.7025858002032255 0.04881537733903811 9.163806279739529
6760 0 0.01 147874.04813932188 6.7025858002032255 0.04881537733903811 9.163806279739529
6761 0 0.01 147874.04813932188 6.7025858002032255 0.04881537733903811 9.163806279739529
6762 0 0.01 147874.04813932188 6.7025858002032255 0.04881537733903811 9.163806279739529
6763 0 0.01 147874.04813932188 6.7025858002032255 0.04881537733903811 9.163806279739529
6764 0 0.01 147874.04813932188 6.7025858002032255 0.04881537733903811 9.163806279739529
6765 0 0.01 147874.04813932188 6.7025858002032255 0.04881537733903811 9.163806279739529
6766 0 0.01 147874.04813932188 6.7025858002032255 0.04881537733903811 9.163806279739529
6767 0 0.01 147874.04813932188 6.7025858002032255 0.04881537733903811 9.163806279739529
6768 0 0.01 147874.04813932188 6.7025858002032255 0.04881537733903811 9.163806279739529
6769 0 0.01 147874.04813932188 6.7025858002032255 0.04881537733903811 9.163806279739529
6770 0 0.01 147874.04813932188 6.7025858002032255 0.04881537733903811 9.163806279739529
6771 0 0.01 147874.04813932188 6.7025858002032255 0.04881537733903811 9.163806279739529
6772 0 0.01 147874.04813932188 6.7025858002032255 0.04881537733903811 9.163806279739529
6773 0 0.01 147874.04813932188 6.7025858002032255 0.04881537733903811 9.163806279739529
6774 0 0.01 147874.04813932188 6.7025858002032255 0.04881537733903811 9.163806279739529
6775 0 0.01 147874.04813932188 6.7025858002032255 0.04881537733903811 9.163806279739529
6776 0 0.01 147874.04813932188 6.7025858002032255 0.04881537733903811 9.163806279739529
6777 0 0.01 147874.04813932188 6.7025858002032255 0.04881537733903811 9.163806279739529
6778 0 0.01 147874.04813932188 6.7025858002032255 0.04881537733903811 9.163806279739529
6779 0 0.01 147874.04813932188 6.7025858002032255 0.04881537733903811 9.163806279739529
6780 0 0.01 147874.04813932188 6.7025858002032255 0.04881537733903811 9.163806279739529
6781 0 0.01 147874.04813932188 6.7025858002032255 0.04881537733903811 9.163806279739529
6782 0 0.01 147874.04813932188 6.7025858002032255 0.04881537733903811 9.163806279739529
6783 0 0.01 147874.04813932188 6.7025858002032255 0.04881537733903811 9.163806279739529
6784 0 0.01 147874.04813932188 6.7025858002032255 0.04881537733903811 9.163806279739529
6785 0 0.01 147874.04813932188 6.7025858002032255 0.04881537733903811 9.163806279739529
6786 0 0.01 147874.04813932188 6.7025858002032255 0.04881537733903811 9.163806279739529
6787 0 0.01 147874.04813932188 6.7025858002032255 0.04881537733903811 9.163806279739529
6788 0 0.01 147874.04813932188 6.7025858002032255 0.04881537733903811 9.163806279739529
6789 0 0.01 147874.04813932188 6.7025858002032255 0.04881537733903811 9.163806279739529
6790 0 0.01 147874.04813932188 6.7025858002032255 0.04881537733903811 9.163806279739529
6791 0 0.01 147874.04813932188 6.7025858002032255 0.04881537733903811 9.163806279739529
6792 0 0.01 147874.04813932188 6.7025858002032255 0.04881537733903811 9.163806279739529
6793 0 0.01 147874.04813932188 6.7025858002032255 0.04881537733903811 9.163806279739529
6794 0 0.01 147874.04813932188 6.7025858002032255 0.04881537733903811 9.163806279739529
6795 0 0.01 147874.04813932188 6.7025858002032255 0.04881537733903811 9.163806279739529
6796 0 0.01 147874.04813932188 6.7025858002032255 0.04881537733903811 9.163806279739529
6797 0 0.01 147874.04813932188 6.7025858002032255 0.04881537733903811 9.163806279739529
6798 0 0.01 147874.04813932188 6.7025858002032255 0.04881537733903811 9.163806279739529
6799 0 0.01 147874.04813932188 6.7025858002032255 0.04881537733903811 9.163806279739529
6800 0 0.01 147874.04813932188 6.7025858002032255 0.04881537733903811 9.163806279739529
6801 0 0.01 147874.04813932188 6.7025858002032255 0.04881537733903811 9.163806279739529
6802 0 0.01 147874.04813932188 6.7025858002032255 0.04881537733903811 9.163806279739529
6803 0 0.01 147874.04813932188 6.7025858002032255 0.04881537733903811 9.163806279739529
6804 0 0.01 147874.04813932188 6.7025858002032255 0.04881537733903811 9.163806279739529
6805 0 0.01 147874.04813932188 6.7025858002032255 0.04881537733903811 9.163806279739529
6806 0 0.01 147874.04813932188 6.7025858002032255 0.04881537733903811 9.163806279739529
6807 0 0.01 147874.04813932188 6.7025858002032255 0.04881537733903811 9.163806279739529
6808 0 0.01 147874.04813932188 6.7025858002032255 0.04881537733903811 9.163806279739529
6809 0 0.01 147874.04813932188 6.7025858002032255 0.04881537733903811 9.163806279739529
6810 0 0.01 147874.04813932188 6.7025858002032255 0.04881537733903811 9.163806279739529
6811 0 0.01 147874.04813932188 6.7025858002032255 0.04881537733903811 9.163806279739529
6812 0 0.01 147874.04813932188 6.7025858002032255 0.04881537733903811 9.163806279739529
6813 0 0.01 147874.04813932188 6.7025858002032255 0.04881537733903811 9.163806279739529
6814 0 0.01 147874.04813932188 6.7025858002032255 0.04881537733903811 9.163806279739529
6815 0 0.01 147874.04813932188 6.7025858002032255 0.04881537733903811 9.163806279739529
6816 0 0.01 147874.04813932188 6.7025858002032255 0.04881537733903811 9.163806279739529
6817 0 0.01 147874.04813932188 6.7025858002032255 0.04881537733903811 9.163806279739529
6818 0 0.01 147874.04813932188 6.7025858002032255 0.04881537733903811 9.163806279739529
6819 0 0.01 147874.04813932188 6.7025858002032255 0.04881537733903811 9.163806279739529
6820 0 0.01 147874.04813932188 6.7025858002032255 0.04881537733903811 9.163806279739529
6821 0 0.01 147874.04813932188 6.7025858002032255 0.04881537733903811 9.163806279739529
6822 0 0.01 147874.04813932188 6.7025858002032255 0.04881537733903811 9.163806279739529
6823 0 0.01 147874.04813932188 6.7025858002032255 0.04881537733903811 9.163806279739529
6824 0 0.01 147874.04813932188 6.7025858002032255 0.04881537733903811 9.163806279739529
6825 0 0.01 147874.04813932188 6.7025858002032255 0.04881537733903811 9.163806279739529
6826 0 0.01 147874.04813932188 6.7025858002032255 0.04881537733903811 9.163806279739529
6827 0 0.01 147874.04813932188 6.7025858002032255 0.04881537733903811 9.163806279739529
6828 0 0.01 147874.04813932188 6.7025858002032255 0.04881537733903811 9.163806279739529
6829 0 0.01 147874.04813932188 6.7025858002032255 0.04881537733903811 9.163806279739529
6830 0 0.01 147874.04813932188 6.7025858002032255 0.04881537733903811 9.163806279739529
6831 0 0.01 147874.04813932188 6.7025858002032255 0.04881537733903811 9.163806279739529
6832 0 0.01 147874.04813932188 6.7025858002032255 0.04881537733903811 9.163806279739529
6833 0 0.01 147874.04813932188 6.7025858002032255 0.04881537733903811 9.163806279739529
6834 0 0.01 147874.04813932188 6.7025858002032255 0.04881537733903811 9.163806279739529
6835 0 0.01 147874.04813932188 6.7025858002032255 0.04881537733903811 9.163806279739529
6836 0 0.01 147874.04813932188 6.7025858002032255 0.04881537733903811 9.163806279739529
6837 0 0.01 147874.04813932188 6.7025858002032255 0.04881537733903811 9.163806279739529
6838 0 0.01 147874.04813932188 6.7025858002032255 0.04881537733903811 9.163806279739529
6839 0 0.01 147874.04813932188 6.7025858002032255 0.04881537733903811 9.163806279739529
6840 0 0.01 147874.04813932188 6.7025858002032255 0.04881537733903811 9.163806279739529
6841 0 0.01 147874.04813932188 6.7025858002032255 0.04881537733903811 9.163806279739529
6842 0 0.01 147874.04813932188 6.7025858002032255 0.04881537733903811 9.163806279739529
6843 0 0.01 147874.04813932188 6.7025858002032255 0.04881537733903811 9.163806279739529
6844 0 0.01 147874.04813932188 6.7025858002032255 0.04881537733903811 9.163806279739529
6845 0 0.01 147874.04813932188 6.7025858002032255 0.04881537733903811 9.163806279739529
6846 0 0.01 147874.04813932188 6.7025858002032255 0.04881537733903811 9.163806279739529
6847 0 0.01 147874.04813932188 6.7025858002032255 0.04881537733903811 9.163806279739529
6848 0 0.01 147874.04813932188 6.7025858002032255 0.04881537733903811 9.163806279739529
6849 0 0.01 147874.04813932188 6.7025858002032255 0.04881537733903811 9.163806279739529
6850 0 0.01 147874.04813932188 6.7025858002032255 0.04881537733903811 9.163806279739529
6851 0 0.01 147874.04813932188 6.7025858002032255 0.04881537733903811 9.163806279739529
6852 0 0.01 147874.04813932188 6.7025858002032255 0.04881537733903811 9.163806279739529
6853 0 0.01 147874.04813932188 6.7025858002032255 0.04881537733903811 9.163806279739529
6854 0 0.01 147874.04813932188 6.7025858002032255 0.04881537733903811 9.163806279739529
6855 0 0.01 147874.04813932188 6.7025858002032255 0.04881537733903811 9.163806279739529
6856 0 0.01 147874.04813932188 6.7025858002032255 0.04881537733903811 9.163806279739529
6857 0 0.01 147874.04813932188 6.7025858002032255 0.04881537733903811 9.163806279739529
6858 0 0.01 147874.04813932188 6.7025858002032255 0.04881537733903811 9.163806279739529
6859 0 0.01 147874.04813932188 6.7025858002032255 0.04881537733903811 9.163806279739529
6860 0 0.01 147874.04813932188 6.7025858002032255 0.04881537733903811 9.163806279739529
6861 0 0.01 147874.04813932188 6.7025858002032255 0.04881537733903811 9.163806279739529
6862 0 0.01 147874.04813932188 6.7025858002032255 0.04881537733903811 9.163806279739529
6863 0 0.01 147874.04813932188 6.7025858002032255 0.04881537733903811 9.163806279739529
6864 0 0.01 147874.04813932188 6.7025858002032255 0.04881537733903811 9.163806279739529
6865 0 0.01 147874.04813932188 6.7025858002032255 0.04881537733903811 9.163806279739529
6866 0 0.01 147874.04813932188 6.7025858002032255 0.04881537733903811 9.163806279739529
6867 0 0.01 147874.04813932188 6.7025858002032255 0.04881537733903811 9.163806279739529
6868 0 0.01 147874.04813932188 6.7025858002032255 0.04881537733903811 9.163806279739529
6869 0 0.01 147874.04813932188 6.7025858002032255 0.04881537733903811 9.163806279739529
6870 0 0.01 147874.04813932188 6.7025858002032255 0.04881537733903811 9.163806279739529
6871 0 0.01 147874.04813932188 6.7025858002032255 0.04881537733903811 9.163806279739529
6872 0 0.01 147874.04813932188 6.7025858002032255 0.04881537733903811 9.163806279739529
6873 0 0.01 147874.04813932188 6.7025858002032255 0.04881537733903811 9.163806279739529
6874 0 0.01 147874.04813932188 6.7025858002032255 0.04881537733903811 9.163806279739529
6875 0 0.01 147874.04813932188 6.7025858002032255 0.04881537733903811 9.163806279739529
6876 0 0.01 147874.04813932188 6.7025858002032255 0.04881537733903811 9.163806279739529
6877 0 0.01 147874.04813932188 6.7025858002032255 0.04881537733903811 9.163806279739529
6878 0 0.01 147874.04813932188 6.7025858002032255 0.04881537733903811 9.163806279739529
6879 0 0.01 147874.04813932188 6.7025858002032255 0.04881537733903811 9.163806279739529
6880 0 0.01 147874.04813932188 6.7025858002032255 0.04881537733903811 9.163806279739529
6881 0 0.01 147874.04813932188 6.7025858002032255 0.04881537733903811 9.163806279739529
6882 0 0.01 147874.04813932188 6.7025858002032255 0.04881537733903811 9.163806279739529
6883 0 0.01 147874.04813932188 6.7025858002032255 0.04881537733903811 9.163806279739529
6884 0 0.01 147874.04813932188 6.7025858002032255 0.04881537733903811 9.163806279739529
6885 0 0.01 147874.04813932188 6.7025858002032255 0.04881537733903811 9.163806279739529
6886 0 0.01 147874.04813932188 6.7025858002032255 0.04881537733903811 9.163806279739529
6887 0 0.01 147874.04813932188 6.7025858002032255 0.04881537733903811 9.163806279739529
6888 0 0.01 147874.04813932188 6.7025858002032255 0.04881537733903811 9.163806279739529
6889 0 0.01 147874.04813932188 6.7025858002032255 0.04881537733903811 9.163806279739529
6890 0 0.01 147874.04813932188 6.7025858002032255 0.04881537733903811 9.163806279739529
6891 0 0.01 147874.04813932188 6.7025858002032255 0.04881537733903811 9.163806279739529
6892 0 0.01 147874.04813932188 6.7025858002032255 0.04881537733903811 9.163806279739529
6893 0 0.01 147874.04813932188 6.7025858002032255 0.04881537733903811 9.163806279739529
6894 0 0.01 147874.04813932188 6.7025858002032255 0.04881537733903811 9.163806279739529
6895 0 0.01 147874.04813932188 6.7025858002032255 0.04881537733903811 9.163806279739529
6896 0 0.01 147874.04813932188 6.7025858002032255 0.04881537733903811 9.163806279739529
6897 0 0.01 147874.04813932188 6.7025858002032255 0.04881537733903811 9.163806279739529
6898 0 0.01 147874.04813932188 6.7025858002032255 0.04881537733903811 9.163806279739529
6899 0 0.01 147874.04813932188 6.7025858002032255 0.04881537733903811 9.163806279739529
6900 0 0.01 147874.04813932188 6.7025858002032255 0.04881537733903811 9.163806279739529
6901 0 0.01 147874.04813932188 6.7025858002032255 0.04881537733903811 9.163806279739529
6902 0 0.01 147874.04813932188 6.7025858002032255 0.04881537733903811 9.163806279739529
6903 0 0.01 147874.04813932188 6.7025858002032255 0.04881537733903811 9.163806279739529
6904 0 0.01 147874.04813932188 6.7025858002032255 0.04881537733903811 9.163806279739529
6905 0 0.01 147874.04813932188 6.7025858002032255 0.04881537733903811 9.163806279739529
6906 0 0.01 147874.04813932188 6.7025858002032255 0.04881537733903811 9.163806279739529
6907 0 0.01 147874.04813932188 6.7025858002032255 0.04881537733903811 9.163806279739529
6908 0 0.01 147874.04813932188 6.7025858002032255 0.04881537733903811 9.163806279739529
6909 0 0.01 147874.04813932188 6.7025858002032255 0.04881537733903811 9.163806279739529
6910 0 0.01 147874.04813932188 6.7025858002032255 0.04881537733903811 9.163806279739529
6911 0 0.01 147874.04813932188 6.7025858002032255 0.04881537733903811 9.163806279739529
6912 0 0.01 147874.04813932188 6.7025858002032255 0.04881537733903811 9.163806279739529
6913 0 0.01 147874.04813932188 6.7025858002032255 0.04881537733903811 9.163806279739529
6914 0 0.01 147874.04813932188 6.7025858002032255 0.04881537733903811 9.163806279739529
6915 0 0.01 147874.04813932188 6.7025858002032255 0.04881537733903811 9.163806279739529
6916 0 0.01 147874.04813932188 6.7025858002032255 0.04881537733903811 9.163806279739529
6917 0 0.01 147874.04813932188 6.7025858002032255 0.04881537733903811 9.163806279739529
6918 0 0.01 147874.04813932188 6.7025858002032255 0.04881537733903811 9.163806279739529
6919 0 0.01 147874.04813932188 6.7025858002032255 0.04881537733903811 9.163806279739529
6920 0 0.01 147874.04813932188 6.7025858002032255 0.04881537733903811 9.163806279739529
6921 0 0.01 147874.04813932188 6.7025858002032255 0.04881537733903811 9.163806279739529
6922 0 0.01 147874.04813932188 6.7025858002032255 0.04881537733903811 9.163806279739529
6923 0 0.01 147874.04813932188 6.7025858002032255 0.04881537733903811 9.163806279739529
6924 0 0.01 147874.04813932188 6.7025858002032255 0.04881537733903811 9.163806279739529
6925 0 0.01 147874.04813932188 6.7025858002032255 0.04881537733903811 9.163806279739529
6926 0 0.01 147874.04813932188 6.7025858002032255 0.04881537733903811 9.163806279739529
6927 0 0.01 147874.04813932188 6.7025858002032255 0.04881537733903811 9.163806279739529
6928 0 0.01 147874.04813932188 6.7025858002032255 0.04881537733903811 9.163806279739529
6929 0 0.01 147874.04813932188 6.7025858002032255 0.04881537733903811 9.163806279739529
6930 0 0.01 147874.04813932188 6.7025858002032255 0.04881537733903811 9.163806279739529
6931 0 0.01 147874.04813932188 6.7025858002032255 0.04881537733903811 9.163806279739529
6932 0 0.01 147874.04813932188 6.7025858002032255 0.04881537733903811 9.163806279739529
6933 0 0.01 147874.04813932188 6.7025858002032255 0.04881537733903811 9.163806279739529
6934 0 0.01 147874.04813932188 6.7025858002032255 0.04881537733903811 9.163806279739529
6935 0 0.01 147874.04813932188 6.7025858002032255 0.04881537733903811 9.163806279739529
6936 0 0.01 147874.04813932188 6.7025858002032255 0.04881537733903811 9.163806279739529
6937 0 0.01 147874.04813932188 6.7025858002032255 0.04881537733903811 9.163806279739529
6938 0 0.01 147874.04813932188 6.7025858002032255 0.04881537733903811 9.163806279739529
6939 0 0.01 147874.04813932188 6.7025858002032255 0.04881537733903811 9.163806279739529
6940 0 0.01 147874.04813932188 6.7025858002032255 0.04881537733903811 9.163806279739529
6941 0 0.01 147874.04813932188 6.7025858002032255 0.04881537733903811 9.163806279739529
6942 0 0.01 147874.04813932188 6.7025858002032255 0.04881537733903811 9.163806279739529
6943 0 0.01 147874.04813932188 6.7025858002032255 0.04881537733903811 9.163806279739529
6944 0 0.01 147874.04813932188 6.7025858002032255 0.04881537733903811 9.163806279739529
6945 0 0.01 147874.04813932188 6.7025858002032255 0.04881537733903811 9.163806279739529
6946 0 0.01 147874.04813932188 6.7025858002032255 0.04881537733903811 9.163806279739529
6947 0 0.01 147874.04813932188 6.7025858002032255 0.04881537733903811 9.163806279739529
6948 0 0.01 147874.04813932188 6.7025858002032255 0.04881537733903811 9.163806279739529
6949 0 0.01 147874.04813932188 6.7025858002032255 0.04881537733903811 9.163806279739529
6950 0 0.01 147874.04813932188 6.7025858002032255 0.04881537733903811 9.163806279739529
6951 0 0.01 147874.04813932188 6.7025858002032255 0.04881537733903811 9.163806279739529
6952 0 0.01 147874.04813932188 6.7025858002032255 0.04881537733903811 9.163806279739529
6953 0 0.01 147874.04813932188 6.7025858002032255 0.04881537733903811 9.163806279739529
6954 0 0.01 147874.04813932188 6.7025858002032255 0.04881537733903811 9.163806279739529
6955 0 0.01 147874.04813932188 6.7025858002032255 0.04881537733903811 9.163806279739529
6956 0 0.01 147874.04813932188 6.7025858002032255 0.04881537733903811 9.163806279739529
6957 0 0.01 147874.04813932188 6.7025858002032255 0.04881537733903811 9.163806279739529
6958 0 0.01 147874.04813932188 6.7025858002032255 0.04881537733903811 9.163806279739529
6959 0 0.01 147874.04813932188 6.7025858002032255 0.04881537733903811 9.163806279739529
6960 0 0.01 147874.04813932188 6.7025858002032255 0.04881537733903811 9.163806279739529
6961 0 0.01 147874.04813932188 6.7025858002032255 0.04881537733903811 9.163806279739529
6962 0 0.01 147874.04813932188 6.7025858002032255 0.04881537733903811 9.163806279739529
6963 0 0.01 147874.04813932188 6.7025858002032255 0.04881537733903811 9.163806279739529
6964 0 0.01 147874.04813932188 6.7025858002032255 0.04881537733903811 9.163806279739529
6965 0 0.01 147874.04813932188 6.7025858002032255 0.04881537733903811 9.163806279739529
6966 0 0.01 147874.04813932188 6.7025858002032255 0.04881537733903811 9.163806279739529
6967 0 0.01 147874.04813932188 6.7025858002032255 0.04881537733903811 9.163806279739529
6968 0 0.01 147874.04813932188 6.7025858002032255 0.04881537733903811 9.163806279739529
6969 0 0.01 147874.04813932188 6.7025858002032255 0.04881537733903811 9.163806279739529
6970 0 0.01 147874.04813932188 6.7025858002032255 0.04881537733903811 9.163806279739529
6971 0 0.01 147874.04813932188 6.7025858002032255 0.04881537733903811 9.163806279739529
6972 0 0.01 147874.04813932188 6.7025858002032255 0.04881537733903811 9.163806279739529
6973 0 0.01 147874.04813932188 6.7025858002032255 0.04881537733903811 9.163806279739529
6974 0 0.01 147874.04813932188 6.7025858002032255 0.04881537733903811 9.163806279739529
6975 0 0.01 147874.04813932188 6.7025858002032255 0.04881537733903811 9.163806279739529
6976 0 0.01 147874.04813932188 6.7025858002032255 0.04881537733903811 9.163806279739529
6977 0 0.01 147874.04813932188 6.7025858002032255 0.04881537733903811 9.163806279739529
6978 0 0.01 147874.04813932188 6.7025858002032255 0.04881537733903811 9.163806279739529
6979 0 0.01 147874.04813932188 6.7025858002032255 0.04881537733903811 9.163806279739529
6980 0 0.01 147874.04813932188 6.7025858002032255 0.04881537733903811 9.163806279739529
6981 0 0.01 147874.04813932188 6.7025858002032255 0.04881537733903811 9.163806279739529
6982 0 0.01 147874.04813932188 6.7025858002032255 0.04881537733903811 9.163806279739529
6983 0 0.01 147874.04813932188 6.7025858002032255 0.04881537733903811 9.163806279739529
6984 0 0.01 147874.04813932188 6.7025858002032255 0.04881537733903811 9.163806279739529
6985 0 0.01 147874.04813932188 6.7025858002032255 0.04881537733903811 9.163806279739529
6986 0 0.01 147874.04813932188 6.7025858002032255 0.04881537733903811 9.163806279739529
6987 0 0.01 147874.04813932188 6.7025858002032255 0.04881537733903811 9.163806279739529
6988 0 0.01 147874.04813932188 6.7025858002032255 0.04881537733903811 9.163806279739529
6989 0 0.01 147874.04813932188 6.7025858002032255 0.04881537733903811 9.163806279739529
6990 0 0.01 147874.04813932188 6.7025858002032255 0.04881537733903811 9.163806279739529
6991 0 0.01 147874.04813932188 6.7025858002032255 0.04881537733903811 9.163806279739529
6992 0 0.01 147874.04813932188 6.7025858002032255 0.04881537733903811 9.163806279739529
6993 0 0.01 147874.04813932188 6.7025858002032255 0.04881537733903811 9.163806279739529
6994 0 0.01 147874.04813932188 6.7025858002032255 0.04881537733903811 9.163806279739529
6995 0 0.01 147874.04813932188 6.7025858002032255 0.04881537733903811 9.163806279739529
6996 0 0.01 147874.04813932188 6.7025858002032255 0.04881537733903811 9.163806279739529
6997 0 0.01 147874.04813932188 6.7025858002032255 0.04881537733903811 9.163806279739529
6998 0 0.01 147874.04813932188 6.7025858002032255 0.04881537733903811 9.163806279739529
6999 0 0.01 147874.04813932188 6.7025858002032255 0.04881537733903811 9.163806279739529
7000 0 0.01 147874.04813932188 6.7025858002032255 0.04881537733903811 9.163806279739529
7001 0 0.01 147874.04813932188 6.7025858002032255 0.04881537733903811 9.163806279739529
7002 0 0.01 147874.04813932188 6.7025858002032255 0.04881537733903811 9.163806279739529
7003 0 0.01 147874.04813932188 6.7025858002032255 0.04881537733903811 9.163806279739529
7004 0 0.01 147874.04813932188 6.7025858002032255 0.04881537733903811 9.163806279739529
7005 0 0.01 147874.04813932188 6.7025858002032255 0.04881537733903811 9.163806279739529
7006 0 0.01 147874.04813932188 6.7025858002032255 0.04881537733903811 9.163806279739529
7007 0 0.01 147874.04813932188 6.7025858002032255 0.04881537733903811 9.163806279739529
7008 0 0.01 147874.04813932188 6.7025858002032255 0.04881537733903811 9.163806279739529
7009 0 0.01 147874.04813932188 6.7025858002032255 0.04881537733903811 9.163806279739529
7010 0 0.01 147874.04813932188 6.7025858002032255 0.04881537733903811 9.163806279739529
7011 0 0.01 147874.04813932188 6.7025858002032255 0.04881537733903811 9.163806279739529
7012 0 0.01 147874.04813932188 6.7025858002032255 0.04881537733903811 9.163806279739529
7013 0 0.01 147874.04813932188 6.7025858002032255 0.04881537733903811 9.163806279739529
7014 0 0.01 147874.04813932188 6.7025858002032255 0.04881537733903811 9.163806279739529
7015 0 0.01 147874.04813932188 6.7025858002032255 0.04881537733903811 9.163806279739529
7016 0 0.01 147874.04813932188 6.7025858002032255 0.04881537733903811 9.163806279739529
7017 0 0.01 147874.04813932188 6.7025858002032255 0.04881537733903811 9.163806279739529
7018 0 0.01 147874.04813932188 6.7025858002032255 0.04881537733903811 9.163806279739529
7019 0 0.01 147874.04813932188 6.7025858002032255 0.04881537733903811 9.163806279739529
7020 0 0.01 147874.04813932188 6.7025858002032255 0.04881537733903811 9.163806279739529
7021 0 0.01 147874.04813932188 6.7025858002032255 0.04881537733903811 9.163806279739529
7022 0 0.01 147874.04813932188 6.7025858002032255 0.04881537733903811 9.163806279739529
7023 0 0.01 147874.04813932188 6.7025858002032255 0.04881537733903811 9.163806279739529
7024 0 0.01 147874.04813932188 6.7025858002032255 0.04881537733903811 9.163806279739529
7025 0 0.01 147874.04813932188 6.7025858002032255 0.04881537733903811 9.163806279739529
7026 0 0.01 147874.04813932188 6.7025858002032255 0.04881537733903811 9.163806279739529
7027 0 0.01 147874.04813932188 6.7025858002032255 0.04881537733903811 9.163806279739529
7028 0 0.01 147874.04813932188 6.7025858002032255 0.04881537733903811 9.163806279739529
7029 0 0.01 147874.04813932188 6.7025858002032255 0.04881537733903811 9.163806279739529
7030 0 0.01 147874.04813932188 6.7025858002032255 0.04881537733903811 9.163806279739529
7031 0 0.01 147874.04813932188 6.7025858002032255 0.04881537733903811 9.163806279739529
7032 0 0.01 147874.04813932188 6.7025858002032255 0.04881537733903811 9.163806279739529
7033 0 0.01 147874.04813932188 6.7025858002032255 0.04881537733903811 9.163806279739529
7034 0 0.01 147874.04813932188 6.7025858002032255 0.04881537733903811 9.163806279739529
7035 0 0.01 147874.04813932188 6.7025858002032255 0.04881537733903811 9.163806279739529
7036 0 0.01 147874.04813932188 6.7025858002032255 0.04881537733903811 9.163806279739529
7037 0 0.01 147874.04813932188 6.7025858002032255 0.04881537733903811 9.163806279739529
7038 0 0.01 147874.04813932188 6.7025858002032255 0.04881537733903811 9.163806279739529
7039 0 0.01 147874.04813932188 6.7025858002032255 0.04881537733903811 9.163806279739529
7040 0 0.01 147874.04813932188 6.7025858002032255 0.04881537733903811 9.163806279739529
7041 0 0.01 147874.04813932188 6.7025858002032255 0.04881537733903811 9.163806279739529
7042 0 0.01 147874.04813932188 6.7025858002032255 0.04881537733903811 9.163806279739529
7043 0 0.01 147874.04813932188 6.7025858002032255 0.04881537733903811 9.163806279739529
7044 0 0.01 147874.04813932188 6.7025858002032255 0.04881537733903811 9.163806279739529
7045 0 0.01 147874.04813932188 6.7025858002032255 0.04881537733903811 9.163806279739529
7046 0 0.01 147874.04813932188 6.7025858002032255 0.04881537733903811 9.163806279739529
7047 0 0.01 147874.04813932188 6.7025858002032255 0.04881537733903811 9.163806279739529
7048 0 0.01 147874.04813932188 6.7025858002032255 0.04881537733903811 9.163806279739529
7049 0 0.01 147874.04813932188 6.7025858002032255 0.04881537733903811 9.163806279739529
7050 0 0.01 147874.04813932188 6.7025858002032255 0.04881537733903811 9.163806279739529
7051 0 0.01 147874.04813932188 6.7025858002032255 0.04881537733903811 9.163806279739529
7052 0 0.01 147874.04813932188 6.7025858002032255 0.04881537733903811 9.163806279739529
7053 0 0.01 147874.04813932188 6.7025858002032255 0.04881537733903811 9.163806279739529
7054 0 0.01 147874.04813932188 6.7025858002032255 0.04881537733903811 9.163806279739529
7055 0 0.01 147874.04813932188 6.7025858002032255 0.04881537733903811 9.163806279739529
7056 0 0.01 147874.04813932188 6.7025858002032255 0.04881537733903811 9.163806279739529
7057 0 0.01 147874.04813932188 6.7025858002032255 0.04881537733903811 9.163806279739529
7058 0 0.01 147874.04813932188 6.7025858002032255 0.04881537733903811 9.163806279739529
7059 0 0.01 147874.04813932188 6.7025858002032255 0.04881537733903811 9.163806279739529
7060 0 0.01 147874.04813932188 6.7025858002032255 0.04881537733903811 9.163806279739529
7061 0 0.01 147874.04813932188 6.7025858002032255 0.04881537733903811 9.163806279739529
7062 0 0.01 147874.04813932188 6.7025858002032255 0.04881537733903811 9.163806279739529
7063 0 0.01 147874.04813932188 6.7025858002032255 0.04881537733903811 9.163806279739529
7064 0 0.01 147874.04813932188 6.7025858002032255 0.04881537733903811 9.163806279739529
7065 0 0.01 147874.04813932188 6.7025858002032255 0.04881537733903811 9.163806279739529
7066 0 0.01 147874.04813932188 6.7025858002032255 0.04881537733903811 9.163806279739529
7067 0 0.01 147874.04813932188 6.7025858002032255 0.04881537733903811 9.163806279739529
7068 0 0.01 147874.04813932188 6.7025858002032255 0.04881537733903811 9.163806279739529
7069 0 0.01 147874.04813932188 6.7025858002032255 0.04881537733903811 9.163806279739529
7070 0 0.01 147874.04813932188 6.7025858002032255 0.04881537733903811 9.163806279739529
7071 0 0.01 147874.04813932188 6.7025858002032255 0.04881537733903811 9.163806279739529
7072 0 0.01 147874.04813932188 6.7025858002032255 0.04881537733903811 9.163806279739529
7073 0 0.01 147874.04813932188 6.7025858002032255 0.04881537733903811 9.163806279739529
7074 0 0.01 147874.04813932188 6.7025858002032255 0.04881537733903811 9.163806279739529
7075 0 0.01 147874.04813932188 6.7025858002032255 0.04881537733903811 9.163806279739529
7076 0 0.01 147874.04813932188 6.7025858002032255 0.04881537733903811 9.163806279739529
7077 0 0.01 147874.04813932188 6.7025858002032255 0.04881537733903811 9.163806279739529
7078 0 0.01 147874.04813932188 6.7025858002032255 0.04881537733903811 9.163806279739529
7079 0 0.01 147874.04813932188 6.7025858002032255 0.04881537733903811 9.163806279739529
7080 0 0.01 147874.04813932188 6.7025858002032255 0.04881537733903811 9.163806279739529
7081 0 0.01 147874.04813932188 6.7025858002032255 0.04881537733903811 9.163806279739529
7082 0 0.01 147874.04813932188 6.7025858002032255 0.04881537733903811 9.163806279739529
7083 0 0.01 147874.04813932188 6.7025858002032255 0.04881537733903811 9.163806279739529
7084 0 0.01 147874.04813932188 6.7025858002032255 0.04881537733903811 9.163806279739529
7085 0 0.01 147874.04813932188 6.7025858002032255 0.04881537733903811 9.163806279739529
7086 0 0.01 147874.04813932188 6.7025858002032255 0.04881537733903811 9.163806279739529
7087 0 0.01 147874.04813932188 6.7025858002032255 0.04881537733903811 9.163806279739529
7088 0 0.01 147874.04813932188 6.7025858002032255 0.04881537733903811 9.163806279739529
7089 0 0.01 147874.04813932188 6.7025858002032255 0.04881537733903811 9.163806279739529
7090 0 0.01 147874.04813932188 6.7025858002032255 0.04881537733903811 9.163806279739529
7091 0 0.01 147874.04813932188 6.7025858002032255 0.04881537733903811 9.163806279739529
7092 0 0.01 147874.04813932188 6.7025858002032255 0.04881537733903811 9.163806279739529
7093 0 0.01 147874.04813932188 6.7025858002032255 0.04881537733903811 9.163806279739529
7094 0 0.01 147874.04813932188 6.7025858002032255 0.04881537733903811 9.163806279739529
7095 0 0.01 147874.04813932188 6.7025858002032255 0.04881537733903811 9.163806279739529
7096 0 0.01 147874.04813932188 6.7025858002032255 0.04881537733903811 9.163806279739529
7097 0 0.01 147874.04813932188 6.7025858002032255 0.04881537733903811 9.163806279739529
7098 0 0.01 147874.04813932188 6.7025858002032255 0.04881537733903811 9.163806279739529
7099 0 0.01 147874.04813932188 6.7025858002032255 0.04881537733903811 9.163806279739529
7100 0 0.01 147874.04813932188 6.7025858002032255 0.04881537733903811 9.163806279739529
7101 0 0.01 147874.04813932188 6.7025858002032255 0.04881537733903811 9.163806279739529
7102 0 0.01 147874.04813932188 6.7025858002032255 0.04881537733903811 9.163806279739529
7103 0 0.01 147874.04813932188 6.7025858002032255 0.04881537733903811 9.163806279739529
7104 0 0.01 147874.04813932188 6.7025858002032255 0.04881537733903811 9.163806279739529
7105 0 0.01 147874.04813932188 6.7025858002032255 0.04881537733903811 9.163806279739529
7106 0 0.01 147874.04813932188 6.7025858002032255 0.04881537733903811 9.163806279739529
7107 0 0.01 147874.04813932188 6.7025858002032255 0.04881537733903811 9.163806279739529
7108 0 0.01 147874.04813932188 6.7025858002032255 0.04881537733903811 9.163806279739529
7109 0 0.01 147874.04813932188 6.7025858002032255 0.04881537733903811 9.163806279739529
7110 0 0.01 147874.04813932188 6.7025858002032255 0.04881537733903811 9.163806279739529
7111 0 0.01 147874.04813932188 6.7025858002032255 0.04881537733903811 9.163806279739529
7112 0 0.01 147874.04813932188 6.7025858002032255 0.04881537733903811 9.163806279739529
7113 0 0.01 147874.04813932188 6.7025858002032255 0.04881537733903811 9.163806279739529
7114 0 0.01 147874.04813932188 6.7025858002032255 0.04881537733903811 9.163806279739529
7115 0 0.01 147874.04813932188 6.7025858002032255 0.04881537733903811 9.163806279739529
7116 0 0.01 147874.04813932188 6.7025858002032255 0.04881537733903811 9.163806279739529
7117 0 0.01 147874.04813932188 6.7025858002032255 0.04881537733903811 9.163806279739529
7118 0 0.01 147874.04813932188 6.7025858002032255 0.04881537733903811 9.163806279739529
7119 0 0.01 147874.04813932188 6.7025858002032255 0.04881537733903811 9.163806279739529
7120 0 0.01 147874.04813932188 6.7025858002032255 0.04881537733903811 9.163806279739529
7121 0 0.01 147874.04813932188 6.7025858002032255 0.04881537733903811 9.163806279739529
7122 0 0.01 147874.04813932188 6.7025858002032255 0.04881537733903811 9.163806279739529
7123 0 0.01 147874.04813932188 6.7025858002032255 0.04881537733903811 9.163806279739529
7124 0 0.01 147874.04813932188 6.7025858002032255 0.04881537733903811 9.163806279739529
7125 0 0.01 147874.04813932188 6.7025858002032255 0.04881537733903811 9.163806279739529
7126 0 0.01 147874.04813932188 6.7025858002032255 0.04881537733903811 9.163806279739529
7127 0 0.01 147874.04813932188 6.7025858002032255 0.04881537733903811 9.163806279739529
7128 0 0.01 147874.04813932188 6.7025858002032255 0.04881537733903811 9.163806279739529
7129 0 0.01 147874.04813932188 6.7025858002032255 0.04881537733903811 9.163806279739529
7130 0 0.01 147874.04813932188 6.7025858002032255 0.04881537733903811 9.163806279739529
7131 0 0.01 147874.04813932188 6.7025858002032255 0.04881537733903811 9.163806279739529
7132 0 0.01 147874.04813932188 6.7025858002032255 0.04881537733903811 9.163806279739529
7133 0 0.01 147874.04813932188 6.7025858002032255 0.04881537733903811 9.163806279739529
7134 0 0.01 147874.04813932188 6.7025858002032255 0.04881537733903811 9.163806279739529
7135 0 0.01 147874.04813932188 6.7025858002032255 0.04881537733903811 9.163806279739529
7136 0 0.01 147874.04813932188 6.7025858002032255 0.04881537733903811 9.163806279739529
7137 0 0.01 147874.04813932188 6.7025858002032255 0.04881537733903811 9.163806279739529
7138 0 0.01 147874.04813932188 6.7025858002032255 0.04881537733903811 9.163806279739529
7139 0 0.01 147874.04813932188 6.7025858002032255 0.04881537733903811 9.163806279739529
7140 0 0.01 147874.04813932188 6.7025858002032255 0.04881537733903811 9.163806279739529
7141 0 0.01 147874.04813932188 6.7025858002032255 0.04881537733903811 9.163806279739529
7142 0 0.01 147874.04813932188 6.7025858002032255 0.04881537733903811 9.163806279739529
7143 0 0.01 147874.04813932188 6.7025858002032255 0.04881537733903811 9.163806279739529
7144 0 0.01 147874.04813932188 6.7025858002032255 0.04881537733903811 9.163806279739529
7145 0 0.01 147874.04813932188 6.7025858002032255 0.04881537733903811 9.163806279739529
7146 0 0.01 147874.04813932188 6.7025858002032255 0.04881537733903811 9.163806279739529
7147 0 0.01 147874.04813932188 6.7025858002032255 0.04881537733903811 9.163806279739529
7148 0 0.01 147874.04813932188 6.7025858002032255 0.04881537733903811 9.163806279739529
7149 0 0.01 147874.04813932188 6.7025858002032255 0.04881537733903811 9.163806279739529
7150 0 0.01 147874.04813932188 6.7025858002032255 0.04881537733903811 9.163806279739529
7151 0 0.01 147874.04813932188 6.7025858002032255 0.04881537733903811 9.163806279739529
7152 0 0.01 147874.04813932188 6.7025858002032255 0.04881537733903811 9.163806279739529
7153 0 0.01 147874.04813932188 6.7025858002032255 0.04881537733903811 9.163806279739529
7154 0 0.01 147874.04813932188 6.7025858002032255 0.04881537733903811 9.163806279739529
7155 0 0.01 147874.04813932188 6.7025858002032255 0.04881537733903811 9.163806279739529
7156 0 0.01 147874.04813932188 6.7025858002032255 0.04881537733903811 9.163806279739529
7157 0 0.01 147874.04813932188 6.7025858002032255 0.04881537733903811 9.163806279739529
7158 0 0.01 147874.04813932188 6.7025858002032255 0.04881537733903811 9.163806279739529
7159 0 0.01 147874.04813932188 6.7025858002032255 0.04881537733903811 9.163806279739529
7160 0 0.01 147874.04813932188 6.7025858002032255 0.04881537733903811 9.163806279739529
7161 0 0.01 147874.04813932188 6.7025858002032255 0.04881537733903811 9.163806279739529
7162 0 0.01 147874.04813932188 6.7025858002032255 0.04881537733903811 9.163806279739529
7163 0 0.01 147874.04813932188 6.7025858002032255 0.04881537733903811 9.163806279739529
7164 0 0.01 147874.04813932188 6.7025858002032255 0.04881537733903811 9.163806279739529
7165 0 0.01 147874.04813932188 6.7025858002032255 0.04881537733903811 9.163806279739529
7166 0 0.01 147874.04813932188 6.7025858002032255 0.04881537733903811 9.163806279739529
7167 0 0.01 147874.04813932188 6.7025858002032255 0.04881537733903811 9.163806279739529
7168 0 0.01 147874.04813932188 6.7025858002032255 0.04881537733903811 9.163806279739529
7169 0 0.01 147874.04813932188 6.7025858002032255 0.04881537733903811 9.163806279739529
7170 0 0.01 147874.04813932188 6.7025858002032255 0.04881537733903811 9.163806279739529
7171 0 0.01 147874.04813932188 6.7025858002032255 0.04881537733903811 9.163806279739529
7172 0 0.01 147874.04813932188 6.7025858002032255 0.04881537733903811 9.163806279739529
7173 0 0.01 147874.04813932188 6.7025858002032255 0.04881537733903811 9.163806279739529
7174 0 0.01 147874.04813932188 6.7025858002032255 0.04881537733903811 9.163806279739529
7175 0 0.01 147874.04813932188 6.7025858002032255 0.04881537733903811 9.163806279739529
7176 0 0.01 147874.04813932188 6.7025858002032255 0.04881537733903811 9.163806279739529
7177 0 0.01 147874.04813932188 6.7025858002032255 0.04881537733903811 9.163806279739529
7178 0 0.01 147874.04813932188 6.7025858002032255 0.04881537733903811 9.163806279739529
7179 0 0.01 147874.04813932188 6.7025858002032255 0.04881537733903811 9.163806279739529
7180 0 0.01 147874.04813932188 6.7025858002032255 0.04881537733903811 9.163806279739529
7181 0 0.01 147874.04813932188 6.7025858002032255 0.04881537733903811 9.163806279739529
7182 0 0.01 147874.04813932188 6.7025858002032255 0.04881537733903811 9.163806279739529
7183 0 0.01 147874.04813932188 6.7025858002032255 0.04881537733903811 9.163806279739529
7184 0 0.01 147874.04813932188 6.7025858002032255 0.04881537733903811 9.163806279739529
7185 0 0.01 147874.04813932188 6.7025858002032255 0.04881537733903811 9.163806279739529
7186 0 0.01 147874.04813932188 6.7025858002032255 0.04881537733903811 9.163806279739529
7187 0 0.01 147874.04813932188 6.7025858002032255 0.04881537733903811 9.163806279739529
7188 0 0.01 147874.04813932188 6.7025858002032255 0.04881537733903811 9.163806279739529
7189 0 0.01 147874.04813932188 6.7025858002032255 0.04881537733903811 9.163806279739529
7190 0 0.01 147874.04813932188 6.7025858002032255 0.04881537733903811 9.163806279739529
7191 0 0.01 147874.04813932188 6.7025858002032255 0.04881537733903811 9.163806279739529
7192 0 0.01 147874.04813932188 6.7025858002032255 0.04881537733903811 9.163806279739529
7193 0 0.01 147874.04813932188 6.7025858002032255 0.04881537733903811 9.163806279739529
7194 0 0.01 147874.04813932188 6.7025858002032255 0.04881537733903811 9.163806279739529
7195 0 0.01 147874.04813932188 6.7025858002032255 0.04881537733903811 9.163806279739529
7196 0 0.01 147874.04813932188 6.7025858002032255 0.04881537733903811 9.163806279739529
7197 0 0.01 147874.04813932188 6.7025858002032255 0.04881537733903811 9.163806279739529
7198 0 0.01 147874.04813932188 6.7025858002032255 0.04881537733903811 9.163806279739529
7199 0 0.01 147874.04813932188 6.7025858002032255 0.04881537733903811 9.163806279739529
7200 0 0.01 147874.04813932188 6.7025858002032255 0.04881537733903811 9.163806279739529
7201 0 0.01 147874.04813932188 6.7025858002032255 0.04881537733903811 9.163806279739529
7202 0 0.01 147874.04813932188 6.7025858002032255 0.04881537733903811 9.163806279739529
7203 0 0.01 147874.04813932188 6.7025858002032255 0.04881537733903811 9.163806279739529
7204 0 0.01 147874.04813932188 6.7025858002032255 0.04881537733903811 9.163806279739529
7205 0 0.01 147874.04813932188 6.7025858002032255 0.04881537733903811 9.163806279739529
7206 0 0.01 147874.04813932188 6.7025858002032255 0.04881537733903811 9.163806279739529
7207 0 0.01 147874.04813932188 6.7025858002032255 0.04881537733903811 9.163806279739529
7208 0 0.01 147874.04813932188 6.7025858002032255 0.04881537733903811 9.163806279739529
7209 0 0.01 147874.04813932188 6.7025858002032255 0.04881537733903811 9.163806279739529
7210 0 0.01 147874.04813932188 6.7025858002032255 0.04881537733903811 9.163806279739529
7211 0 0.01 147874.04813932188 6.7025858002032255 0.04881537733903811 9.163806279739529
7212 0 0.01 147874.04813932188 6.7025858002032255 0.04881537733903811 9.163806279739529
7213 0 0.01 147874.04813932188 6.7025858002032255 0.04881537733903811 9.163806279739529
7214 0 0.01 147874.04813932188 6.7025858002032255 0.04881537733903811 9.163806279739529
7215 0 0.01 147874.04813932188 6.7025858002032255 0.04881537733903811 9.163806279739529
7216 0 0.01 147874.04813932188 6.7025858002032255 0.04881537733903811 9.163806279739529
7217 0 0.01 147874.04813932188 6.7025858002032255 0.04881537733903811 9.163806279739529
7218 0 0.01 147874.04813932188 6.7025858002032255 0.04881537733903811 9.163806279739529
7219 0 0.01 147874.04813932188 6.7025858002032255 0.04881537733903811 9.163806279739529
7220 0 0.01 147874.04813932188 6.7025858002032255 0.04881537733903811 9.163806279739529
7221 0 0.01 147874.04813932188 6.7025858002032255 0.04881537733903811 9.163806279739529
7222 0 0.01 147874.04813932188 6.7025858002032255 0.04881537733903811 9.163806279739529
7223 0 0.01 147874.04813932188 6.7025858002032255 0.04881537733903811 9.163806279739529
7224 0 0.01 147874.04813932188 6.7025858002032255 0.04881537733903811 9.163806279739529
7225 0 0.01 147874.04813932188 6.7025858002032255 0.04881537733903811 9.163806279739529
7226 0 0.01 147874.04813932188 6.7025858002032255 0.04881537733903811 9.163806279739529
7227 0 0.01 147874.04813932188 6.7025858002032255 0.04881537733903811 9.163806279739529
7228 0 0.01 147874.04813932188 6.7025858002032255 0.04881537733903811 9.163806279739529
7229 0 0.01 147874.04813932188 6.7025858002032255 0.04881537733903811 9.163806279739529
7230 0 0.01 147874.04813932188 6.7025858002032255 0.04881537733903811 9.163806279739529
7231 0 0.01 147874.04813932188 6.7025858002032255 0.04881537733903811 9.163806279739529
7232 0 0.01 147874.04813932188 6.7025858002032255 0.04881537733903811 9.163806279739529
7233 0 0.01 147874.04813932188 6.7025858002032255 0.04881537733903811 9.163806279739529
7234 0 0.01 147874.04813932188 6.7025858002032255 0.04881537733903811 9.163806279739529
7235 0 0.01 147874.04813932188 6.7025858002032255 0.04881537733903811 9.163806279739529
7236 0 0.01 147874.04813932188 6.7025858002032255 0.04881537733903811 9.163806279739529
7237 0 0.01 147874.04813932188 6.7025858002032255 0.04881537733903811 9.163806279739529
7238 0 0.01 147874.04813932188 6.7025858002032255 0.04881537733903811 9.163806279739529
7239 0 0.01 147874.04813932188 6.7025858002032255 0.04881537733903811 9.163806279739529
7240 0 0.01 147874.04813932188 6.7025858002032255 0.04881537733903811 9.163806279739529
7241 0 0.01 147874.04813932188 6.7025858002032255 0.04881537733903811 9.163806279739529
7242 0 0.01 147874.04813932188 6.7025858002032255 0.04881537733903811 9.163806279739529
7243 0 0.01 147874.04813932188 6.7025858002032255 0.04881537733903811 9.163806279739529
7244 0 0.01 147874.04813932188 6.7025858002032255 0.04881537733903811 9.163806279739529
7245 0 0.01 147874.04813932188 6.7025858002032255 0.04881537733903811 9.163806279739529
7246 0 0.01 147874.04813932188 6.7025858002032255 0.04881537733903811 9.163806279739529
7247 0 0.01 147874.04813932188 6.7025858002032255 0.04881537733903811 9.163806279739529
7248 0 0.01 147874.04813932188 6.7025858002032255 0.04881537733903811 9.163806279739529
7249 0 0.01 147874.04813932188 6.7025858002032255 0.04881537733903811 9.163806279739529
7250 0 0.01 147874.04813932188 6.7025858002032255 0.04881537733903811 9.163806279739529
7251 0 0.01 147874.04813932188 6.7025858002032255 0.04881537733903811 9.163806279739529
7252 0 0.01 147874.04813932188 6.7025858002032255 0.04881537733903811 9.163806279739529
7253 0 0.01 147874.04813932188 6.7025858002032255 0.04881537733903811 9.163806279739529
7254 0 0.01 147874.04813932188 6.7025858002032255 0.04881537733903811 9.163806279739529
7255 0 0.01 147874.04813932188 6.7025858002032255 0.04881537733903811 9.163806279739529
7256 0 0.01 147874.04813932188 6.7025858002032255 0.04881537733903811 9.163806279739529
7257 0 0.01 147874.04813932188 6.7025858002032255 0.04881537733903811 9.163806279739529
7258 0 0.01 147874.04813932188 6.7025858002032255 0.04881537733903811 9.163806279739529
7259 0 0.01 147874.04813932188 6.7025858002032255 0.04881537733903811 9.163806279739529
7260 0 0.01 147874.04813932188 6.7025858002032255 0.04881537733903811 9.163806279739529
7261 0 0.01 147874.04813932188 6.7025858002032255 0.04881537733903811 9.163806279739529
7262 0 0.01 147874.04813932188 6.7025858002032255 0.04881537733903811 9.163806279739529
7263 0 0.01 147874.04813932188 6.7025858002032255 0.04881537733903811 9.163806279739529
7264 0 0.01 147874.04813932188 6.7025858002032255 0.04881537733903811 9.163806279739529
7265 0 0.01 147874.04813932188 6.7025858002032255 0.04881537733903811 9.163806279739529
7266 0 0.01 147874.04813932188 6.7025858002032255 0.04881537733903811 9.163806279739529
7267 0 0.01 147874.04813932188 6.7025858002032255 0.04881537733903811 9.163806279739529
7268 0 0.01 147874.04813932188 6.7025858002032255 0.04881537733903811 9.163806279739529
7269 0 0.01 147874.04813932188 6.7025858002032255 0.04881537733903811 9.163806279739529
7270 0 0.01 147874.04813932188 6.7025858002032255 0.04881537733903811 9.163806279739529
7271 0 0.01 147874.04813932188 6.7025858002032255 0.04881537733903811 9.163806279739529
7272 0 0.01 147874.04813932188 6.7025858002032255 0.04881537733903811 9.163806279739529
7273 0 0.01 147874.04813932188 6.7025858002032255 0.04881537733903811 9.163806279739529
7274 0 0.01 147874.04813932188 6.7025858002032255 0.04881537733903811 9.163806279739529
7275 0 0.01 147874.04813932188 6.7025858002032255 0.04881537733903811 9.163806279739529
7276 0 0.01 147874.04813932188 6.7025858002032255 0.04881537733903811 9.163806279739529
7277 0 0.01 147874.04813932188 6.7025858002032255 0.04881537733903811 9.163806279739529
7278 0 0.01 147874.04813932188 6.7025858002032255 0.04881537733903811 9.163806279739529
7279 0 0.01 147874.04813932188 6.7025858002032255 0.04881537733903811 9.163806279739529
7280 0 0.01 147874.04813932188 6.7025858002032255 0.04881537733903811 9.163806279739529
7281 0 0.01 147874.04813932188 6.7025858002032255 0.04881537733903811 9.163806279739529
7282 0 0.01 147874.04813932188 6.7025858002032255 0.04881537733903811 9.163806279739529
7283 0 0.01 147874.04813932188 6.7025858002032255 0.04881537733903811 9.163806279739529
7284 0 0.01 147874.04813932188 6.7025858002032255 0.04881537733903811 9.163806279739529
7285 0 0.01 147874.04813932188 6.7025858002032255 0.04881537733903811 9.163806279739529
7286 0 0.01 147874.04813932188 6.7025858002032255 0.04881537733903811 9.163806279739529
7287 0 0.01 147874.04813932188 6.7025858002032255 0.04881537733903811 9.163806279739529
7288 0 0.01 147874.04813932188 6.7025858002032255 0.04881537733903811 9.163806279739529
7289 0 0.01 147874.04813932188 6.7025858002032255 0.04881537733903811 9.163806279739529
7290 0 0.01 147874.04813932188 6.7025858002032255 0.04881537733903811 9.163806279739529
7291 0 0.01 147874.04813932188 6.7025858002032255 0.04881537733903811 9.163806279739529
7292 0 0.01 147874.04813932188 6.7025858002032255 0.04881537733903811 9.163806279739529
7293 0 0.01 147874.04813932188 6.7025858002032255 0.04881537733903811 9.163806279739529
7294 0 0.01 147874.04813932188 6.7025858002032255 0.04881537733903811 9.163806279739529
7295 0 0.01 147874.04813932188 6.7025858002032255 0.04881537733903811 9.163806279739529
7296 0 0.01 147874.04813932188 6.7025858002032255 0.04881537733903811 9.163806279739529
7297 0 0.01 147874.04813932188 6.7025858002032255 0.04881537733903811 9.163806279739529
7298 0 0.01 147874.04813932188 6.7025858002032255 0.04881537733903811 9.163806279739529
7299 0 0.01 147874.04813932188 6.7025858002032255 0.04881537733903811 9.163806279739529
7300 0 0.01 147874.04813932188 6.7025858002032255 0.04881537733903811 9.163806279739529
7301 0 0.01 147874.04813932188 6.7025858002032255 0.04881537733903811 9.163806279739529
7302 0 0.01 147874.04813932188 6.7025858002032255 0.04881537733903811 9.163806279739529
7303 0 0.01 147874.04813932188 6.7025858002032255 0.04881537733903811 9.163806279739529
7304 0 0.01 147874.04813932188 6.7025858002032255 0.04881537733903811 9.163806279739529
7305 0 0.01 147874.04813932188 6.7025858002032255 0.04881537733903811 9.163806279739529
7306 0 0.01 147874.04813932188 6.7025858002032255 0.04881537733903811 9.163806279739529
7307 0 0.01 147874.04813932188 6.7025858002032255 0.04881537733903811 9.163806279739529
7308 0 0.01 147874.04813932188 6.7025858002032255 0.04881537733903811 9.163806279739529
7309 0 0.01 147874.04813932188 6.7025858002032255 0.04881537733903811 9.163806279739529
7310 0 0.01 147874.04813932188 6.7025858002032255 0.04881537733903811 9.163806279739529
7311 0 0.01 147874.04813932188 6.7025858002032255 0.04881537733903811 9.163806279739529
7312 0 0.01 147874.04813932188 6.7025858002032255 0.04881537733903811 9.163806279739529
7313 0 0.01 147874.04813932188 6.7025858002032255 0.04881537733903811 9.163806279739529
7314 0 0.01 147874.04813932188 6.7025858002032255 0.04881537733903811 9.163806279739529
7315 0 0.01 147874.04813932188 6.7025858002032255 0.04881537733903811 9.163806279739529
7316 0 0.01 147874.04813932188 6.7025858002032255 0.04881537733903811 9.163806279739529
7317 0 0.01 147874.04813932188 6.7025858002032255 0.04881537733903811 9.163806279739529
7318 0 0.01 147874.04813932188 6.7025858002032255 0.04881537733903811 9.163806279739529
7319 0 0.01 147874.04813932188 6.7025858002032255 0.04881537733903811 9.163806279739529
7320 0 0.01 147874.04813932188 6.7025858002032255 0.04881537733903811 9.163806279739529
7321 0 0.01 147874.04813932188 6.7025858002032255 0.04881537733903811 9.163806279739529
7322 0 0.01 147874.04813932188 6.7025858002032255 0.04881537733903811 9.163806279739529
7323 0 0.01 147874.04813932188 6.7025858002032255 0.04881537733903811 9.163806279739529
7324 0 0.01 147874.04813932188 6.7025858002032255 0.04881537733903811 9.163806279739529
7325 0 0.01 147874.04813932188 6.7025858002032255 0.04881537733903811 9.163806279739529
7326 0 0.01 147874.04813932188 6.7025858002032255 0.04881537733903811 9.163806279739529
7327 0 0.01 147874.04813932188 6.7025858002032255 0.04881537733903811 9.163806279739529
7328 0 0.01 147874.04813932188 6.7025858002032255 0.04881537733903811 9.163806279739529
7329 0 0.01 147874.04813932188 6.7025858002032255 0.04881537733903811 9.163806279739529
7330 0 0.01 147874.04813932188 6.7025858002032255 0.04881537733903811 9.163806279739529
7331 0 0.01 147874.04813932188 6.7025858002032255 0.04881537733903811 9.163806279739529
7332 0 0.01 147874.04813932188 6.7025858002032255 0.04881537733903811 9.163806279739529
7333 0 0.01 147874.04813932188 6.7025858002032255 0.04881537733903811 9.163806279739529
7334 0 0.01 147874.04813932188 6.7025858002032255 0.04881537733903811 9.163806279739529
7335 0 0.01 147874.04813932188 6.7025858002032255 0.04881537733903811 9.163806279739529
7336 0 0.01 147874.04813932188 6.7025858002032255 0.04881537733903811 9.163806279739529
7337 0 0.01 147874.04813932188 6.7025858002032255 0.04881537733903811 9.163806279739529
7338 0 0.01 147874.04813932188 6.7025858002032255 0.04881537733903811 9.163806279739529
7339 0 0.01 147874.04813932188 6.7025858002032255 0.04881537733903811 9.163806279739529
7340 0 0.01 147874.04813932188 6.7025858002032255 0.04881537733903811 9.163806279739529
7341 0 0.01 147874.04813932188 6.7025858002032255 0.04881537733903811 9.163806279739529
7342 0 0.01 147874.04813932188 6.7025858002032255 0.04881537733903811 9.163806279739529
7343 0 0.01 147874.04813932188 6.7025858002032255 0.04881537733903811 9.163806279739529
7344 0 0.01 147874.04813932188 6.7025858002032255 0.04881537733903811 9.163806279739529
7345 0 0.01 147874.04813932188 6.7025858002032255 0.04881537733903811 9.163806279739529
7346 0 0.01 147874.04813932188 6.7025858002032255 0.04881537733903811 9.163806279739529
7347 0 0.01 147874.04813932188 6.7025858002032255 0.04881537733903811 9.163806279739529
7348 0 0.01 147874.04813932188 6.7025858002032255 0.04881537733903811 9.163806279739529
7349 0 0.01 147874.04813932188 6.7025858002032255 0.04881537733903811 9.163806279739529
7350 0 0.01 147874.04813932188 6.7025858002032255 0.04881537733903811 9.163806279739529
7351 0 0.01 147874.04813932188 6.7025858002032255 0.04881537733903811 9.163806279739529
7352 0 0.01 147874.04813932188 6.7025858002032255 0.04881537733903811 9.163806279739529
7353 0 0.01 147874.04813932188 6.7025858002032255 0.04881537733903811 9.163806279739529
7354 0 0.01 147874.04813932188 6.7025858002032255 0.04881537733903811 9.163806279739529
7355 0 0.01 147874.04813932188 6.7025858002032255 0.04881537733903811 9.163806279739529
7356 0 0.01 147874.04813932188 6.7025858002032255 0.04881537733903811 9.163806279739529
7357 0 0.01 147874.04813932188 6.7025858002032255 0.04881537733903811 9.163806279739529
7358 0 0.01 147874.04813932188 6.7025858002032255 0.04881537733903811 9.163806279739529
7359 0 0.01 147874.04813932188 6.7025858002032255 0.04881537733903811 9.163806279739529
7360 0 0.01 147874.04813932188 6.7025858002032255 0.04881537733903811 9.163806279739529
7361 0 0.01 147874.04813932188 6.7025858002032255 0.04881537733903811 9.163806279739529
7362 0 0.01 147874.04813932188 6.7025858002032255 0.04881537733903811 9.163806279739529
7363 0 0.01 147874.04813932188 6.7025858002032255 0.04881537733903811 9.163806279739529
7364 0 0.01 147874.04813932188 6.7025858002032255 0.04881537733903811 9.163806279739529
7365 0 0.01 147874.04813932188 6.7025858002032255 0.04881537733903811 9.163806279739529
7366 0 0.01 147874.04813932188 6.7025858002032255 0.04881537733903811 9.163806279739529
7367 0 0.01 147874.04813932188 6.7025858002032255 0.04881537733903811 9.163806279739529
7368 0 0.01 147874.04813932188 6.7025858002032255 0.04881537733903811 9.163806279739529
7369 0 0.01 147874.04813932188 6.7025858002032255 0.04881537733903811 9.163806279739529
7370 0 0.01 147874.04813932188 6.7025858002032255 0.04881537733903811 9.163806279739529
7371 0 0.01 147874.04813932188 6.7025858002032255 0.04881537733903811 9.163806279739529
7372 0 0.01 147874.04813932188 6.7025858002032255 0.04881537733903811 9.163806279739529
7373 0 0.01 147874.04813932188 6.7025858002032255 0.04881537733903811 9.163806279739529
7374 0 0.01 147874.04813932188 6.7025858002032255 0.04881537733903811 9.163806279739529
7375 0 0.01 147874.04813932188 6.7025858002032255 0.04881537733903811 9.163806279739529
7376 0 0.01 147874.04813932188 6.7025858002032255 0.04881537733903811 9.163806279739529
7377 0 0.01 147874.04813932188 6.7025858002032255 0.04881537733903811 9.163806279739529
7378 0 0.01 147874.04813932188 6.7025858002032255 0.04881537733903811 9.163806279739529
7379 0 0.01 147874.04813932188 6.7025858002032255 0.04881537733903811 9.163806279739529
7380 0 0.01 147874.04813932188 6.7025858002032255 0.04881537733903811 9.163806279739529
7381 0 0.01 147874.04813932188 6.7025858002032255 0.04881537733903811 9.163806279739529
7382 0 0.01 147874.04813932188 6.7025858002032255 0.04881537733903811 9.163806279739529
7383 0 0.01 147874.04813932188 6.7025858002032255 0.04881537733903811 9.163806279739529
7384 0 0.01 147874.04813932188 6.7025858002032255 0.04881537733903811 9.163806279739529
7385 0 0.01 147874.04813932188 6.7025858002032255 0.04881537733903811 9.163806279739529
7386 0 0.01 147874.04813932188 6.7025858002032255 0.04881537733903811 9.163806279739529
7387 0 0.01 147874.04813932188 6.7025858002032255 0.04881537733903811 9.163806279739529
7388 0 0.01 147874.04813932188 6.7025858002032255 0.04881537733903811 9.163806279739529
7389 0 0.01 147874.04813932188 6.7025858002032255 0.04881537733903811 9.163806279739529
7390 0 0.01 147874.04813932188 6.7025858002032255 0.04881537733903811 9.163806279739529
7391 0 0.01 147874.04813932188 6.7025858002032255 0.04881537733903811 9.163806279739529
7392 0 0.01 147874.04813932188 6.7025858002032255 0.04881537733903811 9.163806279739529
7393 0 0.01 147874.04813932188 6.7025858002032255 0.04881537733903811 9.163806279739529
7394 0 0.01 147874.04813932188 6.7025858002032255 0.04881537733903811 9.163806279739529
7395 0 0.01 147874.04813932188 6.7025858002032255 0.04881537733903811 9.163806279739529
7396 0 0.01 147874.04813932188 6.7025858002032255 0.04881537733903811 9.163806279739529
7397 0 0.01 147874.04813932188 6.7025858002032255 0.04881537733903811 9.163806279739529
7398 0 0.01 147874.04813932188 6.7025858002032255 0.04881537733903811 9.163806279739529
7399 0 0.01 147874.04813932188 6.7025858002032255 0.04881537733903811 9.163806279739529
7400 0 0.01 147874.04813932188 6.7025858002032255 0.04881537733903811 9.163806279739529
7401 0 0.01 147874.04813932188 6.7025858002032255 0.04881537733903811 9.163806279739529
7402 0 0.01 147874.04813932188 6.7025858002032255 0.04881537733903811 9.163806279739529
7403 0 0.01 147874.04813932188 6.7025858002032255 0.04881537733903811 9.163806279739529
7404 0 0.01 147874.04813932188 6.7025858002032255 0.04881537733903811 9.163806279739529
7405 0 0.01 147874.04813932188 6.7025858002032255 0.04881537733903811 9.163806279739529
7406 0 0.01 147874.04813932188 6.7025858002032255 0.04881537733903811 9.163806279739529
7407 0 0.01 147874.04813932188 6.7025858002032255 0.04881537733903811 9.163806279739529
7408 0 0.01 147874.04813932188 6.7025858002032255 0.04881537733903811 9.163806279739529
7409 0 0.01 147874.04813932188 6.7025858002032255 0.04881537733903811 9.163806279739529
7410 0 0.01 147874.04813932188 6.7025858002032255 0.04881537733903811 9.163806279739529
7411 0 0.01 147874.04813932188 6.7025858002032255 0.04881537733903811 9.163806279739529
7412 0 0.01 147874.04813932188 6.7025858002032255 0.04881537733903811 9.163806279739529
7413 0 0.01 147874.04813932188 6.7025858002032255 0.04881537733903811 9.163806279739529
7414 0 0.01 147874.04813932188 6.7025858002032255 0.04881537733903811 9.163806279739529
7415 0 0.01 147874.04813932188 6.7025858002032255 0.04881537733903811 9.163806279739529
7416 0 0.01 147874.04813932188 6.7025858002032255 0.04881537733903811 9.163806279739529
7417 0 0.01 147874.04813932188 6.7025858002032255 0.04881537733903811 9.163806279739529
7418 0 0.01 147874.04813932188 6.7025858002032255 0.04881537733903811 9.163806279739529
7419 0 0.01 147874.04813932188 6.7025858002032255 0.04881537733903811 9.163806279739529
7420 0 0.01 147874.04813932188 6.7025858002032255 0.04881537733903811 9.163806279739529
7421 0 0.01 147874.04813932188 6.7025858002032255 0.04881537733903811 9.163806279739529
7422 0 0.01 147874.04813932188 6.7025858002032255 0.04881537733903811 9.163806279739529
7423 0 0.01 147874.04813932188 6.7025858002032255 0.04881537733903811 9.163806279739529
7424 0 0.01 147874.04813932188 6.7025858002032255 0.04881537733903811 9.163806279739529
7425 0 0.01 147874.04813932188 6.7025858002032255 0.04881537733903811 9.163806279739529
7426 0 0.01 147874.04813932188 6.7025858002032255 0.04881537733903811 9.163806279739529
7427 0 0.01 147874.04813932188 6.7025858002032255 0.04881537733903811 9.163806279739529
7428 0 0.01 147874.04813932188 6.7025858002032255 0.04881537733903811 9.163806279739529
7429 0 0.01 147874.04813932188 6.7025858002032255 0.04881537733903811 9.163806279739529
7430 0 0.01 147874.04813932188 6.7025858002032255 0.04881537733903811 9.163806279739529
7431 0 0.01 147874.04813932188 6.7025858002032255 0.04881537733903811 9.163806279739529
7432 0 0.01 147874.04813932188 6.7025858002032255 0.04881537733903811 9.163806279739529
7433 0 0.01 147874.04813932188 6.7025858002032255 0.04881537733903811 9.163806279739529
7434 0 0.01 147874.04813932188 6.7025858002032255 0.04881537733903811 9.163806279739529
7435 0 0.01 147874.04813932188 6.7025858002032255 0.04881537733903811 9.163806279739529
7436 0 0.01 147874.04813932188 6.7025858002032255 0.04881537733903811 9.163806279739529
7437 0 0.01 147874.04813932188 6.7025858002032255 0.04881537733903811 9.163806279739529
7438 0 0.01 147687.80299386164 6.71536700757792 0.049198687659258264 9.184955456989139
7439 0 0.01 147687.80299386164 6.71536700757792 0.049198687659258264 9.184955456989139
7440 0 0.01 147687.80299386164 6.71536700757792 0.049198687659258264 9.184955456989139
7441 0 0.01 147687.80299386164 6.71536700757792 0.049198687659258264 9.184955456989139
7442 0 0.01 147687.80299386164 6.71536700757792 0.049198687659258264 9.184955456989139
7443 0 0.01 147687.80299386164 6.71536700757792 0.049198687659258264 9.184955456989139
7444 0 0.01 147687.80299386164 6.71536700757792 0.049198687659258264 9.184955456989139
7445 0 0.01 147687.80299386164 6.71536700757792 0.049198687659258264 9.184955456989139
7446 0 0.01 147687.80299386164 6.71536700757792 0.049198687659258264 9.184955456989139
7447 0 0.01 147687.80299386164 6.71536700757792 0.049198687659258264 9.184955456989139
7448 0 0.01 147687.80299386164 6.71536700757792 0.049198687659258264 9.184955456989139
7449 0 0.01 147687.80299386164 6.71536700757792 0.049198687659258264 9.184955456989139
7450 0 0.01 147687.80299386164 6.71536700757792 0.049198687659258264 9.184955456989139
7451 0 0.01 147687.80299386164 6.71536700757792 0.049198687659258264 9.184955456989139
7452 0 0.01 147687.80299386164 6.71536700757792 0.049198687659258264 9.184955456989139
7453 0 0.01 147687.80299386164 6.71536700757792 0.049198687659258264 9.184955456989139
7454 0 0.01 147687.80299386164 6.71536700757792 0.049198687659258264 9.184955456989139
7455 0 0.01 147687.80299386164 6.71536700757792 0.049198687659258264 9.184955456989139
7456 0 0.01 147687.80299386164 6.71536700757792 0.049198687659258264 9.184955456989139
7457 0 0.01 147687.80299386164 6.71536700757792 0.049198687659258264 9.184955456989139
7458 0 0.01 147687.80299386164 6.71536700757792 0.049198687659258264 9.184955456989139
7459 0 0.01 147687.80299386164 6.71536700757792 0.049198687659258264 9.184955456989139
7460 0 0.01 147687.80299386164 6.71536700757792 0.049198687659258264 9.184955456989139
7461 0 0.01 147687.80299386164 6.71536700757792 0.049198687659258264 9.184955456989139
7462 0 0.01 147687.80299386164 6.71536700757792 0.049198687659258264 9.184955456989139
7463 0 0.01 147687.80299386164 6.71536700757792 0.049198687659258264 9.184955456989139
7464 0 0.01 147687.80299386164 6.71536700757792 0.049198687659258264 9.184955456989139
7465 0 0.01 147687.80299386164 6.71536700757792 0.049198687659258264 9.184955456989139
7466 0 0.01 147687.80299386164 6.71536700757792 0.049198687659258264 9.184955456989139
7467 0 0.01 147687.80299386164 6.71536700757792 0.049198687659258264 9.184955456989139
7468 0 0.01 147687.80299386164 6.71536700757792 0.049198687659258264 9.184955456989139
7469 0 0.01 147687.80299386164 6.71536700757792 0.049198687659258264 9.184955456989139
7470 0 0.01 147687.80299386164 6.71536700757792 0.049198687659258264 9.184955456989139
7471 0 0.01 147687.80299386164 6.71536700757792 0.049198687659258264 9.184955456989139
7472 0 0.01 147473.09949348628 6.7008443188609155 0.048985630287100124 9.19649694676532
7473 0 0.01 147473.09949348628 6.7008443188609155 0.048985630287100124 9.19649694676532
7474 0 0.01 147473.09949348628 6.7008443188609155 0.048985630287100124 9.19649694676532
7475 0 0.01 147473.09949348628 6.7008443188609155 0.048985630287100124 9.19649694676532
7476 0 0.01 147473.09949348628 6.7008443188609155 0.048985630287100124 9.19649694676532
7477 0 0.01 147473.09949348628 6.7008443188609155 0.048985630287100124 9.19649694676532
7478 0 0.01 147473.09949348628 6.7008443188609155 0.048985630287100124 9.19649694676532
7479 0 0.01 147473.09949348628 6.7008443188609155 0.048985630287100124 9.19649694676532
7480 0 0.01 147473.09949348628 6.7008443188609155 0.048985630287100124 9.19649694676532
7481 0 0.01 147473.09949348628 6.7008443188609155 0.048985630287100124 9.19649694676532
7482 0 0.01 147473.09949348628 6.7008443188609155 0.048985630287100124 9.19649694676532
7483 0 0.01 147473.09949348628 6.7008443188609155 0.048985630287100124 9.19649694676532
7484 0 0.01 147473.09949348628 6.7008443188609155 0.048985630287100124 9.19649694676532
7485 0 0.01 147473.09949348628 6.7008443188609155 0.048985630287100124 9.19649694676532
7486 0 0.01 147473.09949348628 6.7008443188609155 0.048985630287100124 9.19649694676532
7487 0 0.01 147473.09949348628 6.7008443188609155 0.048985630287100124 9.19649694676532
7488 0 0.01 147473.09949348628 6.7008443188609155 0.048985630287100124 9.19649694676532
7489 0 0.01 147473.09949348628 6.7008443188609155 0.048985630287100124 9.19649694676532
7490 0 0.01 147473.09949348628 6.7008443188609155 0.048985630287100124 9.19649694676532
7491 0 0.01 147473.09949348628 6.7008443188609155 0.048985630287100124 9.19649694676532
7492 0 0.01 147473.09949348628 6.7008443188609155 0.048985630287100124 9.19649694676532
7493 0 0.01 147473.09949348628 6.7008443188609155 0.048985630287100124 9.19649694676532
7494 0 0.01 147473.09949348628 6.7008443188609155 0.048985630287100124 9.19649694676532
7495 0 0.01 147473.09949348628 6.7008443188609155 0.048985630287100124 9.19649694676532
7496 0 0.01 147473.09949348628 6.7008443188609155 0.048985630287100124 9.19649694676532
7497 0 0.01 147473.09949348628 6.7008443188609155 0.048985630287100124 9.19649694676532
7498 0 0.01 147473.09949348628 6.7008443188609155 0.048985630287100124 9.19649694676532
7499 0 0.01 147473.09949348628 6.7008443188609155 0.048985630287100124 9.19649694676532
7500 0 0.01 147473.09949348628 6.7008443188609155 0.048985630287100124 9.19649694676532
7501 0 0.01 147473.09949348628 6.7008443188609155 0.048985630287100124 9.19649694676532
7502 0 0.01 147473.09949348628 6.7008443188609155 0.048985630287100124 9.19649694676532
7503 0 0.01 147473.09949348628 6.7008443188609155 0.048985630287100124 9.19649694676532
7504 0 0.01 147473.09949348628 6.7008443188609155 0.048985630287100124 9.19649694676532
7505 0 0.01 147473.09949348628 6.7008443188609155 0.048985630287100124 9.19649694676532
7506 0 0.01 147473.09949348628 6.7008443188609155 0.048985630287100124 9.19649694676532
7507 0 0.01 147473.09949348628 6.7008443188609155 0.048985630287100124 9.19649694676532
7508 0 0.01 147473.09949348628 6.7008443188609155 0.048985630287100124 9.19649694676532
7509 0 0.01 147473.09949348628 6.7008443188609155 0.048985630287100124 9.19649694676532
7510 0 0.01 147473.09949348628 6.7008443188609155 0.048985630287100124 9.19649694676532
7511 0 0.01 147473.09949348628 6.7008443188609155 0.048985630287100124 9.19649694676532
7512 0 0.01 147473.09949348628 6.7008443188609155 0.048985630287100124 9.19649694676532
7513 0 0.01 147473.09949348628 6.7008443188609155 0.048985630287100124 9.19649694676532
7514 0 0.01 147473.09949348628 6.7008443188609155 0.048985630287100124 9.19649694676532
7515 0 0.01 147473.09949348628 6.7008443188609155 0.048985630287100124 9.19649694676532
7516 0 0.01 147473.09949348628 6.7008443188609155 0.048985630287100124 9.19649694676532
7517 0 0.01 147473.09949348628 6.7008443188609155 0.048985630287100124 9.19649694676532
7518 0 0.01 147473.09949348628 6.7008443188609155 0.048985630287100124 9.19649694676532
7519 0 0.01 147473.09949348628 6.7008443188609155 0.048985630287100124 9.19649694676532
7520 0 0.01 147473.09949348628 6.7008443188609155 0.048985630287100124 9.19649694676532
7521 0 0.01 147473.09949348628 6.7008443188609155 0.048985630287100124 9.19649694676532
7522 0 0.01 147473.09949348628 6.7008443188609155 0.048985630287100124 9.19649694676532
7523 0 0.01 147473.09949348628 6.7008443188609155 0.048985630287100124 9.19649694676532
7524 0 0.01 147473.09949348628 6.7008443188609155 0.048985630287100124 9.19649694676532
7525 0 0.01 147473.09949348628 6.7008443188609155 0.048985630287100124 9.19649694676532
7526 0 0.01 147473.09949348628 6.7008443188609155 0.048985630287100124 9.19649694676532
7527 0 0.01 147473.09949348628 6.7008443188609155 0.048985630287100124 9.19649694676532
7528 0 0.01 147473.09949348628 6.7008443188609155 0.048985630287100124 9.19649694676532
7529 0 0.01 147473.09949348628 6.7008443188609155 0.048985630287100124 9.19649694676532
7530 0 0.01 147473.09949348628 6.7008443188609155 0.048985630287100124 9.19649694676532
7531 0 0.01 147473.09949348628 6.7008443188609155 0.048985630287100124 9.19649694676532
7532 0 0.01 147473.09949348628 6.7008443188609155 0.048985630287100124 9.19649694676532
7533 0 0.01 147473.09949348628 6.7008443188609155 0.048985630287100124 9.19649694676532
7534 0 0.01 147473.09949348628 6.7008443188609155 0.048985630287100124 9.19649694676532
7535 0 0.01 147473.09949348628 6.7008443188609155 0.048985630287100124 9.19649694676532
7536 0 0.01 147473.09949348628 6.7008443188609155 0.048985630287100124 9.19649694676532
7537 0 0.01 147473.09949348628 6.7008443188609155 0.048985630287100124 9.19649694676532
7538 0 0.01 147473.09949348628 6.7008443188609155 0.048985630287100124 9.19649694676532
7539 0 0.01 147473.09949348628 6.7008443188609155 0.048985630287100124 9.19649694676532
7540 0 0.01 147473.09949348628 6.7008443188609155 0.048985630287100124 9.19649694676532
7541 0 0.01 147473.09949348628 6.7008443188609155 0.048985630287100124 9.19649694676532
7542 0 0.01 147473.09949348628 6.7008443188609155 0.048985630287100124 9.19649694676532
7543 0 0.01 147473.09949348628 6.7008443188609155 0.048985630287100124 9.19649694676532
7544 0 0.01 147473.09949348628 6.7008443188609155 0.048985630287100124 9.19649694676532
7545 0 0.01 147473.09949348628 6.7008443188609155 0.048985630287100124 9.19649694676532
7546 0 0.01 147473.09949348628 6.7008443188609155 0.048985630287100124 9.19649694676532
7547 0 0.01 147473.09949348628 6.7008443188609155 0.048985630287100124 9.19649694676532
7548 0 0.01 147473.09949348628 6.7008443188609155 0.048985630287100124 9.19649694676532
7549 0 0.01 147473.09949348628 6.7008443188609155 0.048985630287100124 9.19649694676532
7550 0 0.01 147473.09949348628 6.7008443188609155 0.048985630287100124 9.19649694676532
7551 0 0.01 147473.09949348628 6.7008443188609155 0.048985630287100124 9.19649694676532
7552 0 0.01 147473.09949348628 6.7008443188609155 0.048985630287100124 9.19649694676532
7553 0 0.01 147473.09949348628 6.7008443188609155 0.048985630287100124 9.19649694676532
7554 0 0.01 147473.09949348628 6.7008443188609155 0.048985630287100124 9.19649694676532
7555 0 0.01 147473.09949348628 6.7008443188609155 0.048985630287100124 9.19649694676532
7556 0 0.01 147473.09949348628 6.7008443188609155 0.048985630287100124 9.19649694676532
7557 0 0.01 147473.09949348628 6.7008443188609155 0.048985630287100124 9.19649694676532
7558 0 0.01 147473.09949348628 6.7008443188609155 0.048985630287100124 9.19649694676532
7559 0 0.01 147473.09949348628 6.7008443188609155 0.048985630287100124 9.19649694676532
7560 0 0.01 147473.09949348628 6.7008443188609155 0.048985630287100124 9.19649694676532
7561 0 0.01 147473.09949348628 6.7008443188609155 0.048985630287100124 9.19649694676532
7562 0 0.01 147473.09949348628 6.7008443188609155 0.048985630287100124 9.19649694676532
7563 0 0.01 147473.09949348628 6.7008443188609155 0.048985630287100124 9.19649694676532
7564 0 0.01 147473.09949348628 6.7008443188609155 0.048985630287100124 9.19649694676532
7565 0 0.01 147473.09949348628 6.7008443188609155 0.048985630287100124 9.19649694676532
7566 0 0.01 147473.09949348628 6.7008443188609155 0.048985630287100124 9.19649694676532
7567 0 0.01 147473.09949348628 6.7008443188609155 0.048985630287100124 9.19649694676532
7568 0 0.01 147473.09949348628 6.7008443188609155 0.048985630287100124 9.19649694676532
7569 0 0.01 147473.09949348628 6.7008443188609155 0.048985630287100124 9.19649694676532
7570 0 0.01 147473.09949348628 6.7008443188609155 0.048985630287100124 9.19649694676532
7571 0 0.01 147473.09949348628 6.7008443188609155 0.048985630287100124 9.19649694676532
7572 0 0.01 147473.09949348628 6.7008443188609155 0.048985630287100124 9.19649694676532
7573 0 0.01 147473.09949348628 6.7008443188609155 0.048985630287100124 9.19649694676532
7574 0 0.01 147473.09949348628 6.7008443188609155 0.048985630287100124 9.19649694676532
7575 0 0.01 147473.09949348628 6.7008443188609155 0.048985630287100124 9.19649694676532
7576 0 0.01 147473.09949348628 6.7008443188609155 0.048985630287100124 9.19649694676532
7577 0 0.01 147473.09949348628 6.7008443188609155 0.048985630287100124 9.19649694676532
7578 0 0.01 147473.09949348628 6.7008443188609155 0.048985630287100124 9.19649694676532
7579 0 0.01 147473.09949348628 6.7008443188609155 0.048985630287100124 9.19649694676532
7580 0 0.01 147473.09949348628 6.7008443188609155 0.048985630287100124 9.19649694676532
7581 0 0.01 147473.09949348628 6.7008443188609155 0.048985630287100124 9.19649694676532
7582 0 0.01 147473.09949348628 6.7008443188609155 0.048985630287100124 9.19649694676532
7583 0 0.01 147473.09949348628 6.7008443188609155 0.048985630287100124 9.19649694676532
7584 0 0.01 147473.09949348628 6.7008443188609155 0.048985630287100124 9.19649694676532
7585 0 0.01 147473.09949348628 6.7008443188609155 0.048985630287100124 9.19649694676532
7586 0 0.01 147473.09949348628 6.7008443188609155 0.048985630287100124 9.19649694676532
7587 0 0.01 147473.09949348628 6.7008443188609155 0.048985630287100124 9.19649694676532
7588 0 0.01 147473.09949348628 6.7008443188609155 0.048985630287100124 9.19649694676532
7589 0 0.01 147473.09949348628 6.7008443188609155 0.048985630287100124 9.19649694676532
7590 0 0.01 147473.09949348628 6.7008443188609155 0.048985630287100124 9.19649694676532
7591 0 0.01 147473.09949348628 6.7008443188609155 0.048985630287100124 9.19649694676532
7592 0 0.01 147473.09949348628 6.7008443188609155 0.048985630287100124 9.19649694676532
7593 0 0.01 147473.09949348628 6.7008443188609155 0.048985630287100124 9.19649694676532
7594 0 0.01 147473.09949348628 6.7008443188609155 0.048985630287100124 9.19649694676532
7595 0 0.01 147473.09949348628 6.7008443188609155 0.048985630287100124 9.19649694676532
7596 0 0.01 147473.09949348628 6.7008443188609155 0.048985630287100124 9.19649694676532
7597 0 0.01 147473.09949348628 6.7008443188609155 0.048985630287100124 9.19649694676532
7598 0 0.01 147473.09949348628 6.7008443188609155 0.048985630287100124 9.19649694676532
7599 0 0.01 147473.09949348628 6.7008443188609155 0.048985630287100124 9.19649694676532
7600 0 0.01 147473.09949348628 6.7008443188609155 0.048985630287100124 9.19649694676532
7601 0 0.01 147473.09949348628 6.7008443188609155 0.048985630287100124 9.19649694676532
7602 0 0.01 147473.09949348628 6.7008443188609155 0.048985630287100124 9.19649694676532
7603 0 0.01 147473.09949348628 6.7008443188609155 0.048985630287100124 9.19649694676532
7604 0 0.01 147473.09949348628 6.7008443188609155 0.048985630287100124 9.19649694676532
7605 0 0.01 147473.09949348628 6.7008443188609155 0.048985630287100124 9.19649694676532
7606 0 0.01 147473.09949348628 6.7008443188609155 0.048985630287100124 9.19649694676532
7607 0 0.01 147473.09949348628 6.7008443188609155 0.048985630287100124 9.19649694676532
7608 0 0.01 147473.09949348628 6.7008443188609155 0.048985630287100124 9.19649694676532
7609 0 0.01 147473.09949348628 6.7008443188609155 0.048985630287100124 9.19649694676532
7610 0 0.01 147473.09949348628 6.7008443188609155 0.048985630287100124 9.19649694676532
7611 0 0.01 147473.09949348628 6.7008443188609155 0.048985630287100124 9.19649694676532
7612 0 0.01 147473.09949348628 6.7008443188609155 0.048985630287100124 9.19649694676532
7613 0 0.01 147473.09949348628 6.7008443188609155 0.048985630287100124 9.19649694676532
7614 0 0.01 147473.09949348628 6.7008443188609155 0.048985630287100124 9.19649694676532
7615 0 0.01 147473.09949348628 6.7008443188609155 0.048985630287100124 9.19649694676532
7616 0 0.01 147473.09949348628 6.7008443188609155 0.048985630287100124 9.19649694676532
7617 0 0.01 147473.09949348628 6.7008443188609155 0.048985630287100124 9.19649694676532
7618 0 0.01 147473.09949348628 6.7008443188609155 0.048985630287100124 9.19649694676532
7619 0 0.01 147473.09949348628 6.7008443188609155 0.048985630287100124 9.19649694676532
7620 0 0.01 147473.09949348628 6.7008443188609155 0.048985630287100124 9.19649694676532
7621 0 0.01 147473.09949348628 6.7008443188609155 0.048985630287100124 9.19649694676532
7622 0 0.01 147473.09949348628 6.7008443188609155 0.048985630287100124 9.19649694676532
7623 0 0.01 147473.09949348628 6.7008443188609155 0.048985630287100124 9.19649694676532
7624 0 0.01 147473.09949348628 6.7008443188609155 0.048985630287100124 9.19649694676532
7625 0 0.01 147473.09949348628 6.7008443188609155 0.048985630287100124 9.19649694676532
7626 0 0.01 147473.09949348628 6.7008443188609155 0.048985630287100124 9.19649694676532
7627 0 0.01 147473.09949348628 6.7008443188609155 0.048985630287100124 9.19649694676532
7628 0 0.01 147473.09949348628 6.7008443188609155 0.048985630287100124 9.19649694676532
7629 0 0.01 147473.09949348628 6.7008443188609155 0.048985630287100124 9.19649694676532
7630 0 0.01 147473.09949348628 6.7008443188609155 0.048985630287100124 9.19649694676532
7631 0 0.01 147473.09949348628 6.7008443188609155 0.048985630287100124 9.19649694676532
7632 0 0.01 147473.09949348628 6.7008443188609155 0.048985630287100124 9.19649694676532
7633 0 0.01 147473.09949348628 6.7008443188609155 0.048985630287100124 9.19649694676532
7634 0 0.01 147473.09949348628 6.7008443188609155 0.048985630287100124 9.19649694676532
7635 0 0.01 147473.09949348628 6.7008443188609155 0.048985630287100124 9.19649694676532
7636 0 0.01 147473.09949348628 6.7008443188609155 0.048985630287100124 9.19649694676532
7637 0 0.01 147473.09949348628 6.7008443188609155 0.048985630287100124 9.19649694676532
7638 0 0.01 147473.09949348628 6.7008443188609155 0.048985630287100124 9.19649694676532
7639 0 0.01 147473.09949348628 6.7008443188609155 0.048985630287100124 9.19649694676532
7640 0 0.01 147473.09949348628 6.7008443188609155 0.048985630287100124 9.19649694676532
7641 0 0.01 147473.09949348628 6.7008443188609155 0.048985630287100124 9.19649694676532
7642 0 0.01 147473.09949348628 6.7008443188609155 0.048985630287100124 9.19649694676532
7643 0 0.01 147473.09949348628 6.7008443188609155 0.048985630287100124 9.19649694676532
7644 0 0.01 147473.09949348628 6.7008443188609155 0.048985630287100124 9.19649694676532
7645 0 0.01 147473.09949348628 6.7008443188609155 0.048985630287100124 9.19649694676532
7646 0 0.01 147473.09949348628 6.7008443188609155 0.048985630287100124 9.19649694676532
7647 0 0.01 147473.09949348628 6.7008443188609155 0.048985630287100124 9.19649694676532
7648 0 0.01 147473.09949348628 6.7008443188609155 0.048985630287100124 9.19649694676532
7649 0 0.01 147473.09949348628 6.7008443188609155 0.048985630287100124 9.19649694676532
7650 0 0.01 147473.09949348628 6.7008443188609155 0.048985630287100124 9.19649694676532
7651 0 0.01 147473.09949348628 6.7008443188609155 0.048985630287100124 9.19649694676532
7652 0 0.01 147473.09949348628 6.7008443188609155 0.048985630287100124 9.19649694676532
7653 0 0.01 147473.09949348628 6.7008443188609155 0.048985630287100124 9.19649694676532
7654 0 0.01 147473.09949348628 6.7008443188609155 0.048985630287100124 9.19649694676532
7655 0 0.01 147473.09949348628 6.7008443188609155 0.048985630287100124 9.19649694676532
7656 0 0.01 147473.09949348628 6.7008443188609155 0.048985630287100124 9.19649694676532
7657 0 0.01 147473.09949348628 6.7008443188609155 0.048985630287100124 9.19649694676532
7658 0 0.01 147473.09949348628 6.7008443188609155 0.048985630287100124 9.19649694676532
7659 0 0.01 147473.09949348628 6.7008443188609155 0.048985630287100124 9.19649694676532
7660 0 0.01 147473.09949348628 6.7008443188609155 0.048985630287100124 9.19649694676532
7661 0 0.01 147473.09949348628 6.7008443188609155 0.048985630287100124 9.19649694676532
7662 0 0.01 147473.09949348628 6.7008443188609155 0.048985630287100124 9.19649694676532
7663 0 0.01 147473.09949348628 6.7008443188609155 0.048985630287100124 9.19649694676532
7664 0 0.01 147473.09949348628 6.7008443188609155 0.048985630287100124 9.19649694676532
7665 0 0.01 147473.09949348628 6.7008443188609155 0.048985630287100124 9.19649694676532
7666 0 0.01 147473.09949348628 6.7008443188609155 0.048985630287100124 9.19649694676532
7667 0 0.01 147473.09949348628 6.7008443188609155 0.048985630287100124 9.19649694676532
7668 0 0.01 147473.09949348628 6.7008443188609155 0.048985630287100124 9.19649694676532
7669 0 0.01 147473.09949348628 6.7008443188609155 0.048985630287100124 9.19649694676532
7670 0 0.01 147473.09949348628 6.7008443188609155 0.048985630287100124 9.19649694676532
7671 0 0.01 147473.09949348628 6.7008443188609155 0.048985630287100124 9.19649694676532
7672 0 0.01 147473.09949348628 6.7008443188609155 0.048985630287100124 9.19649694676532
7673 0 0.01 147473.09949348628 6.7008443188609155 0.048985630287100124 9.19649694676532
7674 0 0.01 147473.09949348628 6.7008443188609155 0.048985630287100124 9.19649694676532
7675 0 0.01 147473.09949348628 6.7008443188609155 0.048985630287100124 9.19649694676532
7676 0 0.01 147473.09949348628 6.7008443188609155 0.048985630287100124 9.19649694676532
7677 0 0.01 147473.09949348628 6.7008443188609155 0.048985630287100124 9.19649694676532
7678 0 0.01 147473.09949348628 6.7008443188609155 0.048985630287100124 9.19649694676532
7679 0 0.01 147473.09949348628 6.7008443188609155 0.048985630287100124 9.19649694676532
7680 0 0.01 147473.09949348628 6.7008443188609155 0.048985630287100124 9.19649694676532
7681 0 0.01 147473.09949348628 6.7008443188609155 0.048985630287100124 9.19649694676532
7682 0 0.01 147473.09949348628 6.7008443188609155 0.048985630287100124 9.19649694676532
7683 0 0.01 147473.09949348628 6.7008443188609155 0.048985630287100124 9.19649694676532
7684 0 0.01 147473.09949348628 6.7008443188609155 0.048985630287100124 9.19649694676532
7685 0 0.01 147473.09949348628 6.7008443188609155 0.048985630287100124 9.19649694676532
7686 0 0.01 147473.09949348628 6.7008443188609155 0.048985630287100124 9.19649694676532
7687 0 0.01 147473.09949348628 6.7008443188609155 0.048985630287100124 9.19649694676532
7688 0 0.01 147473.09949348628 6.7008443188609155 0.048985630287100124 9.19649694676532
7689 0 0.01 147473.09949348628 6.7008443188609155 0.048985630287100124 9.19649694676532
7690 0 0.01 147473.09949348628 6.7008443188609155 0.048985630287100124 9.19649694676532
7691 0 0.01 147473.09949348628 6.7008443188609155 0.048985630287100124 9.19649694676532
7692 0 0.01 147473.09949348628 6.7008443188609155 0.048985630287100124 9.19649694676532
7693 0 0.01 147473.09949348628 6.7008443188609155 0.048985630287100124 9.19649694676532
7694 0 0.01 147473.09949348628 6.7008443188609155 0.048985630287100124 9.19649694676532
7695 0 0.01 147473.09949348628 6.7008443188609155 0.048985630287100124 9.19649694676532
7696 0 0.01 147473.09949348628 6.7008443188609155 0.048985630287100124 9.19649694676532
7697 0 0.01 147473.09949348628 6.7008443188609155 0.048985630287100124 9.19649694676532
7698 0 0.01 147473.09949348628 6.7008443188609155 0.048985630287100124 9.19649694676532
7699 0 0.01 147473.09949348628 6.7008443188609155 0.048985630287100124 9.19649694676532
7700 0 0.01 147473.09949348628 6.7008443188609155 0.048985630287100124 9.19649694676532
7701 0 0.01 147473.09949348628 6.7008443188609155 0.048985630287100124 9.19649694676532
7702 0 0.01 147473.09949348628 6.7008443188609155 0.048985630287100124 9.19649694676532
7703 0 0.01 147473.09949348628 6.7008443188609155 0.048985630287100124 9.19649694676532
7704 0 0.01 147473.09949348628 6.7008443188609155 0.048985630287100124 9.19649694676532
7705 0 0.01 147473.09949348628 6.7008443188609155 0.048985630287100124 9.19649694676532
7706 0 0.01 147473.09949348628 6.7008443188609155 0.048985630287100124 9.19649694676532
7707 0 0.01 147473.09949348628 6.7008443188609155 0.048985630287100124 9.19649694676532
7708 0 0.01 147473.09949348628 6.7008443188609155 0.048985630287100124 9.19649694676532
7709 0 0.01 147473.09949348628 6.7008443188609155 0.048985630287100124 9.19649694676532
7710 0 0.01 147473.09949348628 6.7008443188609155 0.048985630287100124 9.19649694676532
7711 0 0.01 147473.09949348628 6.7008443188609155 0.048985630287100124 9.19649694676532
7712 0 0.01 147473.09949348628 6.7008443188609155 0.048985630287100124 9.19649694676532
7713 0 0.01 147473.09949348628 6.7008443188609155 0.048985630287100124 9.19649694676532
7714 0 0.01 147473.09949348628 6.7008443188609155 0.048985630287100124 9.19649694676532
7715 0 0.01 147473.09949348628 6.7008443188609155 0.048985630287100124 9.19649694676532
7716 0 0.01 147473.09949348628 6.7008443188609155 0.048985630287100124 9.19649694676532
7717 0 0.01 147473.09949348628 6.7008443188609155 0.048985630287100124 9.19649694676532
7718 0 0.01 147473.09949348628 6.7008443188609155 0.048985630287100124 9.19649694676532
7719 0 0.01 147473.09949348628 6.7008443188609155 0.048985630287100124 9.19649694676532
7720 0 0.01 147473.09949348628 6.7008443188609155 0.048985630287100124 9.19649694676532
7721 0 0.01 147473.09949348628 6.7008443188609155 0.048985630287100124 9.19649694676532
7722 0 0.01 147473.09949348628 6.7008443188609155 0.048985630287100124 9.19649694676532
7723 0 0.01 147473.09949348628 6.7008443188609155 0.048985630287100124 9.19649694676532
7724 0 0.01 147473.09949348628 6.7008443188609155 0.048985630287100124 9.19649694676532
7725 0 0.01 147473.09949348628 6.7008443188609155 0.048985630287100124 9.19649694676532
7726 0 0.01 147473.09949348628 6.7008443188609155 0.048985630287100124 9.19649694676532
7727 0 0.01 147473.09949348628 6.7008443188609155 0.048985630287100124 9.19649694676532
7728 0 0.01 147473.09949348628 6.7008443188609155 0.048985630287100124 9.19649694676532
7729 0 0.01 147473.09949348628 6.7008443188609155 0.048985630287100124 9.19649694676532
7730 0 0.01 147473.09949348628 6.7008443188609155 0.048985630287100124 9.19649694676532
7731 0 0.01 147473.09949348628 6.7008443188609155 0.048985630287100124 9.19649694676532
7732 0 0.01 147473.09949348628 6.7008443188609155 0.048985630287100124 9.19649694676532
7733 0 0.01 147473.09949348628 6.7008443188609155 0.048985630287100124 9.19649694676532
7734 0 0.01 147473.09949348628 6.7008443188609155 0.048985630287100124 9.19649694676532
7735 0 0.01 147473.09949348628 6.7008443188609155 0.048985630287100124 9.19649694676532
7736 0 0.01 147473.09949348628 6.7008443188609155 0.048985630287100124 9.19649694676532
7737 0 0.01 147473.09949348628 6.7008443188609155 0.048985630287100124 9.19649694676532
7738 0 0.01 147473.09949348628 6.7008443188609155 0.048985630287100124 9.19649694676532
7739 0 0.01 147473.09949348628 6.7008443188609155 0.048985630287100124 9.19649694676532
7740 0 0.01 147473.09949348628 6.7008443188609155 0.048985630287100124 9.19649694676532
7741 0 0.01 147473.09949348628 6.7008443188609155 0.048985630287100124 9.19649694676532
7742 0 0.01 147473.09949348628 6.7008443188609155 0.048985630287100124 9.19649694676532
7743 0 0.01 147473.09949348628 6.7008443188609155 0.048985630287100124 9.19649694676532
7744 0 0.01 147473.09949348628 6.7008443188609155 0.048985630287100124 9.19649694676532
7745 0 0.01 147473.09949348628 6.7008443188609155 0.048985630287100124 9.19649694676532
7746 0 0.01 147473.09949348628 6.7008443188609155 0.048985630287100124 9.19649694676532
7747 0 0.01 147473.09949348628 6.7008443188609155 0.048985630287100124 9.19649694676532
7748 0 0.01 147473.09949348628 6.7008443188609155 0.048985630287100124 9.19649694676532
7749 0 0.01 147473.09949348628 6.7008443188609155 0.048985630287100124 9.19649694676532
7750 0 0.01 147473.09949348628 6.7008443188609155 0.048985630287100124 9.19649694676532
7751 0 0.01 147473.09949348628 6.7008443188609155 0.048985630287100124 9.19649694676532
7752 0 0.01 147473.09949348628 6.7008443188609155 0.048985630287100124 9.19649694676532
7753 0 0.01 147473.09949348628 6.7008443188609155 0.048985630287100124 9.19649694676532
7754 0 0.01 147473.09949348628 6.7008443188609155 0.048985630287100124 9.19649694676532
7755 0 0.01 147473.09949348628 6.7008443188609155 0.048985630287100124 9.19649694676532
7756 0 0.01 147473.09949348628 6.7008443188609155 0.048985630287100124 9.19649694676532
7757 0 0.01 147473.09949348628 6.7008443188609155 0.048985630287100124 9.19649694676532
7758 0 0.01 147473.09949348628 6.7008443188609155 0.048985630287100124 9.19649694676532
7759 0 0.01 147473.09949348628 6.7008443188609155 0.048985630287100124 9.19649694676532
7760 0 0.01 147473.09949348628 6.7008443188609155 0.048985630287100124 9.19649694676532
7761 0 0.01 147473.09949348628 6.7008443188609155 0.048985630287100124 9.19649694676532
7762 0 0.01 147473.09949348628 6.7008443188609155 0.048985630287100124 9.19649694676532
7763 0 0.01 147473.09949348628 6.7008443188609155 0.048985630287100124 9.19649694676532
7764 0 0.01 147473.09949348628 6.7008443188609155 0.048985630287100124 9.19649694676532
7765 0 0.01 147473.09949348628 6.7008443188609155 0.048985630287100124 9.19649694676532
7766 0 0.01 147473.09949348628 6.7008443188609155 0.048985630287100124 9.19649694676532
7767 0 0.01 147473.09949348628 6.7008443188609155 0.048985630287100124 9.19649694676532
7768 0 0.01 147473.09949348628 6.7008443188609155 0.048985630287100124 9.19649694676532
7769 0 0.01 147473.09949348628 6.7008443188609155 0.048985630287100124 9.19649694676532
7770 0 0.01 147473.09949348628 6.7008443188609155 0.048985630287100124 9.19649694676532
7771 0 0.01 147473.09949348628 6.7008443188609155 0.048985630287100124 9.19649694676532
7772 0 0.01 147473.09949348628 6.7008443188609155 0.048985630287100124 9.19649694676532
7773 0 0.01 147473.09949348628 6.7008443188609155 0.048985630287100124 9.19649694676532
7774 0 0.01 147473.09949348628 6.7008443188609155 0.048985630287100124 9.19649694676532
7775 0 0.01 147473.09949348628 6.7008443188609155 0.048985630287100124 9.19649694676532
7776 0 0.01 147473.09949348628 6.7008443188609155 0.048985630287100124 9.19649694676532
7777 0 0.01 147473.09949348628 6.7008443188609155 0.048985630287100124 9.19649694676532
7778 0 0.01 147473.09949348628 6.7008443188609155 0.048985630287100124 9.19649694676532
7779 0 0.01 147473.09949348628 6.7008443188609155 0.048985630287100124 9.19649694676532
7780 0 0.01 147473.09949348628 6.7008443188609155 0.048985630287100124 9.19649694676532
7781 0 0.01 147473.09949348628 6.7008443188609155 0.048985630287100124 9.19649694676532
7782 0 0.01 147473.09949348628 6.7008443188609155 0.048985630287100124 9.19649694676532
7783 0 0.01 147473.09949348628 6.7008443188609155 0.048985630287100124 9.19649694676532
7784 0 0.01 147473.09949348628 6.7008443188609155 0.048985630287100124 9.19649694676532
7785 0 0.01 147473.09949348628 6.7008443188609155 0.048985630287100124 9.19649694676532
7786 0 0.01 147473.09949348628 6.7008443188609155 0.048985630287100124 9.19649694676532
7787 0 0.01 147473.09949348628 6.7008443188609155 0.048985630287100124 9.19649694676532
7788 0 0.01 147473.09949348628 6.7008443188609155 0.048985630287100124 9.19649694676532
7789 0 0.01 147473.09949348628 6.7008443188609155 0.048985630287100124 9.19649694676532
7790 0 0.01 147473.09949348628 6.7008443188609155 0.048985630287100124 9.19649694676532
7791 0 0.01 147473.09949348628 6.7008443188609155 0.048985630287100124 9.19649694676532
7792 0 0.01 147473.09949348628 6.7008443188609155 0.048985630287100124 9.19649694676532
7793 0 0.01 147473.09949348628 6.7008443188609155 0.048985630287100124 9.19649694676532
7794 0 0.01 147473.09949348628 6.7008443188609155 0.048985630287100124 9.19649694676532
7795 0 0.01 147473.09949348628 6.7008443188609155 0.048985630287100124 9.19649694676532
7796 0 0.01 147473.09949348628 6.7008443188609155 0.048985630287100124 9.19649694676532
7797 0 0.01 147473.09949348628 6.7008443188609155 0.048985630287100124 9.19649694676532
7798 0 0.01 147473.09949348628 6.7008443188609155 0.048985630287100124 9.19649694676532
7799 0 0.01 147473.09949348628 6.7008443188609155 0.048985630287100124 9.19649694676532
7800 0 0.01 147473.09949348628 6.7008443188609155 0.048985630287100124 9.19649694676532
7801 0 0.01 147473.09949348628 6.7008443188609155 0.048985630287100124 9.19649694676532
7802 0 0.01 147473.09949348628 6.7008443188609155 0.048985630287100124 9.19649694676532
7803 0 0.01 147473.09949348628 6.7008443188609155 0.048985630287100124 9.19649694676532
7804 0 0.01 147473.09949348628 6.7008443188609155 0.048985630287100124 9.19649694676532
7805 0 0.01 147473.09949348628 6.7008443188609155 0.048985630287100124 9.19649694676532
7806 0 0.01 147473.09949348628 6.7008443188609155 0.048985630287100124 9.19649694676532
7807 0 0.01 147473.09949348628 6.7008443188609155 0.048985630287100124 9.19649694676532
7808 0 0.01 147473.09949348628 6.7008443188609155 0.048985630287100124 9.19649694676532
7809 0 0.01 147473.09949348628 6.7008443188609155 0.048985630287100124 9.19649694676532
7810 0 0.01 147473.09949348628 6.7008443188609155 0.048985630287100124 9.19649694676532
7811 0 0.01 147473.09949348628 6.7008443188609155 0.048985630287100124 9.19649694676532
7812 0 0.01 147473.09949348628 6.7008443188609155 0.048985630287100124 9.19649694676532
7813 0 0.01 147473.09949348628 6.7008443188609155 0.048985630287100124 9.19649694676532
7814 0 0.01 147473.09949348628 6.7008443188609155 0.048985630287100124 9.19649694676532
7815 0 0.01 147473.09949348628 6.7008443188609155 0.048985630287100124 9.19649694676532
7816 0 0.01 147473.09949348628 6.7008443188609155 0.048985630287100124 9.19649694676532
7817 0 0.01 147473.09949348628 6.7008443188609155 0.048985630287100124 9.19649694676532
7818 0 0.01 147473.09949348628 6.7008443188609155 0.048985630287100124 9.19649694676532
7819 0 0.01 147473.09949348628 6.7008443188609155 0.048985630287100124 9.19649694676532
7820 0 0.01 147473.09949348628 6.7008443188609155 0.048985630287100124 9.19649694676532
7821 0 0.01 147473.09949348628 6.7008443188609155 0.048985630287100124 9.19649694676532
7822 0 0.01 147473.09949348628 6.7008443188609155 0.048985630287100124 9.19649694676532
7823 0 0.01 147473.09949348628 6.7008443188609155 0.048985630287100124 9.19649694676532
7824 0 0.01 147473.09949348628 6.7008443188609155 0.048985630287100124 9.19649694676532
7825 0 0.01 147473.09949348628 6.7008443188609155 0.048985630287100124 9.19649694676532
7826 0 0.01 147473.09949348628 6.7008443188609155 0.048985630287100124 9.19649694676532
7827 0 0.01 147473.09949348628 6.7008443188609155 0.048985630287100124 9.19649694676532
7828 0 0.01 147473.09949348628 6.7008443188609155 0.048985630287100124 9.19649694676532
7829 0 0.01 147473.09949348628 6.7008443188609155 0.048985630287100124 9.19649694676532
7830 0 0.01 147473.09949348628 6.7008443188609155 0.048985630287100124 9.19649694676532
7831 0 0.01 147473.09949348628 6.7008443188609155 0.048985630287100124 9.19649694676532
7832 0 0.01 147473.09949348628 6.7008443188609155 0.048985630287100124 9.19649694676532
7833 0 0.01 147473.09949348628 6.7008443188609155 0.048985630287100124 9.19649694676532
7834 0 0.01 147473.09949348628 6.7008443188609155 0.048985630287100124 9.19649694676532
7835 0 0.01 147473.09949348628 6.7008443188609155 0.048985630287100124 9.19649694676532
7836 0 0.01 147473.09949348628 6.7008443188609155 0.048985630287100124 9.19649694676532
7837 0 0.01 147473.09949348628 6.7008443188609155 0.048985630287100124 9.19649694676532
7838 0 0.01 147473.09949348628 6.7008443188609155 0.048985630287100124 9.19649694676532
7839 0 0.01 147473.09949348628 6.7008443188609155 0.048985630287100124 9.19649694676532
7840 0 0.01 147473.09949348628 6.7008443188609155 0.048985630287100124 9.19649694676532
7841 0 0.01 147473.09949348628 6.7008443188609155 0.048985630287100124 9.19649694676532
7842 0 0.01 147473.09949348628 6.7008443188609155 0.048985630287100124 9.19649694676532
7843 0 0.01 147473.09949348628 6.7008443188609155 0.048985630287100124 9.19649694676532
7844 0 0.01 147473.09949348628 6.7008443188609155 0.048985630287100124 9.19649694676532
7845 0 0.01 147473.09949348628 6.7008443188609155 0.048985630287100124 9.19649694676532
7846 0 0.01 147473.09949348628 6.7008443188609155 0.048985630287100124 9.19649694676532
7847 0 0.01 147473.09949348628 6.7008443188609155 0.048985630287100124 9.19649694676532
7848 0 0.01 147473.09949348628 6.7008443188609155 0.048985630287100124 9.19649694676532
7849 0 0.01 147473.09949348628 6.7008443188609155 0.048985630287100124 9.19649694676532
7850 0 0.01 147473.09949348628 6.7008443188609155 0.048985630287100124 9.19649694676532
7851 0 0.01 147473.09949348628 6.7008443188609155 0.048985630287100124 9.19649694676532
7852 0 0.01 147473.09949348628 6.7008443188609155 0.048985630287100124 9.19649694676532
7853 0 0.01 147473.09949348628 6.7008443188609155 0.048985630287100124 9.19649694676532
7854 0 0.01 147473.09949348628 6.7008443188609155 0.048985630287100124 9.19649694676532
7855 0 0.01 147473.09949348628 6.7008443188609155 0.048985630287100124 9.19649694676532
7856 0 0.01 147473.09949348628 6.7008443188609155 0.048985630287100124 9.19649694676532
7857 0 0.01 147473.09949348628 6.7008443188609155 0.048985630287100124 9.19649694676532
7858 0 0.01 147473.09949348628 6.7008443188609155 0.048985630287100124 9.19649694676532
7859 0 0.01 147473.09949348628 6.7008443188609155 0.048985630287100124 9.19649694676532
7860 0 0.01 147473.09949348628 6.7008443188609155 0.048985630287100124 9.19649694676532
7861 0 0.01 147473.09949348628 6.7008443188609155 0.048985630287100124 9.19649694676532
7862 0 0.01 147473.09949348628 6.7008443188609155 0.048985630287100124 9.19649694676532
7863 0 0.01 147473.09949348628 6.7008443188609155 0.048985630287100124 9.19649694676532
7864 0 0.01 147473.09949348628 6.7008443188609155 0.048985630287100124 9.19649694676532
7865 0 0.01 147473.09949348628 6.7008443188609155 0.048985630287100124 9.19649694676532
7866 0 0.01 147473.09949348628 6.7008443188609155 0.048985630287100124 9.19649694676532
7867 0 0.01 147473.09949348628 6.7008443188609155 0.048985630287100124 9.19649694676532
7868 0 0.01 147473.09949348628 6.7008443188609155 0.048985630287100124 9.19649694676532
7869 0 0.01 147473.09949348628 6.7008443188609155 0.048985630287100124 9.19649694676532
7870 0 0.01 147473.09949348628 6.7008443188609155 0.048985630287100124 9.19649694676532
7871 0 0.01 147473.09949348628 6.7008443188609155 0.048985630287100124 9.19649694676532
7872 0 0.01 147473.09949348628 6.7008443188609155 0.048985630287100124 9.19649694676532
7873 0 0.01 147473.09949348628 6.7008443188609155 0.048985630287100124 9.19649694676532
7874 0 0.01 147473.09949348628 6.7008443188609155 0.048985630287100124 9.19649694676532
7875 0 0.01 147473.09949348628 6.7008443188609155 0.048985630287100124 9.19649694676532
7876 0 0.01 147473.09949348628 6.7008443188609155 0.048985630287100124 9.19649694676532
7877 0 0.01 147473.09949348628 6.7008443188609155 0.048985630287100124 9.19649694676532
7878 0 0.01 147473.09949348628 6.7008443188609155 0.048985630287100124 9.19649694676532
7879 0 0.01 147473.09949348628 6.7008443188609155 0.048985630287100124 9.19649694676532
7880 0 0.01 147473.09949348628 6.7008443188609155 0.048985630287100124 9.19649694676532
7881 0 0.01 147473.09949348628 6.7008443188609155 0.048985630287100124 9.19649694676532
7882 0 0.01 147473.09949348628 6.7008443188609155 0.048985630287100124 9.19649694676532
7883 0 0.01 147473.09949348628 6.7008443188609155 0.048985630287100124 9.19649694676532
7884 0 0.01 147473.09949348628 6.7008443188609155 0.048985630287100124 9.19649694676532
7885 0 0.01 147473.09949348628 6.7008443188609155 0.048985630287100124 9.19649694676532
7886 0 0.01 147473.09949348628 6.7008443188609155 0.048985630287100124 9.19649694676532
7887 0 0.01 147473.09949348628 6.7008443188609155 0.048985630287100124 9.19649694676532
7888 0 0.01 147473.09949348628 6.7008443188609155 0.048985630287100124 9.19649694676532
7889 0 0.01 147473.09949348628 6.7008443188609155 0.048985630287100124 9.19649694676532
7890 0 0.01 147473.09949348628 6.7008443188609155 0.048985630287100124 9.19649694676532
7891 0 0.01 147473.09949348628 6.7008443188609155 0.048985630287100124 9.19649694676532
7892 0 0.01 147473.09949348628 6.7008443188609155 0.048985630287100124 9.19649694676532
7893 0 0.01 147473.09949348628 6.7008443188609155 0.048985630287100124 9.19649694676532
7894 0 0.01 147473.09949348628 6.7008443188609155 0.048985630287100124 9.19649694676532
7895 0 0.01 147473.09949348628 6.7008443188609155 0.048985630287100124 9.19649694676532
7896 0 0.01 147473.09949348628 6.7008443188609155 0.048985630287100124 9.19649694676532
7897 0 0.01 147473.09949348628 6.7008443188609155 0.048985630287100124 9.19649694676532
7898 0 0.01 147473.09949348628 6.7008443188609155 0.048985630287100124 9.19649694676532
7899 0 0.01 147473.09949348628 6.7008443188609155 0.048985630287100124 9.19649694676532
7900 0 0.01 147473.09949348628 6.7008443188609155 0.048985630287100124 9.19649694676532
7901 0 0.01 147473.09949348628 6.7008443188609155 0.048985630287100124 9.19649694676532
7902 0 0.01 147473.09949348628 6.7008443188609155 0.048985630287100124 9.19649694676532
7903 0 0.01 147473.09949348628 6.7008443188609155 0.048985630287100124 9.19649694676532
7904 0 0.01 147473.09949348628 6.7008443188609155 0.048985630287100124 9.19649694676532
7905 0 0.01 147473.09949348628 6.7008443188609155 0.048985630287100124 9.19649694676532
7906 0 0.01 147473.09949348628 6.7008443188609155 0.048985630287100124 9.19649694676532
7907 0 0.01 147473.09949348628 6.7008443188609155 0.048985630287100124 9.19649694676532
7908 0 0.01 147473.09949348628 6.7008443188609155 0.048985630287100124 9.19649694676532
7909 0 0.01 147473.09949348628 6.7008443188609155 0.048985630287100124 9.19649694676532
7910 0 0.01 147473.09949348628 6.7008443188609155 0.048985630287100124 9.19649694676532
7911 0 0.01 147473.09949348628 6.7008443188609155 0.048985630287100124 9.19649694676532
7912 0 0.01 147473.09949348628 6.7008443188609155 0.048985630287100124 9.19649694676532
7913 0 0.01 147473.09949348628 6.7008443188609155 0.048985630287100124 9.19649694676532
7914 0 0.01 147473.09949348628 6.7008443188609155 0.048985630287100124 9.19649694676532
7915 0 0.01 147473.09949348628 6.7008443188609155 0.048985630287100124 9.19649694676532
7916 0 0.01 147473.09949348628 6.7008443188609155 0.048985630287100124 9.19649694676532
7917 0 0.01 147473.09949348628 6.7008443188609155 0.048985630287100124 9.19649694676532
7918 0 0.01 147473.09949348628 6.7008443188609155 0.048985630287100124 9.19649694676532
7919 0 0.01 147473.09949348628 6.7008443188609155 0.048985630287100124 9.19649694676532
7920 0 0.01 147473.09949348628 6.7008443188609155 0.048985630287100124 9.19649694676532
7921 0 0.01 147473.09949348628 6.7008443188609155 0.048985630287100124 9.19649694676532
7922 0 0.01 147473.09949348628 6.7008443188609155 0.048985630287100124 9.19649694676532
7923 0 0.01 147473.09949348628 6.7008443188609155 0.048985630287100124 9.19649694676532
7924 0 0.01 147473.09949348628 6.7008443188609155 0.048985630287100124 9.19649694676532
7925 0 0.01 147473.09949348628 6.7008443188609155 0.048985630287100124 9.19649694676532
7926 0 0.01 147473.09949348628 6.7008443188609155 0.048985630287100124 9.19649694676532
7927 0 0.01 147473.09949348628 6.7008443188609155 0.048985630287100124 9.19649694676532
7928 0 0.01 147473.09949348628 6.7008443188609155 0.048985630287100124 9.19649694676532
7929 0 0.01 147473.09949348628 6.7008443188609155 0.048985630287100124 9.19649694676532
7930 0 0.01 147473.09949348628 6.7008443188609155 0.048985630287100124 9.19649694676532
7931 0 0.01 147473.09949348628 6.7008443188609155 0.048985630287100124 9.19649694676532
7932 0 0.01 147473.09949348628 6.7008443188609155 0.048985630287100124 9.19649694676532
7933 0 0.01 147473.09949348628 6.7008443188609155 0.048985630287100124 9.19649694676532
7934 0 0.01 147473.09949348628 6.7008443188609155 0.048985630287100124 9.19649694676532
7935 0 0.01 147473.09949348628 6.7008443188609155 0.048985630287100124 9.19649694676532
7936 0 0.01 147473.09949348628 6.7008443188609155 0.048985630287100124 9.19649694676532
7937 0 0.01 147473.09949348628 6.7008443188609155 0.048985630287100124 9.19649694676532
7938 0 0.01 147473.09949348628 6.7008443188609155 0.048985630287100124 9.19649694676532
7939 0 0.01 147473.09949348628 6.7008443188609155 0.048985630287100124 9.19649694676532
7940 0 0.01 147473.09949348628 6.7008443188609155 0.048985630287100124 9.19649694676532
7941 0 0.01 147473.09949348628 6.7008443188609155 0.048985630287100124 9.19649694676532
7942 0 0.01 147473.09949348628 6.7008443188609155 0.048985630287100124 9.19649694676532
7943 0 0.01 147473.09949348628 6.7008443188609155 0.048985630287100124 9.19649694676532
7944 0 0.01 147473.09949348628 6.7008443188609155 0.048985630287100124 9.19649694676532
7945 0 0.01 147473.09949348628 6.7008443188609155 0.048985630287100124 9.19649694676532
7946 0 0.01 147473.09949348628 6.7008443188609155 0.048985630287100124 9.19649694676532
7947 0 0.01 147473.09949348628 6.7008443188609155 0.048985630287100124 9.19649694676532
7948 0 0.01 147473.09949348628 6.7008443188609155 0.048985630287100124 9.19649694676532
7949 0 0.01 147473.09949348628 6.7008443188609155 0.048985630287100124 9.19649694676532
7950 0 0.01 147473.09949348628 6.7008443188609155 0.048985630287100124 9.19649694676532
7951 0 0.01 147473.09949348628 6.7008443188609155 0.048985630287100124 9.19649694676532
7952 0 0.01 147473.09949348628 6.7008443188609155 0.048985630287100124 9.19649694676532
7953 0 0.01 147473.09949348628 6.7008443188609155 0.048985630287100124 9.19649694676532
7954 0 0.01 147473.09949348628 6.7008443188609155 0.048985630287100124 9.19649694676532
7955 0 0.01 147473.09949348628 6.7008443188609155 0.048985630287100124 9.19649694676532
7956 0 0.01 147473.09949348628 6.7008443188609155 0.048985630287100124 9.19649694676532
7957 0 0.01 147473.09949348628 6.7008443188609155 0.048985630287100124 9.19649694676532
7958 0 0.01 147473.09949348628 6.7008443188609155 0.048985630287100124 9.19649694676532
7959 0 0.01 147473.09949348628 6.7008443188609155 0.048985630287100124 9.19649694676532
7960 0 0.01 147473.09949348628 6.7008443188609155 0.048985630287100124 9.19649694676532
7961 0 0.01 147473.09949348628 6.7008443188609155 0.048985630287100124 9.19649694676532
7962 0 0.01 147473.09949348628 6.7008443188609155 0.048985630287100124 9.19649694676532
7963 0 0.01 147473.09949348628 6.7008443188609155 0.048985630287100124 9.19649694676532
7964 0 0.01 147473.09949348628 6.7008443188609155 0.048985630287100124 9.19649694676532
7965 0 0.01 147473.09949348628 6.7008443188609155 0.048985630287100124 9.19649694676532
7966 0 0.01 147473.09949348628 6.7008443188609155 0.048985630287100124 9.19649694676532
7967 0 0.01 147473.09949348628 6.7008443188609155 0.048985630287100124 9.19649694676532
7968 0 0.01 147473.09949348628 6.7008443188609155 0.048985630287100124 9.19649694676532
7969 0 0.01 147473.09949348628 6.7008443188609155 0.048985630287100124 9.19649694676532
7970 0 0.01 147473.09949348628 6.7008443188609155 0.048985630287100124 9.19649694676532
7971 0 0.01 147473.09949348628 6.7008443188609155 0.048985630287100124 9.19649694676532
7972 0 0.01 147473.09949348628 6.7008443188609155 0.048985630287100124 9.19649694676532
7973 0 0.01 147473.09949348628 6.7008443188609155 0.048985630287100124 9.19649694676532
7974 0 0.01 147473.09949348628 6.7008443188609155 0.048985630287100124 9.19649694676532
7975 0 0.01 147473.09949348628 6.7008443188609155 0.048985630287100124 9.19649694676532
7976 0 0.01 147473.09949348628 6.7008443188609155 0.048985630287100124 9.19649694676532
7977 0 0.01 147473.09949348628 6.7008443188609155 0.048985630287100124 9.19649694676532
7978 0 0.01 147473.09949348628 6.7008443188609155 0.048985630287100124 9.19649694676532
7979 0 0.01 147473.09949348628 6.7008443188609155 0.048985630287100124 9.19649694676532
7980 0 0.01 147473.09949348628 6.7008443188609155 0.048985630287100124 9.19649694676532
7981 0 0.01 147473.09949348628 6.7008443188609155 0.048985630287100124 9.19649694676532
7982 0 0.01 147473.09949348628 6.7008443188609155 0.048985630287100124 9.19649694676532
7983 0 0.01 147473.09949348628 6.7008443188609155 0.048985630287100124 9.19649694676532
7984 0 0.01 147473.09949348628 6.7008443188609155 0.048985630287100124 9.19649694676532
7985 0 0.01 147473.09949348628 6.7008443188609155 0.048985630287100124 9.19649694676532
7986 0 0.01 147473.09949348628 6.7008443188609155 0.048985630287100124 9.19649694676532
7987 0 0.01 147473.09949348628 6.7008443188609155 0.048985630287100124 9.19649694676532
7988 0 0.01 147473.09949348628 6.7008443188609155 0.048985630287100124 9.19649694676532
7989 0 0.01 147473.09949348628 6.7008443188609155 0.048985630287100124 9.19649694676532
7990 0 0.01 147473.09949348628 6.7008443188609155 0.048985630287100124 9.19649694676532
7991 0 0.01 147473.09949348628 6.7008443188609155 0.048985630287100124 9.19649694676532
7992 0 0.01 147473.09949348628 6.7008443188609155 0.048985630287100124 9.19649694676532
7993 0 0.01 147473.09949348628 6.7008443188609155 0.048985630287100124 9.19649694676532
7994 0 0.01 147473.09949348628 6.7008443188609155 0.048985630287100124 9.19649694676532
7995 0 0.01 147450.69041117452 6.7068924324482175 0.049415318348466276 9.193949936601888
7996 0 0.01 147450.69041117452 6.7068924324482175 0.049415318348466276 9.193949936601888
7997 0 0.01 147450.69041117452 6.7068924324482175 0.049415318348466276 9.193949936601888
7998 0 0.01 147450.69041117452 6.7068924324482175 0.049415318348466276 9.193949936601888
7999 0 0.01 147450.69041117452 6.7068924324482175 0.049415318348466276 9.193949936601888
8000 0 0.01 147450.69041117452 6.7068924324482175 0.049415318348466276 9.193949936601888
8001 0 0.01 147450.69041117452 6.7068924324482175 0.049415318348466276 9.193949936601888
8002 0 0.01 147450.69041117452 6.7068924324482175 0.049415318348466276 9.193949936601888
8003 0 0.01 147450.69041117452 6.7068924324482175 0.049415318348466276 9.193949936601888
8004 0 0.01 147450.69041117452 6.7068924324482175 0.049415318348466276 9.193949936601888
8005 0 0.01 147450.69041117452 6.7068924324482175 0.049415318348466276 9.193949936601888
8006 0 0.01 147450.69041117452 6.7068924324482175 0.049415318348466276 9.193949936601888
8007 0 0.01 147450.69041117452 6.7068924324482175 0.049415318348466276 9.193949936601888
8008 0 0.01 147450.69041117452 6.7068924324482175 0.049415318348466276 9.193949936601888
8009 0 0.01 147450.69041117452 6.7068924324482175 0.049415318348466276 9.193949936601888
8010 0 0.01 147450.69041117452 6.7068924324482175 0.049415318348466276 9.193949936601888
8011 0 0.01 147450.69041117452 6.7068924324482175 0.049415318348466276 9.193949936601888
8012 0 0.01 147450.69041117452 6.7068924324482175 0.049415318348466276 9.193949936601888
8013 0 0.01 147450.69041117452 6.7068924324482175 0.049415318348466276 9.193949936601888
8014 0 0.01 147450.69041117452 6.7068924324482175 0.049415318348466276 9.193949936601888
8015 0 0.01 147450.69041117452 6.7068924324482175 0.049415318348466276 9.193949936601888
8016 0 0.01 147450.69041117452 6.7068924324482175 0.049415318348466276 9.193949936601888
8017 0 0.01 147450.69041117452 6.7068924324482175 0.049415318348466276 9.193949936601888
8018 0 0.01 147450.69041117452 6.7068924324482175 0.049415318348466276 9.193949936601888
8019 0 0.01 147450.69041117452 6.7068924324482175 0.049415318348466276 9.193949936601888
8020 0 0.01 147450.69041117452 6.7068924324482175 0.049415318348466276 9.193949936601888
8021 0 0.01 147450.69041117452 6.7068924324482175 0.049415318348466276 9.193949936601888
8022 0 0.01 147450.69041117452 6.7068924324482175 0.049415318348466276 9.193949936601888
8023 0 0.01 147450.69041117452 6.7068924324482175 0.049415318348466276 9.193949936601888
8024 0 0.01 147450.69041117452 6.7068924324482175 0.049415318348466276 9.193949936601888
8025 0 0.01 147450.69041117452 6.7068924324482175 0.049415318348466276 9.193949936601888
8026 0 0.01 147450.69041117452 6.7068924324482175 0.049415318348466276 9.193949936601888
8027 0 0.01 147450.69041117452 6.7068924324482175 0.049415318348466276 9.193949936601888
8028 0 0.01 147450.69041117452 6.7068924324482175 0.049415318348466276 9.193949936601888
8029 0 0.01 147450.69041117452 6.7068924324482175 0.049415318348466276 9.193949936601888
8030 0 0.01 147450.69041117452 6.7068924324482175 0.049415318348466276 9.193949936601888
8031 0 0.01 147450.69041117452 6.7068924324482175 0.049415318348466276 9.193949936601888
8032 0 0.01 147450.69041117452 6.7068924324482175 0.049415318348466276 9.193949936601888
8033 0 0.01 147450.69041117452 6.7068924324482175 0.049415318348466276 9.193949936601888
8034 0 0.01 147450.69041117452 6.7068924324482175 0.049415318348466276 9.193949936601888
8035 0 0.01 147450.69041117452 6.7068924324482175 0.049415318348466276 9.193949936601888
8036 0 0.01 147450.69041117452 6.7068924324482175 0.049415318348466276 9.193949936601888
8037 0 0.01 147450.69041117452 6.7068924324482175 0.049415318348466276 9.193949936601888
8038 0 0.01 147450.69041117452 6.7068924324482175 0.049415318348466276 9.193949936601888
8039 0 0.01 147450.69041117452 6.7068924324482175 0.049415318348466276 9.193949936601888
8040 0 0.01 147450.69041117452 6.7068924324482175 0.049415318348466276 9.193949936601888
8041 0 0.01 147450.69041117452 6.7068924324482175 0.049415318348466276 9.193949936601888
8042 0 0.01 147450.69041117452 6.7068924324482175 0.049415318348466276 9.193949936601888
8043 0 0.01 147450.69041117452 6.7068924324482175 0.049415318348466276 9.193949936601888
8044 0 0.01 147450.69041117452 6.7068924324482175 0.049415318348466276 9.193949936601888
8045 0 0.01 147450.69041117452 6.7068924324482175 0.049415318348466276 9.193949936601888
8046 0 0.01 147450.69041117452 6.7068924324482175 0.049415318348466276 9.193949936601888
8047 0 0.01 147450.69041117452 6.7068924324482175 0.049415318348466276 9.193949936601888
8048 0 0.01 147450.69041117452 6.7068924324482175 0.049415318348466276 9.193949936601888
8049 0 0.01 147450.69041117452 6.7068924324482175 0.049415318348466276 9.193949936601888
8050 0 0.01 147450.69041117452 6.7068924324482175 0.049415318348466276 9.193949936601888
8051 0 0.01 147450.69041117452 6.7068924324482175 0.049415318348466276 9.193949936601888
8052 0 0.01 147450.69041117452 6.7068924324482175 0.049415318348466276 9.193949936601888
8053 0 0.01 147450.69041117452 6.7068924324482175 0.049415318348466276 9.193949936601888
8054 0 0.01 147450.69041117452 6.7068924324482175 0.049415318348466276 9.193949936601888
8055 0 0.01 147450.69041117452 6.7068924324482175 0.049415318348466276 9.193949936601888
8056 0 0.01 147450.69041117452 6.7068924324482175 0.049415318348466276 9.193949936601888
8057 0 0.01 147450.69041117452 6.7068924324482175 0.049415318348466276 9.193949936601888
8058 0 0.01 147450.69041117452 6.7068924324482175 0.049415318348466276 9.193949936601888
8059 0 0.01 147450.69041117452 6.7068924324482175 0.049415318348466276 9.193949936601888
8060 0 0.01 147450.69041117452 6.7068924324482175 0.049415318348466276 9.193949936601888
8061 0 0.01 147450.69041117452 6.7068924324482175 0.049415318348466276 9.193949936601888
8062 0 0.01 147450.69041117452 6.7068924324482175 0.049415318348466276 9.193949936601888
8063 0 0.01 147450.69041117452 6.7068924324482175 0.049415318348466276 9.193949936601888
8064 0 0.01 147450.69041117452 6.7068924324482175 0.049415318348466276 9.193949936601888
8065 0 0.01 147450.69041117452 6.7068924324482175 0.049415318348466276 9.193949936601888
8066 0 0.01 147450.69041117452 6.7068924324482175 0.049415318348466276 9.193949936601888
8067 0 0.01 147450.69041117452 6.7068924324482175 0.049415318348466276 9.193949936601888
8068 0 0.01 147450.69041117452 6.7068924324482175 0.049415318348466276 9.193949936601888
8069 0 0.01 147450.69041117452 6.7068924324482175 0.049415318348466276 9.193949936601888
8070 0 0.01 147450.69041117452 6.7068924324482175 0.049415318348466276 9.193949936601888
8071 0 0.01 147450.69041117452 6.7068924324482175 0.049415318348466276 9.193949936601888
8072 0 0.01 147450.69041117452 6.7068924324482175 0.049415318348466276 9.193949936601888
8073 0 0.01 147450.69041117452 6.7068924324482175 0.049415318348466276 9.193949936601888
8074 0 0.01 147450.69041117452 6.7068924324482175 0.049415318348466276 9.193949936601888
8075 0 0.01 147450.69041117452 6.7068924324482175 0.049415318348466276 9.193949936601888
8076 0 0.01 147450.69041117452 6.7068924324482175 0.049415318348466276 9.193949936601888
8077 0 0.01 147450.69041117452 6.7068924324482175 0.049415318348466276 9.193949936601888
8078 0 0.01 147450.69041117452 6.7068924324482175 0.049415318348466276 9.193949936601888
8079 0 0.01 147450.69041117452 6.7068924324482175 0.049415318348466276 9.193949936601888
8080 0 0.01 147450.69041117452 6.7068924324482175 0.049415318348466276 9.193949936601888
8081 0 0.01 147450.69041117452 6.7068924324482175 0.049415318348466276 9.193949936601888
8082 0 0.01 147450.69041117452 6.7068924324482175 0.049415318348466276 9.193949936601888
8083 0 0.01 147450.69041117452 6.7068924324482175 0.049415318348466276 9.193949936601888
8084 0 0.01 147450.69041117452 6.7068924324482175 0.049415318348466276 9.193949936601888
8085 0 0.01 147450.69041117452 6.7068924324482175 0.049415318348466276 9.193949936601888
8086 0 0.01 147450.69041117452 6.7068924324482175 0.049415318348466276 9.193949936601888
8087 0 0.01 147450.69041117452 6.7068924324482175 0.049415318348466276 9.193949936601888
8088 0 0.01 147450.69041117452 6.7068924324482175 0.049415318348466276 9.193949936601888
8089 0 0.01 147450.69041117452 6.7068924324482175 0.049415318348466276 9.193949936601888
8090 0 0.01 147450.69041117452 6.7068924324482175 0.049415318348466276 9.193949936601888
8091 0 0.01 147450.69041117452 6.7068924324482175 0.049415318348466276 9.193949936601888
8092 0 0.01 147450.69041117452 6.7068924324482175 0.049415318348466276 9.193949936601888
8093 0 0.01 147450.69041117452 6.7068924324482175 0.049415318348466276 9.193949936601888
8094 0 0.01 147450.69041117452 6.7068924324482175 0.049415318348466276 9.193949936601888
8095 0 0.01 147450.69041117452 6.7068924324482175 0.049415318348466276 9.193949936601888
8096 0 0.01 147450.69041117452 6.7068924324482175 0.049415318348466276 9.193949936601888
8097 0 0.01 147450.69041117452 6.7068924324482175 0.049415318348466276 9.193949936601888
8098 0 0.01 147450.69041117452 6.7068924324482175 0.049415318348466276 9.193949936601888
8099 0 0.01 147450.69041117452 6.7068924324482175 0.049415318348466276 9.193949936601888
8100 0 0.01 147450.69041117452 6.7068924324482175 0.049415318348466276 9.193949936601888
8101 0 0.01 147450.69041117452 6.7068924324482175 0.049415318348466276 9.193949936601888
8102 0 0.01 147450.69041117452 6.7068924324482175 0.049415318348466276 9.193949936601888
8103 0 0.01 147450.69041117452 6.7068924324482175 0.049415318348466276 9.193949936601888
8104 0 0.01 147450.69041117452 6.7068924324482175 0.049415318348466276 9.193949936601888
8105 0 0.01 147450.69041117452 6.7068924324482175 0.049415318348466276 9.193949936601888
8106 0 0.01 147450.69041117452 6.7068924324482175 0.049415318348466276 9.193949936601888
8107 0 0.01 147450.69041117452 6.7068924324482175 0.049415318348466276 9.193949936601888
8108 0 0.01 147450.69041117452 6.7068924324482175 0.049415318348466276 9.193949936601888
8109 0 0.01 147450.69041117452 6.7068924324482175 0.049415318348466276 9.193949936601888
8110 0 0.01 147450.69041117452 6.7068924324482175 0.049415318348466276 9.193949936601888
8111 0 0.01 147450.69041117452 6.7068924324482175 0.049415318348466276 9.193949936601888
8112 0 0.01 147450.69041117452 6.7068924324482175 0.049415318348466276 9.193949936601888
8113 0 0.01 147450.69041117452 6.7068924324482175 0.049415318348466276 9.193949936601888
8114 0 0.01 147450.69041117452 6.7068924324482175 0.049415318348466276 9.193949936601888
8115 0 0.01 147450.69041117452 6.7068924324482175 0.049415318348466276 9.193949936601888
8116 0 0.01 147450.69041117452 6.7068924324482175 0.049415318348466276 9.193949936601888
8117 0 0.01 147450.69041117452 6.7068924324482175 0.049415318348466276 9.193949936601888
8118 0 0.01 147450.69041117452 6.7068924324482175 0.049415318348466276 9.193949936601888
8119 0 0.01 147450.69041117452 6.7068924324482175 0.049415318348466276 9.193949936601888
8120 0 0.01 147450.69041117452 6.7068924324482175 0.049415318348466276 9.193949936601888
8121 0 0.01 147450.69041117452 6.7068924324482175 0.049415318348466276 9.193949936601888
8122 0 0.01 147450.69041117452 6.7068924324482175 0.049415318348466276 9.193949936601888
8123 0 0.01 147450.69041117452 6.7068924324482175 0.049415318348466276 9.193949936601888
8124 0 0.01 147450.69041117452 6.7068924324482175 0.049415318348466276 9.193949936601888
8125 0 0.01 147450.69041117452 6.7068924324482175 0.049415318348466276 9.193949936601888
8126 0 0.01 147450.69041117452 6.7068924324482175 0.049415318348466276 9.193949936601888
8127 0 0.01 147450.69041117452 6.7068924324482175 0.049415318348466276 9.193949936601888
8128 0 0.01 147450.69041117452 6.7068924324482175 0.049415318348466276 9.193949936601888
8129 0 0.01 147450.69041117452 6.7068924324482175 0.049415318348466276 9.193949936601888
8130 0 0.01 147450.69041117452 6.7068924324482175 0.049415318348466276 9.193949936601888
8131 0 0.01 147450.69041117452 6.7068924324482175 0.049415318348466276 9.193949936601888
8132 0 0.01 147450.69041117452 6.7068924324482175 0.049415318348466276 9.193949936601888
8133 0 0.01 147450.69041117452 6.7068924324482175 0.049415318348466276 9.193949936601888
8134 0 0.01 147450.69041117452 6.7068924324482175 0.049415318348466276 9.193949936601888
8135 0 0.01 147450.69041117452 6.7068924324482175 0.049415318348466276 9.193949936601888
8136 0 0.01 147450.69041117452 6.7068924324482175 0.049415318348466276 9.193949936601888
8137 0 0.01 147450.69041117452 6.7068924324482175 0.049415318348466276 9.193949936601888
8138 0 0.01 147450.69041117452 6.7068924324482175 0.049415318348466276 9.193949936601888
8139 0 0.01 147450.69041117452 6.7068924324482175 0.049415318348466276 9.193949936601888
8140 0 0.01 147450.69041117452 6.7068924324482175 0.049415318348466276 9.193949936601888
8141 0 0.01 147450.69041117452 6.7068924324482175 0.049415318348466276 9.193949936601888
8142 0 0.01 147450.69041117452 6.7068924324482175 0.049415318348466276 9.193949936601888
8143 0 0.01 147450.69041117452 6.7068924324482175 0.049415318348466276 9.193949936601888
8144 0 0.01 147450.69041117452 6.7068924324482175 0.049415318348466276 9.193949936601888
8145 0 0.01 147450.69041117452 6.7068924324482175 0.049415318348466276 9.193949936601888
8146 0 0.01 147450.69041117452 6.7068924324482175 0.049415318348466276 9.193949936601888
8147 0 0.01 147450.69041117452 6.7068924324482175 0.049415318348466276 9.193949936601888
8148 0 0.01 147450.69041117452 6.7068924324482175 0.049415318348466276 9.193949936601888
8149 0 0.01 147450.69041117452 6.7068924324482175 0.049415318348466276 9.193949936601888
8150 0 0.01 147450.69041117452 6.7068924324482175 0.049415318348466276 9.193949936601888
8151 0 0.01 147450.69041117452 6.7068924324482175 0.049415318348466276 9.193949936601888
8152 0 0.01 147450.69041117452 6.7068924324482175 0.049415318348466276 9.193949936601888
8153 0 0.01 147450.69041117452 6.7068924324482175 0.049415318348466276 9.193949936601888
8154 0 0.01 147450.69041117452 6.7068924324482175 0.049415318348466276 9.193949936601888
8155 0 0.01 147450.69041117452 6.7068924324482175 0.049415318348466276 9.193949936601888
8156 0 0.01 147450.69041117452 6.7068924324482175 0.049415318348466276 9.193949936601888
8157 0 0.01 147450.69041117452 6.7068924324482175 0.049415318348466276 9.193949936601888
8158 0 0.01 147450.69041117452 6.7068924324482175 0.049415318348466276 9.193949936601888
8159 0 0.01 147450.69041117452 6.7068924324482175 0.049415318348466276 9.193949936601888
8160 0 0.01 147450.69041117452 6.7068924324482175 0.049415318348466276 9.193949936601888
8161 0 0.01 147450.69041117452 6.7068924324482175 0.049415318348466276 9.193949936601888
8162 0 0.01 147450.69041117452 6.7068924324482175 0.049415318348466276 9.193949936601888
8163 0 0.01 147450.69041117452 6.7068924324482175 0.049415318348466276 9.193949936601888
8164 0 0.01 147450.69041117452 6.7068924324482175 0.049415318348466276 9.193949936601888
8165 0 0.01 147450.69041117452 6.7068924324482175 0.049415318348466276 9.193949936601888
8166 0 0.01 147450.69041117452 6.7068924324482175 0.049415318348466276 9.193949936601888
8167 0 0.01 147450.69041117452 6.7068924324482175 0.049415318348466276 9.193949936601888
8168 0 0.01 147450.69041117452 6.7068924324482175 0.049415318348466276 9.193949936601888
8169 0 0.01 147450.69041117452 6.7068924324482175 0.049415318348466276 9.193949936601888
8170 0 0.01 147450.69041117452 6.7068924324482175 0.049415318348466276 9.193949936601888
8171 0 0.01 147450.69041117452 6.7068924324482175 0.049415318348466276 9.193949936601888
8172 0 0.01 147450.69041117452 6.7068924324482175 0.049415318348466276 9.193949936601888
8173 0 0.01 147450.69041117452 6.7068924324482175 0.049415318348466276 9.193949936601888
8174 0 0.01 147450.69041117452 6.7068924324482175 0.049415318348466276 9.193949936601888
8175 0 0.01 147450.69041117452 6.7068924324482175 0.049415318348466276 9.193949936601888
8176 0 0.01 147450.69041117452 6.7068924324482175 0.049415318348466276 9.193949936601888
8177 0 0.01 147450.69041117452 6.7068924324482175 0.049415318348466276 9.193949936601888
8178 0 0.01 147450.69041117452 6.7068924324482175 0.049415318348466276 9.193949936601888
8179 0 0.01 147450.69041117452 6.7068924324482175 0.049415318348466276 9.193949936601888
8180 0 0.01 147450.69041117452 6.7068924324482175 0.049415318348466276 9.193949936601888
8181 0 0.01 147450.69041117452 6.7068924324482175 0.049415318348466276 9.193949936601888
8182 0 0.01 147450.69041117452 6.7068924324482175 0.049415318348466276 9.193949936601888
8183 0 0.01 147450.69041117452 6.7068924324482175 0.049415318348466276 9.193949936601888
8184 0 0.01 147450.69041117452 6.7068924324482175 0.049415318348466276 9.193949936601888
8185 0 0.01 147450.69041117452 6.7068924324482175 0.049415318348466276 9.193949936601888
8186 0 0.01 147450.69041117452 6.7068924324482175 0.049415318348466276 9.193949936601888
8187 0 0.01 147450.69041117452 6.7068924324482175 0.049415318348466276 9.193949936601888
8188 0 0.01 147450.69041117452 6.7068924324482175 0.049415318348466276 9.193949936601888
8189 0 0.01 147450.69041117452 6.7068924324482175 0.049415318348466276 9.193949936601888
8190 0 0.01 147450.69041117452 6.7068924324482175 0.049415318348466276 9.193949936601888
8191 0 0.01 147450.69041117452 6.7068924324482175 0.049415318348466276 9.193949936601888
8192 0 0.01 147450.69041117452 6.7068924324482175 0.049415318348466276 9.193949936601888
8193 0 0.01 147450.69041117452 6.7068924324482175 0.049415318348466276 9.193949936601888
8194 0 0.01 147450.69041117452 6.7068924324482175 0.049415318348466276 9.193949936601888
8195 0 0.01 147450.69041117452 6.7068924324482175 0.049415318348466276 9.193949936601888
8196 0 0.01 147450.69041117452 6.7068924324482175 0.049415318348466276 9.193949936601888
8197 0 0.01 147450.69041117452 6.7068924324482175 0.049415318348466276 9.193949936601888
8198 0 0.01 147450.69041117452 6.7068924324482175 0.049415318348466276 9.193949936601888
8199 0 0.01 147450.69041117452 6.7068924324482175 0.049415318348466276 9.193949936601888
8200 0 0.01 147450.69041117452 6.7068924324482175 0.049415318348466276 9.193949936601888
8201 0 0.01 147450.69041117452 6.7068924324482175 0.049415318348466276 9.193949936601888
8202 0 0.01 147450.69041117452 6.7068924324482175 0.049415318348466276 9.193949936601888
8203 0 0.01 147450.69041117452 6.7068924324482175 0.049415318348466276 9.193949936601888
8204 0 0.01 147450.69041117452 6.7068924324482175 0.049415318348466276 9.193949936601888
8205 0 0.01 147450.69041117452 6.7068924324482175 0.049415318348466276 9.193949936601888
8206 0 0.01 147450.69041117452 6.7068924324482175 0.049415318348466276 9.193949936601888
8207 0 0.01 147450.69041117452 6.7068924324482175 0.049415318348466276 9.193949936601888
8208 0 0.01 147450.69041117452 6.7068924324482175 0.049415318348466276 9.193949936601888
8209 0 0.01 147450.69041117452 6.7068924324482175 0.049415318348466276 9.193949936601888
8210 0 0.01 147450.69041117452 6.7068924324482175 0.049415318348466276 9.193949936601888
8211 0 0.01 147450.69041117452 6.7068924324482175 0.049415318348466276 9.193949936601888
8212 0 0.01 147450.69041117452 6.7068924324482175 0.049415318348466276 9.193949936601888
8213 0 0.01 147450.69041117452 6.7068924324482175 0.049415318348466276 9.193949936601888
8214 0 0.01 147450.69041117452 6.7068924324482175 0.049415318348466276 9.193949936601888
8215 0 0.01 147450.69041117452 6.7068924324482175 0.049415318348466276 9.193949936601888
8216 0 0.01 147450.69041117452 6.7068924324482175 0.049415318348466276 9.193949936601888
8217 0 0.01 147450.69041117452 6.7068924324482175 0.049415318348466276 9.193949936601888
8218 0 0.01 147450.69041117452 6.7068924324482175 0.049415318348466276 9.193949936601888
8219 0 0.01 147450.69041117452 6.7068924324482175 0.049415318348466276 9.193949936601888
8220 0 0.01 147450.69041117452 6.7068924324482175 0.049415318348466276 9.193949936601888
8221 0 0.01 147450.69041117452 6.7068924324482175 0.049415318348466276 9.193949936601888
8222 0 0.01 147450.69041117452 6.7068924324482175 0.049415318348466276 9.193949936601888
8223 0 0.01 147450.69041117452 6.7068924324482175 0.049415318348466276 9.193949936601888
8224 0 0.01 147450.69041117452 6.7068924324482175 0.049415318348466276 9.193949936601888
8225 0 0.01 147450.69041117452 6.7068924324482175 0.049415318348466276 9.193949936601888
8226 0 0.01 147450.69041117452 6.7068924324482175 0.049415318348466276 9.193949936601888
8227 0 0.01 147450.69041117452 6.7068924324482175 0.049415318348466276 9.193949936601888
8228 0 0.01 147450.69041117452 6.7068924324482175 0.049415318348466276 9.193949936601888
8229 0 0.01 147450.69041117452 6.7068924324482175 0.049415318348466276 9.193949936601888
8230 0 0.01 147450.69041117452 6.7068924324482175 0.049415318348466276 9.193949936601888
8231 0 0.01 147450.69041117452 6.7068924324482175 0.049415318348466276 9.193949936601888
8232 0 0.01 147450.69041117452 6.7068924324482175 0.049415318348466276 9.193949936601888
8233 0 0.01 147450.69041117452 6.7068924324482175 0.049415318348466276 9.193949936601888
8234 0 0.01 147450.69041117452 6.7068924324482175 0.049415318348466276 9.193949936601888
8235 0 0.01 147450.69041117452 6.7068924324482175 0.049415318348466276 9.193949936601888
8236 0 0.01 147450.69041117452 6.7068924324482175 0.049415318348466276 9.193949936601888
8237 0 0.01 147450.69041117452 6.7068924324482175 0.049415318348466276 9.193949936601888
8238 0 0.01 147450.69041117452 6.7068924324482175 0.049415318348466276 9.193949936601888
8239 0 0.01 147450.69041117452 6.7068924324482175 0.049415318348466276 9.193949936601888
8240 0 0.01 147450.69041117452 6.7068924324482175 0.049415318348466276 9.193949936601888
8241 0 0.01 147450.69041117452 6.7068924324482175 0.049415318348466276 9.193949936601888
8242 0 0.01 147450.69041117452 6.7068924324482175 0.049415318348466276 9.193949936601888
8243 0 0.01 147450.69041117452 6.7068924324482175 0.049415318348466276 9.193949936601888
8244 0 0.01 147450.69041117452 6.7068924324482175 0.049415318348466276 9.193949936601888
8245 0 0.01 147450.69041117452 6.7068924324482175 0.049415318348466276 9.193949936601888
8246 0 0.01 147450.69041117452 6.7068924324482175 0.049415318348466276 9.193949936601888
8247 0 0.01 147450.69041117452 6.7068924324482175 0.049415318348466276 9.193949936601888
8248 0 0.01 147450.69041117452 6.7068924324482175 0.049415318348466276 9.193949936601888
8249 0 0.01 147450.69041117452 6.7068924324482175 0.049415318348466276 9.193949936601888
8250 0 0.01 147450.69041117452 6.7068924324482175 0.049415318348466276 9.193949936601888
8251 0 0.01 147450.69041117452 6.7068924324482175 0.049415318348466276 9.193949936601888
8252 0 0.01 147450.69041117452 6.7068924324482175 0.049415318348466276 9.193949936601888
8253 0 0.01 147450.69041117452 6.7068924324482175 0.049415318348466276 9.193949936601888
8254 0 0.01 147450.69041117452 6.7068924324482175 0.049415318348466276 9.193949936601888
8255 0 0.01 147450.69041117452 6.7068924324482175 0.049415318348466276 9.193949936601888
8256 0 0.01 147450.69041117452 6.7068924324482175 0.049415318348466276 9.193949936601888
8257 0 0.01 147450.69041117452 6.7068924324482175 0.049415318348466276 9.193949936601888
8258 0 0.01 147450.69041117452 6.7068924324482175 0.049415318348466276 9.193949936601888
8259 0 0.01 147450.69041117452 6.7068924324482175 0.049415318348466276 9.193949936601888
8260 0 0.01 147450.69041117452 6.7068924324482175 0.049415318348466276 9.193949936601888
8261 0 0.01 147450.69041117452 6.7068924324482175 0.049415318348466276 9.193949936601888
8262 0 0.01 147450.69041117452 6.7068924324482175 0.049415318348466276 9.193949936601888
8263 0 0.01 147450.69041117452 6.7068924324482175 0.049415318348466276 9.193949936601888
8264 0 0.01 147450.69041117452 6.7068924324482175 0.049415318348466276 9.193949936601888
8265 0 0.01 147450.69041117452 6.7068924324482175 0.049415318348466276 9.193949936601888
8266 0 0.01 147450.69041117452 6.7068924324482175 0.049415318348466276 9.193949936601888
8267 0 0.01 147450.69041117452 6.7068924324482175 0.049415318348466276 9.193949936601888
8268 0 0.01 147450.69041117452 6.7068924324482175 0.049415318348466276 9.193949936601888
8269 0 0.01 147450.69041117452 6.7068924324482175 0.049415318348466276 9.193949936601888
8270 0 0.01 147450.69041117452 6.7068924324482175 0.049415318348466276 9.193949936601888
8271 0 0.01 147450.69041117452 6.7068924324482175 0.049415318348466276 9.193949936601888
8272 0 0.01 147450.69041117452 6.7068924324482175 0.049415318348466276 9.193949936601888
8273 0 0.01 147450.69041117452 6.7068924324482175 0.049415318348466276 9.193949936601888
8274 0 0.01 147450.69041117452 6.7068924324482175 0.049415318348466276 9.193949936601888
8275 0 0.01 147450.69041117452 6.7068924324482175 0.049415318348466276 9.193949936601888
8276 0 0.01 147450.69041117452 6.7068924324482175 0.049415318348466276 9.193949936601888
8277 0 0.01 147450.69041117452 6.7068924324482175 0.049415318348466276 9.193949936601888
8278 0 0.01 147450.69041117452 6.7068924324482175 0.049415318348466276 9.193949936601888
8279 0 0.01 147450.69041117452 6.7068924324482175 0.049415318348466276 9.193949936601888
8280 0 0.01 147450.69041117452 6.7068924324482175 0.049415318348466276 9.193949936601888
8281 0 0.01 147450.69041117452 6.7068924324482175 0.049415318348466276 9.193949936601888
8282 0 0.01 147450.69041117452 6.7068924324482175 0.049415318348466276 9.193949936601888
8283 0 0.01 147450.69041117452 6.7068924324482175 0.049415318348466276 9.193949936601888
8284 0 0.01 147450.69041117452 6.7068924324482175 0.049415318348466276 9.193949936601888
8285 0 0.01 147450.69041117452 6.7068924324482175 0.049415318348466276 9.193949936601888
8286 0 0.01 147450.69041117452 6.7068924324482175 0.049415318348466276 9.193949936601888
8287 0 0.01 147450.69041117452 6.7068924324482175 0.049415318348466276 9.193949936601888
8288 0 0.01 147450.69041117452 6.7068924324482175 0.049415318348466276 9.193949936601888
8289 0 0.01 147450.69041117452 6.7068924324482175 0.049415318348466276 9.193949936601888
8290 0 0.01 147450.69041117452 6.7068924324482175 0.049415318348466276 9.193949936601888
8291 0 0.01 147450.69041117452 6.7068924324482175 0.049415318348466276 9.193949936601888
8292 0 0.01 147450.69041117452 6.7068924324482175 0.049415318348466276 9.193949936601888
8293 0 0.01 147450.69041117452 6.7068924324482175 0.049415318348466276 9.193949936601888
8294 0 0.01 147450.69041117452 6.7068924324482175 0.049415318348466276 9.193949936601888
8295 0 0.01 147450.69041117452 6.7068924324482175 0.049415318348466276 9.193949936601888
8296 0 0.01 147450.69041117452 6.7068924324482175 0.049415318348466276 9.193949936601888
8297 0 0.01 147450.69041117452 6.7068924324482175 0.049415318348466276 9.193949936601888
8298 0 0.01 147450.69041117452 6.7068924324482175 0.049415318348466276 9.193949936601888
8299 0 0.01 147450.69041117452 6.7068924324482175 0.049415318348466276 9.193949936601888
8300 0 0.01 147450.69041117452 6.7068924324482175 0.049415318348466276 9.193949936601888
8301 0 0.01 147450.69041117452 6.7068924324482175 0.049415318348466276 9.193949936601888
8302 0 0.01 147450.69041117452 6.7068924324482175 0.049415318348466276 9.193949936601888
8303 0 0.01 147450.69041117452 6.7068924324482175 0.049415318348466276 9.193949936601888
8304 0 0.01 147450.69041117452 6.7068924324482175 0.049415318348466276 9.193949936601888
8305 0 0.01 147450.69041117452 6.7068924324482175 0.049415318348466276 9.193949936601888
8306 0 0.01 147450.69041117452 6.7068924324482175 0.049415318348466276 9.193949936601888
8307 0 0.01 147450.69041117452 6.7068924324482175 0.049415318348466276 9.193949936601888
8308 0 0.01 147450.69041117452 6.7068924324482175 0.049415318348466276 9.193949936601888
8309 0 0.01 147450.69041117452 6.7068924324482175 0.049415318348466276 9.193949936601888
8310 0 0.01 147450.69041117452 6.7068924324482175 0.049415318348466276 9.193949936601888
8311 0 0.01 147450.69041117452 6.7068924324482175 0.049415318348466276 9.193949936601888
8312 0 0.01 147450.69041117452 6.7068924324482175 0.049415318348466276 9.193949936601888
8313 0 0.01 147450.69041117452 6.7068924324482175 0.049415318348466276 9.193949936601888
8314 0 0.01 147450.69041117452 6.7068924324482175 0.049415318348466276 9.193949936601888
8315 0 0.01 147450.69041117452 6.7068924324482175 0.049415318348466276 9.193949936601888
8316 0 0.01 147450.69041117452 6.7068924324482175 0.049415318348466276 9.193949936601888
8317 0 0.01 147450.69041117452 6.7068924324482175 0.049415318348466276 9.193949936601888
8318 0 0.01 147450.69041117452 6.7068924324482175 0.049415318348466276 9.193949936601888
8319 0 0.01 147450.69041117452 6.7068924324482175 0.049415318348466276 9.193949936601888
8320 0 0.01 147450.69041117452 6.7068924324482175 0.049415318348466276 9.193949936601888
8321 0 0.01 147450.69041117452 6.7068924324482175 0.049415318348466276 9.193949936601888
8322 0 0.01 147450.69041117452 6.7068924324482175 0.049415318348466276 9.193949936601888
8323 0 0.01 147450.69041117452 6.7068924324482175 0.049415318348466276 9.193949936601888
8324 0 0.01 147450.69041117452 6.7068924324482175 0.049415318348466276 9.193949936601888
8325 0 0.01 147450.69041117452 6.7068924324482175 0.049415318348466276 9.193949936601888
8326 0 0.01 147450.69041117452 6.7068924324482175 0.049415318348466276 9.193949936601888
8327 0 0.01 147450.69041117452 6.7068924324482175 0.049415318348466276 9.193949936601888
8328 0 0.01 147450.69041117452 6.7068924324482175 0.049415318348466276 9.193949936601888
8329 0 0.01 147450.69041117452 6.7068924324482175 0.049415318348466276 9.193949936601888
8330 0 0.01 147450.69041117452 6.7068924324482175 0.049415318348466276 9.193949936601888
8331 0 0.01 147450.69041117452 6.7068924324482175 0.049415318348466276 9.193949936601888
8332 0 0.01 147450.69041117452 6.7068924324482175 0.049415318348466276 9.193949936601888
8333 0 0.01 147450.69041117452 6.7068924324482175 0.049415318348466276 9.193949936601888
8334 0 0.01 147450.69041117452 6.7068924324482175 0.049415318348466276 9.193949936601888
8335 0 0.01 147450.69041117452 6.7068924324482175 0.049415318348466276 9.193949936601888
8336 0 0.01 147450.69041117452 6.7068924324482175 0.049415318348466276 9.193949936601888
8337 0 0.01 147450.69041117452 6.7068924324482175 0.049415318348466276 9.193949936601888
8338 0 0.01 147450.69041117452 6.7068924324482175 0.049415318348466276 9.193949936601888
8339 0 0.01 147450.69041117452 6.7068924324482175 0.049415318348466276 9.193949936601888
8340 0 0.01 147450.69041117452 6.7068924324482175 0.049415318348466276 9.193949936601888
8341 0 0.01 147450.69041117452 6.7068924324482175 0.049415318348466276 9.193949936601888
8342 0 0.01 147450.69041117452 6.7068924324482175 0.049415318348466276 9.193949936601888
8343 0 0.01 147450.69041117452 6.7068924324482175 0.049415318348466276 9.193949936601888
8344 0 0.01 147450.69041117452 6.7068924324482175 0.049415318348466276 9.193949936601888
8345 0 0.01 147450.69041117452 6.7068924324482175 0.049415318348466276 9.193949936601888
8346 0 0.01 147450.69041117452 6.7068924324482175 0.049415318348466276 9.193949936601888
8347 0 0.01 147450.69041117452 6.7068924324482175 0.049415318348466276 9.193949936601888
8348 0 0.01 147450.69041117452 6.7068924324482175 0.049415318348466276 9.193949936601888
8349 0 0.01 147450.69041117452 6.7068924324482175 0.049415318348466276 9.193949936601888
8350 0 0.01 147450.69041117452 6.7068924324482175 0.049415318348466276 9.193949936601888
8351 0 0.01 147450.69041117452 6.7068924324482175 0.049415318348466276 9.193949936601888
8352 0 0.01 147450.69041117452 6.7068924324482175 0.049415318348466276 9.193949936601888
8353 0 0.01 147450.69041117452 6.7068924324482175 0.049415318348466276 9.193949936601888
8354 0 0.01 147450.69041117452 6.7068924324482175 0.049415318348466276 9.193949936601888
8355 0 0.01 147450.69041117452 6.7068924324482175 0.049415318348466276 9.193949936601888
8356 0 0.01 147450.69041117452 6.7068924324482175 0.049415318348466276 9.193949936601888
8357 0 0.01 147450.69041117452 6.7068924324482175 0.049415318348466276 9.193949936601888
8358 0 0.01 147450.69041117452 6.7068924324482175 0.049415318348466276 9.193949936601888
8359 0 0.01 147450.69041117452 6.7068924324482175 0.049415318348466276 9.193949936601888
8360 0 0.01 147450.69041117452 6.7068924324482175 0.049415318348466276 9.193949936601888
8361 0 0.01 147450.69041117452 6.7068924324482175 0.049415318348466276 9.193949936601888
8362 0 0.01 147450.69041117452 6.7068924324482175 0.049415318348466276 9.193949936601888
8363 0 0.01 147450.69041117452 6.7068924324482175 0.049415318348466276 9.193949936601888
8364 0 0.01 147450.69041117452 6.7068924324482175 0.049415318348466276 9.193949936601888
8365 0 0.01 147450.69041117452 6.7068924324482175 0.049415318348466276 9.193949936601888
8366 0 0.01 147450.69041117452 6.7068924324482175 0.049415318348466276 9.193949936601888
8367 0 0.01 147450.69041117452 6.7068924324482175 0.049415318348466276 9.193949936601888
8368 0 0.01 147450.69041117452 6.7068924324482175 0.049415318348466276 9.193949936601888
8369 0 0.01 147450.69041117452 6.7068924324482175 0.049415318348466276 9.193949936601888
8370 0 0.01 147450.69041117452 6.7068924324482175 0.049415318348466276 9.193949936601888
8371 0 0.01 147450.69041117452 6.7068924324482175 0.049415318348466276 9.193949936601888
8372 0 0.01 147450.69041117452 6.7068924324482175 0.049415318348466276 9.193949936601888
8373 0 0.01 147450.69041117452 6.7068924324482175 0.049415318348466276 9.193949936601888
8374 0 0.01 147450.69041117452 6.7068924324482175 0.049415318348466276 9.193949936601888
8375 0 0.01 147450.69041117452 6.7068924324482175 0.049415318348466276 9.193949936601888
8376 0 0.01 147450.69041117452 6.7068924324482175 0.049415318348466276 9.193949936601888
8377 0 0.01 147450.69041117452 6.7068924324482175 0.049415318348466276 9.193949936601888
8378 0 0.01 147450.69041117452 6.7068924324482175 0.049415318348466276 9.193949936601888
8379 0 0.01 147450.69041117452 6.7068924324482175 0.049415318348466276 9.193949936601888
8380 0 0.01 147450.69041117452 6.7068924324482175 0.049415318348466276 9.193949936601888
8381 0 0.01 147450.69041117452 6.7068924324482175 0.049415318348466276 9.193949936601888
8382 0 0.01 147450.69041117452 6.7068924324482175 0.049415318348466276 9.193949936601888
8383 0 0.01 147450.69041117452 6.7068924324482175 0.049415318348466276 9.193949936601888
8384 0 0.01 147450.69041117452 6.7068924324482175 0.049415318348466276 9.193949936601888
8385 0 0.01 147450.69041117452 6.7068924324482175 0.049415318348466276 9.193949936601888
8386 0 0.01 147450.69041117452 6.7068924324482175 0.049415318348466276 9.193949936601888
8387 0 0.01 147450.69041117452 6.7068924324482175 0.049415318348466276 9.193949936601888
8388 0 0.01 147450.69041117452 6.7068924324482175 0.049415318348466276 9.193949936601888
8389 0 0.01 147450.69041117452 6.7068924324482175 0.049415318348466276 9.193949936601888
8390 0 0.01 147450.69041117452 6.7068924324482175 0.049415318348466276 9.193949936601888
8391 0 0.01 147450.69041117452 6.7068924324482175 0.049415318348466276 9.193949936601888
8392 0 0.01 147450.69041117452 6.7068924324482175 0.049415318348466276 9.193949936601888
8393 0 0.01 147450.69041117452 6.7068924324482175 0.049415318348466276 9.193949936601888
8394 0 0.01 147450.69041117452 6.7068924324482175 0.049415318348466276 9.193949936601888
8395 0 0.01 147450.69041117452 6.7068924324482175 0.049415318348466276 9.193949936601888
8396 0 0.01 147450.69041117452 6.7068924324482175 0.049415318348466276 9.193949936601888
8397 0 0.01 147450.69041117452 6.7068924324482175 0.049415318348466276 9.193949936601888
8398 0 0.01 147450.69041117452 6.7068924324482175 0.049415318348466276 9.193949936601888
8399 0 0.01 147450.69041117452 6.7068924324482175 0.049415318348466276 9.193949936601888
8400 0 0.01 147450.69041117452 6.7068924324482175 0.049415318348466276 9.193949936601888
8401 0 0.01 147450.69041117452 6.7068924324482175 0.049415318348466276 9.193949936601888
8402 0 0.01 147450.69041117452 6.7068924324482175 0.049415318348466276 9.193949936601888
8403 0 0.01 147450.69041117452 6.7068924324482175 0.049415318348466276 9.193949936601888
8404 0 0.01 147450.69041117452 6.7068924324482175 0.049415318348466276 9.193949936601888
8405 0 0.01 147450.69041117452 6.7068924324482175 0.049415318348466276 9.193949936601888
8406 0 0.01 147450.69041117452 6.7068924324482175 0.049415318348466276 9.193949936601888
8407 0 0.01 147450.69041117452 6.7068924324482175 0.049415318348466276 9.193949936601888
8408 0 0.01 147450.69041117452 6.7068924324482175 0.049415318348466276 9.193949936601888
8409 0 0.01 147450.69041117452 6.7068924324482175 0.049415318348466276 9.193949936601888
8410 0 0.01 147450.69041117452 6.7068924324482175 0.049415318348466276 9.193949936601888
8411 0 0.01 147450.69041117452 6.7068924324482175 0.049415318348466276 9.193949936601888
8412 0 0.01 147450.69041117452 6.7068924324482175 0.049415318348466276 9.193949936601888
8413 0 0.01 147450.69041117452 6.7068924324482175 0.049415318348466276 9.193949936601888
8414 0 0.01 147450.69041117452 6.7068924324482175 0.049415318348466276 9.193949936601888
8415 0 0.01 147450.69041117452 6.7068924324482175 0.049415318348466276 9.193949936601888
8416 0 0.01 147450.69041117452 6.7068924324482175 0.049415318348466276 9.193949936601888
8417 0 0.01 147450.69041117452 6.7068924324482175 0.049415318348466276 9.193949936601888
8418 0 0.01 147450.69041117452 6.7068924324482175 0.049415318348466276 9.193949936601888
8419 0 0.01 147450.69041117452 6.7068924324482175 0.049415318348466276 9.193949936601888
8420 0 0.01 147450.69041117452 6.7068924324482175 0.049415318348466276 9.193949936601888
8421 0 0.01 147450.69041117452 6.7068924324482175 0.049415318348466276 9.193949936601888
8422 0 0.01 147450.69041117452 6.7068924324482175 0.049415318348466276 9.193949936601888
8423 0 0.01 147450.69041117452 6.7068924324482175 0.049415318348466276 9.193949936601888
8424 0 0.01 147450.69041117452 6.7068924324482175 0.049415318348466276 9.193949936601888
8425 0 0.01 147450.69041117452 6.7068924324482175 0.049415318348466276 9.193949936601888
8426 0 0.01 147450.69041117452 6.7068924324482175 0.049415318348466276 9.193949936601888
8427 0 0.01 147450.69041117452 6.7068924324482175 0.049415318348466276 9.193949936601888
8428 0 0.01 147450.69041117452 6.7068924324482175 0.049415318348466276 9.193949936601888
8429 0 0.01 147450.69041117452 6.7068924324482175 0.049415318348466276 9.193949936601888
8430 0 0.01 147450.69041117452 6.7068924324482175 0.049415318348466276 9.193949936601888
8431 0 0.01 147450.69041117452 6.7068924324482175 0.049415318348466276 9.193949936601888
8432 0 0.01 147450.69041117452 6.7068924324482175 0.049415318348466276 9.193949936601888
8433 0 0.01 147450.69041117452 6.7068924324482175 0.049415318348466276 9.193949936601888
8434 0 0.01 147450.69041117452 6.7068924324482175 0.049415318348466276 9.193949936601888
8435 0 0.01 147450.69041117452 6.7068924324482175 0.049415318348466276 9.193949936601888
8436 0 0.01 147450.69041117452 6.7068924324482175 0.049415318348466276 9.193949936601888
8437 0 0.01 147450.69041117452 6.7068924324482175 0.049415318348466276 9.193949936601888
8438 0 0.01 147450.69041117452 6.7068924324482175 0.049415318348466276 9.193949936601888
8439 0 0.01 147450.69041117452 6.7068924324482175 0.049415318348466276 9.193949936601888
8440 0 0.01 147450.69041117452 6.7068924324482175 0.049415318348466276 9.193949936601888
8441 0 0.01 147450.69041117452 6.7068924324482175 0.049415318348466276 9.193949936601888
8442 0 0.01 147450.69041117452 6.7068924324482175 0.049415318348466276 9.193949936601888
8443 0 0.01 147450.69041117452 6.7068924324482175 0.049415318348466276 9.193949936601888
8444 0 0.01 147450.69041117452 6.7068924324482175 0.049415318348466276 9.193949936601888
8445 0 0.01 147450.69041117452 6.7068924324482175 0.049415318348466276 9.193949936601888
8446 0 0.01 147450.69041117452 6.7068924324482175 0.049415318348466276 9.193949936601888
8447 0 0.01 147450.69041117452 6.7068924324482175 0.049415318348466276 9.193949936601888
8448 0 0.01 147450.69041117452 6.7068924324482175 0.049415318348466276 9.193949936601888
8449 0 0.01 147450.69041117452 6.7068924324482175 0.049415318348466276 9.193949936601888
8450 0 0.01 147450.69041117452 6.7068924324482175 0.049415318348466276 9.193949936601888
8451 0 0.01 147450.69041117452 6.7068924324482175 0.049415318348466276 9.193949936601888
8452 0 0.01 147450.69041117452 6.7068924324482175 0.049415318348466276 9.193949936601888
8453 0 0.01 147450.69041117452 6.7068924324482175 0.049415318348466276 9.193949936601888
8454 0 0.01 147450.69041117452 6.7068924324482175 0.049415318348466276 9.193949936601888
8455 0 0.01 147450.69041117452 6.7068924324482175 0.049415318348466276 9.193949936601888
8456 0 0.01 147450.69041117452 6.7068924324482175 0.049415318348466276 9.193949936601888
8457 0 0.01 147450.69041117452 6.7068924324482175 0.049415318348466276 9.193949936601888
8458 0 0.01 147450.69041117452 6.7068924324482175 0.049415318348466276 9.193949936601888
8459 0 0.01 147450.69041117452 6.7068924324482175 0.049415318348466276 9.193949936601888
8460 0 0.01 147450.69041117452 6.7068924324482175 0.049415318348466276 9.193949936601888
8461 0 0.01 147450.69041117452 6.7068924324482175 0.049415318348466276 9.193949936601888
8462 0 0.01 147450.69041117452 6.7068924324482175 0.049415318348466276 9.193949936601888
8463 0 0.01 147450.69041117452 6.7068924324482175 0.049415318348466276 9.193949936601888
8464 0 0.01 147450.69041117452 6.7068924324482175 0.049415318348466276 9.193949936601888
8465 0 0.01 147450.69041117452 6.7068924324482175 0.049415318348466276 9.193949936601888
8466 0 0.01 147450.69041117452 6.7068924324482175 0.049415318348466276 9.193949936601888
8467 0 0.01 147450.69041117452 6.7068924324482175 0.049415318348466276 9.193949936601888
8468 0 0.01 147450.69041117452 6.7068924324482175 0.049415318348466276 9.193949936601888
8469 0 0.01 147450.69041117452 6.7068924324482175 0.049415318348466276 9.193949936601888
8470 0 0.01 147450.69041117452 6.7068924324482175 0.049415318348466276 9.193949936601888
8471 0 0.01 147450.69041117452 6.7068924324482175 0.049415318348466276 9.193949936601888
8472 0 0.01 147450.69041117452 6.7068924324482175 0.049415318348466276 9.193949936601888
8473 0 0.01 147450.69041117452 6.7068924324482175 0.049415318348466276 9.193949936601888
8474 0 0.01 147450.69041117452 6.7068924324482175 0.049415318348466276 9.193949936601888
8475 0 0.01 147450.69041117452 6.7068924324482175 0.049415318348466276 9.193949936601888
8476 0 0.01 147450.69041117452 6.7068924324482175 0.049415318348466276 9.193949936601888
8477 0 0.01 147450.69041117452 6.7068924324482175 0.049415318348466276 9.193949936601888
8478 0 0.01 147450.69041117452 6.7068924324482175 0.049415318348466276 9.193949936601888
8479 0 0.01 147450.69041117452 6.7068924324482175 0.049415318348466276 9.193949936601888
8480 0 0.01 147450.69041117452 6.7068924324482175 0.049415318348466276 9.193949936601888
8481 0 0.01 147450.69041117452 6.7068924324482175 0.049415318348466276 9.193949936601888
8482 0 0.01 147450.69041117452 6.7068924324482175 0.049415318348466276 9.193949936601888
8483 0 0.01 147450.69041117452 6.7068924324482175 0.049415318348466276 9.193949936601888
8484 0 0.01 147450.69041117452 6.7068924324482175 0.049415318348466276 9.193949936601888
8485 0 0.01 147450.69041117452 6.7068924324482175 0.049415318348466276 9.193949936601888
8486 0 0.01 147450.69041117452 6.7068924324482175 0.049415318348466276 9.193949936601888
8487 0 0.01 147450.69041117452 6.7068924324482175 0.049415318348466276 9.193949936601888
8488 0 0.01 147450.69041117452 6.7068924324482175 0.049415318348466276 9.193949936601888
8489 0 0.01 147450.69041117452 6.7068924324482175 0.049415318348466276 9.193949936601888
8490 0 0.01 147450.69041117452 6.7068924324482175 0.049415318348466276 9.193949936601888
8491 0 0.01 147450.69041117452 6.7068924324482175 0.049415318348466276 9.193949936601888
8492 0 0.01 147450.69041117452 6.7068924324482175 0.049415318348466276 9.193949936601888
8493 0 0.01 147450.69041117452 6.7068924324482175 0.049415318348466276 9.193949936601888
8494 0 0.01 147450.69041117452 6.7068924324482175 0.049415318348466276 9.193949936601888
8495 0 0.01 147450.69041117452 6.7068924324482175 0.049415318348466276 9.193949936601888
8496 0 0.01 147450.69041117452 6.7068924324482175 0.049415318348466276 9.193949936601888
8497 0 0.01 147450.69041117452 6.7068924324482175 0.049415318348466276 9.193949936601888
8498 0 0.01 147450.69041117452 6.7068924324482175 0.049415318348466276 9.193949936601888
8499 0 0.01 147450.69041117452 6.7068924324482175 0.049415318348466276 9.193949936601888
8500 0 0.01 147450.69041117452 6.7068924324482175 0.049415318348466276 9.193949936601888
8501 0 0.01 147450.69041117452 6.7068924324482175 0.049415318348466276 9.193949936601888
8502 0 0.01 147450.69041117452 6.7068924324482175 0.049415318348466276 9.193949936601888
8503 0 0.01 147450.69041117452 6.7068924324482175 0.049415318348466276 9.193949936601888
8504 0 0.01 147450.69041117452 6.7068924324482175 0.049415318348466276 9.193949936601888
8505 0 0.01 147450.69041117452 6.7068924324482175 0.049415318348466276 9.193949936601888
8506 0 0.01 147450.69041117452 6.7068924324482175 0.049415318348466276 9.193949936601888
8507 0 0.01 147450.69041117452 6.7068924324482175 0.049415318348466276 9.193949936601888
8508 0 0.01 147450.69041117452 6.7068924324482175 0.049415318348466276 9.193949936601888
8509 0 0.01 147450.69041117452 6.7068924324482175 0.049415318348466276 9.193949936601888
8510 0 0.01 147450.69041117452 6.7068924324482175 0.049415318348466276 9.193949936601888
8511 0 0.01 147450.69041117452 6.7068924324482175 0.049415318348466276 9.193949936601888
8512 0 0.01 147450.69041117452 6.7068924324482175 0.049415318348466276 9.193949936601888
8513 0 0.01 147450.69041117452 6.7068924324482175 0.049415318348466276 9.193949936601888
8514 0 0.01 147450.69041117452 6.7068924324482175 0.049415318348466276 9.193949936601888
8515 0 0.01 147450.69041117452 6.7068924324482175 0.049415318348466276 9.193949936601888
8516 0 0.01 147450.69041117452 6.7068924324482175 0.049415318348466276 9.193949936601888
8517 0 0.01 147450.69041117452 6.7068924324482175 0.049415318348466276 9.193949936601888
8518 0 0.01 147450.69041117452 6.7068924324482175 0.049415318348466276 9.193949936601888
8519 0 0.01 147450.69041117452 6.7068924324482175 0.049415318348466276 9.193949936601888
8520 0 0.01 147450.69041117452 6.7068924324482175 0.049415318348466276 9.193949936601888
8521 0 0.01 147450.69041117452 6.7068924324482175 0.049415318348466276 9.193949936601888
8522 0 0.01 147450.69041117452 6.7068924324482175 0.049415318348466276 9.193949936601888
8523 0 0.01 147450.69041117452 6.7068924324482175 0.049415318348466276 9.193949936601888
8524 0 0.01 147450.69041117452 6.7068924324482175 0.049415318348466276 9.193949936601888
8525 0 0.01 147450.69041117452 6.7068924324482175 0.049415318348466276 9.193949936601888
8526 0 0.01 147450.69041117452 6.7068924324482175 0.049415318348466276 9.193949936601888
8527 0 0.01 147450.69041117452 6.7068924324482175 0.049415318348466276 9.193949936601888
8528 0 0.01 147450.69041117452 6.7068924324482175 0.049415318348466276 9.193949936601888
8529 0 0.01 147450.69041117452 6.7068924324482175 0.049415318348466276 9.193949936601888
8530 0 0.01 147450.69041117452 6.7068924324482175 0.049415318348466276 9.193949936601888
8531 0 0.01 147450.69041117452 6.7068924324482175 0.049415318348466276 9.193949936601888
8532 0 0.01 147450.69041117452 6.7068924324482175 0.049415318348466276 9.193949936601888
8533 0 0.01 147450.69041117452 6.7068924324482175 0.049415318348466276 9.193949936601888
8534 0 0.01 147450.69041117452 6.7068924324482175 0.049415318348466276 9.193949936601888
8535 0 0.01 147450.69041117452 6.7068924324482175 0.049415318348466276 9.193949936601888
8536 0 0.01 147450.69041117452 6.7068924324482175 0.049415318348466276 9.193949936601888
8537 0 0.01 147450.69041117452 6.7068924324482175 0.049415318348466276 9.193949936601888
8538 0 0.01 147450.69041117452 6.7068924324482175 0.049415318348466276 9.193949936601888
8539 0 0.01 147450.69041117452 6.7068924324482175 0.049415318348466276 9.193949936601888
8540 0 0.01 147450.69041117452 6.7068924324482175 0.049415318348466276 9.193949936601888
8541 0 0.01 147450.69041117452 6.7068924324482175 0.049415318348466276 9.193949936601888
8542 0 0.01 147450.69041117452 6.7068924324482175 0.049415318348466276 9.193949936601888
8543 0 0.01 147450.69041117452 6.7068924324482175 0.049415318348466276 9.193949936601888
8544 0 0.01 147450.69041117452 6.7068924324482175 0.049415318348466276 9.193949936601888
8545 0 0.01 147450.69041117452 6.7068924324482175 0.049415318348466276 9.193949936601888
8546 0 0.01 147450.69041117452 6.7068924324482175 0.049415318348466276 9.193949936601888
8547 0 0.01 147450.69041117452 6.7068924324482175 0.049415318348466276 9.193949936601888
8548 0 0.01 147450.69041117452 6.7068924324482175 0.049415318348466276 9.193949936601888
8549 0 0.01 147450.69041117452 6.7068924324482175 0.049415318348466276 9.193949936601888
8550 0 0.01 147450.69041117452 6.7068924324482175 0.049415318348466276 9.193949936601888
8551 0 0.01 147450.69041117452 6.7068924324482175 0.049415318348466276 9.193949936601888
8552 0 0.01 147450.69041117452 6.7068924324482175 0.049415318348466276 9.193949936601888
8553 0 0.01 147450.69041117452 6.7068924324482175 0.049415318348466276 9.193949936601888
8554 0 0.01 147450.69041117452 6.7068924324482175 0.049415318348466276 9.193949936601888
8555 0 0.01 147450.69041117452 6.7068924324482175 0.049415318348466276 9.193949936601888
8556 0 0.01 147450.69041117452 6.7068924324482175 0.049415318348466276 9.193949936601888
8557 0 0.01 147450.69041117452 6.7068924324482175 0.049415318348466276 9.193949936601888
8558 0 0.01 147450.69041117452 6.7068924324482175 0.049415318348466276 9.193949936601888
8559 0 0.01 147450.69041117452 6.7068924324482175 0.049415318348466276 9.193949936601888
8560 0 0.01 147450.69041117452 6.7068924324482175 0.049415318348466276 9.193949936601888
8561 0 0.01 147450.69041117452 6.7068924324482175 0.049415318348466276 9.193949936601888
8562 0 0.01 147450.69041117452 6.7068924324482175 0.049415318348466276 9.193949936601888
8563 0 0.01 147450.69041117452 6.7068924324482175 0.049415318348466276 9.193949936601888
8564 0 0.01 147450.69041117452 6.7068924324482175 0.049415318348466276 9.193949936601888
8565 0 0.01 147450.69041117452 6.7068924324482175 0.049415318348466276 9.193949936601888
8566 0 0.01 147450.69041117452 6.7068924324482175 0.049415318348466276 9.193949936601888
8567 0 0.01 147450.69041117452 6.7068924324482175 0.049415318348466276 9.193949936601888
8568 0 0.01 147450.69041117452 6.7068924324482175 0.049415318348466276 9.193949936601888
8569 0 0.01 147450.69041117452 6.7068924324482175 0.049415318348466276 9.193949936601888
8570 0 0.01 147450.69041117452 6.7068924324482175 0.049415318348466276 9.193949936601888
8571 0 0.01 147450.69041117452 6.7068924324482175 0.049415318348466276 9.193949936601888
8572 0 0.01 147450.69041117452 6.7068924324482175 0.049415318348466276 9.193949936601888
8573 0 0.01 147450.69041117452 6.7068924324482175 0.049415318348466276 9.193949936601888
8574 0 0.01 147450.69041117452 6.7068924324482175 0.049415318348466276 9.193949936601888
8575 0 0.01 147450.69041117452 6.7068924324482175 0.049415318348466276 9.193949936601888
8576 0 0.01 147450.69041117452 6.7068924324482175 0.049415318348466276 9.193949936601888
8577 0 0.01 147450.69041117452 6.7068924324482175 0.049415318348466276 9.193949936601888
8578 0 0.01 147450.69041117452 6.7068924324482175 0.049415318348466276 9.193949936601888
8579 0 0.01 147450.69041117452 6.7068924324482175 0.049415318348466276 9.193949936601888
8580 0 0.01 147450.69041117452 6.7068924324482175 0.049415318348466276 9.193949936601888
8581 0 0.01 147450.69041117452 6.7068924324482175 0.049415318348466276 9.193949936601888
8582 0 0.01 147450.69041117452 6.7068924324482175 0.049415318348466276 9.193949936601888
8583 0 0.01 147450.69041117452 6.7068924324482175 0.049415318348466276 9.193949936601888
8584 0 0.01 147450.69041117452 6.7068924324482175 0.049415318348466276 9.193949936601888
8585 0 0.01 147450.69041117452 6.7068924324482175 0.049415318348466276 9.193949936601888
8586 0 0.01 147450.69041117452 6.7068924324482175 0.049415318348466276 9.193949936601888
8587 0 0.01 147450.69041117452 6.7068924324482175 0.049415318348466276 9.193949936601888
8588 0 0.01 147450.69041117452 6.7068924324482175 0.049415318348466276 9.193949936601888
8589 0 0.01 147450.69041117452 6.7068924324482175 0.049415318348466276 9.193949936601888
8590 0 0.01 147450.69041117452 6.7068924324482175 0.049415318348466276 9.193949936601888
8591 0 0.01 147450.69041117452 6.7068924324482175 0.049415318348466276 9.193949936601888
8592 0 0.01 147450.69041117452 6.7068924324482175 0.049415318348466276 9.193949936601888
8593 0 0.01 147450.69041117452 6.7068924324482175 0.049415318348466276 9.193949936601888
8594 0 0.01 147450.69041117452 6.7068924324482175 0.049415318348466276 9.193949936601888
8595 0 0.01 147450.69041117452 6.7068924324482175 0.049415318348466276 9.193949936601888
8596 0 0.01 147450.69041117452 6.7068924324482175 0.049415318348466276 9.193949936601888
8597 0 0.01 147450.69041117452 6.7068924324482175 0.049415318348466276 9.193949936601888
8598 0 0.01 147450.69041117452 6.7068924324482175 0.049415318348466276 9.193949936601888
8599 0 0.01 147450.69041117452 6.7068924324482175 0.049415318348466276 9.193949936601888
8600 0 0.01 147450.69041117452 6.7068924324482175 0.049415318348466276 9.193949936601888
8601 0 0.01 147450.69041117452 6.7068924324482175 0.049415318348466276 9.193949936601888
8602 0 0.01 147450.69041117452 6.7068924324482175 0.049415318348466276 9.193949936601888
8603 0 0.01 147450.69041117452 6.7068924324482175 0.049415318348466276 9.193949936601888
8604 0 0.01 147450.69041117452 6.7068924324482175 0.049415318348466276 9.193949936601888
8605 0 0.01 147450.69041117452 6.7068924324482175 0.049415318348466276 9.193949936601888
8606 0 0.01 147450.69041117452 6.7068924324482175 0.049415318348466276 9.193949936601888
8607 0 0.01 147450.69041117452 6.7068924324482175 0.049415318348466276 9.193949936601888
8608 0 0.01 147450.69041117452 6.7068924324482175 0.049415318348466276 9.193949936601888
8609 0 0.01 147450.69041117452 6.7068924324482175 0.049415318348466276 9.193949936601888
8610 0 0.01 147450.69041117452 6.7068924324482175 0.049415318348466276 9.193949936601888
8611 0 0.01 147450.69041117452 6.7068924324482175 0.049415318348466276 9.193949936601888
8612 0 0.01 147450.69041117452 6.7068924324482175 0.049415318348466276 9.193949936601888
8613 0 0.01 147450.69041117452 6.7068924324482175 0.049415318348466276 9.193949936601888
8614 0 0.01 147450.69041117452 6.7068924324482175 0.049415318348466276 9.193949936601888
8615 0 0.01 147450.69041117452 6.7068924324482175 0.049415318348466276 9.193949936601888
8616 0 0.01 147450.69041117452 6.7068924324482175 0.049415318348466276 9.193949936601888
8617 0 0.01 147450.69041117452 6.7068924324482175 0.049415318348466276 9.193949936601888
8618 0 0.01 147450.69041117452 6.7068924324482175 0.049415318348466276 9.193949936601888
8619 0 0.01 147450.69041117452 6.7068924324482175 0.049415318348466276 9.193949936601888
8620 0 0.01 147450.69041117452 6.7068924324482175 0.049415318348466276 9.193949936601888
8621 0 0.01 147450.69041117452 6.7068924324482175 0.049415318348466276 9.193949936601888
8622 0 0.01 147450.69041117452 6.7068924324482175 0.049415318348466276 9.193949936601888
8623 0 0.01 147450.69041117452 6.7068924324482175 0.049415318348466276 9.193949936601888
8624 0 0.01 147450.69041117452 6.7068924324482175 0.049415318348466276 9.193949936601888
8625 0 0.01 147450.69041117452 6.7068924324482175 0.049415318348466276 9.193949936601888
8626 0 0.01 147450.69041117452 6.7068924324482175 0.049415318348466276 9.193949936601888
8627 0 0.01 147450.69041117452 6.7068924324482175 0.049415318348466276 9.193949936601888
8628 0 0.01 147450.69041117452 6.7068924324482175 0.049415318348466276 9.193949936601888
8629 0 0.01 147450.69041117452 6.7068924324482175 0.049415318348466276 9.193949936601888
8630 0 0.01 147450.69041117452 6.7068924324482175 0.049415318348466276 9.193949936601888
8631 0 0.01 147450.69041117452 6.7068924324482175 0.049415318348466276 9.193949936601888
8632 0 0.01 147450.69041117452 6.7068924324482175 0.049415318348466276 9.193949936601888
8633 0 0.01 147450.69041117452 6.7068924324482175 0.049415318348466276 9.193949936601888
8634 0 0.01 147450.69041117452 6.7068924324482175 0.049415318348466276 9.193949936601888
8635 0 0.01 147450.69041117452 6.7068924324482175 0.049415318348466276 9.193949936601888
8636 0 0.01 147450.69041117452 6.7068924324482175 0.049415318348466276 9.193949936601888
8637 0 0.01 147450.69041117452 6.7068924324482175 0.049415318348466276 9.193949936601888
8638 0 0.01 147450.69041117452 6.7068924324482175 0.049415318348466276 9.193949936601888
8639 0 0.01 147450.69041117452 6.7068924324482175 0.049415318348466276 9.193949936601888
8640 0 0.01 147450.69041117452 6.7068924324482175 0.049415318348466276 9.193949936601888
8641 0 0.01 147450.69041117452 6.7068924324482175 0.049415318348466276 9.193949936601888
8642 0 0.01 147450.69041117452 6.7068924324482175 0.049415318348466276 9.193949936601888
8643 0 0.01 147450.69041117452 6.7068924324482175 0.049415318348466276 9.193949936601888
8644 0 0.01 147450.69041117452 6.7068924324482175 0.049415318348466276 9.193949936601888
8645 0 0.01 147450.69041117452 6.7068924324482175 0.049415318348466276 9.193949936601888
8646 0 0.01 147450.69041117452 6.7068924324482175 0.049415318348466276 9.193949936601888
8647 0 0.01 147450.69041117452 6.7068924324482175 0.049415318348466276 9.193949936601888
8648 0 0.01 147450.69041117452 6.7068924324482175 0.049415318348466276 9.193949936601888
8649 0 0.01 147450.69041117452 6.7068924324482175 0.049415318348466276 9.193949936601888
8650 0 0.01 147450.69041117452 6.7068924324482175 0.049415318348466276 9.193949936601888
8651 0 0.01 147450.69041117452 6.7068924324482175 0.049415318348466276 9.193949936601888
8652 0 0.01 147450.69041117452 6.7068924324482175 0.049415318348466276 9.193949936601888
8653 0 0.01 147450.69041117452 6.7068924324482175 0.049415318348466276 9.193949936601888
8654 0 0.01 147450.69041117452 6.7068924324482175 0.049415318348466276 9.193949936601888
8655 0 0.01 147450.69041117452 6.7068924324482175 0.049415318348466276 9.193949936601888
8656 0 0.01 147450.69041117452 6.7068924324482175 0.049415318348466276 9.193949936601888
8657 0 0.01 147450.69041117452 6.7068924324482175 0.049415318348466276 9.193949936601888
8658 0 0.01 147450.69041117452 6.7068924324482175 0.049415318348466276 9.193949936601888
8659 0 0.01 147450.69041117452 6.7068924324482175 0.049415318348466276 9.193949936601888
8660 0 0.01 147450.69041117452 6.7068924324482175 0.049415318348466276 9.193949936601888
8661 0 0.01 147450.69041117452 6.7068924324482175 0.049415318348466276 9.193949936601888
8662 0 0.01 147450.69041117452 6.7068924324482175 0.049415318348466276 9.193949936601888
8663 0 0.01 147450.69041117452 6.7068924324482175 0.049415318348466276 9.193949936601888
8664 0 0.01 147450.69041117452 6.7068924324482175 0.049415318348466276 9.193949936601888
8665 0 0.01 147450.69041117452 6.7068924324482175 0.049415318348466276 9.193949936601888
8666 0 0.01 147450.69041117452 6.7068924324482175 0.049415318348466276 9.193949936601888
8667 0 0.01 147450.69041117452 6.7068924324482175 0.049415318348466276 9.193949936601888
8668 0 0.01 147450.69041117452 6.7068924324482175 0.049415318348466276 9.193949936601888
8669 0 0.01 147450.69041117452 6.7068924324482175 0.049415318348466276 9.193949936601888
8670 0 0.01 147450.69041117452 6.7068924324482175 0.049415318348466276 9.193949936601888
8671 0 0.01 147450.69041117452 6.7068924324482175 0.049415318348466276 9.193949936601888
8672 0 0.01 147450.69041117452 6.7068924324482175 0.049415318348466276 9.193949936601888
8673 0 0.01 147450.69041117452 6.7068924324482175 0.049415318348466276 9.193949936601888
8674 0 0.01 147450.69041117452 6.7068924324482175 0.049415318348466276 9.193949936601888
8675 0 0.01 147450.69041117452 6.7068924324482175 0.049415318348466276 9.193949936601888
8676 0 0.01 147450.69041117452 6.7068924324482175 0.049415318348466276 9.193949936601888
8677 0 0.01 147450.69041117452 6.7068924324482175 0.049415318348466276 9.193949936601888
8678 0 0.01 147450.69041117452 6.7068924324482175 0.049415318348466276 9.193949936601888
8679 0 0.01 147450.69041117452 6.7068924324482175 0.049415318348466276 9.193949936601888
8680 0 0.01 147450.69041117452 6.7068924324482175 0.049415318348466276 9.193949936601888
8681 0 0.01 147450.69041117452 6.7068924324482175 0.049415318348466276 9.193949936601888
8682 0 0.01 147450.69041117452 6.7068924324482175 0.049415318348466276 9.193949936601888
8683 0 0.01 147450.69041117452 6.7068924324482175 0.049415318348466276 9.193949936601888
8684 0 0.01 147450.69041117452 6.7068924324482175 0.049415318348466276 9.193949936601888
8685 0 0.01 147450.69041117452 6.7068924324482175 0.049415318348466276 9.193949936601888
8686 0 0.01 147450.69041117452 6.7068924324482175 0.049415318348466276 9.193949936601888
8687 0 0.01 147450.69041117452 6.7068924324482175 0.049415318348466276 9.193949936601888
8688 0 0.01 147450.69041117452 6.7068924324482175 0.049415318348466276 9.193949936601888
8689 0 0.01 147450.69041117452 6.7068924324482175 0.049415318348466276 9.193949936601888
8690 0 0.01 147450.69041117452 6.7068924324482175 0.049415318348466276 9.193949936601888
8691 0 0.01 147450.69041117452 6.7068924324482175 0.049415318348466276 9.193949936601888
8692 0 0.01 147450.69041117452 6.7068924324482175 0.049415318348466276 9.193949936601888
8693 0 0.01 147450.69041117452 6.7068924324482175 0.049415318348466276 9.193949936601888
8694 0 0.01 147450.69041117452 6.7068924324482175 0.049415318348466276 9.193949936601888
8695 0 0.01 147450.69041117452 6.7068924324482175 0.049415318348466276 9.193949936601888
8696 0 0.01 147450.69041117452 6.7068924324482175 0.049415318348466276 9.193949936601888
8697 0 0.01 147450.69041117452 6.7068924324482175 0.049415318348466276 9.193949936601888
8698 0 0.01 147450.69041117452 6.7068924324482175 0.049415318348466276 9.193949936601888
8699 0 0.01 147450.69041117452 6.7068924324482175 0.049415318348466276 9.193949936601888
8700 0 0.01 147450.69041117452 6.7068924324482175 0.049415318348466276 9.193949936601888
8701 0 0.01 147450.69041117452 6.7068924324482175 0.049415318348466276 9.193949936601888
8702 0 0.01 147450.69041117452 6.7068924324482175 0.049415318348466276 9.193949936601888
8703 0 0.01 147450.69041117452 6.7068924324482175 0.049415318348466276 9.193949936601888
8704 0 0.01 147450.69041117452 6.7068924324482175 0.049415318348466276 9.193949936601888
8705 0 0.01 147450.69041117452 6.7068924324482175 0.049415318348466276 9.193949936601888
8706 0 0.01 147450.69041117452 6.7068924324482175 0.049415318348466276 9.193949936601888
8707 0 0.01 147450.69041117452 6.7068924324482175 0.049415318348466276 9.193949936601888
8708 0 0.01 147450.69041117452 6.7068924324482175 0.049415318348466276 9.193949936601888
8709 0 0.01 147450.69041117452 6.7068924324482175 0.049415318348466276 9.193949936601888
8710 0 0.01 147450.69041117452 6.7068924324482175 0.049415318348466276 9.193949936601888
8711 0 0.01 147450.69041117452 6.7068924324482175 0.049415318348466276 9.193949936601888
8712 0 0.01 147450.69041117452 6.7068924324482175 0.049415318348466276 9.193949936601888
8713 0 0.01 147450.69041117452 6.7068924324482175 0.049415318348466276 9.193949936601888
8714 0 0.01 147450.69041117452 6.7068924324482175 0.049415318348466276 9.193949936601888
8715 0 0.01 147450.69041117452 6.7068924324482175 0.049415318348466276 9.193949936601888
8716 0 0.01 147450.69041117452 6.7068924324482175 0.049415318348466276 9.193949936601888
8717 0 0.01 147450.69041117452 6.7068924324482175 0.049415318348466276 9.193949936601888
8718 0 0.01 147450.69041117452 6.7068924324482175 0.049415318348466276 9.193949936601888
8719 0 0.01 147450.69041117452 6.7068924324482175 0.049415318348466276 9.193949936601888
8720 0 0.01 147450.69041117452 6.7068924324482175 0.049415318348466276 9.193949936601888
8721 0 0.01 147450.69041117452 6.7068924324482175 0.049415318348466276 9.193949936601888
8722 0 0.01 147450.69041117452 6.7068924324482175 0.049415318348466276 9.193949936601888
8723 0 0.01 147450.69041117452 6.7068924324482175 0.049415318348466276 9.193949936601888
8724 0 0.01 147450.69041117452 6.7068924324482175 0.049415318348466276 9.193949936601888
8725 0 0.01 147450.69041117452 6.7068924324482175 0.049415318348466276 9.193949936601888
8726 0 0.01 147450.69041117452 6.7068924324482175 0.049415318348466276 9.193949936601888
8727 0 0.01 147450.69041117452 6.7068924324482175 0.049415318348466276 9.193949936601888
8728 0 0.01 147450.69041117452 6.7068924324482175 0.049415318348466276 9.193949936601888
8729 0 0.01 147450.69041117452 6.7068924324482175 0.049415318348466276 9.193949936601888
8730 0 0.01 147450.69041117452 6.7068924324482175 0.049415318348466276 9.193949936601888
8731 0 0.01 147450.69041117452 6.7068924324482175 0.049415318348466276 9.193949936601888
8732 0 0.01 147450.69041117452 6.7068924324482175 0.049415318348466276 9.193949936601888
8733 0 0.01 147450.69041117452 6.7068924324482175 0.049415318348466276 9.193949936601888
8734 0 0.01 147450.69041117452 6.7068924324482175 0.049415318348466276 9.193949936601888
8735 0 0.01 147450.69041117452 6.7068924324482175 0.049415318348466276 9.193949936601888
8736 0 0.01 147450.69041117452 6.7068924324482175 0.049415318348466276 9.193949936601888
8737 0 0.01 147450.69041117452 6.7068924324482175 0.049415318348466276 9.193949936601888
8738 0 0.01 147450.69041117452 6.7068924324482175 0.049415318348466276 9.193949936601888
8739 0 0.01 147450.69041117452 6.7068924324482175 0.049415318348466276 9.193949936601888
8740 0 0.01 147450.69041117452 6.7068924324482175 0.049415318348466276 9.193949936601888
8741 0 0.01 147450.69041117452 6.7068924324482175 0.049415318348466276 9.193949936601888
8742 0 0.01 147450.69041117452 6.7068924324482175 0.049415318348466276 9.193949936601888
8743 0 0.01 147450.69041117452 6.7068924324482175 0.049415318348466276 9.193949936601888
8744 0 0.01 147450.69041117452 6.7068924324482175 0.049415318348466276 9.193949936601888
8745 0 0.01 147450.69041117452 6.7068924324482175 0.049415318348466276 9.193949936601888
8746 0 0.01 147450.69041117452 6.7068924324482175 0.049415318348466276 9.193949936601888
8747 0 0.01 147450.69041117452 6.7068924324482175 0.049415318348466276 9.193949936601888
8748 0 0.01 147450.69041117452 6.7068924324482175 0.049415318348466276 9.193949936601888
8749 0 0.01 147450.69041117452 6.7068924324482175 0.049415318348466276 9.193949936601888
8750 0 0.01 147450.69041117452 6.7068924324482175 0.049415318348466276 9.193949936601888
8751 0 0.01 147450.69041117452 6.7068924324482175 0.049415318348466276 9.193949936601888
8752 0 0.01 147450.69041117452 6.7068924324482175 0.049415318348466276 9.193949936601888
8753 0 0.01 147450.69041117452 6.7068924324482175 0.049415318348466276 9.193949936601888
8754 0 0.01 147450.69041117452 6.7068924324482175 0.049415318348466276 9.193949936601888
8755 0 0.01 147450.69041117452 6.7068924324482175 0.049415318348466276 9.193949936601888
8756 0 0.01 147450.69041117452 6.7068924324482175 0.049415318348466276 9.193949936601888
8757 0 0.01 147450.69041117452 6.7068924324482175 0.049415318348466276 9.193949936601888
8758 0 0.01 147450.69041117452 6.7068924324482175 0.049415318348466276 9.193949936601888
8759 0 0.01 147450.69041117452 6.7068924324482175 0.049415318348466276 9.193949936601888
8760 0 0.01 147450.69041117452 6.7068924324482175 0.049415318348466276 9.193949936601888
8761 0 0.01 147450.69041117452 6.7068924324482175 0.049415318348466276 9.193949936601888
8762 0 0.01 147450.69041117452 6.7068924324482175 0.049415318348466276 9.193949936601888
8763 0 0.01 147450.69041117452 6.7068924324482175 0.049415318348466276 9.193949936601888
8764 0 0.01 147450.69041117452 6.7068924324482175 0.049415318348466276 9.193949936601888
8765 0 0.01 147450.69041117452 6.7068924324482175 0.049415318348466276 9.193949936601888
8766 0 0.01 147450.69041117452 6.7068924324482175 0.049415318348466276 9.193949936601888
8767 0 0.01 147450.69041117452 6.7068924324482175 0.049415318348466276 9.193949936601888
8768 0 0.01 147450.69041117452 6.7068924324482175 0.049415318348466276 9.193949936601888
8769 0 0.01 147450.69041117452 6.7068924324482175 0.049415318348466276 9.193949936601888
8770 0 0.01 147450.69041117452 6.7068924324482175 0.049415318348466276 9.193949936601888
8771 0 0.01 147450.69041117452 6.7068924324482175 0.049415318348466276 9.193949936601888
8772 0 0.01 147450.69041117452 6.7068924324482175 0.049415318348466276 9.193949936601888
8773 0 0.01 147450.69041117452 6.7068924324482175 0.049415318348466276 9.193949936601888
8774 0 0.01 147450.69041117452 6.7068924324482175 0.049415318348466276 9.193949936601888
8775 0 0.01 147450.69041117452 6.7068924324482175 0.049415318348466276 9.193949936601888
8776 0 0.01 147450.69041117452 6.7068924324482175 0.049415318348466276 9.193949936601888
8777 0 0.01 147450.69041117452 6.7068924324482175 0.049415318348466276 9.193949936601888
8778 0 0.01 147450.69041117452 6.7068924324482175 0.049415318348466276 9.193949936601888
8779 0 0.01 147450.69041117452 6.7068924324482175 0.049415318348466276 9.193949936601888
8780 0 0.01 147450.69041117452 6.7068924324482175 0.049415318348466276 9.193949936601888
8781 0 0.01 147450.69041117452 6.7068924324482175 0.049415318348466276 9.193949936601888
8782 0 0.01 147450.69041117452 6.7068924324482175 0.049415318348466276 9.193949936601888
8783 0 0.01 147450.69041117452 6.7068924324482175 0.049415318348466276 9.193949936601888
8784 0 0.01 147450.69041117452 6.7068924324482175 0.049415318348466276 9.193949936601888
8785 0 0.01 147450.69041117452 6.7068924324482175 0.049415318348466276 9.193949936601888
8786 0 0.01 147450.69041117452 6.7068924324482175 0.049415318348466276 9.193949936601888
8787 0 0.01 147450.69041117452 6.7068924324482175 0.049415318348466276 9.193949936601888
8788 0 0.01 147450.69041117452 6.7068924324482175 0.049415318348466276 9.193949936601888
8789 0 0.01 147450.69041117452 6.7068924324482175 0.049415318348466276 9.193949936601888
8790 0 0.01 147450.69041117452 6.7068924324482175 0.049415318348466276 9.193949936601888
8791 0 0.01 147450.69041117452 6.7068924324482175 0.049415318348466276 9.193949936601888
8792 0 0.01 147450.69041117452 6.7068924324482175 0.049415318348466276 9.193949936601888
8793 0 0.01 147450.69041117452 6.7068924324482175 0.049415318348466276 9.193949936601888
8794 0 0.01 147450.69041117452 6.7068924324482175 0.049415318348466276 9.193949936601888
8795 0 0.01 147450.69041117452 6.7068924324482175 0.049415318348466276 9.193949936601888
8796 0 0.01 147450.69041117452 6.7068924324482175 0.049415318348466276 9.193949936601888
8797 0 0.01 147450.69041117452 6.7068924324482175 0.049415318348466276 9.193949936601888
8798 0 0.01 147450.69041117452 6.7068924324482175 0.049415318348466276 9.193949936601888
8799 0 0.01 147450.69041117452 6.7068924324482175 0.049415318348466276 9.193949936601888
8800 0 0.01 147450.69041117452 6.7068924324482175 0.049415318348466276 9.193949936601888
8801 0 0.01 147450.69041117452 6.7068924324482175 0.049415318348466276 9.193949936601888
8802 0 0.01 147450.69041117452 6.7068924324482175 0.049415318348466276 9.193949936601888
8803 0 0.01 147450.69041117452 6.7068924324482175 0.049415318348466276 9.193949936601888
8804 0 0.01 147450.69041117452 6.7068924324482175 0.049415318348466276 9.193949936601888
8805 0 0.01 147450.69041117452 6.7068924324482175 0.049415318348466276 9.193949936601888
8806 0 0.01 147450.69041117452 6.7068924324482175 0.049415318348466276 9.193949936601888
8807 0 0.01 147450.69041117452 6.7068924324482175 0.049415318348466276 9.193949936601888
8808 0 0.01 147450.69041117452 6.7068924324482175 0.049415318348466276 9.193949936601888
8809 0 0.01 147450.69041117452 6.7068924324482175 0.049415318348466276 9.193949936601888
8810 0 0.01 147450.69041117452 6.7068924324482175 0.049415318348466276 9.193949936601888
8811 0 0.01 147450.69041117452 6.7068924324482175 0.049415318348466276 9.193949936601888
8812 0 0.01 147450.69041117452 6.7068924324482175 0.049415318348466276 9.193949936601888
8813 0 0.01 147450.69041117452 6.7068924324482175 0.049415318348466276 9.193949936601888
8814 0 0.01 147450.69041117452 6.7068924324482175 0.049415318348466276 9.193949936601888
8815 0 0.01 147450.69041117452 6.7068924324482175 0.049415318348466276 9.193949936601888
8816 0 0.01 147450.69041117452 6.7068924324482175 0.049415318348466276 9.193949936601888
8817 0 0.01 147450.69041117452 6.7068924324482175 0.049415318348466276 9.193949936601888
8818 0 0.01 147450.69041117452 6.7068924324482175 0.049415318348466276 9.193949936601888
8819 0 0.01 147450.69041117452 6.7068924324482175 0.049415318348466276 9.193949936601888
8820 0 0.01 147450.69041117452 6.7068924324482175 0.049415318348466276 9.193949936601888
8821 0 0.01 147450.69041117452 6.7068924324482175 0.049415318348466276 9.193949936601888
8822 0 0.01 147450.69041117452 6.7068924324482175 0.049415318348466276 9.193949936601888
8823 0 0.01 147450.69041117452 6.7068924324482175 0.049415318348466276 9.193949936601888
8824 0 0.01 147450.69041117452 6.7068924324482175 0.049415318348466276 9.193949936601888
8825 0 0.01 147450.69041117452 6.7068924324482175 0.049415318348466276 9.193949936601888
8826 0 0.01 147450.69041117452 6.7068924324482175 0.049415318348466276 9.193949936601888
8827 0 0.01 147450.69041117452 6.7068924324482175 0.049415318348466276 9.193949936601888
8828 0 0.01 147450.69041117452 6.7068924324482175 0.049415318348466276 9.193949936601888
8829 0 0.01 147450.69041117452 6.7068924324482175 0.049415318348466276 9.193949936601888
8830 0 0.01 147450.69041117452 6.7068924324482175 0.049415318348466276 9.193949936601888
8831 0 0.01 147450.69041117452 6.7068924324482175 0.049415318348466276 9.193949936601888
8832 0 0.01 147450.69041117452 6.7068924324482175 0.049415318348466276 9.193949936601888
8833 0 0.01 147450.69041117452 6.7068924324482175 0.049415318348466276 9.193949936601888
8834 0 0.01 147450.69041117452 6.7068924324482175 0.049415318348466276 9.193949936601888
8835 0 0.01 147450.69041117452 6.7068924324482175 0.049415318348466276 9.193949936601888
8836 0 0.01 147450.69041117452 6.7068924324482175 0.049415318348466276 9.193949936601888
8837 0 0.01 147450.69041117452 6.7068924324482175 0.049415318348466276 9.193949936601888
8838 0 0.01 147450.69041117452 6.7068924324482175 0.049415318348466276 9.193949936601888
8839 0 0.01 147450.69041117452 6.7068924324482175 0.049415318348466276 9.193949936601888
8840 0 0.01 147450.69041117452 6.7068924324482175 0.049415318348466276 9.193949936601888
8841 0 0.01 147450.69041117452 6.7068924324482175 0.049415318348466276 9.193949936601888
8842 0 0.01 147450.69041117452 6.7068924324482175 0.049415318348466276 9.193949936601888
8843 0 0.01 147450.69041117452 6.7068924324482175 0.049415318348466276 9.193949936601888
8844 0 0.01 147450.69041117452 6.7068924324482175 0.049415318348466276 9.193949936601888
8845 0 0.01 147450.69041117452 6.7068924324482175 0.049415318348466276 9.193949936601888
8846 0 0.01 147450.69041117452 6.7068924324482175 0.049415318348466276 9.193949936601888
8847 0 0.01 147450.69041117452 6.7068924324482175 0.049415318348466276 9.193949936601888
8848 0 0.01 147450.69041117452 6.7068924324482175 0.049415318348466276 9.193949936601888
8849 0 0.01 147450.69041117452 6.7068924324482175 0.049415318348466276 9.193949936601888
8850 0 0.01 147450.69041117452 6.7068924324482175 0.049415318348466276 9.193949936601888
8851 0 0.01 147450.69041117452 6.7068924324482175 0.049415318348466276 9.193949936601888
8852 0 0.01 147450.69041117452 6.7068924324482175 0.049415318348466276 9.193949936601888
8853 0 0.01 147450.69041117452 6.7068924324482175 0.049415318348466276 9.193949936601888
8854 0 0.01 147450.69041117452 6.7068924324482175 0.049415318348466276 9.193949936601888
8855 0 0.01 147450.69041117452 6.7068924324482175 0.049415318348466276 9.193949936601888
8856 0 0.01 147450.69041117452 6.7068924324482175 0.049415318348466276 9.193949936601888
8857 0 0.01 147450.69041117452 6.7068924324482175 0.049415318348466276 9.193949936601888
8858 0 0.01 147450.69041117452 6.7068924324482175 0.049415318348466276 9.193949936601888
8859 0 0.01 147450.69041117452 6.7068924324482175 0.049415318348466276 9.193949936601888
8860 0 0.01 147450.69041117452 6.7068924324482175 0.049415318348466276 9.193949936601888
8861 0 0.01 147450.69041117452 6.7068924324482175 0.049415318348466276 9.193949936601888
8862 0 0.01 147450.69041117452 6.7068924324482175 0.049415318348466276 9.193949936601888
8863 0 0.01 147450.69041117452 6.7068924324482175 0.049415318348466276 9.193949936601888
8864 0 0.01 147450.69041117452 6.7068924324482175 0.049415318348466276 9.193949936601888
8865 0 0.01 147450.69041117452 6.7068924324482175 0.049415318348466276 9.193949936601888
8866 0 0.01 147450.69041117452 6.7068924324482175 0.049415318348466276 9.193949936601888
8867 0 0.01 147450.69041117452 6.7068924324482175 0.049415318348466276 9.193949936601888
8868 0 0.01 147450.69041117452 6.7068924324482175 0.049415318348466276 9.193949936601888
8869 0 0.01 147450.69041117452 6.7068924324482175 0.049415318348466276 9.193949936601888
8870 0 0.01 147450.69041117452 6.7068924324482175 0.049415318348466276 9.193949936601888
8871 0 0.01 147450.69041117452 6.7068924324482175 0.049415318348466276 9.193949936601888
8872 0 0.01 147450.69041117452 6.7068924324482175 0.049415318348466276 9.193949936601888
8873 0 0.01 147450.69041117452 6.7068924324482175 0.049415318348466276 9.193949936601888
8874 0 0.01 147450.69041117452 6.7068924324482175 0.049415318348466276 9.193949936601888
8875 0 0.01 147450.69041117452 6.7068924324482175 0.049415318348466276 9.193949936601888
8876 0 0.01 147450.69041117452 6.7068924324482175 0.049415318348466276 9.193949936601888
8877 0 0.01 147450.69041117452 6.7068924324482175 0.049415318348466276 9.193949936601888
8878 0 0.01 147450.69041117452 6.7068924324482175 0.049415318348466276 9.193949936601888
8879 0 0.01 147450.69041117452 6.7068924324482175 0.049415318348466276 9.193949936601888
8880 0 0.01 147450.69041117452 6.7068924324482175 0.049415318348466276 9.193949936601888
8881 0 0.01 147450.69041117452 6.7068924324482175 0.049415318348466276 9.193949936601888
8882 0 0.01 147450.69041117452 6.7068924324482175 0.049415318348466276 9.193949936601888
8883 0 0.01 147450.69041117452 6.7068924324482175 0.049415318348466276 9.193949936601888
8884 0 0.01 147450.69041117452 6.7068924324482175 0.049415318348466276 9.193949936601888
8885 0 0.01 147450.69041117452 6.7068924324482175 0.049415318348466276 9.193949936601888
8886 0 0.01 147450.69041117452 6.7068924324482175 0.049415318348466276 9.193949936601888
8887 0 0.01 147450.69041117452 6.7068924324482175 0.049415318348466276 9.193949936601888
8888 0 0.01 147450.69041117452 6.7068924324482175 0.049415318348466276 9.193949936601888
8889 0 0.01 147450.69041117452 6.7068924324482175 0.049415318348466276 9.193949936601888
8890 0 0.01 147450.69041117452 6.7068924324482175 0.049415318348466276 9.193949936601888
8891 0 0.01 147450.69041117452 6.7068924324482175 0.049415318348466276 9.193949936601888
8892 0 0.01 147450.69041117452 6.7068924324482175 0.049415318348466276 9.193949936601888
8893 0 0.01 147450.69041117452 6.7068924324482175 0.049415318348466276 9.193949936601888
8894 0 0.01 147450.69041117452 6.7068924324482175 0.049415318348466276 9.193949936601888
8895 0 0.01 147450.69041117452 6.7068924324482175 0.049415318348466276 9.193949936601888
8896 0 0.01 147450.69041117452 6.7068924324482175 0.049415318348466276 9.193949936601888
8897 0 0.01 147450.69041117452 6.7068924324482175 0.049415318348466276 9.193949936601888
8898 0 0.01 147450.69041117452 6.7068924324482175 0.049415318348466276 9.193949936601888
8899 0 0.01 147450.69041117452 6.7068924324482175 0.049415318348466276 9.193949936601888
8900 0 0.01 147450.69041117452 6.7068924324482175 0.049415318348466276 9.193949936601888
8901 0 0.01 147450.69041117452 6.7068924324482175 0.049415318348466276 9.193949936601888
8902 0 0.01 147450.69041117452 6.7068924324482175 0.049415318348466276 9.193949936601888
8903 0 0.01 147450.69041117452 6.7068924324482175 0.049415318348466276 9.193949936601888
8904 0 0.01 147450.69041117452 6.7068924324482175 0.049415318348466276 9.193949936601888
8905 0 0.01 147450.69041117452 6.7068924324482175 0.049415318348466276 9.193949936601888
8906 0 0.01 147450.69041117452 6.7068924324482175 0.049415318348466276 9.193949936601888
8907 0 0.01 147450.69041117452 6.7068924324482175 0.049415318348466276 9.193949936601888
8908 0 0.01 147450.69041117452 6.7068924324482175 0.049415318348466276 9.193949936601888
8909 0 0.01 147450.69041117452 6.7068924324482175 0.049415318348466276 9.193949936601888
8910 0 0.01 147450.69041117452 6.7068924324482175 0.049415318348466276 9.193949936601888
8911 0 0.01 147450.69041117452 6.7068924324482175 0.049415318348466276 9.193949936601888
8912 0 0.01 147450.69041117452 6.7068924324482175 0.049415318348466276 9.193949936601888
8913 0 0.01 147450.69041117452 6.7068924324482175 0.049415318348466276 9.193949936601888
8914 0 0.01 147450.69041117452 6.7068924324482175 0.049415318348466276 9.193949936601888
8915 0 0.01 147450.69041117452 6.7068924324482175 0.049415318348466276 9.193949936601888
8916 0 0.01 147450.69041117452 6.7068924324482175 0.049415318348466276 9.193949936601888
8917 0 0.01 147450.69041117452 6.7068924324482175 0.049415318348466276 9.193949936601888
8918 0 0.01 147450.69041117452 6.7068924324482175 0.049415318348466276 9.193949936601888
8919 0 0.01 147450.69041117452 6.7068924324482175 0.049415318348466276 9.193949936601888
8920 0 0.01 147450.69041117452 6.7068924324482175 0.049415318348466276 9.193949936601888
8921 0 0.01 147450.69041117452 6.7068924324482175 0.049415318348466276 9.193949936601888
8922 0 0.01 147450.69041117452 6.7068924324482175 0.049415318348466276 9.193949936601888
8923 0 0.01 147450.69041117452 6.7068924324482175 0.049415318348466276 9.193949936601888
8924 0 0.01 147450.69041117452 6.7068924324482175 0.049415318348466276 9.193949936601888
8925 0 0.01 147450.69041117452 6.7068924324482175 0.049415318348466276 9.193949936601888
8926 0 0.01 147450.69041117452 6.7068924324482175 0.049415318348466276 9.193949936601888
8927 0 0.01 147450.69041117452 6.7068924324482175 0.049415318348466276 9.193949936601888
8928 0 0.01 147450.69041117452 6.7068924324482175 0.049415318348466276 9.193949936601888
8929 0 0.01 147450.69041117452 6.7068924324482175 0.049415318348466276 9.193949936601888
8930 0 0.01 147450.69041117452 6.7068924324482175 0.049415318348466276 9.193949936601888
8931 0 0.01 147450.69041117452 6.7068924324482175 0.049415318348466276 9.193949936601888
8932 0 0.01 147450.69041117452 6.7068924324482175 0.049415318348466276 9.193949936601888
8933 0 0.01 147450.69041117452 6.7068924324482175 0.049415318348466276 9.193949936601888
8934 0 0.01 147450.69041117452 6.7068924324482175 0.049415318348466276 9.193949936601888
8935 0 0.01 147450.69041117452 6.7068924324482175 0.049415318348466276 9.193949936601888
8936 0 0.01 147450.69041117452 6.7068924324482175 0.049415318348466276 9.193949936601888
8937 0 0.01 147450.69041117452 6.7068924324482175 0.049415318348466276 9.193949936601888
8938 0 0.01 147450.69041117452 6.7068924324482175 0.049415318348466276 9.193949936601888
8939 0 0.01 147450.69041117452 6.7068924324482175 0.049415318348466276 9.193949936601888
8940 0 0.01 147450.69041117452 6.7068924324482175 0.049415318348466276 9.193949936601888
8941 0 0.01 147450.69041117452 6.7068924324482175 0.049415318348466276 9.193949936601888
8942 0 0.01 147450.69041117452 6.7068924324482175 0.049415318348466276 9.193949936601888
8943 0 0.01 147450.69041117452 6.7068924324482175 0.049415318348466276 9.193949936601888
8944 0 0.01 147450.69041117452 6.7068924324482175 0.049415318348466276 9.193949936601888
8945 0 0.01 147450.69041117452 6.7068924324482175 0.049415318348466276 9.193949936601888
8946 0 0.01 147450.69041117452 6.7068924324482175 0.049415318348466276 9.193949936601888
8947 0 0.01 147450.69041117452 6.7068924324482175 0.049415318348466276 9.193949936601888
8948 0 0.01 147450.69041117452 6.7068924324482175 0.049415318348466276 9.193949936601888
8949 0 0.01 147450.69041117452 6.7068924324482175 0.049415318348466276 9.193949936601888
8950 0 0.01 147450.69041117452 6.7068924324482175 0.049415318348466276 9.193949936601888
8951 0 0.01 147450.69041117452 6.7068924324482175 0.049415318348466276 9.193949936601888
8952 0 0.01 147450.69041117452 6.7068924324482175 0.049415318348466276 9.193949936601888
8953 0 0.01 147450.69041117452 6.7068924324482175 0.049415318348466276 9.193949936601888
8954 0 0.01 147450.69041117452 6.7068924324482175 0.049415318348466276 9.193949936601888
8955 0 0.01 147450.69041117452 6.7068924324482175 0.049415318348466276 9.193949936601888
8956 0 0.01 147450.69041117452 6.7068924324482175 0.049415318348466276 9.193949936601888
8957 0 0.01 147450.69041117452 6.7068924324482175 0.049415318348466276 9.193949936601888
8958 0 0.01 147450.69041117452 6.7068924324482175 0.049415318348466276 9.193949936601888
8959 0 0.01 147450.69041117452 6.7068924324482175 0.049415318348466276 9.193949936601888
8960 0 0.01 147450.69041117452 6.7068924324482175 0.049415318348466276 9.193949936601888
8961 0 0.01 147450.69041117452 6.7068924324482175 0.049415318348466276 9.193949936601888
8962 0 0.01 147450.69041117452 6.7068924324482175 0.049415318348466276 9.193949936601888
8963 0 0.01 147450.69041117452 6.7068924324482175 0.049415318348466276 9.193949936601888
8964 0 0.01 147450.69041117452 6.7068924324482175 0.049415318348466276 9.193949936601888
8965 0 0.01 147450.69041117452 6.7068924324482175 0.049415318348466276 9.193949936601888
8966 0 0.01 147450.69041117452 6.7068924324482175 0.049415318348466276 9.193949936601888
8967 0 0.01 147450.69041117452 6.7068924324482175 0.049415318348466276 9.193949936601888
8968 0 0.01 147450.69041117452 6.7068924324482175 0.049415318348466276 9.193949936601888
8969 0 0.01 147450.69041117452 6.7068924324482175 0.049415318348466276 9.193949936601888
8970 0 0.01 147450.69041117452 6.7068924324482175 0.049415318348466276 9.193949936601888
8971 0 0.01 147450.69041117452 6.7068924324482175 0.049415318348466276 9.193949936601888
8972 0 0.01 147450.69041117452 6.7068924324482175 0.049415318348466276 9.193949936601888
8973 0 0.01 147450.69041117452 6.7068924324482175 0.049415318348466276 9.193949936601888
8974 0 0.01 147450.69041117452 6.7068924324482175 0.049415318348466276 9.193949936601888
8975 0 0.01 147450.69041117452 6.7068924324482175 0.049415318348466276 9.193949936601888
8976 0 0.01 147450.69041117452 6.7068924324482175 0.049415318348466276 9.193949936601888
8977 0 0.01 147450.69041117452 6.7068924324482175 0.049415318348466276 9.193949936601888
8978 0 0.01 147450.69041117452 6.7068924324482175 0.049415318348466276 9.193949936601888
8979 0 0.01 147450.69041117452 6.7068924324482175 0.049415318348466276 9.193949936601888
8980 0 0.01 147450.69041117452 6.7068924324482175 0.049415318348466276 9.193949936601888
8981 0 0.01 147450.69041117452 6.7068924324482175 0.049415318348466276 9.193949936601888
8982 0 0.01 147450.69041117452 6.7068924324482175 0.049415318348466276 9.193949936601888
8983 0 0.01 147450.69041117452 6.7068924324482175 0.049415318348466276 9.193949936601888
8984 0 0.01 147450.69041117452 6.7068924324482175 0.049415318348466276 9.193949936601888
8985 0 0.01 147450.69041117452 6.7068924324482175 0.049415318348466276 9.193949936601888
8986 0 0.01 147450.69041117452 6.7068924324482175 0.049415318348466276 9.193949936601888
8987 0 0.01 147450.69041117452 6.7068924324482175 0.049415318348466276 9.193949936601888
8988 0 0.01 147450.69041117452 6.7068924324482175 0.049415318348466276 9.193949936601888
8989 0 0.01 147450.69041117452 6.7068924324482175 0.049415318348466276 9.193949936601888
8990 0 0.01 147450.69041117452 6.7068924324482175 0.049415318348466276 9.193949936601888
8991 0 0.01 147450.69041117452 6.7068924324482175 0.049415318348466276 9.193949936601888
8992 0 0.01 147450.69041117452 6.7068924324482175 0.049415318348466276 9.193949936601888
8993 0 0.01 147450.69041117452 6.7068924324482175 0.049415318348466276 9.193949936601888
8994 0 0.01 147450.69041117452 6.7068924324482175 0.049415318348466276 9.193949936601888
8995 0 0.01 147450.69041117452 6.7068924324482175 0.049415318348466276 9.193949936601888
8996 0 0.01 147450.69041117452 6.7068924324482175 0.049415318348466276 9.193949936601888
8997 0 0.01 147450.69041117452 6.7068924324482175 0.049415318348466276 9.193949936601888
8998 0 0.01 147450.69041117452 6.7068924324482175 0.049415318348466276 9.193949936601888
8999 0 0.01 147450.69041117452 6.7068924324482175 0.049415318348466276 9.193949936601888
9000 0 0.01 147450.69041117452 6.7068924324482175 0.049415318348466276 9.193949936601888
9001 0 0.01 147450.69041117452 6.7068924324482175 0.049415318348466276 9.193949936601888
9002 0 0.01 147450.69041117452 6.7068924324482175 0.049415318348466276 9.193949936601888
9003 0 0.01 147450.69041117452 6.7068924324482175 0.049415318348466276 9.193949936601888
9004 0 0.01 147450.69041117452 6.7068924324482175 0.049415318348466276 9.193949936601888
9005 0 0.01 147450.69041117452 6.7068924324482175 0.049415318348466276 9.193949936601888
9006 0 0.01 147450.69041117452 6.7068924324482175 0.049415318348466276 9.193949936601888
9007 0 0.01 147450.69041117452 6.7068924324482175 0.049415318348466276 9.193949936601888
9008 0 0.01 147450.69041117452 6.7068924324482175 0.049415318348466276 9.193949936601888
9009 0 0.01 147450.69041117452 6.7068924324482175 0.049415318348466276 9.193949936601888
9010 0 0.01 147450.69041117452 6.7068924324482175 0.049415318348466276 9.193949936601888
9011 0 0.01 147450.69041117452 6.7068924324482175 0.049415318348466276 9.193949936601888
9012 0 0.01 147450.69041117452 6.7068924324482175 0.049415318348466276 9.193949936601888
9013 0 0.01 147450.69041117452 6.7068924324482175 0.049415318348466276 9.193949936601888
9014 0 0.01 147450.69041117452 6.7068924324482175 0.049415318348466276 9.193949936601888
9015 0 0.01 147450.69041117452 6.7068924324482175 0.049415318348466276 9.193949936601888
9016 0 0.01 147450.69041117452 6.7068924324482175 0.049415318348466276 9.193949936601888
9017 0 0.01 147450.69041117452 6.7068924324482175 0.049415318348466276 9.193949936601888
9018 0 0.01 147450.69041117452 6.7068924324482175 0.049415318348466276 9.193949936601888
9019 0 0.01 147450.69041117452 6.7068924324482175 0.049415318348466276 9.193949936601888
9020 0 0.01 147450.69041117452 6.7068924324482175 0.049415318348466276 9.193949936601888
9021 0 0.01 147450.69041117452 6.7068924324482175 0.049415318348466276 9.193949936601888
9022 0 0.01 147450.69041117452 6.7068924324482175 0.049415318348466276 9.193949936601888
9023 0 0.01 147450.69041117452 6.7068924324482175 0.049415318348466276 9.193949936601888
9024 0 0.01 147450.69041117452 6.7068924324482175 0.049415318348466276 9.193949936601888
9025 0 0.01 147450.69041117452 6.7068924324482175 0.049415318348466276 9.193949936601888
9026 0 0.01 147450.69041117452 6.7068924324482175 0.049415318348466276 9.193949936601888
9027 0 0.01 147450.69041117452 6.7068924324482175 0.049415318348466276 9.193949936601888
9028 0 0.01 147450.69041117452 6.7068924324482175 0.049415318348466276 9.193949936601888
9029 0 0.01 147450.69041117452 6.7068924324482175 0.049415318348466276 9.193949936601888
9030 0 0.01 147450.69041117452 6.7068924324482175 0.049415318348466276 9.193949936601888
9031 0 0.01 147450.69041117452 6.7068924324482175 0.049415318348466276 9.193949936601888
9032 0 0.01 147450.69041117452 6.7068924324482175 0.049415318348466276 9.193949936601888
9033 0 0.01 147450.69041117452 6.7068924324482175 0.049415318348466276 9.193949936601888
9034 0 0.01 147450.69041117452 6.7068924324482175 0.049415318348466276 9.193949936601888
9035 0 0.01 147450.69041117452 6.7068924324482175 0.049415318348466276 9.193949936601888
9036 0 0.01 147450.69041117452 6.7068924324482175 0.049415318348466276 9.193949936601888
9037 0 0.01 147450.69041117452 6.7068924324482175 0.049415318348466276 9.193949936601888
9038 0 0.01 147450.69041117452 6.7068924324482175 0.049415318348466276 9.193949936601888
9039 0 0.01 147450.69041117452 6.7068924324482175 0.049415318348466276 9.193949936601888
9040 0 0.01 147450.69041117452 6.7068924324482175 0.049415318348466276 9.193949936601888
9041 0 0.01 147450.69041117452 6.7068924324482175 0.049415318348466276 9.193949936601888
9042 0 0.01 147450.69041117452 6.7068924324482175 0.049415318348466276 9.193949936601888
9043 0 0.01 147450.69041117452 6.7068924324482175 0.049415318348466276 9.193949936601888
9044 0 0.01 147450.69041117452 6.7068924324482175 0.049415318348466276 9.193949936601888
9045 0 0.01 147450.69041117452 6.7068924324482175 0.049415318348466276 9.193949936601888
9046 0 0.01 147450.69041117452 6.7068924324482175 0.049415318348466276 9.193949936601888
9047 0 0.01 147450.69041117452 6.7068924324482175 0.049415318348466276 9.193949936601888
9048 0 0.01 147450.69041117452 6.7068924324482175 0.049415318348466276 9.193949936601888
9049 0 0.01 147450.69041117452 6.7068924324482175 0.049415318348466276 9.193949936601888
9050 0 0.01 147450.69041117452 6.7068924324482175 0.049415318348466276 9.193949936601888
9051 0 0.01 147450.69041117452 6.7068924324482175 0.049415318348466276 9.193949936601888
9052 0 0.01 147450.69041117452 6.7068924324482175 0.049415318348466276 9.193949936601888
9053 0 0.01 147450.69041117452 6.7068924324482175 0.049415318348466276 9.193949936601888
9054 0 0.01 147450.69041117452 6.7068924324482175 0.049415318348466276 9.193949936601888
9055 0 0.01 147450.69041117452 6.7068924324482175 0.049415318348466276 9.193949936601888
9056 0 0.01 147450.69041117452 6.7068924324482175 0.049415318348466276 9.193949936601888
9057 0 0.01 147450.69041117452 6.7068924324482175 0.049415318348466276 9.193949936601888
9058 0 0.01 147450.69041117452 6.7068924324482175 0.049415318348466276 9.193949936601888
9059 0 0.01 147450.69041117452 6.7068924324482175 0.049415318348466276 9.193949936601888
9060 0 0.01 147450.69041117452 6.7068924324482175 0.049415318348466276 9.193949936601888
9061 0 0.01 147450.69041117452 6.7068924324482175 0.049415318348466276 9.193949936601888
9062 0 0.01 147450.69041117452 6.7068924324482175 0.049415318348466276 9.193949936601888
9063 0 0.01 147450.69041117452 6.7068924324482175 0.049415318348466276 9.193949936601888
9064 0 0.01 147450.69041117452 6.7068924324482175 0.049415318348466276 9.193949936601888
9065 0 0.01 147450.69041117452 6.7068924324482175 0.049415318348466276 9.193949936601888
9066 0 0.01 147450.69041117452 6.7068924324482175 0.049415318348466276 9.193949936601888
9067 0 0.01 147450.69041117452 6.7068924324482175 0.049415318348466276 9.193949936601888
9068 0 0.01 147450.69041117452 6.7068924324482175 0.049415318348466276 9.193949936601888
9069 0 0.01 147450.69041117452 6.7068924324482175 0.049415318348466276 9.193949936601888
9070 0 0.01 147450.69041117452 6.7068924324482175 0.049415318348466276 9.193949936601888
9071 0 0.01 147450.69041117452 6.7068924324482175 0.049415318348466276 9.193949936601888
9072 0 0.01 147450.69041117452 6.7068924324482175 0.049415318348466276 9.193949936601888
9073 0 0.01 147450.69041117452 6.7068924324482175 0.049415318348466276 9.193949936601888
9074 0 0.01 147450.69041117452 6.7068924324482175 0.049415318348466276 9.193949936601888
9075 0 0.01 147450.69041117452 6.7068924324482175 0.049415318348466276 9.193949936601888
9076 0 0.01 147450.69041117452 6.7068924324482175 0.049415318348466276 9.193949936601888
9077 0 0.01 147450.69041117452 6.7068924324482175 0.049415318348466276 9.193949936601888
9078 0 0.01 147450.69041117452 6.7068924324482175 0.049415318348466276 9.193949936601888
9079 0 0.01 147450.69041117452 6.7068924324482175 0.049415318348466276 9.193949936601888
9080 0 0.01 147450.69041117452 6.7068924324482175 0.049415318348466276 9.193949936601888
9081 0 0.01 147450.69041117452 6.7068924324482175 0.049415318348466276 9.193949936601888
9082 0 0.01 147450.69041117452 6.7068924324482175 0.049415318348466276 9.193949936601888
9083 0 0.01 147450.69041117452 6.7068924324482175 0.049415318348466276 9.193949936601888
9084 0 0.01 147450.69041117452 6.7068924324482175 0.049415318348466276 9.193949936601888
9085 0 0.01 147450.69041117452 6.7068924324482175 0.049415318348466276 9.193949936601888
9086 0 0.01 147450.69041117452 6.7068924324482175 0.049415318348466276 9.193949936601888
9087 0 0.01 147450.69041117452 6.7068924324482175 0.049415318348466276 9.193949936601888
9088 0 0.01 147450.69041117452 6.7068924324482175 0.049415318348466276 9.193949936601888
9089 0 0.01 147450.69041117452 6.7068924324482175 0.049415318348466276 9.193949936601888
9090 0 0.01 147450.69041117452 6.7068924324482175 0.049415318348466276 9.193949936601888
9091 0 0.01 147450.69041117452 6.7068924324482175 0.049415318348466276 9.193949936601888
9092 0 0.01 147450.69041117452 6.7068924324482175 0.049415318348466276 9.193949936601888
9093 0 0.01 147450.69041117452 6.7068924324482175 0.049415318348466276 9.193949936601888
9094 0 0.01 147450.69041117452 6.7068924324482175 0.049415318348466276 9.193949936601888
9095 0 0.01 147450.69041117452 6.7068924324482175 0.049415318348466276 9.193949936601888
9096 0 0.01 147450.69041117452 6.7068924324482175 0.049415318348466276 9.193949936601888
9097 0 0.01 147450.69041117452 6.7068924324482175 0.049415318348466276 9.193949936601888
9098 0 0.01 147450.69041117452 6.7068924324482175 0.049415318348466276 9.193949936601888
9099 0 0.01 147450.69041117452 6.7068924324482175 0.049415318348466276 9.193949936601888
9100 0 0.01 147450.69041117452 6.7068924324482175 0.049415318348466276 9.193949936601888
9101 0 0.01 147450.69041117452 6.7068924324482175 0.049415318348466276 9.193949936601888
9102 0 0.01 147450.69041117452 6.7068924324482175 0.049415318348466276 9.193949936601888
9103 0 0.01 147504.28974609033 6.7021466006799955 0.04948046015571495 9.182449408214602
9104 0 0.01 147504.28974609033 6.7021466006799955 0.04948046015571495 9.182449408214602
9105 0 0.01 147504.28974609033 6.7021466006799955 0.04948046015571495 9.182449408214602
9106 0 0.01 147504.28974609033 6.7021466006799955 0.04948046015571495 9.182449408214602
9107 0 0.01 147504.28974609033 6.7021466006799955 0.04948046015571495 9.182449408214602
9108 0 0.01 147504.28974609033 6.7021466006799955 0.04948046015571495 9.182449408214602
9109 0 0.01 147504.28974609033 6.7021466006799955 0.04948046015571495 9.182449408214602
9110 0 0.01 147504.28974609033 6.7021466006799955 0.04948046015571495 9.182449408214602
9111 0 0.01 147504.28974609033 6.7021466006799955 0.04948046015571495 9.182449408214602
9112 0 0.01 147504.28974609033 6.7021466006799955 0.04948046015571495 9.182449408214602
9113 0 0.01 147504.28974609033 6.7021466006799955 0.04948046015571495 9.182449408214602
9114 0 0.01 147504.28974609033 6.7021466006799955 0.04948046015571495 9.182449408214602
9115 0 0.01 147504.28974609033 6.7021466006799955 0.04948046015571495 9.182449408214602
9116 0 0.01 147504.28974609033 6.7021466006799955 0.04948046015571495 9.182449408214602
9117 0 0.01 147504.28974609033 6.7021466006799955 0.04948046015571495 9.182449408214602
9118 0 0.01 147504.28974609033 6.7021466006799955 0.04948046015571495 9.182449408214602
9119 0 0.01 147504.28974609033 6.7021466006799955 0.04948046015571495 9.182449408214602
9120 0 0.01 147504.28974609033 6.7021466006799955 0.04948046015571495 9.182449408214602
9121 0 0.01 147504.28974609033 6.7021466006799955 0.04948046015571495 9.182449408214602
9122 0 0.01 147504.28974609033 6.7021466006799955 0.04948046015571495 9.182449408214602
9123 0 0.01 147504.28974609033 6.7021466006799955 0.04948046015571495 9.182449408214602
9124 0 0.01 147504.28974609033 6.7021466006799955 0.04948046015571495 9.182449408214602
9125 0 0.01 147504.28974609033 6.7021466006799955 0.04948046015571495 9.182449408214602
9126 0 0.01 147504.28974609033 6.7021466006799955 0.04948046015571495 9.182449408214602
9127 0 0.01 147504.28974609033 6.7021466006799955 0.04948046015571495 9.182449408214602
9128 0 0.01 147504.28974609033 6.7021466006799955 0.04948046015571495 9.182449408214602
9129 0 0.01 147504.28974609033 6.7021466006799955 0.04948046015571495 9.182449408214602
9130 0 0.01 147504.28974609033 6.7021466006799955 0.04948046015571495 9.182449408214602
9131 0 0.01 147504.28974609033 6.7021466006799955 0.04948046015571495 9.182449408214602
9132 0 0.01 147504.28974609033 6.7021466006799955 0.04948046015571495 9.182449408214602
9133 0 0.01 147504.28974609033 6.7021466006799955 0.04948046015571495 9.182449408214602
9134 0 0.01 147504.28974609033 6.7021466006799955 0.04948046015571495 9.182449408214602
9135 0 0.01 147504.28974609033 6.7021466006799955 0.04948046015571495 9.182449408214602
9136 0 0.01 147504.28974609033 6.7021466006799955 0.04948046015571495 9.182449408214602
9137 0 0.01 147504.28974609033 6.7021466006799955 0.04948046015571495 9.182449408214602
9138 0 0.01 147504.28974609033 6.7021466006799955 0.04948046015571495 9.182449408214602
9139 0 0.01 147504.28974609033 6.7021466006799955 0.04948046015571495 9.182449408214602
9140 0 0.01 147504.28974609033 6.7021466006799955 0.04948046015571495 9.182449408214602
9141 0 0.01 147504.28974609033 6.7021466006799955 0.04948046015571495 9.182449408214602
9142 0 0.01 147504.28974609033 6.7021466006799955 0.04948046015571495 9.182449408214602
9143 0 0.01 147504.28974609033 6.7021466006799955 0.04948046015571495 9.182449408214602
9144 0 0.01 147504.28974609033 6.7021466006799955 0.04948046015571495 9.182449408214602
9145 0 0.01 147504.28974609033 6.7021466006799955 0.04948046015571495 9.182449408214602
9146 0 0.01 147504.28974609033 6.7021466006799955 0.04948046015571495 9.182449408214602
9147 0 0.01 147504.28974609033 6.7021466006799955 0.04948046015571495 9.182449408214602
9148 0 0.01 147504.28974609033 6.7021466006799955 0.04948046015571495 9.182449408214602
9149 0 0.01 147504.28974609033 6.7021466006799955 0.04948046015571495 9.182449408214602
9150 0 0.01 147504.28974609033 6.7021466006799955 0.04948046015571495 9.182449408214602
9151 0 0.01 147504.28974609033 6.7021466006799955 0.04948046015571495 9.182449408214602
9152 0 0.01 147504.28974609033 6.7021466006799955 0.04948046015571495 9.182449408214602
9153 0 0.01 147504.28974609033 6.7021466006799955 0.04948046015571495 9.182449408214602
9154 0 0.01 147504.28974609033 6.7021466006799955 0.04948046015571495 9.182449408214602
9155 0 0.01 147504.28974609033 6.7021466006799955 0.04948046015571495 9.182449408214602
9156 0 0.01 147504.28974609033 6.7021466006799955 0.04948046015571495 9.182449408214602
9157 0 0.01 147504.28974609033 6.7021466006799955 0.04948046015571495 9.182449408214602
9158 0 0.01 147504.28974609033 6.7021466006799955 0.04948046015571495 9.182449408214602
9159 0 0.01 147504.28974609033 6.7021466006799955 0.04948046015571495 9.182449408214602
9160 0 0.01 147504.28974609033 6.7021466006799955 0.04948046015571495 9.182449408214602
9161 0 0.01 147504.28974609033 6.7021466006799955 0.04948046015571495 9.182449408214602
9162 0 0.01 147504.28974609033 6.7021466006799955 0.04948046015571495 9.182449408214602
9163 0 0.01 147504.28974609033 6.7021466006799955 0.04948046015571495 9.182449408214602
9164 0 0.01 147504.28974609033 6.7021466006799955 0.04948046015571495 9.182449408214602
9165 0 0.01 147504.28974609033 6.7021466006799955 0.04948046015571495 9.182449408214602
9166 0 0.01 147504.28974609033 6.7021466006799955 0.04948046015571495 9.182449408214602
9167 0 0.01 147504.28974609033 6.7021466006799955 0.04948046015571495 9.182449408214602
9168 0 0.01 147504.28974609033 6.7021466006799955 0.04948046015571495 9.182449408214602
9169 0 0.01 147504.28974609033 6.7021466006799955 0.04948046015571495 9.182449408214602
9170 0 0.01 147504.28974609033 6.7021466006799955 0.04948046015571495 9.182449408214602
9171 0 0.01 147504.28974609033 6.7021466006799955 0.04948046015571495 9.182449408214602
9172 0 0.01 147504.28974609033 6.7021466006799955 0.04948046015571495 9.182449408214602
9173 0 0.01 147504.28974609033 6.7021466006799955 0.04948046015571495 9.182449408214602
9174 0 0.01 147504.28974609033 6.7021466006799955 0.04948046015571495 9.182449408214602
9175 0 0.01 147504.28974609033 6.7021466006799955 0.04948046015571495 9.182449408214602
9176 0 0.01 147504.28974609033 6.7021466006799955 0.04948046015571495 9.182449408214602
9177 0 0.01 147504.28974609033 6.7021466006799955 0.04948046015571495 9.182449408214602
9178 0 0.01 147504.28974609033 6.7021466006799955 0.04948046015571495 9.182449408214602
9179 0 0.01 147504.28974609033 6.7021466006799955 0.04948046015571495 9.182449408214602
9180 0 0.01 147504.28974609033 6.7021466006799955 0.04948046015571495 9.182449408214602
9181 0 0.01 147504.28974609033 6.7021466006799955 0.04948046015571495 9.182449408214602
9182 0 0.01 147504.28974609033 6.7021466006799955 0.04948046015571495 9.182449408214602
9183 0 0.01 147504.28974609033 6.7021466006799955 0.04948046015571495 9.182449408214602
9184 0 0.01 147504.28974609033 6.7021466006799955 0.04948046015571495 9.182449408214602
9185 0 0.01 147504.28974609033 6.7021466006799955 0.04948046015571495 9.182449408214602
9186 0 0.01 147504.28974609033 6.7021466006799955 0.04948046015571495 9.182449408214602
9187 0 0.01 147504.28974609033 6.7021466006799955 0.04948046015571495 9.182449408214602
9188 0 0.01 147504.28974609033 6.7021466006799955 0.04948046015571495 9.182449408214602
9189 0 0.01 147504.28974609033 6.7021466006799955 0.04948046015571495 9.182449408214602
9190 0 0.01 147504.28974609033 6.7021466006799955 0.04948046015571495 9.182449408214602
9191 0 0.01 147504.28974609033 6.7021466006799955 0.04948046015571495 9.182449408214602
9192 0 0.01 147504.28974609033 6.7021466006799955 0.04948046015571495 9.182449408214602
9193 0 0.01 147504.28974609033 6.7021466006799955 0.04948046015571495 9.182449408214602
9194 0 0.01 147504.28974609033 6.7021466006799955 0.04948046015571495 9.182449408214602
9195 0 0.01 147504.28974609033 6.7021466006799955 0.04948046015571495 9.182449408214602
9196 0 0.01 147504.28974609033 6.7021466006799955 0.04948046015571495 9.182449408214602
9197 0 0.01 147504.28974609033 6.7021466006799955 0.04948046015571495 9.182449408214602
9198 0 0.01 147504.28974609033 6.7021466006799955 0.04948046015571495 9.182449408214602
9199 0 0.01 147504.28974609033 6.7021466006799955 0.04948046015571495 9.182449408214602
9200 0 0.01 147504.28974609033 6.7021466006799955 0.04948046015571495 9.182449408214602
9201 0 0.01 147504.28974609033 6.7021466006799955 0.04948046015571495 9.182449408214602
9202 0 0.01 147504.28974609033 6.7021466006799955 0.04948046015571495 9.182449408214602
9203 0 0.01 147504.28974609033 6.7021466006799955 0.04948046015571495 9.182449408214602
9204 0 0.01 147504.28974609033 6.7021466006799955 0.04948046015571495 9.182449408214602
9205 0 0.01 147504.28974609033 6.7021466006799955 0.04948046015571495 9.182449408214602
9206 0 0.01 147504.28974609033 6.7021466006799955 0.04948046015571495 9.182449408214602
9207 0 0.01 147504.28974609033 6.7021466006799955 0.04948046015571495 9.182449408214602
9208 0 0.01 147504.28974609033 6.7021466006799955 0.04948046015571495 9.182449408214602
9209 0 0.01 147504.28974609033 6.7021466006799955 0.04948046015571495 9.182449408214602
9210 0 0.01 147504.28974609033 6.7021466006799955 0.04948046015571495 9.182449408214602
9211 0 0.01 147504.28974609033 6.7021466006799955 0.04948046015571495 9.182449408214602
9212 0 0.01 147504.28974609033 6.7021466006799955 0.04948046015571495 9.182449408214602
9213 0 0.01 147504.28974609033 6.7021466006799955 0.04948046015571495 9.182449408214602
9214 0 0.01 147504.28974609033 6.7021466006799955 0.04948046015571495 9.182449408214602
9215 0 0.01 147504.28974609033 6.7021466006799955 0.04948046015571495 9.182449408214602
9216 0 0.01 147504.28974609033 6.7021466006799955 0.04948046015571495 9.182449408214602
9217 0 0.01 147504.28974609033 6.7021466006799955 0.04948046015571495 9.182449408214602
9218 0 0.01 147504.28974609033 6.7021466006799955 0.04948046015571495 9.182449408214602
9219 0 0.01 147504.28974609033 6.7021466006799955 0.04948046015571495 9.182449408214602
9220 0 0.01 147504.28974609033 6.7021466006799955 0.04948046015571495 9.182449408214602
9221 0 0.01 147504.28974609033 6.7021466006799955 0.04948046015571495 9.182449408214602
9222 0 0.01 147504.28974609033 6.7021466006799955 0.04948046015571495 9.182449408214602
9223 0 0.01 147504.28974609033 6.7021466006799955 0.04948046015571495 9.182449408214602
9224 0 0.01 147504.28974609033 6.7021466006799955 0.04948046015571495 9.182449408214602
9225 0 0.01 147504.28974609033 6.7021466006799955 0.04948046015571495 9.182449408214602
9226 0 0.01 147504.28974609033 6.7021466006799955 0.04948046015571495 9.182449408214602
9227 0 0.01 147504.28974609033 6.7021466006799955 0.04948046015571495 9.182449408214602
9228 0 0.01 147504.28974609033 6.7021466006799955 0.04948046015571495 9.182449408214602
9229 0 0.01 147504.28974609033 6.7021466006799955 0.04948046015571495 9.182449408214602
9230 0 0.01 147504.28974609033 6.7021466006799955 0.04948046015571495 9.182449408214602
9231 0 0.01 147504.28974609033 6.7021466006799955 0.04948046015571495 9.182449408214602
9232 0 0.01 147504.28974609033 6.7021466006799955 0.04948046015571495 9.182449408214602
9233 0 0.01 147504.28974609033 6.7021466006799955 0.04948046015571495 9.182449408214602
9234 0 0.01 147504.28974609033 6.7021466006799955 0.04948046015571495 9.182449408214602
9235 0 0.01 147504.28974609033 6.7021466006799955 0.04948046015571495 9.182449408214602
9236 0 0.01 147504.28974609033 6.7021466006799955 0.04948046015571495 9.182449408214602
9237 0 0.01 147504.28974609033 6.7021466006799955 0.04948046015571495 9.182449408214602
9238 0 0.01 147504.28974609033 6.7021466006799955 0.04948046015571495 9.182449408214602
9239 0 0.01 147504.28974609033 6.7021466006799955 0.04948046015571495 9.182449408214602
9240 0 0.01 147504.28974609033 6.7021466006799955 0.04948046015571495 9.182449408214602
9241 0 0.01 147504.28974609033 6.7021466006799955 0.04948046015571495 9.182449408214602
9242 0 0.01 147504.28974609033 6.7021466006799955 0.04948046015571495 9.182449408214602
9243 0 0.01 147504.28974609033 6.7021466006799955 0.04948046015571495 9.182449408214602
9244 0 0.01 147504.28974609033 6.7021466006799955 0.04948046015571495 9.182449408214602
9245 0 0.01 147504.28974609033 6.7021466006799955 0.04948046015571495 9.182449408214602
9246 0 0.01 147504.28974609033 6.7021466006799955 0.04948046015571495 9.182449408214602
9247 0 0.01 147504.28974609033 6.7021466006799955 0.04948046015571495 9.182449408214602
9248 0 0.01 147504.28974609033 6.7021466006799955 0.04948046015571495 9.182449408214602
9249 0 0.01 147504.28974609033 6.7021466006799955 0.04948046015571495 9.182449408214602
9250 0 0.01 147504.28974609033 6.7021466006799955 0.04948046015571495 9.182449408214602
9251 0 0.01 147504.28974609033 6.7021466006799955 0.04948046015571495 9.182449408214602
9252 0 0.01 147504.28974609033 6.7021466006799955 0.04948046015571495 9.182449408214602
9253 0 0.01 147504.28974609033 6.7021466006799955 0.04948046015571495 9.182449408214602
9254 0 0.01 147504.28974609033 6.7021466006799955 0.04948046015571495 9.182449408214602
9255 0 0.01 147504.28974609033 6.7021466006799955 0.04948046015571495 9.182449408214602
9256 0 0.01 147504.28974609033 6.7021466006799955 0.04948046015571495 9.182449408214602
9257 0 0.01 147504.28974609033 6.7021466006799955 0.04948046015571495 9.182449408214602
9258 0 0.01 147504.28974609033 6.7021466006799955 0.04948046015571495 9.182449408214602
9259 0 0.01 147504.28974609033 6.7021466006799955 0.04948046015571495 9.182449408214602
9260 0 0.01 147504.28974609033 6.7021466006799955 0.04948046015571495 9.182449408214602
9261 0 0.01 147504.28974609033 6.7021466006799955 0.04948046015571495 9.182449408214602
9262 0 0.01 147504.28974609033 6.7021466006799955 0.04948046015571495 9.182449408214602
9263 0 0.01 147504.28974609033 6.7021466006799955 0.04948046015571495 9.182449408214602
9264 0 0.01 147504.28974609033 6.7021466006799955 0.04948046015571495 9.182449408214602
9265 0 0.01 147504.28974609033 6.7021466006799955 0.04948046015571495 9.182449408214602
9266 0 0.01 147504.28974609033 6.7021466006799955 0.04948046015571495 9.182449408214602
9267 0 0.01 147504.28974609033 6.7021466006799955 0.04948046015571495 9.182449408214602
9268 0 0.01 147504.28974609033 6.7021466006799955 0.04948046015571495 9.182449408214602
9269 0 0.01 147504.28974609033 6.7021466006799955 0.04948046015571495 9.182449408214602
9270 0 0.01 147504.28974609033 6.7021466006799955 0.04948046015571495 9.182449408214602
9271 0 0.01 147504.28974609033 6.7021466006799955 0.04948046015571495 9.182449408214602
9272 0 0.01 147504.28974609033 6.7021466006799955 0.04948046015571495 9.182449408214602
9273 0 0.01 147504.28974609033 6.7021466006799955 0.04948046015571495 9.182449408214602
9274 0 0.01 147504.28974609033 6.7021466006799955 0.04948046015571495 9.182449408214602
9275 0 0.01 147504.28974609033 6.7021466006799955 0.04948046015571495 9.182449408214602
9276 0 0.01 147504.28974609033 6.7021466006799955 0.04948046015571495 9.182449408214602
9277 0 0.01 147504.28974609033 6.7021466006799955 0.04948046015571495 9.182449408214602
9278 0 0.01 147504.28974609033 6.7021466006799955 0.04948046015571495 9.182449408214602
9279 0 0.01 147504.28974609033 6.7021466006799955 0.04948046015571495 9.182449408214602
9280 0 0.01 147504.28974609033 6.7021466006799955 0.04948046015571495 9.182449408214602
9281 0 0.01 147504.28974609033 6.7021466006799955 0.04948046015571495 9.182449408214602
9282 0 0.01 147504.28974609033 6.7021466006799955 0.04948046015571495 9.182449408214602
9283 0 0.01 147504.28974609033 6.7021466006799955 0.04948046015571495 9.182449408214602
9284 0 0.01 147504.28974609033 6.7021466006799955 0.04948046015571495 9.182449408214602
9285 0 0.01 147504.28974609033 6.7021466006799955 0.04948046015571495 9.182449408214602
9286 0 0.01 147504.28974609033 6.7021466006799955 0.04948046015571495 9.182449408214602
9287 0 0.01 147504.28974609033 6.7021466006799955 0.04948046015571495 9.182449408214602
9288 0 0.01 147504.28974609033 6.7021466006799955 0.04948046015571495 9.182449408214602
9289 0 0.01 147504.28974609033 6.7021466006799955 0.04948046015571495 9.182449408214602
9290 0 0.01 147504.28974609033 6.7021466006799955 0.04948046015571495 9.182449408214602
9291 0 0.01 147504.28974609033 6.7021466006799955 0.04948046015571495 9.182449408214602
9292 0 0.01 147504.28974609033 6.7021466006799955 0.04948046015571495 9.182449408214602
9293 0 0.01 147504.28974609033 6.7021466006799955 0.04948046015571495 9.182449408214602
9294 0 0.01 147504.28974609033 6.7021466006799955 0.04948046015571495 9.182449408214602
9295 0 0.01 147504.28974609033 6.7021466006799955 0.04948046015571495 9.182449408214602
9296 0 0.01 147504.28974609033 6.7021466006799955 0.04948046015571495 9.182449408214602
9297 0 0.01 147504.28974609033 6.7021466006799955 0.04948046015571495 9.182449408214602
9298 0 0.01 147504.28974609033 6.7021466006799955 0.04948046015571495 9.182449408214602
9299 0 0.01 147504.28974609033 6.7021466006799955 0.04948046015571495 9.182449408214602
9300 0 0.01 147504.28974609033 6.7021466006799955 0.04948046015571495 9.182449408214602
9301 0 0.01 147504.28974609033 6.7021466006799955 0.04948046015571495 9.182449408214602
9302 0 0.01 147504.28974609033 6.7021466006799955 0.04948046015571495 9.182449408214602
9303 0 0.01 147504.28974609033 6.7021466006799955 0.04948046015571495 9.182449408214602
9304 0 0.01 147504.28974609033 6.7021466006799955 0.04948046015571495 9.182449408214602
9305 0 0.01 147504.28974609033 6.7021466006799955 0.04948046015571495 9.182449408214602
9306 0 0.01 147504.28974609033 6.7021466006799955 0.04948046015571495 9.182449408214602
9307 0 0.01 147504.28974609033 6.7021466006799955 0.04948046015571495 9.182449408214602
9308 0 0.01 147504.28974609033 6.7021466006799955 0.04948046015571495 9.182449408214602
9309 0 0.01 147504.28974609033 6.7021466006799955 0.04948046015571495 9.182449408214602
9310 0 0.01 147504.28974609033 6.7021466006799955 0.04948046015571495 9.182449408214602
9311 0 0.01 147504.28974609033 6.7021466006799955 0.04948046015571495 9.182449408214602
9312 0 0.01 147504.28974609033 6.7021466006799955 0.04948046015571495 9.182449408214602
9313 0 0.01 147504.28974609033 6.7021466006799955 0.04948046015571495 9.182449408214602
9314 0 0.01 147504.28974609033 6.7021466006799955 0.04948046015571495 9.182449408214602
9315 0 0.01 147504.28974609033 6.7021466006799955 0.04948046015571495 9.182449408214602
9316 0 0.01 147504.28974609033 6.7021466006799955 0.04948046015571495 9.182449408214602
9317 0 0.01 147504.28974609033 6.7021466006799955 0.04948046015571495 9.182449408214602
9318 0 0.01 147504.28974609033 6.7021466006799955 0.04948046015571495 9.182449408214602
9319 0 0.01 147504.28974609033 6.7021466006799955 0.04948046015571495 9.182449408214602
9320 0 0.01 147504.28974609033 6.7021466006799955 0.04948046015571495 9.182449408214602
9321 0 0.01 147504.28974609033 6.7021466006799955 0.04948046015571495 9.182449408214602
9322 0 0.01 147504.28974609033 6.7021466006799955 0.04948046015571495 9.182449408214602
9323 0 0.01 147504.28974609033 6.7021466006799955 0.04948046015571495 9.182449408214602
9324 0 0.01 147504.28974609033 6.7021466006799955 0.04948046015571495 9.182449408214602
9325 0 0.01 147504.28974609033 6.7021466006799955 0.04948046015571495 9.182449408214602
9326 0 0.01 147504.28974609033 6.7021466006799955 0.04948046015571495 9.182449408214602
9327 0 0.01 147504.28974609033 6.7021466006799955 0.04948046015571495 9.182449408214602
9328 0 0.01 147504.28974609033 6.7021466006799955 0.04948046015571495 9.182449408214602
9329 0 0.01 147504.28974609033 6.7021466006799955 0.04948046015571495 9.182449408214602
9330 0 0.01 147504.28974609033 6.7021466006799955 0.04948046015571495 9.182449408214602
9331 0 0.01 147504.28974609033 6.7021466006799955 0.04948046015571495 9.182449408214602
9332 0 0.01 147504.28974609033 6.7021466006799955 0.04948046015571495 9.182449408214602
9333 0 0.01 147504.28974609033 6.7021466006799955 0.04948046015571495 9.182449408214602
9334 0 0.01 147504.28974609033 6.7021466006799955 0.04948046015571495 9.182449408214602
9335 0 0.01 147504.28974609033 6.7021466006799955 0.04948046015571495 9.182449408214602
9336 0 0.01 147504.28974609033 6.7021466006799955 0.04948046015571495 9.182449408214602
9337 0 0.01 147504.28974609033 6.7021466006799955 0.04948046015571495 9.182449408214602
9338 0 0.01 147504.28974609033 6.7021466006799955 0.04948046015571495 9.182449408214602
9339 0 0.01 147504.28974609033 6.7021466006799955 0.04948046015571495 9.182449408214602
9340 0 0.01 147504.28974609033 6.7021466006799955 0.04948046015571495 9.182449408214602
9341 0 0.01 147504.28974609033 6.7021466006799955 0.04948046015571495 9.182449408214602
9342 0 0.01 147504.28974609033 6.7021466006799955 0.04948046015571495 9.182449408214602
9343 0 0.01 147504.28974609033 6.7021466006799955 0.04948046015571495 9.182449408214602
9344 0 0.01 147504.28974609033 6.7021466006799955 0.04948046015571495 9.182449408214602
9345 0 0.01 147504.28974609033 6.7021466006799955 0.04948046015571495 9.182449408214602
9346 0 0.01 147504.28974609033 6.7021466006799955 0.04948046015571495 9.182449408214602
9347 0 0.01 147504.28974609033 6.7021466006799955 0.04948046015571495 9.182449408214602
9348 0 0.01 147504.28974609033 6.7021466006799955 0.04948046015571495 9.182449408214602
9349 0 0.01 147504.28974609033 6.7021466006799955 0.04948046015571495 9.182449408214602
9350 0 0.01 147504.28974609033 6.7021466006799955 0.04948046015571495 9.182449408214602
9351 0 0.01 147504.28974609033 6.7021466006799955 0.04948046015571495 9.182449408214602
9352 0 0.01 147504.28974609033 6.7021466006799955 0.04948046015571495 9.182449408214602
9353 0 0.01 147504.28974609033 6.7021466006799955 0.04948046015571495 9.182449408214602
9354 0 0.01 147504.28974609033 6.7021466006799955 0.04948046015571495 9.182449408214602
9355 0 0.01 147504.28974609033 6.7021466006799955 0.04948046015571495 9.182449408214602
9356 0 0.01 147504.28974609033 6.7021466006799955 0.04948046015571495 9.182449408214602
9357 0 0.01 147504.28974609033 6.7021466006799955 0.04948046015571495 9.182449408214602
9358 0 0.01 147504.28974609033 6.7021466006799955 0.04948046015571495 9.182449408214602
9359 0 0.01 147504.28974609033 6.7021466006799955 0.04948046015571495 9.182449408214602
9360 0 0.01 147504.28974609033 6.7021466006799955 0.04948046015571495 9.182449408214602
9361 0 0.01 147504.28974609033 6.7021466006799955 0.04948046015571495 9.182449408214602
9362 0 0.01 147504.28974609033 6.7021466006799955 0.04948046015571495 9.182449408214602
9363 0 0.01 147504.28974609033 6.7021466006799955 0.04948046015571495 9.182449408214602
9364 0 0.01 147504.28974609033 6.7021466006799955 0.04948046015571495 9.182449408214602
9365 0 0.01 147504.28974609033 6.7021466006799955 0.04948046015571495 9.182449408214602
9366 0 0.01 147504.28974609033 6.7021466006799955 0.04948046015571495 9.182449408214602
9367 0 0.01 147504.28974609033 6.7021466006799955 0.04948046015571495 9.182449408214602
9368 0 0.01 147504.28974609033 6.7021466006799955 0.04948046015571495 9.182449408214602
9369 0 0.01 147504.28974609033 6.7021466006799955 0.04948046015571495 9.182449408214602
9370 0 0.01 147504.28974609033 6.7021466006799955 0.04948046015571495 9.182449408214602
9371 0 0.01 147504.28974609033 6.7021466006799955 0.04948046015571495 9.182449408214602
9372 0 0.01 147504.28974609033 6.7021466006799955 0.04948046015571495 9.182449408214602
9373 0 0.01 147504.28974609033 6.7021466006799955 0.04948046015571495 9.182449408214602
9374 0 0.01 147504.28974609033 6.7021466006799955 0.04948046015571495 9.182449408214602
9375 0 0.01 147504.28974609033 6.7021466006799955 0.04948046015571495 9.182449408214602
9376 0 0.01 147504.28974609033 6.7021466006799955 0.04948046015571495 9.182449408214602
9377 0 0.01 147504.28974609033 6.7021466006799955 0.04948046015571495 9.182449408214602
9378 0 0.01 147504.28974609033 6.7021466006799955 0.04948046015571495 9.182449408214602
9379 0 0.01 147504.28974609033 6.7021466006799955 0.04948046015571495 9.182449408214602
9380 0 0.01 147504.28974609033 6.7021466006799955 0.04948046015571495 9.182449408214602
9381 0 0.01 147504.28974609033 6.7021466006799955 0.04948046015571495 9.182449408214602
9382 0 0.01 147504.28974609033 6.7021466006799955 0.04948046015571495 9.182449408214602
9383 0 0.01 147504.28974609033 6.7021466006799955 0.04948046015571495 9.182449408214602
9384 0 0.01 147504.28974609033 6.7021466006799955 0.04948046015571495 9.182449408214602
9385 0 0.01 147504.28974609033 6.7021466006799955 0.04948046015571495 9.182449408214602
9386 0 0.01 147504.28974609033 6.7021466006799955 0.04948046015571495 9.182449408214602
9387 0 0.01 147504.28974609033 6.7021466006799955 0.04948046015571495 9.182449408214602
9388 0 0.01 147504.28974609033 6.7021466006799955 0.04948046015571495 9.182449408214602
9389 0 0.01 147504.28974609033 6.7021466006799955 0.04948046015571495 9.182449408214602
9390 0 0.01 147504.28974609033 6.7021466006799955 0.04948046015571495 9.182449408214602
9391 0 0.01 147504.28974609033 6.7021466006799955 0.04948046015571495 9.182449408214602
9392 0 0.01 147504.28974609033 6.7021466006799955 0.04948046015571495 9.182449408214602
9393 0 0.01 147504.28974609033 6.7021466006799955 0.04948046015571495 9.182449408214602
9394 0 0.01 147504.28974609033 6.7021466006799955 0.04948046015571495 9.182449408214602
9395 0 0.01 147504.28974609033 6.7021466006799955 0.04948046015571495 9.182449408214602
9396 0 0.01 147504.28974609033 6.7021466006799955 0.04948046015571495 9.182449408214602
9397 0 0.01 147504.28974609033 6.7021466006799955 0.04948046015571495 9.182449408214602
9398 0 0.01 147504.28974609033 6.7021466006799955 0.04948046015571495 9.182449408214602
9399 0 0.01 147504.28974609033 6.7021466006799955 0.04948046015571495 9.182449408214602
9400 0 0.01 147504.28974609033 6.7021466006799955 0.04948046015571495 9.182449408214602
9401 0 0.01 147504.28974609033 6.7021466006799955 0.04948046015571495 9.182449408214602
9402 0 0.01 147504.28974609033 6.7021466006799955 0.04948046015571495 9.182449408214602
9403 0 0.01 147504.28974609033 6.7021466006799955 0.04948046015571495 9.182449408214602
9404 0 0.01 147504.28974609033 6.7021466006799955 0.04948046015571495 9.182449408214602
9405 0 0.01 147504.28974609033 6.7021466006799955 0.04948046015571495 9.182449408214602
9406 0 0.01 147504.28974609033 6.7021466006799955 0.04948046015571495 9.182449408214602
9407 0 0.01 147504.28974609033 6.7021466006799955 0.04948046015571495 9.182449408214602
9408 0 0.01 147504.28974609033 6.7021466006799955 0.04948046015571495 9.182449408214602
9409 0 0.01 147504.28974609033 6.7021466006799955 0.04948046015571495 9.182449408214602
9410 0 0.01 147504.28974609033 6.7021466006799955 0.04948046015571495 9.182449408214602
9411 0 0.01 147504.28974609033 6.7021466006799955 0.04948046015571495 9.182449408214602
9412 0 0.01 147504.28974609033 6.7021466006799955 0.04948046015571495 9.182449408214602
9413 0 0.01 147504.28974609033 6.7021466006799955 0.04948046015571495 9.182449408214602
9414 0 0.01 147504.28974609033 6.7021466006799955 0.04948046015571495 9.182449408214602
9415 0 0.01 147504.28974609033 6.7021466006799955 0.04948046015571495 9.182449408214602
9416 0 0.01 147504.28974609033 6.7021466006799955 0.04948046015571495 9.182449408214602
9417 0 0.01 147504.28974609033 6.7021466006799955 0.04948046015571495 9.182449408214602
9418 0 0.01 147504.28974609033 6.7021466006799955 0.04948046015571495 9.182449408214602
9419 0 0.01 147504.28974609033 6.7021466006799955 0.04948046015571495 9.182449408214602
9420 0 0.01 147504.28974609033 6.7021466006799955 0.04948046015571495 9.182449408214602
9421 0 0.01 147504.28974609033 6.7021466006799955 0.04948046015571495 9.182449408214602
9422 0 0.01 147504.28974609033 6.7021466006799955 0.04948046015571495 9.182449408214602
9423 0 0.01 147504.28974609033 6.7021466006799955 0.04948046015571495 9.182449408214602
9424 0 0.01 147504.28974609033 6.7021466006799955 0.04948046015571495 9.182449408214602
9425 0 0.01 147504.28974609033 6.7021466006799955 0.04948046015571495 9.182449408214602
9426 0 0.01 147504.28974609033 6.7021466006799955 0.04948046015571495 9.182449408214602
9427 0 0.01 147504.28974609033 6.7021466006799955 0.04948046015571495 9.182449408214602
9428 0 0.01 147504.28974609033 6.7021466006799955 0.04948046015571495 9.182449408214602
9429 0 0.01 147504.28974609033 6.7021466006799955 0.04948046015571495 9.182449408214602
9430 0 0.01 147504.28974609033 6.7021466006799955 0.04948046015571495 9.182449408214602
9431 0 0.01 147504.28974609033 6.7021466006799955 0.04948046015571495 9.182449408214602
9432 0 0.01 147504.28974609033 6.7021466006799955 0.04948046015571495 9.182449408214602
9433 0 0.01 147504.28974609033 6.7021466006799955 0.04948046015571495 9.182449408214602
9434 0 0.01 147504.28974609033 6.7021466006799955 0.04948046015571495 9.182449408214602
9435 0 0.01 147504.28974609033 6.7021466006799955 0.04948046015571495 9.182449408214602
9436 0 0.01 147504.28974609033 6.7021466006799955 0.04948046015571495 9.182449408214602
9437 0 0.01 147504.28974609033 6.7021466006799955 0.04948046015571495 9.182449408214602
9438 0 0.01 147504.28974609033 6.7021466006799955 0.04948046015571495 9.182449408214602
9439 0 0.01 147504.28974609033 6.7021466006799955 0.04948046015571495 9.182449408214602
9440 0 0.01 147504.28974609033 6.7021466006799955 0.04948046015571495 9.182449408214602
9441 0 0.01 147504.28974609033 6.7021466006799955 0.04948046015571495 9.182449408214602
9442 0 0.01 147504.28974609033 6.7021466006799955 0.04948046015571495 9.182449408214602
9443 0 0.01 147504.28974609033 6.7021466006799955 0.04948046015571495 9.182449408214602
9444 0 0.01 147504.28974609033 6.7021466006799955 0.04948046015571495 9.182449408214602
9445 0 0.01 147504.28974609033 6.7021466006799955 0.04948046015571495 9.182449408214602
9446 0 0.01 147504.28974609033 6.7021466006799955 0.04948046015571495 9.182449408214602
9447 0 0.01 147504.28974609033 6.7021466006799955 0.04948046015571495 9.182449408214602
9448 0 0.01 147504.28974609033 6.7021466006799955 0.04948046015571495 9.182449408214602
9449 0 0.01 147504.28974609033 6.7021466006799955 0.04948046015571495 9.182449408214602
9450 0 0.01 147504.28974609033 6.7021466006799955 0.04948046015571495 9.182449408214602
9451 0 0.01 147504.28974609033 6.7021466006799955 0.04948046015571495 9.182449408214602
9452 0 0.01 147504.28974609033 6.7021466006799955 0.04948046015571495 9.182449408214602
9453 0 0.01 147504.28974609033 6.7021466006799955 0.04948046015571495 9.182449408214602
9454 0 0.01 147504.28974609033 6.7021466006799955 0.04948046015571495 9.182449408214602
9455 0 0.01 147504.28974609033 6.7021466006799955 0.04948046015571495 9.182449408214602
9456 0 0.01 147504.28974609033 6.7021466006799955 0.04948046015571495 9.182449408214602
9457 0 0.01 147504.28974609033 6.7021466006799955 0.04948046015571495 9.182449408214602
9458 0 0.01 147504.28974609033 6.7021466006799955 0.04948046015571495 9.182449408214602
9459 0 0.01 147504.28974609033 6.7021466006799955 0.04948046015571495 9.182449408214602
9460 0 0.01 147504.28974609033 6.7021466006799955 0.04948046015571495 9.182449408214602
9461 0 0.01 147504.28974609033 6.7021466006799955 0.04948046015571495 9.182449408214602
9462 0 0.01 147504.28974609033 6.7021466006799955 0.04948046015571495 9.182449408214602
9463 0 0.01 147504.28974609033 6.7021466006799955 0.04948046015571495 9.182449408214602
9464 0 0.01 147504.28974609033 6.7021466006799955 0.04948046015571495 9.182449408214602
9465 0 0.01 147504.28974609033 6.7021466006799955 0.04948046015571495 9.182449408214602
9466 0 0.01 147504.28974609033 6.7021466006799955 0.04948046015571495 9.182449408214602
9467 0 0.01 147504.28974609033 6.7021466006799955 0.04948046015571495 9.182449408214602
9468 0 0.01 147504.28974609033 6.7021466006799955 0.04948046015571495 9.182449408214602
9469 0 0.01 147504.28974609033 6.7021466006799955 0.04948046015571495 9.182449408214602
9470 0 0.01 147504.28974609033 6.7021466006799955 0.04948046015571495 9.182449408214602
9471 0 0.01 147504.28974609033 6.7021466006799955 0.04948046015571495 9.182449408214602
9472 0 0.01 147504.28974609033 6.7021466006799955 0.04948046015571495 9.182449408214602
9473 0 0.01 147504.28974609033 6.7021466006799955 0.04948046015571495 9.182449408214602
9474 0 0.01 147504.28974609033 6.7021466006799955 0.04948046015571495 9.182449408214602
9475 0 0.01 147504.28974609033 6.7021466006799955 0.04948046015571495 9.182449408214602
9476 0 0.01 147504.28974609033 6.7021466006799955 0.04948046015571495 9.182449408214602
9477 0 0.01 147504.28974609033 6.7021466006799955 0.04948046015571495 9.182449408214602
9478 0 0.01 147504.28974609033 6.7021466006799955 0.04948046015571495 9.182449408214602
9479 0 0.01 147504.28974609033 6.7021466006799955 0.04948046015571495 9.182449408214602
9480 0 0.01 147504.28974609033 6.7021466006799955 0.04948046015571495 9.182449408214602
9481 0 0.01 147504.28974609033 6.7021466006799955 0.04948046015571495 9.182449408214602
9482 0 0.01 147504.28974609033 6.7021466006799955 0.04948046015571495 9.182449408214602
9483 0 0.01 147504.28974609033 6.7021466006799955 0.04948046015571495 9.182449408214602
9484 0 0.01 147504.28974609033 6.7021466006799955 0.04948046015571495 9.182449408214602
9485 0 0.01 147504.28974609033 6.7021466006799955 0.04948046015571495 9.182449408214602
9486 0 0.01 147504.28974609033 6.7021466006799955 0.04948046015571495 9.182449408214602
9487 0 0.01 147504.28974609033 6.7021466006799955 0.04948046015571495 9.182449408214602
9488 0 0.01 147504.28974609033 6.7021466006799955 0.04948046015571495 9.182449408214602
9489 0 0.01 147504.28974609033 6.7021466006799955 0.04948046015571495 9.182449408214602
9490 0 0.01 147504.28974609033 6.7021466006799955 0.04948046015571495 9.182449408214602
9491 0 0.01 147504.28974609033 6.7021466006799955 0.04948046015571495 9.182449408214602
9492 0 0.01 147504.28974609033 6.7021466006799955 0.04948046015571495 9.182449408214602
9493 0 0.01 147504.28974609033 6.7021466006799955 0.04948046015571495 9.182449408214602
9494 0 0.01 147504.28974609033 6.7021466006799955 0.04948046015571495 9.182449408214602
9495 0 0.01 147504.28974609033 6.7021466006799955 0.04948046015571495 9.182449408214602
9496 0 0.01 147504.28974609033 6.7021466006799955 0.04948046015571495 9.182449408214602
9497 0 0.01 147504.28974609033 6.7021466006799955 0.04948046015571495 9.182449408214602
9498 0 0.01 147504.28974609033 6.7021466006799955 0.04948046015571495 9.182449408214602
9499 0 0.01 147504.28974609033 6.7021466006799955 0.04948046015571495 9.182449408214602
9500 0 0.01 147504.28974609033 6.7021466006799955 0.04948046015571495 9.182449408214602
9501 0 0.01 147504.28974609033 6.7021466006799955 0.04948046015571495 9.182449408214602
9502 0 0.01 147504.28974609033 6.7021466006799955 0.04948046015571495 9.182449408214602
9503 0 0.01 147504.28974609033 6.7021466006799955 0.04948046015571495 9.182449408214602
9504 0 0.01 147504.28974609033 6.7021466006799955 0.04948046015571495 9.182449408214602
9505 0 0.01 147504.28974609033 6.7021466006799955 0.04948046015571495 9.182449408214602
9506 0 0.01 147504.28974609033 6.7021466006799955 0.04948046015571495 9.182449408214602
9507 0 0.01 147504.28974609033 6.7021466006799955 0.04948046015571495 9.182449408214602
9508 0 0.01 147504.28974609033 6.7021466006799955 0.04948046015571495 9.182449408214602
9509 0 0.01 147504.28974609033 6.7021466006799955 0.04948046015571495 9.182449408214602
9510 0 0.01 147504.28974609033 6.7021466006799955 0.04948046015571495 9.182449408214602
9511 0 0.01 147504.28974609033 6.7021466006799955 0.04948046015571495 9.182449408214602
9512 0 0.01 147504.28974609033 6.7021466006799955 0.04948046015571495 9.182449408214602
9513 0 0.01 147504.28974609033 6.7021466006799955 0.04948046015571495 9.182449408214602
9514 0 0.01 147504.28974609033 6.7021466006799955 0.04948046015571495 9.182449408214602
9515 0 0.01 147504.28974609033 6.7021466006799955 0.04948046015571495 9.182449408214602
9516 0 0.01 147504.28974609033 6.7021466006799955 0.04948046015571495 9.182449408214602
9517 0 0.01 147504.28974609033 6.7021466006799955 0.04948046015571495 9.182449408214602
9518 0 0.01 147504.28974609033 6.7021466006799955 0.04948046015571495 9.182449408214602
9519 0 0.01 147504.28974609033 6.7021466006799955 0.04948046015571495 9.182449408214602
9520 0 0.01 147504.28974609033 6.7021466006799955 0.04948046015571495 9.182449408214602
9521 0 0.01 147504.28974609033 6.7021466006799955 0.04948046015571495 9.182449408214602
9522 0 0.01 147504.28974609033 6.7021466006799955 0.04948046015571495 9.182449408214602
9523 0 0.01 147504.28974609033 6.7021466006799955 0.04948046015571495 9.182449408214602
9524 0 0.01 147504.28974609033 6.7021466006799955 0.04948046015571495 9.182449408214602
9525 0 0.01 147504.28974609033 6.7021466006799955 0.04948046015571495 9.182449408214602
9526 0 0.01 147504.28974609033 6.7021466006799955 0.04948046015571495 9.182449408214602
9527 0 0.01 147504.28974609033 6.7021466006799955 0.04948046015571495 9.182449408214602
9528 0 0.01 147504.28974609033 6.7021466006799955 0.04948046015571495 9.182449408214602
9529 0 0.01 147504.28974609033 6.7021466006799955 0.04948046015571495 9.182449408214602
9530 0 0.01 147504.28974609033 6.7021466006799955 0.04948046015571495 9.182449408214602
9531 0 0.01 147504.28974609033 6.7021466006799955 0.04948046015571495 9.182449408214602
9532 0 0.01 147504.28974609033 6.7021466006799955 0.04948046015571495 9.182449408214602
9533 0 0.01 147504.28974609033 6.7021466006799955 0.04948046015571495 9.182449408214602
9534 0 0.01 147504.28974609033 6.7021466006799955 0.04948046015571495 9.182449408214602
9535 0 0.01 147504.28974609033 6.7021466006799955 0.04948046015571495 9.182449408214602
9536 0 0.01 147504.28974609033 6.7021466006799955 0.04948046015571495 9.182449408214602
9537 0 0.01 147504.28974609033 6.7021466006799955 0.04948046015571495 9.182449408214602
9538 0 0.01 147504.28974609033 6.7021466006799955 0.04948046015571495 9.182449408214602
9539 0 0.01 147504.28974609033 6.7021466006799955 0.04948046015571495 9.182449408214602
9540 0 0.01 147504.28974609033 6.7021466006799955 0.04948046015571495 9.182449408214602
9541 0 0.01 147504.28974609033 6.7021466006799955 0.04948046015571495 9.182449408214602
9542 0 0.01 147504.28974609033 6.7021466006799955 0.04948046015571495 9.182449408214602
9543 0 0.01 147504.28974609033 6.7021466006799955 0.04948046015571495 9.182449408214602
9544 0 0.01 147504.28974609033 6.7021466006799955 0.04948046015571495 9.182449408214602
9545 0 0.01 147504.28974609033 6.7021466006799955 0.04948046015571495 9.182449408214602
9546 0 0.01 147504.28974609033 6.7021466006799955 0.04948046015571495 9.182449408214602
9547 0 0.01 147504.28974609033 6.7021466006799955 0.04948046015571495 9.182449408214602
9548 0 0.01 147504.28974609033 6.7021466006799955 0.04948046015571495 9.182449408214602
9549 0 0.01 147504.28974609033 6.7021466006799955 0.04948046015571495 9.182449408214602
9550 0 0.01 147504.28974609033 6.7021466006799955 0.04948046015571495 9.182449408214602
9551 0 0.01 147504.28974609033 6.7021466006799955 0.04948046015571495 9.182449408214602
9552 0 0.01 147504.28974609033 6.7021466006799955 0.04948046015571495 9.182449408214602
9553 0 0.01 147504.28974609033 6.7021466006799955 0.04948046015571495 9.182449408214602
9554 0 0.01 147504.28974609033 6.7021466006799955 0.04948046015571495 9.182449408214602
9555 0 0.01 147504.28974609033 6.7021466006799955 0.04948046015571495 9.182449408214602
9556 0 0.01 147504.28974609033 6.7021466006799955 0.04948046015571495 9.182449408214602
9557 0 0.01 147504.28974609033 6.7021466006799955 0.04948046015571495 9.182449408214602
9558 0 0.01 147504.28974609033 6.7021466006799955 0.04948046015571495 9.182449408214602
9559 0 0.01 147504.28974609033 6.7021466006799955 0.04948046015571495 9.182449408214602
9560 0 0.01 147504.28974609033 6.7021466006799955 0.04948046015571495 9.182449408214602
9561 0 0.01 147504.28974609033 6.7021466006799955 0.04948046015571495 9.182449408214602
9562 0 0.01 147504.28974609033 6.7021466006799955 0.04948046015571495 9.182449408214602
9563 0 0.01 147504.28974609033 6.7021466006799955 0.04948046015571495 9.182449408214602
9564 0 0.01 147504.28974609033 6.7021466006799955 0.04948046015571495 9.182449408214602
9565 0 0.01 147504.28974609033 6.7021466006799955 0.04948046015571495 9.182449408214602
9566 0 0.01 147504.28974609033 6.7021466006799955 0.04948046015571495 9.182449408214602
9567 0 0.01 147504.28974609033 6.7021466006799955 0.04948046015571495 9.182449408214602
9568 0 0.01 147504.28974609033 6.7021466006799955 0.04948046015571495 9.182449408214602
9569 0 0.01 147504.28974609033 6.7021466006799955 0.04948046015571495 9.182449408214602
9570 0 0.01 147504.28974609033 6.7021466006799955 0.04948046015571495 9.182449408214602
9571 0 0.01 147504.28974609033 6.7021466006799955 0.04948046015571495 9.182449408214602
9572 0 0.01 147504.28974609033 6.7021466006799955 0.04948046015571495 9.182449408214602
9573 0 0.01 147504.28974609033 6.7021466006799955 0.04948046015571495 9.182449408214602
9574 0 0.01 147504.28974609033 6.7021466006799955 0.04948046015571495 9.182449408214602
9575 0 0.01 147504.28974609033 6.7021466006799955 0.04948046015571495 9.182449408214602
9576 0 0.01 147504.28974609033 6.7021466006799955 0.04948046015571495 9.182449408214602
9577 0 0.01 147504.28974609033 6.7021466006799955 0.04948046015571495 9.182449408214602
9578 0 0.01 147504.28974609033 6.7021466006799955 0.04948046015571495 9.182449408214602
9579 0 0.01 147504.28974609033 6.7021466006799955 0.04948046015571495 9.182449408214602
9580 0 0.01 147504.28974609033 6.7021466006799955 0.04948046015571495 9.182449408214602
9581 0 0.01 147504.28974609033 6.7021466006799955 0.04948046015571495 9.182449408214602
9582 0 0.01 147504.28974609033 6.7021466006799955 0.04948046015571495 9.182449408214602
9583 0 0.01 147504.28974609033 6.7021466006799955 0.04948046015571495 9.182449408214602
9584 0 0.01 147504.28974609033 6.7021466006799955 0.04948046015571495 9.182449408214602
9585 0 0.01 147504.28974609033 6.7021466006799955 0.04948046015571495 9.182449408214602
9586 0 0.01 147504.28974609033 6.7021466006799955 0.04948046015571495 9.182449408214602
9587 0 0.01 147504.28974609033 6.7021466006799955 0.04948046015571495 9.182449408214602
9588 0 0.01 147504.28974609033 6.7021466006799955 0.04948046015571495 9.182449408214602
9589 0 0.01 147504.28974609033 6.7021466006799955 0.04948046015571495 9.182449408214602
9590 0 0.01 147504.28974609033 6.7021466006799955 0.04948046015571495 9.182449408214602
9591 0 0.01 147504.28974609033 6.7021466006799955 0.04948046015571495 9.182449408214602
9592 0 0.01 147504.28974609033 6.7021466006799955 0.04948046015571495 9.182449408214602
9593 0 0.01 147504.28974609033 6.7021466006799955 0.04948046015571495 9.182449408214602
9594 0 0.01 147504.28974609033 6.7021466006799955 0.04948046015571495 9.182449408214602
9595 0 0.01 147504.28974609033 6.7021466006799955 0.04948046015571495 9.182449408214602
9596 0 0.01 147504.28974609033 6.7021466006799955 0.04948046015571495 9.182449408214602
9597 0 0.01 147504.28974609033 6.7021466006799955 0.04948046015571495 9.182449408214602
9598 0 0.01 147504.28974609033 6.7021466006799955 0.04948046015571495 9.182449408214602
9599 0 0.01 147504.28974609033 6.7021466006799955 0.04948046015571495 9.182449408214602
9600 0 0.01 147504.28974609033 6.7021466006799955 0.04948046015571495 9.182449408214602
9601 0 0.01 147504.28974609033 6.7021466006799955 0.04948046015571495 9.182449408214602
9602 0 0.01 147504.28974609033 6.7021466006799955 0.04948046015571495 9.182449408214602
9603 0 0.01 147504.28974609033 6.7021466006799955 0.04948046015571495 9.182449408214602
9604 0 0.01 147504.28974609033 6.7021466006799955 0.04948046015571495 9.182449408214602
9605 0 0.01 147504.28974609033 6.7021466006799955 0.04948046015571495 9.182449408214602
9606 0 0.01 147504.28974609033 6.7021466006799955 0.04948046015571495 9.182449408214602
9607 0 0.01 147504.28974609033 6.7021466006799955 0.04948046015571495 9.182449408214602
9608 0 0.01 147504.28974609033 6.7021466006799955 0.04948046015571495 9.182449408214602
9609 0 0.01 147504.28974609033 6.7021466006799955 0.04948046015571495 9.182449408214602
9610 0 0.01 147504.28974609033 6.7021466006799955 0.04948046015571495 9.182449408214602
9611 0 0.01 147504.28974609033 6.7021466006799955 0.04948046015571495 9.182449408214602
9612 0 0.01 147504.28974609033 6.7021466006799955 0.04948046015571495 9.182449408214602
9613 0 0.01 147504.28974609033 6.7021466006799955 0.04948046015571495 9.182449408214602
9614 0 0.01 147504.28974609033 6.7021466006799955 0.04948046015571495 9.182449408214602
9615 0 0.01 147504.28974609033 6.7021466006799955 0.04948046015571495 9.182449408214602
9616 0 0.01 147504.28974609033 6.7021466006799955 0.04948046015571495 9.182449408214602
9617 0 0.01 147504.28974609033 6.7021466006799955 0.04948046015571495 9.182449408214602
9618 0 0.01 147504.28974609033 6.7021466006799955 0.04948046015571495 9.182449408214602
9619 0 0.01 147504.28974609033 6.7021466006799955 0.04948046015571495 9.182449408214602
9620 0 0.01 147504.28974609033 6.7021466006799955 0.04948046015571495 9.182449408214602
9621 0 0.01 147504.28974609033 6.7021466006799955 0.04948046015571495 9.182449408214602
9622 0 0.01 147504.28974609033 6.7021466006799955 0.04948046015571495 9.182449408214602
9623 0 0.01 147504.28974609033 6.7021466006799955 0.04948046015571495 9.182449408214602
9624 0 0.01 147504.28974609033 6.7021466006799955 0.04948046015571495 9.182449408214602
9625 0 0.01 147504.28974609033 6.7021466006799955 0.04948046015571495 9.182449408214602
9626 0 0.01 147504.28974609033 6.7021466006799955 0.04948046015571495 9.182449408214602
9627 0 0.01 147504.28974609033 6.7021466006799955 0.04948046015571495 9.182449408214602
9628 0 0.01 147504.28974609033 6.7021466006799955 0.04948046015571495 9.182449408214602
9629 0 0.01 147504.28974609033 6.7021466006799955 0.04948046015571495 9.182449408214602
9630 0 0.01 147504.28974609033 6.7021466006799955 0.04948046015571495 9.182449408214602
9631 0 0.01 147504.28974609033 6.7021466006799955 0.04948046015571495 9.182449408214602
9632 0 0.01 147504.28974609033 6.7021466006799955 0.04948046015571495 9.182449408214602
9633 0 0.01 147504.28974609033 6.7021466006799955 0.04948046015571495 9.182449408214602
9634 0 0.01 147504.28974609033 6.7021466006799955 0.04948046015571495 9.182449408214602
9635 0 0.01 147504.28974609033 6.7021466006799955 0.04948046015571495 9.182449408214602
9636 0 0.01 147504.28974609033 6.7021466006799955 0.04948046015571495 9.182449408214602
9637 0 0.01 147504.28974609033 6.7021466006799955 0.04948046015571495 9.182449408214602
9638 0 0.01 147504.28974609033 6.7021466006799955 0.04948046015571495 9.182449408214602
9639 0 0.01 147504.28974609033 6.7021466006799955 0.04948046015571495 9.182449408214602
9640 0 0.01 147504.28974609033 6.7021466006799955 0.04948046015571495 9.182449408214602
9641 0 0.01 147504.28974609033 6.7021466006799955 0.04948046015571495 9.182449408214602
9642 0 0.01 147504.28974609033 6.7021466006799955 0.04948046015571495 9.182449408214602
9643 0 0.01 147504.28974609033 6.7021466006799955 0.04948046015571495 9.182449408214602
9644 0 0.01 147504.28974609033 6.7021466006799955 0.04948046015571495 9.182449408214602
9645 0 0.01 147504.28974609033 6.7021466006799955 0.04948046015571495 9.182449408214602
9646 0 0.01 147504.28974609033 6.7021466006799955 0.04948046015571495 9.182449408214602
9647 0 0.01 147504.28974609033 6.7021466006799955 0.04948046015571495 9.182449408214602
9648 0 0.01 147504.28974609033 6.7021466006799955 0.04948046015571495 9.182449408214602
9649 0 0.01 147504.28974609033 6.7021466006799955 0.04948046015571495 9.182449408214602
9650 0 0.01 147504.28974609033 6.7021466006799955 0.04948046015571495 9.182449408214602
9651 0 0.01 147504.28974609033 6.7021466006799955 0.04948046015571495 9.182449408214602
9652 0 0.01 147504.28974609033 6.7021466006799955 0.04948046015571495 9.182449408214602
9653 0 0.01 147504.28974609033 6.7021466006799955 0.04948046015571495 9.182449408214602
9654 0 0.01 147504.28974609033 6.7021466006799955 0.04948046015571495 9.182449408214602
9655 0 0.01 147504.28974609033 6.7021466006799955 0.04948046015571495 9.182449408214602
9656 0 0.01 147504.28974609033 6.7021466006799955 0.04948046015571495 9.182449408214602
9657 0 0.01 147504.28974609033 6.7021466006799955 0.04948046015571495 9.182449408214602
9658 0 0.01 147504.28974609033 6.7021466006799955 0.04948046015571495 9.182449408214602
9659 0 0.01 147504.28974609033 6.7021466006799955 0.04948046015571495 9.182449408214602
9660 0 0.01 147504.28974609033 6.7021466006799955 0.04948046015571495 9.182449408214602
9661 0 0.01 147504.28974609033 6.7021466006799955 0.04948046015571495 9.182449408214602
9662 0 0.01 147504.28974609033 6.7021466006799955 0.04948046015571495 9.182449408214602
9663 0 0.01 147504.28974609033 6.7021466006799955 0.04948046015571495 9.182449408214602
9664 0 0.01 147504.28974609033 6.7021466006799955 0.04948046015571495 9.182449408214602
9665 0 0.01 147504.28974609033 6.7021466006799955 0.04948046015571495 9.182449408214602
9666 0 0.01 147504.28974609033 6.7021466006799955 0.04948046015571495 9.182449408214602
9667 0 0.01 147504.28974609033 6.7021466006799955 0.04948046015571495 9.182449408214602
9668 0 0.01 147504.28974609033 6.7021466006799955 0.04948046015571495 9.182449408214602
9669 0 0.01 147504.28974609033 6.7021466006799955 0.04948046015571495 9.182449408214602
9670 0 0.01 147504.28974609033 6.7021466006799955 0.04948046015571495 9.182449408214602
9671 0 0.01 147504.28974609033 6.7021466006799955 0.04948046015571495 9.182449408214602
9672 0 0.01 147504.28974609033 6.7021466006799955 0.04948046015571495 9.182449408214602
9673 0 0.01 147504.28974609033 6.7021466006799955 0.04948046015571495 9.182449408214602
9674 0 0.01 147504.28974609033 6.7021466006799955 0.04948046015571495 9.182449408214602
9675 0 0.01 147504.28974609033 6.7021466006799955 0.04948046015571495 9.182449408214602
9676 0 0.01 147504.28974609033 6.7021466006799955 0.04948046015571495 9.182449408214602
9677 0 0.01 147504.28974609033 6.7021466006799955 0.04948046015571495 9.182449408214602
9678 0 0.01 147504.28974609033 6.7021466006799955 0.04948046015571495 9.182449408214602
9679 0 0.01 147504.28974609033 6.7021466006799955 0.04948046015571495 9.182449408214602
9680 0 0.01 147504.28974609033 6.7021466006799955 0.04948046015571495 9.182449408214602
9681 0 0.01 147504.28974609033 6.7021466006799955 0.04948046015571495 9.182449408214602
9682 0 0.01 147504.28974609033 6.7021466006799955 0.04948046015571495 9.182449408214602
9683 0 0.01 147504.28974609033 6.7021466006799955 0.04948046015571495 9.182449408214602
9684 0 0.01 147504.28974609033 6.7021466006799955 0.04948046015571495 9.182449408214602
9685 0 0.01 147504.28974609033 6.7021466006799955 0.04948046015571495 9.182449408214602
9686 0 0.01 147504.28974609033 6.7021466006799955 0.04948046015571495 9.182449408214602
9687 0 0.01 147504.28974609033 6.7021466006799955 0.04948046015571495 9.182449408214602
9688 0 0.01 147504.28974609033 6.7021466006799955 0.04948046015571495 9.182449408214602
9689 0 0.01 147504.28974609033 6.7021466006799955 0.04948046015571495 9.182449408214602
9690 0 0.01 147504.28974609033 6.7021466006799955 0.04948046015571495 9.182449408214602
9691 0 0.01 147504.28974609033 6.7021466006799955 0.04948046015571495 9.182449408214602
9692 0 0.01 147504.28974609033 6.7021466006799955 0.04948046015571495 9.182449408214602
9693 0 0.01 147504.28974609033 6.7021466006799955 0.04948046015571495 9.182449408214602
9694 0 0.01 147504.28974609033 6.7021466006799955 0.04948046015571495 9.182449408214602
9695 0 0.01 147504.28974609033 6.7021466006799955 0.04948046015571495 9.182449408214602
9696 0 0.01 147504.28974609033 6.7021466006799955 0.04948046015571495 9.182449408214602
9697 0 0.01 147504.28974609033 6.7021466006799955 0.04948046015571495 9.182449408214602
9698 0 0.01 147504.28974609033 6.7021466006799955 0.04948046015571495 9.182449408214602
9699 0 0.01 147504.28974609033 6.7021466006799955 0.04948046015571495 9.182449408214602
9700 0 0.01 147504.28974609033 6.7021466006799955 0.04948046015571495 9.182449408214602
9701 0 0.01 147504.28974609033 6.7021466006799955 0.04948046015571495 9.182449408214602
9702 0 0.01 147504.28974609033 6.7021466006799955 0.04948046015571495 9.182449408214602
9703 0 0.01 147504.28974609033 6.7021466006799955 0.04948046015571495 9.182449408214602
9704 0 0.01 147504.28974609033 6.7021466006799955 0.04948046015571495 9.182449408214602
9705 0 0.01 147504.28974609033 6.7021466006799955 0.04948046015571495 9.182449408214602
9706 0 0.01 147504.28974609033 6.7021466006799955 0.04948046015571495 9.182449408214602
9707 0 0.01 147504.28974609033 6.7021466006799955 0.04948046015571495 9.182449408214602
9708 0 0.01 147504.28974609033 6.7021466006799955 0.04948046015571495 9.182449408214602
9709 0 0.01 147504.28974609033 6.7021466006799955 0.04948046015571495 9.182449408214602
9710 0 0.01 147504.28974609033 6.7021466006799955 0.04948046015571495 9.182449408214602
9711 0 0.01 147504.28974609033 6.7021466006799955 0.04948046015571495 9.182449408214602
9712 0 0.01 147504.28974609033 6.7021466006799955 0.04948046015571495 9.182449408214602
9713 0 0.01 147504.28974609033 6.7021466006799955 0.04948046015571495 9.182449408214602
9714 0 0.01 147504.28974609033 6.7021466006799955 0.04948046015571495 9.182449408214602
9715 0 0.01 147504.28974609033 6.7021466006799955 0.04948046015571495 9.182449408214602
9716 0 0.01 147504.28974609033 6.7021466006799955 0.04948046015571495 9.182449408214602
9717 0 0.01 147504.28974609033 6.7021466006799955 0.04948046015571495 9.182449408214602
9718 0 0.01 147504.28974609033 6.7021466006799955 0.04948046015571495 9.182449408214602
9719 0 0.01 147504.28974609033 6.7021466006799955 0.04948046015571495 9.182449408214602
9720 0 0.01 147504.28974609033 6.7021466006799955 0.04948046015571495 9.182449408214602
9721 0 0.01 147504.28974609033 6.7021466006799955 0.04948046015571495 9.182449408214602
9722 0 0.01 147504.28974609033 6.7021466006799955 0.04948046015571495 9.182449408214602
9723 0 0.01 147504.28974609033 6.7021466006799955 0.04948046015571495 9.182449408214602
9724 0 0.01 147504.28974609033 6.7021466006799955 0.04948046015571495 9.182449408214602
9725 0 0.01 147504.28974609033 6.7021466006799955 0.04948046015571495 9.182449408214602
9726 0 0.01 147504.28974609033 6.7021466006799955 0.04948046015571495 9.182449408214602
9727 0 0.01 147504.28974609033 6.7021466006799955 0.04948046015571495 9.182449408214602
9728 0 0.01 147504.28974609033 6.7021466006799955 0.04948046015571495 9.182449408214602
9729 0 0.01 147504.28974609033 6.7021466006799955 0.04948046015571495 9.182449408214602
9730 0 0.01 147504.28974609033 6.7021466006799955 0.04948046015571495 9.182449408214602
9731 0 0.01 147504.28974609033 6.7021466006799955 0.04948046015571495 9.182449408214602
9732 0 0.01 147504.28974609033 6.7021466006799955 0.04948046015571495 9.182449408214602
9733 0 0.01 147504.28974609033 6.7021466006799955 0.04948046015571495 9.182449408214602
9734 0 0.01 147504.28974609033 6.7021466006799955 0.04948046015571495 9.182449408214602
9735 0 0.01 147504.28974609033 6.7021466006799955 0.04948046015571495 9.182449408214602
9736 0 0.01 147504.28974609033 6.7021466006799955 0.04948046015571495 9.182449408214602
9737 0 0.01 147504.28974609033 6.7021466006799955 0.04948046015571495 9.182449408214602
9738 0 0.01 147504.28974609033 6.7021466006799955 0.04948046015571495 9.182449408214602
9739 0 0.01 147504.28974609033 6.7021466006799955 0.04948046015571495 9.182449408214602
9740 0 0.01 147504.28974609033 6.7021466006799955 0.04948046015571495 9.182449408214602
9741 0 0.01 147504.28974609033 6.7021466006799955 0.04948046015571495 9.182449408214602
9742 0 0.01 147504.28974609033 6.7021466006799955 0.04948046015571495 9.182449408214602
9743 0 0.01 147504.28974609033 6.7021466006799955 0.04948046015571495 9.182449408214602
9744 0 0.01 147504.28974609033 6.7021466006799955 0.04948046015571495 9.182449408214602
9745 0 0.01 147504.28974609033 6.7021466006799955 0.04948046015571495 9.182449408214602
9746 0 0.01 147504.28974609033 6.7021466006799955 0.04948046015571495 9.182449408214602
9747 0 0.01 147504.28974609033 6.7021466006799955 0.04948046015571495 9.182449408214602
9748 0 0.01 147504.28974609033 6.7021466006799955 0.04948046015571495 9.182449408214602
9749 0 0.01 147504.28974609033 6.7021466006799955 0.04948046015571495 9.182449408214602
9750 0 0.01 147504.28974609033 6.7021466006799955 0.04948046015571495 9.182449408214602
9751 0 0.01 147504.28974609033 6.7021466006799955 0.04948046015571495 9.182449408214602
9752 0 0.01 147504.28974609033 6.7021466006799955 0.04948046015571495 9.182449408214602
9753 0 0.01 147504.28974609033 6.7021466006799955 0.04948046015571495 9.182449408214602
9754 0 0.01 147504.28974609033 6.7021466006799955 0.04948046015571495 9.182449408214602
9755 0 0.01 147504.28974609033 6.7021466006799955 0.04948046015571495 9.182449408214602
9756 0 0.01 147504.28974609033 6.7021466006799955 0.04948046015571495 9.182449408214602
9757 0 0.01 147504.28974609033 6.7021466006799955 0.04948046015571495 9.182449408214602
9758 0 0.01 147504.28974609033 6.7021466006799955 0.04948046015571495 9.182449408214602
9759 0 0.01 147504.28974609033 6.7021466006799955 0.04948046015571495 9.182449408214602
9760 0 0.01 147504.28974609033 6.7021466006799955 0.04948046015571495 9.182449408214602
9761 0 0.01 147504.28974609033 6.7021466006799955 0.04948046015571495 9.182449408214602
9762 0 0.01 147504.28974609033 6.7021466006799955 0.04948046015571495 9.182449408214602
9763 0 0.01 147504.28974609033 6.7021466006799955 0.04948046015571495 9.182449408214602
9764 0 0.01 147504.28974609033 6.7021466006799955 0.04948046015571495 9.182449408214602
9765 0 0.01 147504.28974609033 6.7021466006799955 0.04948046015571495 9.182449408214602
9766 0 0.01 147504.28974609033 6.7021466006799955 0.04948046015571495 9.182449408214602
9767 0 0.01 147504.28974609033 6.7021466006799955 0.04948046015571495 9.182449408214602
9768 0 0.01 147504.28974609033 6.7021466006799955 0.04948046015571495 9.182449408214602
9769 0 0.01 147504.28974609033 6.7021466006799955 0.04948046015571495 9.182449408214602
9770 0 0.01 147504.28974609033 6.7021466006799955 0.04948046015571495 9.182449408214602
9771 0 0.01 147504.28974609033 6.7021466006799955 0.04948046015571495 9.182449408214602
9772 0 0.01 147504.28974609033 6.7021466006799955 0.04948046015571495 9.182449408214602
9773 0 0.01 147504.28974609033 6.7021466006799955 0.04948046015571495 9.182449408214602
9774 0 0.01 147504.28974609033 6.7021466006799955 0.04948046015571495 9.182449408214602
9775 0 0.01 147504.28974609033 6.7021466006799955 0.04948046015571495 9.182449408214602
9776 0 0.01 147504.28974609033 6.7021466006799955 0.04948046015571495 9.182449408214602
9777 0 0.01 147504.28974609033 6.7021466006799955 0.04948046015571495 9.182449408214602
9778 0 0.01 147504.28974609033 6.7021466006799955 0.04948046015571495 9.182449408214602
9779 0 0.01 147504.28974609033 6.7021466006799955 0.04948046015571495 9.182449408214602
9780 0 0.01 147504.28974609033 6.7021466006799955 0.04948046015571495 9.182449408214602
9781 0 0.01 147504.28974609033 6.7021466006799955 0.04948046015571495 9.182449408214602
9782 0 0.01 147504.28974609033 6.7021466006799955 0.04948046015571495 9.182449408214602
9783 0 0.01 147504.28974609033 6.7021466006799955 0.04948046015571495 9.182449408214602
9784 0 0.01 147504.28974609033 6.7021466006799955 0.04948046015571495 9.182449408214602
9785 0 0.01 147504.28974609033 6.7021466006799955 0.04948046015571495 9.182449408214602
9786 0 0.01 147504.28974609033 6.7021466006799955 0.04948046015571495 9.182449408214602
9787 0 0.01 147504.28974609033 6.7021466006799955 0.04948046015571495 9.182449408214602
9788 0 0.01 147504.28974609033 6.7021466006799955 0.04948046015571495 9.182449408214602
9789 0 0.01 147504.28974609033 6.7021466006799955 0.04948046015571495 9.182449408214602
9790 0 0.01 147504.28974609033 6.7021466006799955 0.04948046015571495 9.182449408214602
9791 0 0.01 147504.28974609033 6.7021466006799955 0.04948046015571495 9.182449408214602
9792 0 0.01 147504.28974609033 6.7021466006799955 0.04948046015571495 9.182449408214602
9793 0 0.01 147504.28974609033 6.7021466006799955 0.04948046015571495 9.182449408214602
9794 0 0.01 147504.28974609033 6.7021466006799955 0.04948046015571495 9.182449408214602
9795 0 0.01 147504.28974609033 6.7021466006799955 0.04948046015571495 9.182449408214602
9796 0 0.01 147504.28974609033 6.7021466006799955 0.04948046015571495 9.182449408214602
9797 0 0.01 147504.28974609033 6.7021466006799955 0.04948046015571495 9.182449408214602
9798 0 0.01 147504.28974609033 6.7021466006799955 0.04948046015571495 9.182449408214602
9799 0 0.01 147504.28974609033 6.7021466006799955 0.04948046015571495 9.182449408214602
9800 0 0.01 147504.28974609033 6.7021466006799955 0.04948046015571495 9.182449408214602
9801 0 0.01 147504.28974609033 6.7021466006799955 0.04948046015571495 9.182449408214602
9802 0 0.01 147504.28974609033 6.7021466006799955 0.04948046015571495 9.182449408214602
9803 0 0.01 147504.28974609033 6.7021466006799955 0.04948046015571495 9.182449408214602
9804 0 0.01 147504.28974609033 6.7021466006799955 0.04948046015571495 9.182449408214602
9805 0 0.01 147504.28974609033 6.7021466006799955 0.04948046015571495 9.182449408214602
9806 0 0.01 147504.28974609033 6.7021466006799955 0.04948046015571495 9.182449408214602
9807 0 0.01 147504.28974609033 6.7021466006799955 0.04948046015571495 9.182449408214602
9808 0 0.01 147504.28974609033 6.7021466006799955 0.04948046015571495 9.182449408214602
9809 0 0.01 147504.28974609033 6.7021466006799955 0.04948046015571495 9.182449408214602
9810 0 0.01 147504.28974609033 6.7021466006799955 0.04948046015571495 9.182449408214602
9811 0 0.01 147504.28974609033 6.7021466006799955 0.04948046015571495 9.182449408214602
9812 0 0.01 147504.28974609033 6.7021466006799955 0.04948046015571495 9.182449408214602
9813 0 0.01 147504.28974609033 6.7021466006799955 0.04948046015571495 9.182449408214602
9814 0 0.01 147504.28974609033 6.7021466006799955 0.04948046015571495 9.182449408214602
9815 0 0.01 147504.28974609033 6.7021466006799955 0.04948046015571495 9.182449408214602
9816 0 0.01 147504.28974609033 6.7021466006799955 0.04948046015571495 9.182449408214602
9817 0 0.01 147504.28974609033 6.7021466006799955 0.04948046015571495 9.182449408214602
9818 0 0.01 147504.28974609033 6.7021466006799955 0.04948046015571495 9.182449408214602
9819 0 0.01 147504.28974609033 6.7021466006799955 0.04948046015571495 9.182449408214602
9820 0 0.01 147504.28974609033 6.7021466006799955 0.04948046015571495 9.182449408214602
9821 0 0.01 147504.28974609033 6.7021466006799955 0.04948046015571495 9.182449408214602
9822 0 0.01 147504.28974609033 6.7021466006799955 0.04948046015571495 9.182449408214602
9823 0 0.01 147504.28974609033 6.7021466006799955 0.04948046015571495 9.182449408214602
9824 0 0.01 147504.28974609033 6.7021466006799955 0.04948046015571495 9.182449408214602
9825 0 0.01 147504.28974609033 6.7021466006799955 0.04948046015571495 9.182449408214602
9826 0 0.01 147504.28974609033 6.7021466006799955 0.04948046015571495 9.182449408214602
9827 0 0.01 147504.28974609033 6.7021466006799955 0.04948046015571495 9.182449408214602
9828 0 0.01 147504.28974609033 6.7021466006799955 0.04948046015571495 9.182449408214602
9829 0 0.01 147504.28974609033 6.7021466006799955 0.04948046015571495 9.182449408214602
9830 0 0.01 147504.28974609033 6.7021466006799955 0.04948046015571495 9.182449408214602
9831 0 0.01 147504.28974609033 6.7021466006799955 0.04948046015571495 9.182449408214602
9832 0 0.01 147504.28974609033 6.7021466006799955 0.04948046015571495 9.182449408214602
9833 0 0.01 147504.28974609033 6.7021466006799955 0.04948046015571495 9.182449408214602
9834 0 0.01 147504.28974609033 6.7021466006799955 0.04948046015571495 9.182449408214602
9835 0 0.01 147504.28974609033 6.7021466006799955 0.04948046015571495 9.182449408214602
9836 0 0.01 147504.28974609033 6.7021466006799955 0.04948046015571495 9.182449408214602
9837 0 0.01 147504.28974609033 6.7021466006799955 0.04948046015571495 9.182449408214602
9838 0 0.01 147504.28974609033 6.7021466006799955 0.04948046015571495 9.182449408214602
9839 0 0.01 147504.28974609033 6.7021466006799955 0.04948046015571495 9.182449408214602
9840 0 0.01 147504.28974609033 6.7021466006799955 0.04948046015571495 9.182449408214602
9841 0 0.01 147504.28974609033 6.7021466006799955 0.04948046015571495 9.182449408214602
9842 0 0.01 147504.28974609033 6.7021466006799955 0.04948046015571495 9.182449408214602
9843 0 0.01 147504.28974609033 6.7021466006799955 0.04948046015571495 9.182449408214602
9844 0 0.01 147504.28974609033 6.7021466006799955 0.04948046015571495 9.182449408214602
9845 0 0.01 147504.28974609033 6.7021466006799955 0.04948046015571495 9.182449408214602
9846 0 0.01 147504.28974609033 6.7021466006799955 0.04948046015571495 9.182449408214602
9847 0 0.01 147504.28974609033 6.7021466006799955 0.04948046015571495 9.182449408214602
9848 0 0.01 147504.28974609033 6.7021466006799955 0.04948046015571495 9.182449408214602
9849 0 0.01 147504.28974609033 6.7021466006799955 0.04948046015571495 9.182449408214602
9850 0 0.01 147504.28974609033 6.7021466006799955 0.04948046015571495 9.182449408214602
9851 0 0.01 147504.28974609033 6.7021466006799955 0.04948046015571495 9.182449408214602
9852 0 0.01 147504.28974609033 6.7021466006799955 0.04948046015571495 9.182449408214602
9853 0 0.01 147504.28974609033 6.7021466006799955 0.04948046015571495 9.182449408214602
9854 0 0.01 147504.28974609033 6.7021466006799955 0.04948046015571495 9.182449408214602
9855 0 0.01 147504.28974609033 6.7021466006799955 0.04948046015571495 9.182449408214602
9856 0 0.01 147504.28974609033 6.7021466006799955 0.04948046015571495 9.182449408214602
9857 0 0.01 147504.28974609033 6.7021466006799955 0.04948046015571495 9.182449408214602
9858 0 0.01 147504.28974609033 6.7021466006799955 0.04948046015571495 9.182449408214602
9859 0 0.01 147504.28974609033 6.7021466006799955 0.04948046015571495 9.182449408214602
9860 0 0.01 147504.28974609033 6.7021466006799955 0.04948046015571495 9.182449408214602
9861 0 0.01 147504.28974609033 6.7021466006799955 0.04948046015571495 9.182449408214602
9862 0 0.01 147504.28974609033 6.7021466006799955 0.04948046015571495 9.182449408214602
9863 0 0.01 147504.28974609033 6.7021466006799955 0.04948046015571495 9.182449408214602
9864 0 0.01 147504.28974609033 6.7021466006799955 0.04948046015571495 9.182449408214602
9865 0 0.01 147504.28974609033 6.7021466006799955 0.04948046015571495 9.182449408214602
9866 0 0.01 147504.28974609033 6.7021466006799955 0.04948046015571495 9.182449408214602
9867 0 0.01 147504.28974609033 6.7021466006799955 0.04948046015571495 9.182449408214602
9868 0 0.01 147504.28974609033 6.7021466006799955 0.04948046015571495 9.182449408214602
9869 0 0.01 147504.28974609033 6.7021466006799955 0.04948046015571495 9.182449408214602
9870 0 0.01 147504.28974609033 6.7021466006799955 0.04948046015571495 9.182449408214602
9871 0 0.01 147504.28974609033 6.7021466006799955 0.04948046015571495 9.182449408214602
9872 0 0.01 147504.28974609033 6.7021466006799955 0.04948046015571495 9.182449408214602
9873 0 0.01 147504.28974609033 6.7021466006799955 0.04948046015571495 9.182449408214602
9874 0 0.01 147504.28974609033 6.7021466006799955 0.04948046015571495 9.182449408214602
9875 0 0.01 147504.28974609033 6.7021466006799955 0.04948046015571495 9.182449408214602
9876 0 0.01 147504.28974609033 6.7021466006799955 0.04948046015571495 9.182449408214602
9877 0 0.01 147504.28974609033 6.7021466006799955 0.04948046015571495 9.182449408214602
9878 0 0.01 147504.28974609033 6.7021466006799955 0.04948046015571495 9.182449408214602
9879 0 0.01 147504.28974609033 6.7021466006799955 0.04948046015571495 9.182449408214602
9880 0 0.01 147504.28974609033 6.7021466006799955 0.04948046015571495 9.182449408214602
9881 0 0.01 147504.28974609033 6.7021466006799955 0.04948046015571495 9.182449408214602
9882 0 0.01 147504.28974609033 6.7021466006799955 0.04948046015571495 9.182449408214602
9883 0 0.01 147504.28974609033 6.7021466006799955 0.04948046015571495 9.182449408214602
9884 0 0.01 147504.28974609033 6.7021466006799955 0.04948046015571495 9.182449408214602
9885 0 0.01 147504.28974609033 6.7021466006799955 0.04948046015571495 9.182449408214602
9886 0 0.01 147504.28974609033 6.7021466006799955 0.04948046015571495 9.182449408214602
9887 0 0.01 147504.28974609033 6.7021466006799955 0.04948046015571495 9.182449408214602
9888 0 0.01 147504.28974609033 6.7021466006799955 0.04948046015571495 9.182449408214602
9889 0 0.01 147504.28974609033 6.7021466006799955 0.04948046015571495 9.182449408214602
9890 0 0.01 147504.28974609033 6.7021466006799955 0.04948046015571495 9.182449408214602
9891 0 0.01 147504.28974609033 6.7021466006799955 0.04948046015571495 9.182449408214602
9892 0 0.01 147504.28974609033 6.7021466006799955 0.04948046015571495 9.182449408214602
9893 0 0.01 147504.28974609033 6.7021466006799955 0.04948046015571495 9.182449408214602
9894 0 0.01 147504.28974609033 6.7021466006799955 0.04948046015571495 9.182449408214602
9895 0 0.01 147504.28974609033 6.7021466006799955 0.04948046015571495 9.182449408214602
9896 0 0.01 147504.28974609033 6.7021466006799955 0.04948046015571495 9.182449408214602
9897 0 0.01 147504.28974609033 6.7021466006799955 0.04948046015571495 9.182449408214602
9898 0 0.01 147504.28974609033 6.7021466006799955 0.04948046015571495 9.182449408214602
9899 0 0.01 147504.28974609033 6.7021466006799955 0.04948046015571495 9.182449408214602
9900 0 0.01 147504.28974609033 6.7021466006799955 0.04948046015571495 9.182449408214602
9901 0 0.01 147504.28974609033 6.7021466006799955 0.04948046015571495 9.182449408214602
9902 0 0.01 147504.28974609033 6.7021466006799955 0.04948046015571495 9.182449408214602
9903 0 0.01 147504.28974609033 6.7021466006799955 0.04948046015571495 9.182449408214602
9904 0 0.01 147504.28974609033 6.7021466006799955 0.04948046015571495 9.182449408214602
9905 0 0.01 147504.28974609033 6.7021466006799955 0.04948046015571495 9.182449408214602
9906 0 0.01 147504.28974609033 6.7021466006799955 0.04948046015571495 9.182449408214602
9907 0 0.01 147504.28974609033 6.7021466006799955 0.04948046015571495 9.182449408214602
9908 0 0.01 147504.28974609033 6.7021466006799955 0.04948046015571495 9.182449408214602
9909 0 0.01 147504.28974609033 6.7021466006799955 0.04948046015571495 9.182449408214602
9910 0 0.01 147504.28974609033 6.7021466006799955 0.04948046015571495 9.182449408214602
9911 0 0.01 147504.28974609033 6.7021466006799955 0.04948046015571495 9.182449408214602
9912 0 0.01 147504.28974609033 6.7021466006799955 0.04948046015571495 9.182449408214602
9913 0 0.01 147504.28974609033 6.7021466006799955 0.04948046015571495 9.182449408214602
9914 0 0.01 147504.28974609033 6.7021466006799955 0.04948046015571495 9.182449408214602
9915 0 0.01 147504.28974609033 6.7021466006799955 0.04948046015571495 9.182449408214602
9916 0 0.01 147504.28974609033 6.7021466006799955 0.04948046015571495 9.182449408214602
9917 0 0.01 147504.28974609033 6.7021466006799955 0.04948046015571495 9.182449408214602
9918 0 0.01 147504.28974609033 6.7021466006799955 0.04948046015571495 9.182449408214602
9919 0 0.01 147504.28974609033 6.7021466006799955 0.04948046015571495 9.182449408214602
9920 0 0.01 147504.28974609033 6.7021466006799955 0.04948046015571495 9.182449408214602
9921 0 0.01 147504.28974609033 6.7021466006799955 0.04948046015571495 9.182449408214602
9922 0 0.01 147504.28974609033 6.7021466006799955 0.04948046015571495 9.182449408214602
9923 0 0.01 147504.28974609033 6.7021466006799955 0.04948046015571495 9.182449408214602
9924 0 0.01 147504.28974609033 6.7021466006799955 0.04948046015571495 9.182449408214602
9925 0 0.01 147504.28974609033 6.7021466006799955 0.04948046015571495 9.182449408214602
9926 0 0.01 147504.28974609033 6.7021466006799955 0.04948046015571495 9.182449408214602
9927 0 0.01 147504.28974609033 6.7021466006799955 0.04948046015571495 9.182449408214602
9928 0 0.01 147504.28974609033 6.7021466006799955 0.04948046015571495 9.182449408214602
9929 0 0.01 147504.28974609033 6.7021466006799955 0.04948046015571495 9.182449408214602
9930 0 0.01 147504.28974609033 6.7021466006799955 0.04948046015571495 9.182449408214602
9931 0 0.01 147504.28974609033 6.7021466006799955 0.04948046015571495 9.182449408214602
9932 0 0.01 147504.28974609033 6.7021466006799955 0.04948046015571495 9.182449408214602
9933 0 0.01 147504.28974609033 6.7021466006799955 0.04948046015571495 9.182449408214602
9934 0 0.01 147504.28974609033 6.7021466006799955 0.04948046015571495 9.182449408214602
9935 0 0.01 147504.28974609033 6.7021466006799955 0.04948046015571495 9.182449408214602
9936 0 0.01 147504.28974609033 6.7021466006799955 0.04948046015571495 9.182449408214602
9937 0 0.01 147504.28974609033 6.7021466006799955 0.04948046015571495 9.182449408214602
9938 0 0.01 147504.28974609033 6.7021466006799955 0.04948046015571495 9.182449408214602
9939 0 0.01 147504.28974609033 6.7021466006799955 0.04948046015571495 9.182449408214602
9940 0 0.01 147504.28974609033 6.7021466006799955 0.04948046015571495 9.182449408214602
9941 0 0.01 147504.28974609033 6.7021466006799955 0.04948046015571495 9.182449408214602
9942 0 0.01 147504.28974609033 6.7021466006799955 0.04948046015571495 9.182449408214602
9943 0 0.01 147504.28974609033 6.7021466006799955 0.04948046015571495 9.182449408214602
9944 0 0.01 147504.28974609033 6.7021466006799955 0.04948046015571495 9.182449408214602
9945 0 0.01 147504.28974609033 6.7021466006799955 0.04948046015571495 9.182449408214602
9946 0 0.01 147504.28974609033 6.7021466006799955 0.04948046015571495 9.182449408214602
9947 0 0.01 147504.28974609033 6.7021466006799955 0.04948046015571495 9.182449408214602
9948 0 0.01 147504.28974609033 6.7021466006799955 0.04948046015571495 9.182449408214602
9949 0 0.01 147504.28974609033 6.7021466006799955 0.04948046015571495 9.182449408214602
9950 0 0.01 147504.28974609033 6.7021466006799955 0.04948046015571495 9.182449408214602
9951 0 0.01 147504.28974609033 6.7021466006799955 0.04948046015571495 9.182449408214602
9952 0 0.01 147504.28974609033 6.7021466006799955 0.04948046015571495 9.182449408214602
9953 0 0.01 147504.28974609033 6.7021466006799955 0.04948046015571495 9.182449408214602
9954 0 0.01 147504.28974609033 6.7021466006799955 0.04948046015571495 9.182449408214602
9955 0 0.01 147504.28974609033 6.7021466006799955 0.04948046015571495 9.182449408214602
9956 0 0.01 147504.28974609033 6.7021466006799955 0.04948046015571495 9.182449408214602
9957 0 0.01 147504.28974609033 6.7021466006799955 0.04948046015571495 9.182449408214602
9958 0 0.01 147504.28974609033 6.7021466006799955 0.04948046015571495 9.182449408214602
9959 0 0.01 147504.28974609033 6.7021466006799955 0.04948046015571495 9.182449408214602
9960 0 0.01 147504.28974609033 6.7021466006799955 0.04948046015571495 9.182449408214602
9961 0 0.01 147504.28974609033 6.7021466006799955 0.04948046015571495 9.182449408214602
9962 0 0.01 147504.28974609033 6.7021466006799955 0.04948046015571495 9.182449408214602
9963 0 0.01 147504.28974609033 6.7021466006799955 0.04948046015571495 9.182449408214602
9964 0 0.01 147504.28974609033 6.7021466006799955 0.04948046015571495 9.182449408214602
9965 0 0.01 147504.28974609033 6.7021466006799955 0.04948046015571495 9.182449408214602
9966 0 0.01 147504.28974609033 6.7021466006799955 0.04948046015571495 9.182449408214602
9967 0 0.01 147504.28974609033 6.7021466006799955 0.04948046015571495 9.182449408214602
9968 0 0.01 147504.28974609033 6.7021466006799955 0.04948046015571495 9.182449408214602
9969 0 0.01 147504.28974609033 6.7021466006799955 0.04948046015571495 9.182449408214602
9970 0 0.01 147504.28974609033 6.7021466006799955 0.04948046015571495 9.182449408214602
9971 0 0.01 147504.28974609033 6.7021466006799955 0.04948046015571495 9.182449408214602
9972 0 0.01 147504.28974609033 6.7021466006799955 0.04948046015571495 9.182449408214602
9973 0 0.01 147504.28974609033 6.7021466006799955 0.04948046015571495 9.182449408214602
9974 0 0.01 147504.28974609033 6.7021466006799955 0.04948046015571495 9.182449408214602
9975 0 0.01 147504.28974609033 6.7021466006799955 0.04948046015571495 9.182449408214602
9976 0 0.01 147504.28974609033 6.7021466006799955 0.04948046015571495 9.182449408214602
9977 0 0.01 147504.28974609033 6.7021466006799955 0.04948046015571495 9.182449408214602
9978 0 0.01 147504.28974609033 6.7021466006799955 0.04948046015571495 9.182449408214602
9979 0 0.01 147504.28974609033 6.7021466006799955 0.04948046015571495 9.182449408214602
9980 0 0.01 147504.28974609033 6.7021466006799955 0.04948046015571495 9.182449408214602
9981 0 0.01 147504.28974609033 6.7021466006799955 0.04948046015571495 9.182449408214602
9982 0 0.01 147504.28974609033 6.7021466006799955 0.04948046015571495 9.182449408214602
9983 0 0.01 147504.28974609033 6.7021466006799955 0.04948046015571495 9.182449408214602
9984 0 0.01 147504.28974609033 6.7021466006799955 0.04948046015571495 9.182449408214602
9985 0 0.01 147504.28974609033 6.7021466006799955 0.04948046015571495 9.182449408214602
9986 0 0.01 147504.28974609033 6.7021466006799955 0.04948046015571495 9.182449408214602
9987 0 0.01 147504.28974609033 6.7021466006799955 0.04948046015571495 9.182449408214602
9988 0 0.01 147504.28974609033 6.7021466006799955 0.04948046015571495 9.182449408214602
9989 0 0.01 147504.28974609033 6.7021466006799955 0.04948046015571495 9.182449408214602
9990 0 0.01 147504.28974609033 6.7021466006799955 0.04948046015571495 9.182449408214602
9991 0 0.01 147504.28974609033 6.7021466006799955 0.04948046015571495 9.182449408214602
9992 0 0.01 147504.28974609033 6.7021466006799955 0.04948046015571495 9.182449408214602
9993 0 0.01 147504.28974609033 6.7021466006799955 0.04948046015571495 9.182449408214602
9994 0 0.01 147504.28974609033 6.7021466006799955 0.04948046015571495 9.182449408214602
9995 0 0.01 147504.28974609033 6.7021466006799955 0.04948046015571495 9.182449408214602
9996 0 0.01 147504.28974609033 6.7021466006799955 0.04948046015571495 9.182449408214602
9997 0 0.01 147504.28974609033 6.7021466006799955 0.04948046015571495 9.182449408214602
9998 0 0.01 147504.28974609033 6.7021466006799955 0.04948046015571495 9.182449408214602
9999 0 0.01 147504.28974609033 6.7021466006799955 0.04948046015571495 9.182449408214602
