# step walker beta fx x1 x2 x3
0 0 0.01 755967.5466082494 7.859232185634296 0.02128777329243501 8.220702574012513
1 0 0.01 579993.0952896303 7.890848186469918 0.01439178328194962 8.265758016151786
2 0 0.01 640120.8831247727 7.9001155153776255 0.020632447480910844 8.342568087109976
3 0 0.01 inf 7.9915671222282185 0.007910677736388302 8.293257179494997
4 0 0.01 651850.1434077622 7.9137394743634495 0.021156367457776867 8.354400950210945
5 0 0.01 inf 7.825555301633592 0.004957597878920517 8.371720647688052
6 0 0.01 701799.9740222676 7.955293003493836 0.014352787402603566 8.220837661411649
7 0 0.01 512559.2061751028 7.833139456165841 0.015012389660316658 8.296019372343038
8 0 0.01 449151.13290109916 7.885516662980883 0.015017091049193323 8.430400351704451
9 0 0.01 487658.23677955347 7.8141622644712445 0.010861323354923753 8.193377186308776
10 0 0.01 421885.8837172475 7.699440584125809 0.015658673823503548 8.299044927115869
11 0 0.01 396052.60563061567 7.749273290168027 0.012578977663922632 8.316452112089907
12 0 0.01 526306.3798493771 7.817343387427252 0.012401936755299594 8.197045840200598
13 0 0.01 inf 7.595073737380615 0.007725298102626719 8.185749086992818
14 0 0.01 501640.512835728 7.777908264869443 0.014468898218609519 8.241063458610917
15 0 0.01 376949.3349085263 7.790300347428962 0.012897743273508488 8.400204401196177
16 0 0.01 inf 7.8192054272244595 0.0018833322685579221 8.393397210130384
17 0 0.01 567311.3131211613 7.793676421666271 0.022101563492123513 8.327030058927074
18 0 0.01 387312.53094112687 7.711577698196197 0.017210643686158725 8.399201210987302
19 0 0.01 349423.377603403 7.62514101697319 0.014006520764346305 8.316383371210165
20 0 0.01 inf 7.764796362162925 0.006237647314311734 8.315615330408688
21 0 0.01 inf 7.758716300602801 0.007523332627545532 8.423182372484504
22 0 0.01 322036.75447962433 7.550798089149073 0.016507948612583676 8.356393371687819
23 0 0.01 298396.77627426013 7.5248200226883535 0.019762046368524164 8.446069145375793
24 0 0.01 282655.96843210433 7.379715532334796 0.02956440369824518 8.462456185338729
25 0 0.01 255073.596235761 7.4185937200434795 0.03426880341093846 8.628528157041162
26 0 0.01 289436.7560843844 7.482798125469917 0.036363743007054763 8.602604919348142
27 0 0.01 288234.4108508007 7.437414788087102 0.04511611059938823 8.617035336582877
28 0 0.01 312083.9526349569 7.618963456285133 0.030332349057687974 8.631450276571966
29 0 0.01 338200.2919180759 7.477090693828715 0.03503218627493829 8.471962427659543
30 0 0.01 233406.8983490988 7.362339701236007 0.019372010744075078 8.509177406644058
31 0 0.01 282536.77813167556 7.460843131943883 0.024021482590186556 8.484814267905584
32 0 0.01 217146.6952137967 7.358036395235149 0.0167283366134578 8.554877593773666
33 0 0.01 11400404.433840916 7.451033271132501 0.008881983587448204 8.45262889596908
34 0 0.01 198921.30497525493 7.317753702793855 0.014709743881985912 8.625635150092599
35 0 0.01 187902.41269074025 7.195970361125551 0.025983986839495172 8.721332400938394
36 0 0.01 176754.10206527723 7.173755924675251 0.020477210615562548 8.817487526657276
37 0 0.01 175699.45731186663 7.109624571648212 0.0335429819526224 8.81221621609591
38 0 0.01 192128.45282810353 7.089674977077507 0.042366250340929515 8.66631855980711
39 0 0.01 170303.39317445955 7.155418585957648 0.03631875400422678 8.94288818858864
40 0 0.01 165078.07569157996 7.11136322893798 0.03481200260482489 8.9927673375799
41 0 0.01 159042.3056579823 7.028964124948824 0.04141483181798524 9.043563816159548
42 0 0.01 157996.33604013937 6.963620357440091 0.04234972938867473 9.004391291271116
43 0 0.01 155094.89107760985 6.936391059916057 0.04226402221051489 9.072423366145266
44 0 0.01 155629.29188418595 6.999942295582837 0.038478139698315844 9.144231949592905
45 0 0.01 150570.3957866278 6.774081803140282 0.04086433558549213 9.187926744862182
46 0 0.01 155355.3245256772 6.796814592517196 0.03538678058418185 8.990187012347869
47 0 0.01 152673.68440780754 6.732458589965181 0.040280600564181764 9.003447983251865
48 0 0.01 153558.09308278817 6.980952588265476 0.04622374091359558 9.149681682576723
49 0 0.01 inf 6.966160229325521 0.04459650077669463 9.41039270387823
50 0 0.01 149762.15658206644 6.706141762090452 0.044501179493394674 9.10105367142423
51 0 0.01 1156386461.3944468 6.5847566715336185 0.042148024837317256 9.00912950171588
52 0 0.01 809714517.2991122 6.622259093227101 0.04075078467046829 9.184275859074667
53 0 0.01 inf 6.613486071964514 0.05327672142242237 9.222034670032459
54 0 0.01 154058.6869798127 6.833144235264249 0.03962928886087797 9.037582745903139
55 0 0.01 152101.81431395593 6.766057510170734 0.03798616474142547 9.123258875038092
56 0 0.01 153761.4422834785 6.737303821476802 0.03939666642709125 8.959712067544388
57 0 0.01 149768.6891152338 6.716191886227932 0.04804602238273756 9.049995625642339
58 0 0.01 153033.856284394 6.823417464863968 0.0495928332233625 8.992257078366556
59 0 0.01 inf 6.656932112404955 0.05324896288856707 9.046548431634028
60 0 0.01 1474172188.9030104 6.5472798183318215 0.040081562845856136 8.866671502539441
61 0 0.01 inf 6.861921856691786 0.05109358160591311 9.000617699944723
62 0 0.01 149625.29671936604 6.840189874456236 0.047367411681551896 9.19299980623817
63 0 0.01 inf 6.7555046293234255 0.050383822331783415 9.31935703188578
64 0 0.01 inf 6.814640818840029 0.04513896978218956 9.239836474361727
65 0 0.01 inf 6.744029482021533 0.03824488899529061 9.255542621887924
66 0 0.01 inf 6.942477112886393 0.05290453468539603 9.202093515184666
67 0 0.01 150290.04946080924 6.805179008781221 0.048457196763949675 9.103518493188261
68 0 0.01 inf 6.631029613308999 0.056739649528034584 9.192043775553545
69 0 0.01 inf 6.677715374150956 0.04022330691020821 9.358463524778909
70 0 0.01 inf 6.727699098421831 0.034878111012812935 9.390530050794094
71 0 0.01 151399.9845475712 6.746279220314471 0.043934899883980416 9.039198168831769
72 0 0.01 inf 6.898739215978032 0.05060326470562269 9.079896126336434
73 0 0.01 inf 6.86936079040727 0.04679889398045548 9.242925715806761
74 0 0.01 16990335.974927638 6.697504814377148 0.047494866854140644 9.01639972811809
75 0 0.01 147617.02966575627 6.728273890431571 0.04947042281076341 9.198201570713163
76 0 0.01 inf 6.570337899811126 0.05263130395209421 9.099764964534412
77 0 0.01 152800.8953686674 6.807336636818674 0.04387351002726805 9.027112165439979
78 0 0.01 inf 6.7182285731907205 0.048134336063130896 9.246535352900931
79 0 0.01 inf 6.688240617092805 0.0517198248865326 9.238160966054584
80 0 0.01 inf 6.713116410056877 0.036680752530749566 9.214282254812973
81 0 0.01 149797.78715926898 6.735926397206361 0.0479844019804547 9.068774168342186
82 0 0.01 637442229.409139 6.639755889153542 0.046878518911688545 9.178342503761966
83 0 0.01 inf 6.716732594033647 0.04771669977333036 9.202671308349418
84 0 0.01 inf 6.6384982588360035 0.0539247903232427 9.083083054231151
85 0 0.01 inf 6.467043619951968 0.055176673761519336 9.111488018245714
86 0 0.01 inf 6.7666322162784525 0.04728527198889385 9.232950451730177
87 0 0.01 inf 6.605255986615555 0.0523258135039187 9.204207691990288
88 0 0.01 inf 6.7057214910274565 0.05621905350893725 9.333231544114682
89 0 0.01 inf 6.689608558252629 0.05380037052084138 9.372924930622872
90 0 0.01 1134259088.0047722 6.5872492760437655 0.04757921518702929 9.163619504050008
91 0 0.01 inf 6.714996273175312 0.05314549028801507 9.00401862465657
92 0 0.01 inf 6.7776663967364055 0.0519583012475546 9.115098731449581
93 0 0.01 151594.2084277945 6.87019495618839 0.04522947850377173 9.13565885926071
94 0 0.01 inf 6.775435543204785 0.0601141542681685 9.339162038589894
95 0 0.01 inf 6.717730462629107 0.05297256464533035 9.40748675853234
96 0 0.01 inf 6.714576710818247 0.04481797569383791 9.230951294143088
97 0 0.01 151263.09508703696 6.858575198507473 0.042423411006365694 9.183788976227532
98 0 0.01 inf 6.65663248800674 0.06317714260205157 9.29048838098587
99 0 0.01 1205926472.7540047 6.5791225794805674 0.04878012535533871 9.122902600896818
100 0 0.01 inf 6.659009389666324 0.05254382243100216 9.300340682153
101 0 0.01 150721.86741869187 6.795101139623177 0.04542274539848913 9.107389113389203
102 0 0.01 inf 6.879502829691093 0.05433880229146827 9.205166086704867
103 0 0.01 inf 6.674321932722787 0.05265639250100895 9.17050309276824
104 0 0.01 149514.1113575924 6.752844582545106 0.04354452650407391 9.192284775234578
105 0 0.01 inf 6.838733804122933 0.05264161331069789 9.324169906189564
106 0 0.01 150769.51050906966 6.824766968022806 0.047298193119950586 9.110241284752679
107 0 0.01 inf 6.83551455454604 0.053273507854707886 9.318686539973216
108 0 0.01 inf 6.572494364621204 0.048485259223685545 9.20623652769026
109 0 0.01 1648081812.8195152 6.525312597228873 0.0435110823825752 9.148438488395504
110 0 0.01 1617663946.378091 6.529236094776862 0.03722494513960474 9.094806768956557
111 0 0.01 inf 6.871934534294782 0.05683859715028502 9.20767034973133
112 0 0.01 241323202.38111365 6.6774999650768505 0.03926830725306406 9.126192267603479
113 0 0.01 inf 6.636580451419182 0.044591354778840256 9.419431839639552
114 0 0.01 inf 6.7356669586937326 0.058563395617837376 9.040048470892367
115 0 0.01 inf 6.65083754953649 0.052235105276121074 9.208807709665608
116 0 0.01 inf 7.121026694510844 0.04819479481745253 9.283615302238033
117 0 0.01 inf 6.691793237213973 0.05012593149366257 9.128440181150793
118 0 0.01 inf 6.861838836663467 0.04871522852222508 9.242495355772409
119 0 0.01 inf 6.822431012508754 0.05213724257454064 9.233828190056816
120 0 0.01 inf 6.727262358526604 0.056549188668851585 9.254812123973508
121 0 0.01 inf 6.773922625614649 0.0504443633377551 9.132696194998637
122 0 0.01 inf 6.671750880990814 0.06535478840494821 9.29415482490783
123 0 0.01 727080222.0914388 6.6307399069402315 0.0438867122982142 9.087763936240071
124 0 0.01 651058939.1897606 6.638398372918954 0.047133038257680365 9.062740495113278
125 0 0.01 248791333.69155413 6.676817627743577 0.046411042543271275 9.195041704014148
126 0 0.01 inf 6.751686679182452 0.05888678432231929 9.288103583611553
127 0 0.01 inf 6.65790370587289 0.05690569662813659 9.30092368770573
128 0 0.01 inf 6.697665191749877 0.05166054113047755 9.238551709965614
129 0 0.01 inf 6.677723513879418 0.0438536270358607 9.250895523354016
130 0 0.01 inf 6.726237008089596 0.05571684333775731 9.222352709627218
131 0 0.01 inf 6.738141281670016 0.04553471162533878 9.287619571483932
132 0 0.01 inf 6.738846853204998 0.05339053727347751 9.172694742274606
133 0 0.01 inf 6.669626161757515 0.05006566064947714 9.184621593958779
134 0 0.01 inf 6.693444897767973 0.05610861330583001 9.135752290004625
135 0 0.01 inf 6.742608913756127 0.05510406829313789 9.107866465668153
136 0 0.01 inf 6.559329194643275 0.052208514224270544 9.233901341646092
137 0 0.01 150734.24455759837 6.814296710168578 0.04388523134131185 9.149843845831684
138 0 0.01 inf 6.8751739093866515 0.05276211912842499 9.040254987171442
139 0 0.01 149312.60043433815 6.774044488066133 0.04855408235203611 9.129653181093184
140 0 0.01 inf 6.738917021905162 0.05281818904563649 9.136666496917636
141 0 0.01 inf 6.862256642998794 0.05760746152994408 9.186518373226868
142 0 0.01 inf 6.6135235856826595 0.0502365856055696 9.109823566199907
143 0 0.01 inf 6.883773136138197 0.040828479358217235 9.245450028482672
144 0 0.01 150954.02015331938 6.7584345049661065 0.042064271280596206 9.112131162399896
145 0 0.01 inf 6.6319947887786315 0.049870756956534625 9.211074214929319
146 0 0.01 inf 6.6803618564001255 0.046269020290948364 9.272798950775835
147 0 0.01 inf 6.666019184139002 0.054151869387420795 9.273203408387745
148 0 0.01 inf 6.722602387613707 0.06097379537431344 9.255151317413862
149 0 0.01 inf 6.8772148585498565 0.055791674225837085 9.122017849377864
150 0 0.01 inf 6.6951122006121295 0.04071384566115373 9.261090981790478
151 0 0.01 150271.98622921374 6.756524076844485 0.04277972566077523 9.148140885750173
152 0 0.01 149131.88549322716 6.740438393420767 0.04842413380303804 9.110081626834885
153 0 0.01 inf 6.666340656087159 0.045836882151806924 9.320367112385485
154 0 0.01 inf 6.778643819265655 0.042531052423742104 9.218686712667498
155 0 0.01 inf 6.788644412026025 0.052198824354226264 9.221749272657275
156 0 0.01 154213.64888180824 6.739457389813749 0.04321290405876038 8.903267220898908
157 0 0.01 inf 6.712256827304034 0.05224193216211407 9.364108092650772
158 0 0.01 inf 6.871735735137271 0.04444994877549712 9.214010977683847
159 0 0.01 inf 6.591066973711744 0.047078845759913786 9.265219502811775
160 0 0.01 inf 6.801458535772953 0.052218742352633185 9.11824641094542
161 0 0.01 inf 6.723719147382104 0.053488223576497886 9.185489436529599
162 0 0.01 149762.9480361908 6.812158510269409 0.048550904814513886 9.13962260802441
163 0 0.01 inf 6.689343753393381 0.04710117015872782 9.211068001092675
164 0 0.01 inf 6.743643320959707 0.051694373101167555 9.211054737378706
165 0 0.01 inf 6.753526877034809 0.04476722949728833 9.298416115528926
166 0 0.01 inf 6.675732392000574 0.045033418132648634 9.38133293103986
167 0 0.01 inf 6.63597095722175 0.0529731112439558 9.108986450946746
168 0 0.01 inf 6.958347890722096 0.045381596313910325 9.249577533867011
169 0 0.01 inf 6.790632584779856 0.05691645244569997 9.392249437765457
170 0 0.01 inf 6.782597603360321 0.05200137737245873 9.364403019768364
171 0 0.01 932402608.0871421 6.609353640416114 0.04993841005592745 9.144285180200052
172 0 0.01 inf 6.584534330009169 0.04578409483763842 9.319300574530224
173 0 0.01 147667.2293468636 6.731340275437265 0.04975162980392348 9.190509100093792
174 0 0.01 inf 6.7003979262679785 0.050691316734048676 9.145463654364299
175 0 0.01 inf 6.679652452275796 0.04927345146536598 9.222151480551645
176 0 0.01 150459.17714843104 6.7916737411664325 0.04227867248450506 9.179419692161245
177 0 0.01 inf 6.845214172216153 0.051317097010975095 9.224413045273485
178 0 0.01 inf 6.734483308408394 0.047608511700992326 9.215336658188482
179 0 0.01 inf 6.628555412476321 0.04504661692509773 9.211336695927075
180 0 0.01 inf 6.6817267374639036 0.051151668926610015 9.040838986525083
181 0 0.01 inf 6.660360424993196 0.05307238371830087 9.096244996504517
182 0 0.01 inf 6.595302985599605 0.050355086381693955 9.224881457355835
183 0 0.01 inf 6.640928487963865 0.045080034348411485 9.230720000556797
184 0 0.01 inf 6.774409011754288 0.05457376417885543 9.05763971344088
185 0 0.01 inf 6.6565302947246865 0.04905685927942953 9.245978165351035
186 0 0.01 152800.90343800368 6.886504693787581 0.04349243574861165 9.110157890063103
187 0 0.01 inf 6.690215921706153 0.057079735641550895 9.089887193882864
188 0 0.01 inf 6.641125499199073 0.053515475518729046 9.141458247443202
189 0 0.01 inf 6.678873054423152 0.046255650498209504 9.225745194020952
190 0 0.01 inf 6.738150535270977 0.04509992126891981 9.275049056121532
191 0 0.01 inf 6.732987513602173 0.05397644458121147 9.375592494861804
192 0 0.01 inf 6.733547699524389 0.04290573469311331 9.279229452428005
193 0 0.01 147828.47706825534 6.732773393652182 0.04938085627834817 9.185652621308996
194 0 0.01 153747.8482688446 6.854842420751674 0.04084626207715299 9.060900903602013
195 0 0.01 inf 6.761567350075219 0.052471531610651934 9.096272249718355
196 0 0.01 inf 6.604701994191985 0.054437877529379695 9.118498875618775
197 0 0.01 1268117549.0513597 6.571945121686766 0.047874140723877204 9.094638716646964
198 0 0.01 inf 6.810773915443796 0.050115398541814675 9.234178494542796
199 0 0.01 inf 6.639515262292456 0.04442514877624035 9.318145912138633
200 0 0.01 inf 6.78850429169112 0.05888929890208621 9.098658860340809
201 0 0.01 inf 6.545046338176694 0.04495337343509971 9.307798362159641
202 0 0.01 149062.58088873682 6.7782668998653675 0.04640102338471495 9.189567032320383
203 0 0.01 inf 6.444538522539602 0.050805072521061256 9.319224630878479
204 0 0.01 inf 6.673909676588702 0.052228263036775885 9.230114059092339
205 0 0.01 inf 6.790220094412308 0.04334284415322938 9.393501361398886
206 0 0.01 201203594.17123955 6.681145823809815 0.04895520697578477 9.040887470526654
207 0 0.01 inf 6.4285186301424115 0.056368853692621505 9.217008703487208
208 0 0.01 inf 6.9388131011695515 0.05342670836915766 9.135472493372829
209 0 0.01 148177.82297745222 6.718607909821289 0.0490312588486094 9.149062602126838
210 0 0.01 inf 6.617213342383754 0.05584891694516544 9.147146050919762
211 0 0.01 inf 6.817458662748047 0.04807911133645196 9.206465096017968
212 0 0.01 inf 6.632923827802636 0.05352205467303721 9.16206993387727
213 0 0.01 150974.9492021136 6.763820028394242 0.045324506795393106 9.062419751759293
214 0 0.01 inf 6.75095126894275 0.052307371060787505 9.226212025861118
215 0 0.01 inf 6.382869463555926 0.05556246316774084 9.207173899810396
216 0 0.01 inf 6.746425273888745 0.0497432525188473 9.32094120530967
217 0 0.01 inf 6.769781311473785 0.05087514950198122 9.100872083149639
218 0 0.01 inf 6.672389058782041 0.04839721233035549 9.28028400836204
219 0 0.01 inf 6.870717395867304 0.05815273481412488 9.301370540924943
220 0 0.01 inf 6.591454331492438 0.05889211161723411 9.14315380076532
221 0 0.01 99434036.12298895 6.690259338273208 0.04747224608219086 9.191845825677015
222 0 0.01 inf 6.364233610804713 0.0542560543757403 9.14502217808574
223 0 0.01 inf 6.644885610891551 0.055397229321574315 9.1962965413799
224 0 0.01 inf 6.687966408806082 0.05021511799080165 9.050727085589942
225 0 0.01 150399.66133158113 6.877122540443216 0.048867845225595986 9.165085070073829
226 0 0.01 inf 6.604996525834951 0.054530837389543854 9.247969911462896
227 0 0.01 149982.05032306805 6.764570697062718 0.04321410955874946 9.170360695582364
228 0 0.01 inf 6.910292992806516 0.04560933003163592 9.319140268544352
229 0 0.01 inf 6.690695039258006 0.05053479003963554 9.19571976813646
230 0 0.01 inf 6.826921593177956 0.05346758730656613 9.141876791661327
231 0 0.01 151633.85427153858 6.923387002787853 0.0464878846905056 9.17317872240216
232 0 0.01 42234372.88972352 6.695299267195376 0.041725158762328074 9.013746690047915
233 0 0.01 148231.51201609924 6.77145874349876 0.04923871290318561 9.193596009867594
234 0 0.01 156108.21497904608 6.992950326399538 0.04882563532356056 9.06841108466148
235 0 0.01 inf 6.99801464314103 0.05700891053755516 9.25397198562531
236 0 0.01 inf 6.6810575890575254 0.05231628809774523 9.366187037177124
237 0 0.01 inf 6.633909195367984 0.05315361504500372 9.286088972654401
238 0 0.01 inf 6.881493823207952 0.04597030156379705 9.237859560511946
239 0 0.01 151463.81108257727 6.902714620204249 0.044013133701513 9.190799422143304
240 0 0.01 inf 6.621283239441646 0.05736356672035467 9.19015409013392
241 0 0.01 inf 6.62259660507557 0.05060007364827248 9.046460637713906
242 0 0.01 inf 6.6651059713999254 0.05436909414491423 9.196775776168135
243 0 0.01 inf 6.752860350961662 0.05087967461717048 9.147111927827424
244 0 0.01 14829426.148298088 6.697692947444743 0.04879579748266443 9.117909990615543
245 0 0.01 inf 6.849052809953476 0.04818310897734789 9.348412261994516
246 0 0.01 151304.2135715366 6.768879099024525 0.04191093570989818 9.100420448162996
247 0 0.01 inf 6.817801364461383 0.052952291740629945 9.039953209392836
248 0 0.01 inf 6.80252889883221 0.06321158492689206 9.263869619524868
249 0 0.01 inf 6.7238663644307355 0.05279089353753125 9.20081720519601
250 0 0.01 inf 6.79443586702161 0.04873739035182291 9.263482142640596
251 0 0.01 inf 6.7652195672856585 0.05783941875187939 9.29976547089531
252 0 0.01 inf 6.769285543433854 0.0491404209659185 9.282398280451106
253 0 0.01 inf 6.692190511830214 0.05258095231255035 9.396170144583698
254 0 0.01 443717517.99899405 6.658624930504192 0.04227497470455546 9.095399646515457
255 0 0.01 inf 6.826849676490593 0.051061609580903264 9.206588390185605
256 0 0.01 inf 6.674172211196615 0.05150993009690294 9.30200710615996
257 0 0.01 inf 6.849667101165917 0.05505633512527929 9.24158036313544
258 0 0.01 inf 6.637461875636811 0.04701914909796662 9.24951209721399
259 0 0.01 inf 6.879558799009077 0.050262220324723765 9.217052905025
260 0 0.01 153174.40090636304 6.73165958287066 0.036776572302472554 9.034952166881618
261 0 0.01 inf 6.759105789901276 0.053383730256425954 9.298156675211631
262 0 0.01 inf 6.777334585981521 0.050250780487288496 9.140169948945207
263 0 0.01 82605418.36217436 6.691748354535608 0.043344683699485256 9.04981679432919
264 0 0.01 inf 6.754006646175658 0.053399893971294424 9.233936436367697
265 0 0.01 inf 6.617972914838107 0.056871396492751566 9.217144253749213
266 0 0.01 575142400.288518 6.645913836165402 0.04699864699767897 9.128598114196329
267 0 0.01 inf 6.725770516882546 0.058474316913814245 9.199320059659287
268 0 0.01 149950.71319558096 6.758526534932607 0.04652120203822046 9.103039451706255
269 0 0.01 inf 6.725625119749401 0.04920852419599986 9.355747509310133
270 0 0.01 inf 6.596247467597089 0.04702114611675156 9.289649118540185
271 0 0.01 inf 6.951440014044779 0.051891128759375744 9.219555928370275
272 0 0.01 150094.7143931412 6.792535585024204 0.04718937488304117 9.118086030990558
273 0 0.01 inf 6.780663643814762 0.05780534233404269 9.146183474549732
274 0 0.01 inf 6.75868285250597 0.048785496864365376 9.218274213838141
275 0 0.01 inf 6.6068405218058555 0.043681360931951616 9.278941546531838
276 0 0.01 147145897.1781677 6.6860106957669485 0.04156071711979041 9.09507610152327
277 0 0.01 inf 6.6800024381857 0.05784081817928535 9.108844039533823
278 0 0.01 inf 6.7558122359695325 0.04319615866979225 9.229349749601456
279 0 0.01 inf 6.8905776464061095 0.054103624987820495 9.224034032622619
280 0 0.01 inf 6.796236266170434 0.04883587084854892 9.240533227049257
281 0 0.01 inf 6.868222914933963 0.05422708901515633 9.25523843729374
282 0 0.01 273509917.9711635 6.67455240461134 0.0468540425708841 9.115364242836437
283 0 0.01 inf 6.76719791479173 0.05656277241569245 9.153144184105358
284 0 0.01 inf 6.74056860068213 0.05026027484513325 9.22022538015175
285 0 0.01 inf 6.578192136052287 0.051276206323520784 9.05336480334047
286 0 0.01 767669324.6006271 6.626594956906796 0.04340684388052304 9.04912104682773
287 0 0.01 inf 6.8078114729160895 0.050053426886193964 9.252360099989072
288 0 0.01 inf 6.682848173415326 0.04834897860538137 9.231205390501684
289 0 0.01 inf 6.833859054098426 0.05102538821023653 9.199261499144148
290 0 0.01 inf 6.738410110871151 0.04688586678983789 9.313401697426066
291 0 0.01 inf 6.635120086130347 0.05737941357960181 9.273237358955189
292 0 0.01 inf 6.822587322467157 0.04911516809101508 9.253940764217829
293 0 0.01 1213539812.2875814 6.578250432649532 0.04329812233988775 9.137886266035261
294 0 0.01 849490314.5271077 6.6181168794331615 0.046932019842574876 9.156272327912
295 0 0.01 inf 6.673025858472312 0.05139808308745717 9.10782302029095
296 0 0.01 inf 6.677653477131995 0.04693672913619641 9.282349580045015
297 0 0.01 148067.15370182355 6.723400337616129 0.04835850639084293 9.177463146233306
298 0 0.01 1094972718.106253 6.591640513988517 0.04532928821343716 9.163683202489901
299 0 0.01 1773048108.7041597 6.508812279060617 0.046436294742380486 9.158389623719204
300 0 0.01 inf 6.781179091900714 0.057345651658043305 9.305963149766727
301 0 0.01 inf 6.893767191497706 0.05036467026853879 9.336042287491733
302 0 0.01 492193107.03019387 6.653979586022325 0.04673341476416966 9.130343130607544
303 0 0.01 887222569.9406543 6.614150753524067 0.04973583044404715 9.115948617547298
304 0 0.01 inf 6.8911693640472915 0.06189121473865056 9.08986227989394
305 0 0.01 inf 6.890066795787414 0.04844995348923682 9.338756908022857
306 0 0.01 151709.0342054056 6.810759179883859 0.045318791525565706 9.069208040233661
307 0 0.01 inf 6.717467260852574 0.051422071556815586 9.23937659946832
308 0 0.01 inf 6.713530452871492 0.060363203316672435 9.196628295039337
309 0 0.01 149623.86319727596 6.819751357559154 0.04670910062395305 9.183303932538692
310 0 0.01 inf 6.785746904087648 0.05595918510374801 9.207320440910541
311 0 0.01 inf 6.755443644590672 0.04944565729755458 9.242067139373905
312 0 0.01 inf 6.641041152544268 0.04081850598127692 9.236915253847839
313 0 0.01 151452.637468449 6.788292070147391 0.04952776208835243 9.019944464039758
314 0 0.01 inf 6.7975482467557145 0.055392526826577144 9.347369719831725
315 0 0.01 21486203.89466688 6.697112560977051 0.04970256479000506 9.195816277106454
316 0 0.01 inf 6.727145930874654 0.05300110400794525 9.037642376804609
317 0 0.01 inf 6.796236708262348 0.05011979309119352 9.201510921645017
318 0 0.01 150018.3368905145 6.785236230653864 0.047082429828292506 9.11701407592416
319 0 0.01 749047120.1385999 6.628501394775876 0.04890915191481382 9.090614264412158
320 0 0.01 1213760310.6811612 6.578225139936245 0.044307363750956105 9.099431620529613
321 0 0.01 1135936249.8516223 6.587061060810064 0.04263875316456048 9.07819261917382
322 0 0.01 inf 6.752960813828825 0.05662583183509955 9.137236891067094
323 0 0.01 151036.76583776023 6.818208461113489 0.043567308209634725 9.139106889186653
324 0 0.01 inf 6.678817835001617 0.053637796432820226 9.129218626218243
325 0 0.01 inf 6.762984940801707 0.05394310592175983 9.087066784417296
326 0 0.01 inf 6.7747706792142415 0.03868596353151128 9.266313134107225
327 0 0.01 inf 6.786733539627886 0.051447783403667145 9.121633471063586
328 0 0.01 inf 6.649787672675141 0.04808952905143967 9.431157371962483
329 0 0.01 inf 6.595197473921957 0.04640353694238921 9.26862898733172
330 0 0.01 inf 6.691758936071525 0.048847946153618316 9.324259910643855
331 0 0.01 inf 6.689681899948208 0.05139819666852111 9.117249211329343
332 0 0.01 inf 6.745129153180635 0.04615327047404934 9.38327312680634
333 0 0.01 150369.35342704187 6.699758964115047 0.04040492655590249 9.147651201851918
334 0 0.01 149137.2584251686 6.7295497584952075 0.0497744584668677 9.07931263177442
335 0 0.01 inf 6.813757233966834 0.04730573155809058 9.373758341474037
336 0 0.01 inf 6.897207118580987 0.05202215276361474 9.171012705522601
337 0 0.01 698360959.7598273 6.633648869144528 0.048271188544219745 9.132381660756204
338 0 0.01 150727.32563630783 6.72934618202837 0.03931639797255204 9.176540508474115
339 0 0.01 148999.03920841718 6.811581688600321 0.04942632608335898 9.175088304143715
340 0 0.01 inf 6.823531096725556 0.05026595452484927 9.298571110228734
341 0 0.01 inf 6.6826962853138285 0.0477246003382885 9.315223724818294
342 0 0.01 inf 6.763945494726941 0.05020857392514039 9.340160546732386
343 0 0.01 inf 6.76606367252561 0.05461031131825052 9.303248396193975
344 0 0.01 150105.65201668785 6.763013342360178 0.04916570271122301 9.063534200574459
345 0 0.01 inf 6.816408720354334 0.05078090633087343 9.220809557256915
346 0 0.01 inf 6.70874438557437 0.05927890476944446 9.340178516964786
347 0 0.01 149201.27468703798 6.744736413398935 0.04723334240451412 9.129404875436276
348 0 0.01 inf 6.735945214356711 0.04736485701118882 9.2177045528846
349 0 0.01 925345534.662597 6.610106552039507 0.04722737974571149 9.10660177999593
350 0 0.01 149480.57041902994 6.707983522086581 0.044362895023971165 9.129662868567376
351 0 0.01 inf 6.756242818492526 0.0519643220776029 9.17336840325452
352 0 0.01 inf 6.645008259779016 0.05489736861684166 9.149079190697758
353 0 0.01 152380.7451570742 6.94523119981719 0.04989343334249105 9.136581588100366
354 0 0.01 217843842.7904746 6.679637240803137 0.04638503548398639 9.139408634611447
355 0 0.01 inf 6.801548007868986 0.047371444305509984 9.211348354987177
356 0 0.01 150768.73877170103 6.833206879008641 0.04514600421223344 9.146637073135002
357 0 0.01 inf 6.818613145646557 0.0469521220988985 9.22359107053765
358 0 0.01 739237167.5948623 6.629502385965923 0.04803769365397769 9.158441559253456
359 0 0.01 inf 6.703863085491809 0.054531565006294046 9.048311808752924
360 0 0.01 inf 6.722762731629923 0.04793741994693267 9.223536853420452
361 0 0.01 inf 6.715682376196423 0.04029204959743181 9.265744745122586
362 0 0.01 905154588.916997 6.612253267580159 0.043224054411499936 9.172558321564985
363 0 0.01 inf 6.681702704182198 0.04936948252256371 9.311376988676813
364 0 0.01 inf 6.836626334363901 0.03936596559308623 9.208272857788403
365 0 0.01 inf 6.563363076705462 0.05225159714092983 9.052220006882157
366 0 0.01 149823.9389212494 6.747715777865603 0.04342560964633697 9.16207611833318
367 0 0.01 inf 6.648079843624371 0.03774772069505758 9.336662316348086
368 0 0.01 inf 6.601757877681473 0.05584113109067142 9.306131501258465
369 0 0.01 151781.13699728064 6.777808508607118 0.04803096432605209 9.006791432986676
370 0 0.01 1164311068.8734608 6.583860072598296 0.04773445463611649 9.1192981537153
371 0 0.01 inf 6.696557378477057 0.054339445079224155 9.12755477173228
372 0 0.01 inf 6.6930505456943425 0.046870160365357266 9.337238375595927
373 0 0.01 inf 6.798685812253114 0.05203821354601085 9.153157614637324
374 0 0.01 inf 6.742079472176797 0.04995604114568022 9.264464287645673
375 0 0.01 225630718.22039667 6.678929876523195 0.03827220273659629 8.999933939286544
376 0 0.01 148515.03739332786 6.731139954188195 0.046522339208026134 9.18743317294036
377 0 0.01 150290.92386909976 6.74657221801949 0.0488113307515113 9.040930623421787
378 0 0.01 478185029.5441433 6.655326912427157 0.049484468740971385 9.18004834259511
379 0 0.01 148668.0588016112 6.708845992202761 0.04538750077554905 9.180234993553745
380 0 0.01 inf 6.79070027586117 0.05296813793687626 9.06510832737039
381 0 0.01 inf 6.7430650334817965 0.05408434821139364 9.298455483636182
382 0 0.01 inf 6.691592788876552 0.05718915974519949 9.246310246119835
383 0 0.01 inf 6.792775322360554 0.05189145105723557 9.163313201577393
384 0 0.01 inf 6.805216149648575 0.04721127841291868 9.32203641224387
385 0 0.01 inf 6.775933307483269 0.05261758857022616 9.209835252340357
386 0 0.01 inf 6.775632706749597 0.05614972500627485 9.248009935785143
387 0 0.01 150952.08953538974 6.77473389012414 0.04592265911770342 9.066806775303526
388 0 0.01 inf 6.6776680335828615 0.05331583311481371 9.217563599432056
389 0 0.01 408669261.35015845 6.661952627107186 0.04532254396571504 9.150208509184331
390 0 0.01 inf 6.749263522362516 0.04903148885609047 9.38613230827469
391 0 0.01 inf 6.702223056540024 0.050275559235370845 9.20446592150551
392 0 0.01 inf 6.70293235931726 0.04621065201253706 9.436832893834191
393 0 0.01 147941.26591798558 6.753085574686777 0.049698831990579354 9.189904630146009
394 0 0.01 inf 6.780349656097163 0.04624902198041134 9.218399306497727
395 0 0.01 inf 6.814646444501161 0.04031884882261397 9.384361412914139
396 0 0.01 inf 6.7170629585277375 0.056152183074420055 9.243764710747406
397 0 0.01 inf 6.605853181912942 0.05235277830555053 9.115201398551163
398 0 0.01 inf 6.895782371256741 0.055374063511459744 9.300364359599158
399 0 0.01 inf 7.06915364025354 0.060385162177454765 9.259775855314668
400 0 0.01 inf 6.735513971143001 0.046071270902425195 9.330777807471566
401 0 0.01 inf 6.830408214508306 0.062023035720964036 9.080835778125605
402 0 0.01 154259.8527242302 6.957275381769155 0.03813193215938323 9.169941487894448
403 0 0.01 156602.9515124738 6.994184352691925 0.04762869744588693 9.059071938126717
404 0 0.01 inf 6.730281019568804 0.05584703675811829 9.086473140124061
405 0 0.01 1438724156.4392116 6.551623636697143 0.04488634830617563 9.151625137860174
406 0 0.01 inf 6.515197299342179 0.05195669274636123 9.088049121698981
407 0 0.01 inf 6.7874458230821055 0.04944410996462624 9.33463361116348
408 0 0.01 inf 6.817899631288409 0.04754172606194537 9.241301192063776
409 0 0.01 inf 6.619126915363835 0.0471697401831507 9.262350006154515
410 0 0.01 inf 6.538362629675137 0.06239132449296515 9.263646104879195
411 0 0.01 inf 6.805763858383392 0.040745732669225834 9.230497200870103
412 0 0.01 61135883.605606265 6.693640270111064 0.040845445815232105 9.163288851353597
413 0 0.01 150664.66272362036 6.764434526450191 0.044251642349859316 9.098463729850529
414 0 0.01 153711.37599243812 6.865227978347984 0.04407373456834626 9.043019470462541
415 0 0.01 inf 6.77171244207783 0.05452844318847388 9.2059800172792
416 0 0.01 inf 6.719710805843278 0.05493246917457846 9.177196369665753
417 0 0.01 153268.07507004298 6.882650188209819 0.04501232772313468 9.071619918551528
418 0 0.01 inf 6.682680924314661 0.05505493301139402 9.285985931853217
419 0 0.01 inf 6.680157924719493 0.04281322732230491 9.267299346872
420 0 0.01 inf 6.614891255706812 0.057386978991576035 9.219263344516149
421 0 0.01 inf 6.802876205722478 0.048022603063304775 9.237597719559623
422 0 0.01 inf 6.61918880716117 0.04202980600762996 9.362560435370911
423 0 0.01 inf 6.714167880055689 0.04561242887001688 9.227563871868883
424 0 0.01 387786249.0978183 6.663923557511621 0.041189928823859204 9.116693976724411
425 0 0.01 150472.703006446 6.795752712357092 0.045283911543869106 9.125697460549606
426 0 0.01 149877.4641680305 6.738294455369487 0.04200119609067882 9.186074440086905
427 0 0.01 inf 6.772756311869405 0.05879273267230458 9.275767449706048
428 0 0.01 inf 6.682555543199006 0.05397527931608234 9.187060481132946
429 0 0.01 inf 6.702723410680265 0.051965724528672895 9.302566978795353
430 0 0.01 inf 6.912750481621119 0.05366333687412572 9.127392583597493
431 0 0.01 inf 6.7393473787142435 0.054304210311024885 9.316794119442443
432 0 0.01 149885.05451629256 6.840227024744818 0.04671237012723496 9.186063460179252
433 0 0.01 inf 6.719670698714832 0.061699853464618565 9.097263747896934
434 0 0.01 inf 6.708407224973844 0.044049979080566425 9.234501061874138
435 0 0.01 inf 6.648964520216612 0.0471469798139173 9.225537292750944
436 0 0.01 inf 6.75177980922026 0.05041885645987854 9.223299560921147
437 0 0.01 inf 6.738555589766829 0.05041001790475733 9.060763175965016
438 0 0.01 inf 6.831114960766265 0.054106404536912706 9.091383809281897
439 0 0.01 inf 6.746510144816714 0.05608238656628038 9.170262237312993
440 0 0.01 inf 6.736412033397415 0.05295097676435619 9.250268523647662
441 0 0.01 inf 6.651615671986043 0.05211602624047746 9.242744710151978
442 0 0.01 inf 6.676705445376308 0.046083945627653784 9.320782712137724
443 0 0.01 inf 6.733560132125548 0.05157306608773271 9.098225240577092
444 0 0.01 149871.53185708067 6.762605854505568 0.04410914491813662 9.157160302039172
445 0 0.01 inf 6.667864782523703 0.044448972969931215 9.263840723725526
446 0 0.01 inf 6.71826854696388 0.05486171517550438 9.159625144300676
447 0 0.01 inf 6.733744642417848 0.051560284382482745 9.120609635403124
448 0 0.01 151467.0253324787 6.859682448546223 0.04855468704444481 9.098468083806768
449 0 0.01 inf 6.883516256950662 0.05097250507743764 9.23284217312452
450 0 0.01 inf 6.665936260990148 0.060197401860068035 9.184487137163464
451 0 0.01 inf 6.71454701235123 0.0529098007163457 9.031077797231156
452 0 0.01 inf 6.579346625030216 0.055295391469973636 9.316094359827574
453 0 0.01 150784.23389009776 6.72890730355278 0.039511933472914915 9.163243430871438
454 0 0.01 inf 6.562078736355839 0.04613242290989267 9.271982598329547
455 0 0.01 inf 6.866307886932774 0.054389428894705744 9.24806483642575
456 0 0.01 inf 6.817810831458463 0.03786962328129493 9.28172479180508
457 0 0.01 inf 6.581984218150099 0.05250440526696271 9.217451892415683
458 0 0.01 148354643.99736157 6.685902457362538 0.048218261082898076 9.014926949695813
459 0 0.01 inf 6.633730867769858 0.042284596930941366 9.307294876239654
460 0 0.01 inf 6.8282403897274975 0.03706919336843591 9.226784532478016
461 0 0.01 inf 6.611725676904326 0.057936499055065864 9.215643409332724
462 0 0.01 inf 6.893802586667949 0.04854879296328604 9.206814311585433
463 0 0.01 inf 6.672673357105364 0.051824702951543664 9.233227649300751
464 0 0.01 inf 6.848596008855938 0.047993767870450586 9.335968360427776
465 0 0.01 153507.1753537648 6.93567217498848 0.04100508452790519 9.151785614012399
466 0 0.01 inf 6.710532870841747 0.043840846326764035 9.269687388735056
467 0 0.01 inf 6.691386021714843 0.05724060488693095 9.22573996286626
468 0 0.01 inf 6.701769554554874 0.034200304265698776 9.384765275339989
469 0 0.01 inf 6.776055452250134 0.05070725764838571 9.168767612060996
470 0 0.01 inf 6.794304645477542 0.04935455049210584 9.396562210212586
471 0 0.01 inf 6.620881682946585 0.04986362618187378 9.26544551011964
472 0 0.01 559400106.2007116 6.647456066179192 0.04733539762158143 9.192895338250226
473 0 0.01 inf 6.813536757030688 0.04641460124089266 9.2373580136331
474 0 0.01 inf 6.827974535024485 0.052353843884812575 9.178618612661014
475 0 0.01 inf 6.734690109669022 0.04862370680067973 9.201082848222221
476 0 0.01 inf 6.761664373351165 0.04877319794103639 9.267002720818908
477 0 0.01 inf 6.686356499099444 0.05494225178767038 9.347827375688459
478 0 0.01 inf 6.85962945949001 0.051156483108455046 9.101305493810887
479 0 0.01 151152.7012906561 6.783096725333153 0.04971236950454616 9.026628479617507
480 0 0.01 inf 6.871462964846472 0.04761421955988176 9.210067909951054
481 0 0.01 150584.188761475 6.813148763813227 0.04765904030257348 9.104515750375244
482 0 0.01 1270823640.6213787 6.571630337860855 0.040887037143441975 9.10086603836767
483 0 0.01 inf 6.58819267232631 0.04616653174210247 9.21281932232329
484 0 0.01 inf 6.785254205764081 0.05223992201891459 9.277595442925826
485 0 0.01 152739.48753406183 6.772497078395057 0.047452476679193126 8.965236571803269
486 0 0.01 inf 6.669748221881815 0.051967486511249536 9.330076677786671
487 0 0.01 inf 6.67837443382738 0.05368841978032328 9.21539357744644
488 0 0.01 inf 6.805664193627772 0.056090362081012736 9.32074864926338
489 0 0.01 147956.4089527534 6.704124902922415 0.04949397080695396 9.143735068994657
490 0 0.01 inf 6.6272586510435065 0.05161072742342019 9.265781588973226
491 0 0.01 inf 6.822783535950954 0.047547300186865274 9.294567662968332
492 0 0.01 inf 6.709649143240803 0.06253394058693168 9.185701800771579
493 0 0.01 inf 6.795861327958246 0.050065287671520346 9.163973497625317
494 0 0.01 inf 6.96207858252335 0.05660388193721026 9.190167683843493
495 0 0.01 inf 6.725433551942991 0.05204386120511149 9.267192742686118
496 0 0.01 inf 6.6514770920349555 0.05595523034704608 9.130164385834187
497 0 0.01 inf 6.829249293761968 0.047117161469410175 9.338238153429542
498 0 0.01 inf 6.555550957590454 0.04206083046469168 9.308054534049093
499 0 0.01 inf 6.758074111217247 0.054383144743514064 9.043143862700228
500 0 0.01 inf 6.646901721579154 0.04210807446058523 9.3115515818933
501 0 0.01 inf 6.761738058048257 0.05427602341847541 9.213342156075171
502 0 0.01 inf 6.828882506364008 0.053116002048955044 9.13462654855044
503 0 0.01 inf 6.776619387029128 0.05696442418188217 9.079456708542043
504 0 0.01 1093616773.7192454 6.591791186112496 0.04892896307628555 9.144693237185763
505 0 0.01 inf 6.877264450627617 0.06163673199982779 9.09540833452738
506 0 0.01 148439.4010996089 6.704718400488866 0.04670334622646668 9.163625449494399
507 0 0.01 inf 6.843290977807661 0.05123003566774329 9.056771257072718
508 0 0.01 inf 6.695712898416659 0.05113172089677555 9.145202126113691
509 0 0.01 inf 6.960109324884921 0.05749583833105469 9.20228118521144
510 0 0.01 inf 6.64988812236156 0.05107123581471234 9.149836511991428
511 0 0.01 inf 6.651451850132022 0.05028169314114933 9.064850993052975
512 0 0.01 inf 6.7221910147627915 0.04625368674821747 9.335435422816918
513 0 0.01 inf 6.49319275799935 0.04589221325965164 9.284637072817087
514 0 0.01 inf 6.792272832684397 0.04652766298136553 9.262298958428973
515 0 0.01 inf 6.7320295451566 0.05189946780494376 9.236842199646393
516 0 0.01 inf 6.665913484984246 0.040488824782792546 9.302512187976927
517 0 0.01 inf 6.54816066739477 0.052499899351169936 9.174528749823672
518 0 0.01 inf 6.617808735789918 0.05303069036162888 9.431326356756747
519 0 0.01 inf 6.686125793776037 0.05043595429826222 9.058699493142516
520 0 0.01 inf 6.505834148727638 0.04564414528187304 9.32872286194355
521 0 0.01 inf 6.71102699131974 0.05245643550063259 9.121094664443438
522 0 0.01 inf 6.7166042100399626 0.0454739638290091 9.340850108386489
523 0 0.01 inf 6.603633048103745 0.04827036946955781 9.358825738146082
524 0 0.01 inf 6.7346248309829635 0.0589879755395592 9.376820278311026
525 0 0.01 inf 6.693984267534866 0.05001952680871917 9.285346198365042
526 0 0.01 inf 6.674882023538669 0.05388494834805234 9.177187220723459
527 0 0.01 148798.1969092742 6.795193399686363 0.04782981264019899 9.199289171083672
528 0 0.01 149925.53127517755 6.7737723655709745 0.0438505702570959 9.169620638523474
529 0 0.01 inf 6.6682396756489455 0.05295314514638312 9.066822141804575
530 0 0.01 inf 6.677994085306121 0.050699464351866216 9.120005669319626
531 0 0.01 inf 6.544912249305803 0.04476984905272996 9.349926219915204
532 0 0.01 150213.5752493607 6.797814065621543 0.045911342072064924 9.134705433114194
533 0 0.01 101087159.63937898 6.690112945325123 0.044386437130925924 9.130368038435245
534 0 0.01 inf 6.753558106451634 0.05283079644137302 9.309746905870057
535 0 0.01 inf 6.684315981793873 0.048818118489189564 9.254558595259711
536 0 0.01 inf 6.714736592466834 0.04654831725738633 9.26802800332098
537 0 0.01 inf 6.5700767392078445 0.05445950306713491 9.250964464083077
538 0 0.01 inf 6.8309712219774505 0.05788064734180241 9.349656772549407
539 0 0.01 760520884.8955033 6.627327687038828 0.04543082268900603 9.14223722574932
540 0 0.01 150574.79584879754 6.832893506759713 0.04396322157935484 9.177945856225127
541 0 0.01 inf 6.4881645821057665 0.043215027599924405 9.328277616591128
542 0 0.01 inf 6.61264782554405 0.045371259706712706 9.241345540370201
543 0 0.01 inf 6.688545628852111 0.05045968581467924 9.206770656415948
544 0 0.01 inf 6.896841742877135 0.056136007996057495 9.353305195290224
545 0 0.01 inf 6.706903639696289 0.05687178529690189 9.301237819172412
546 0 0.01 inf 6.50325380279331 0.048434489543508576 9.274648754160575
547 0 0.01 inf 6.662833162642942 0.045198573262186986 9.276471272436059
548 0 0.01 149749.62512548277 6.728203673178881 0.048361364261622734 9.058937954041722
549 0 0.01 inf 6.693867242614114 0.058579831967059376 9.169047936466956
550 0 0.01 inf 6.700408727808381 0.05154724988597376 9.269231322672942
551 0 0.01 inf 6.701368410794486 0.04724192867831139 9.214385881713435
552 0 0.01 inf 6.750159180666262 0.044159992804821496 9.229131083035982
553 0 0.01 inf 6.753752537892328 0.04295571091331151 9.299898114609094
554 0 0.01 inf 6.60590840718528 0.03512606595086054 9.25596686039646
555 0 0.01 inf 6.854064779644328 0.05175748070348678 9.149629476242858
556 0 0.01 154390.85209719453 6.946597471756598 0.03989192623571473 9.132228021619948
557 0 0.01 inf 6.71632647906032 0.04720252827731228 9.202595056973943
558 0 0.01 inf 6.651323211471154 0.048778099427537885 9.393761572820686
559 0 0.01 inf 6.674848115468236 0.04679842198306983 9.227074121540143
560 0 0.01 inf 6.8632596809592 0.041819515669046924 9.240669150628579
561 0 0.01 150904.82278368197 6.769941675861761 0.04793067700903428 9.041466304389795
562 0 0.01 inf 6.833620701525127 0.05635659160874795 9.205843258224636
563 0 0.01 inf 6.5229172178402495 0.050639085601701654 9.20243311991535
564 0 0.01 inf 6.806160285996193 0.05219035422189465 9.024922253048247
565 0 0.01 inf 6.9448949544428045 0.046139938481676954 9.296424563494753
566 0 0.01 inf 6.85458552224605 0.05063090917742824 9.135498145149993
567 0 0.01 inf 6.854759596665632 0.04857348514202059 9.303740027826887
568 0 0.01 149346.7137914901 6.70851916817516 0.04270993571276161 9.189884250568587
569 0 0.01 inf 6.753585953411069 0.04376251845555476 9.318269964274506
570 0 0.01 148276.1257471055 6.701782022067813 0.049879597421709256 9.108914517423365
571 0 0.01 inf 6.648963151595568 0.053840093642659785 9.228631012309888
572 0 0.01 150096.48736738833 6.748155114780938 0.04864657827476452 9.05506879935626
573 0 0.01 149679.86453022133 6.734413370735542 0.04878408613982341 9.063858841138094
574 0 0.01 inf 6.623613508283621 0.05336038978545028 9.240674511614017
575 0 0.01 inf 6.83999233542125 0.048987717362251326 9.325003473015968
576 0 0.01 91809849.1198194 6.690934467861292 0.049058997931879865 9.142735972401143
577 0 0.01 149447.03743651812 6.7528855610925795 0.04705873128385509 9.122914394369568
578 0 0.01 inf 6.543643458035126 0.05094671826243997 9.351453658768104
579 0 0.01 inf 6.7029526642527 0.04313280634909795 9.224827508464635
580 0 0.01 inf 6.9407661800741165 0.05031322009651337 9.163711931697422
581 0 0.01 inf 6.809708996495664 0.051796398715563755 9.178750114802726
582 0 0.01 148716.78271339543 6.759630438810164 0.04923069356231625 9.145416672669457
583 0 0.01 inf 6.559542334024754 0.05104975643555809 9.242503530495041
584 0 0.01 inf 6.71746870313301 0.053832640962149125 9.066080102627344
585 0 0.01 inf 6.683509957602585 0.049931069189193066 9.223560180970464
586 0 0.01 inf 6.800223571453131 0.05661110072876743 9.32281019820267
587 0 0.01 inf 6.785360183830385 0.03830410044750745 9.30543327608604
588 0 0.01 405060036.8577369 6.662293748350886 0.04965526008333693 9.17461655693
589 0 0.01 inf 6.854119279474181 0.05669023959769682 9.156014020897057
590 0 0.01 inf 6.776031246047275 0.05111701714304857 9.17555875728992
591 0 0.01 inf 6.661121067999628 0.05740844546948728 9.165934829927062
592 0 0.01 150269.2491644869 6.823799951304661 0.04477292426416052 9.17578616579166
593 0 0.01 inf 6.681223935069716 0.05342988216858983 9.3087702157896
594 0 0.01 inf 6.853139505219084 0.05327704241570405 9.286382183721065
595 0 0.01 inf 6.76673698135964 0.04494868575355068 9.232116813450133
596 0 0.01 inf 6.701904368697058 0.052640569114420346 9.071252424306348
597 0 0.01 inf 6.684323064948558 0.05280550157932168 9.280781921567588
598 0 0.01 1740333395.6051235 6.5131929499322325 0.043900467671522045 9.072012314344756
599 0 0.01 inf 6.783901305543892 0.04523485823919308 9.208930696766105
600 0 0.01 inf 6.628719018767017 0.05178909116278211 9.27171951447651
601 0 0.01 inf 6.7979752735731545 0.05274230133080376 9.228942865813
602 0 0.01 inf 6.722711150775873 0.04254111162185508 9.230522537909442
603 0 0.01 inf 6.753543692880189 0.0490861485032004 9.230181406680604
604 0 0.01 150432.36321321773 6.841796889521879 0.047243207042917304 9.146675033644014
605 0 0.01 inf 6.657492256407306 0.054448253900302564 9.051195639527926
606 0 0.01 inf 6.682193063086151 0.059131770346472316 9.190474287029605
607 0 0.01 inf 6.698035464566086 0.051900684853702125 9.263261304643018
608 0 0.01 inf 6.92049436649062 0.059280116438119035 9.235897819016857
609 0 0.01 inf 6.710663208997968 0.04903570813316397 9.212932911830274
610 0 0.01 inf 6.661657611484196 0.05417904071705848 9.14046410543806
611 0 0.01 inf 6.828033214603744 0.05097541282331458 9.263849769625761
612 0 0.01 inf 6.731414770592865 0.05097514548417006 9.31442133542231
613 0 0.01 623476599.102413 6.641144192372182 0.04452218880583564 8.979526681682339
614 0 0.01 inf 6.547924239572794 0.05755860580557938 9.285105727136727
615 0 0.01 inf 6.672036892493789 0.05237963115314582 8.994018647254586
616 0 0.01 inf 6.728069758151018 0.05612614940378734 9.191737549184353
617 0 0.01 152187.5971291575 6.703766279336052 0.03993240514652709 9.011461711056622
618 0 0.01 inf 6.794519565012826 0.050126215451170214 9.155009690536412
619 0 0.01 inf 6.913592991850517 0.045267085026322526 9.35322368945614
620 0 0.01 inf 6.7459203675680595 0.05446207281167508 9.072214022802267
621 0 0.01 inf 6.690852919617281 0.037975510186849214 9.312587652960719
622 0 0.01 inf 6.701243140388755 0.04415359315307229 9.243889984045337
623 0 0.01 inf 6.7343377773344075 0.04431145287749063 9.387754025523169
624 0 0.01 149958.67890157062 6.714123143639317 0.041959873522750435 9.155057697832962
625 0 0.01 inf 6.871596044108145 0.05581340168989848 9.029161683087917
626 0 0.01 inf 6.673943633466371 0.05187610027404976 9.31626354672108
627 0 0.01 inf 6.62480602048414 0.051133410667055686 9.358522555250252
628 0 0.01 393270494.37240326 6.663406809564379 0.04910314318206749 8.99741597872941
629 0 0.01 inf 6.737126501157516 0.045913642110745896 9.268245314450542
630 0 0.01 inf 6.539875181118861 0.05826451472153849 9.28311555180429
631 0 0.01 inf 6.671498994153577 0.04715362754725841 9.27210214579261
632 0 0.01 inf 6.873374476254095 0.05349196310043414 9.09940052949075
633 0 0.01 inf 6.725277654441966 0.04255704528309678 9.283545129564164
634 0 0.01 inf 6.67593223959903 0.05345372760335952 9.163774021589042
635 0 0.01 inf 6.712823068165716 0.05477237277786812 9.325525466011122
636 0 0.01 inf 6.682376745109346 0.04121752760460254 9.250241771246312
637 0 0.01 inf 6.6106895876687215 0.05625160909761755 9.175525788249612
638 0 0.01 inf 6.682475206432798 0.05642532359260262 9.2009031536951
639 0 0.01 499457068.86365217 6.653279151579174 0.046918274963097854 9.196507052013766
640 0 0.01 inf 6.692961781038353 0.055606131309219466 9.258375199754537
641 0 0.01 inf 6.718748216630306 0.05050453391584817 9.102061630219568
642 0 0.01 inf 6.669288137606145 0.05088807892235791 9.282735548951406
643 0 0.01 1719300980.7848094 6.515985804588109 0.047922846378817247 9.152924887358932
644 0 0.01 inf 6.764334133887732 0.053933628213095455 9.353563745333622
645 0 0.01 1317111409.0583584 6.566206029952098 0.04478448104080508 9.143527464767935
646 0 0.01 inf 6.809547912842999 0.053545134965760244 9.122281758573603
647 0 0.01 inf 6.62748683353123 0.05292718617861965 9.13050654573232
648 0 0.01 inf 6.715426915232139 0.047663547682220704 9.304657753698242
649 0 0.01 inf 6.527038483707906 0.050376808517949956 9.21086989487864
650 0 0.01 inf 6.642867560114526 0.04961724361736531 9.234690758896146
651 0 0.01 inf 6.831740081485517 0.053165833267449544 9.223113588644813
652 0 0.01 153713.93524543045 6.773878679089617 0.03261036150861894 9.16087553291482
653 0 0.01 inf 6.8056861994052 0.04801817097383356 9.412381836219303
654 0 0.01 inf 6.5383494589192725 0.05580787001897119 9.222660805264393
655 0 0.01 inf 6.638274419119473 0.05433682472255522 9.249662557494
656 0 0.01 inf 6.71200738709118 0.04885606969972293 9.263442016574603
657 0 0.01 inf 6.5639551210994735 0.055427688885521006 9.306939339377083
658 0 0.01 inf 6.683477361602041 0.04577179609131541 9.264150716101765
659 0 0.01 inf 6.739993438862461 0.053929026514844845 9.250356700101298
660 0 0.01 inf 6.576946889032772 0.05050070303336997 9.186728931487407
661 0 0.01 inf 6.782926409700018 0.048016841517667636 9.220848424060073
662 0 0.01 inf 6.720358540412887 0.05202287032024856 9.442748738583186
663 0 0.01 152654347.74083093 6.685517316245334 0.04608793036722415 9.130740283054557
664 0 0.01 inf 6.736509294623949 0.05707539353181251 9.199942739566408
665 0 0.01 inf 6.711847261505467 0.050879736253483326 9.19350352483326
666 0 0.01 inf 6.611369732096822 0.05225397226618754 9.182088393732727
667 0 0.01 inf 6.716839970498198 0.04784063234659901 9.249324199985791
668 0 0.01 154844.92976577353 6.9967058876642305 0.04424207794824789 9.129664760869828
669 0 0.01 inf 6.706617095485515 0.047007463935293536 9.247860497553262
670 0 0.01 inf 6.759041051401095 0.05451691049920565 9.288337072292046
671 0 0.01 151013.13996819127 6.851205771560531 0.04551077082489893 9.145122107878203
672 0 0.01 15013474.288768167 6.697677000302697 0.04998644292605464 9.031518115004832
673 0 0.01 inf 6.698991664951459 0.05644715255761247 9.241671260354726
674 0 0.01 inf 6.691172814716789 0.05459452044912129 9.008687560192858
675 0 0.01 148509.7790175675 6.759336599507502 0.04874753727639962 9.168787048796327
676 0 0.01 inf 6.772263323433763 0.04952241471583777 9.350681108472983
677 0 0.01 inf 6.77876300838694 0.05473720917084278 9.095355704938617
678 0 0.01 148749.7519770125 6.759813499343202 0.04684457858319064 9.187637055651955
679 0 0.01 1056003726.1361811 6.59595275531123 0.04530926911579297 9.196443999550771
680 0 0.01 684632111.3752134 6.635032667790577 0.04749577151438564 9.172988033980904
681 0 0.01 150755.20307901778 6.753953871328097 0.041018528455665754 9.147268764140748
682 0 0.01 inf 6.865373523252764 0.05516387207671769 9.130466701259696
683 0 0.01 inf 6.84002472455535 0.0425112894708544 9.283177224658072
684 0 0.01 inf 6.645863806072094 0.05137279209747899 9.134768918966
685 0 0.01 150766.62044707465 6.751637875273243 0.04003786795767196 9.170964845206067
686 0 0.01 inf 6.830529699100118 0.04680922608720423 9.242598995837664
687 0 0.01 inf 6.905907623351958 0.04919359741266611 9.328556687531536
688 0 0.01 inf 6.902970824943978 0.05266791158321347 9.278227969206734
689 0 0.01 inf 6.77496036433837 0.05218444182434515 9.080424691510734
690 0 0.01 inf 6.697415403462596 0.044486388674519275 9.235645286683972
691 0 0.01 509185698.6221409 6.652339424050985 0.04503956997115229 9.19368249463916
692 0 0.01 inf 6.809083274696768 0.05160327419255281 9.105873095824716
693 0 0.01 inf 6.870644949545678 0.05093680008551499 9.328029707555592
694 0 0.01 inf 6.8181032291264625 0.05558062265205521 9.21631453086666
695 0 0.01 150281.9631182547 6.802671787407025 0.0479019435360512 9.107958977621427
696 0 0.01 inf 6.815353573222529 0.04572818010826981 9.239200736023468
697 0 0.01 152050.58714408672 6.8328198297837 0.046573545975953576 9.062069282459962
698 0 0.01 148639.61931875919 6.71994901980856 0.04875980951300155 9.11931711051525
699 0 0.01 151413.96155528846 6.824823377707167 0.04923649710017771 9.060442389846505
700 0 0.01 inf 6.748797372311916 0.051739185487016635 9.195324424373895
701 0 0.01 149032.09997251854 6.754317207123917 0.04709201484555238 9.154312829780057
702 0 0.01 inf 6.455086293628091 0.04606331734236271 9.334381995250306
703 0 0.01 inf 6.584558028176126 0.05462826741718766 9.22790723089586
704 0 0.01 inf 6.64180756770451 0.0442602601529436 9.23192708902189
705 0 0.01 inf 6.615487641524952 0.045499456415513985 9.34923907338797
706 0 0.01 inf 6.696251938950396 0.05740804701103691 9.1753588334874
707 0 0.01 inf 6.718879699347512 0.04499408183948101 9.341709419633036
708 0 0.01 inf 6.753916713151636 0.05067611276401035 9.261734222376447
709 0 0.01 inf 6.551656351907777 0.05522556487029694 9.083500814762129
710 0 0.01 inf 6.709609354314586 0.04956865815289044 9.322084407659393
711 0 0.01 inf 6.7026014594276075 0.04667372650446566 9.226489362337729
712 0 0.01 148737.1559654744 6.764947181098834 0.0469233303441004 9.192130875389799
713 0 0.01 inf 6.680647641266543 0.05589492481597605 9.082544109784902
714 0 0.01 1189718602.337444 6.580973769605738 0.04891483088917964 9.172120212512096
715 0 0.01 inf 6.697822182674456 0.04498149679637456 9.279536749752051
716 0 0.01 inf 6.778859921204701 0.054126830663304114 9.255600224422457
717 0 0.01 151053.41237728458 6.873893581796418 0.04691854572624391 9.14856248601214
718 0 0.01 inf 6.751065704525305 0.050309128823868315 9.157055045484517
719 0 0.01 696858524.6445259 6.633800518613156 0.0489398303529288 9.120253332273647
720 0 0.01 inf 6.640289842803244 0.05550566387554656 9.224015432434188
721 0 0.01 inf 6.587334012820485 0.05478732867212288 9.175706359793462
722 0 0.01 inf 6.647244173498163 0.047398545531697575 9.37703555504034
723 0 0.01 inf 6.681503794905687 0.046121203111115436 9.243131470057893
724 0 0.01 inf 6.798297691096367 0.050279516366001045 9.157282872872388
725 0 0.01 152130.797785729 6.90935607558133 0.04965741578488799 9.111868706463932
726 0 0.01 579558245.6330845 6.6454802761658 0.04632186222105112 9.09462248889858
727 0 0.01 1265429215.355185 6.572257898154561 0.045053569693296956 9.142966425764842
728 0 0.01 inf 6.528878749362535 0.051127347461976405 9.3084318374595
729 0 0.01 inf 6.412902618333327 0.05660108695671476 9.083025846732433
730 0 0.01 150230.40369758525 6.7223466231605755 0.04091526083661176 9.167958679212301
731 0 0.01 inf 6.644640247436863 0.051055190916810066 9.110627438665615
732 0 0.01 inf 6.683226393654369 0.051432378595946196 9.168428820968728
733 0 0.01 inf 6.701890316561223 0.05107677122864093 9.107014710280641
734 0 0.01 inf 6.6977745558897155 0.05582896446066113 9.245358724853629
735 0 0.01 inf 6.801827746956156 0.049334053740019757 9.263199972882223
736 0 0.01 inf 6.915841301395612 0.049507175268744034 9.396156777030066
737 0 0.01 inf 6.574487240870679 0.055479032273370366 9.083143184645868
738 0 0.01 inf 6.916475702142651 0.06501468702045862 9.246255413927683
739 0 0.01 inf 6.810575346203252 0.054295959368067456 9.147864894508842
740 0 0.01 inf 6.569345218179297 0.05700810817172527 8.923467061169585
741 0 0.01 inf 6.749855636358864 0.044707039021429404 9.283541798358657
742 0 0.01 150216.42736732424 6.724246891189862 0.04426280597826445 9.089231748472654
743 0 0.01 inf 6.882576113954072 0.05993653697184571 9.216441666091365
744 0 0.01 inf 6.793964512757481 0.05739916361320321 9.175183719976962
745 0 0.01 inf 6.722416520989026 0.04660845396782823 9.406604577757939
746 0 0.01 inf 6.811086143675767 0.05332714367179576 9.341562835810485
747 0 0.01 inf 6.784731672275906 0.05522016254632569 9.136644082526168
748 0 0.01 150606.42380861627 6.789578255989197 0.04136280544882417 9.187031986953217
749 0 0.01 151253.99161416257 6.842916466012814 0.04569358416277124 9.121112631438038
750 0 0.01 inf 6.951449798091495 0.0464611991680895 9.23818420476317
751 0 0.01 inf 6.715303664277544 0.04213926754369534 9.234320063295076
752 0 0.01 inf 6.848523538456674 0.06134696023414626 9.309372554350677
753 0 0.01 inf 6.84868156569745 0.053949962271492395 9.160976186914732
754 0 0.01 inf 6.885288112322614 0.04458156847809376 9.30077000310046
755 0 0.01 inf 6.7230692397397425 0.05673985019072244 9.212307556248618
756 0 0.01 150095.1982300133 6.705886510048289 0.047299205237749456 9.029889897132039
757 0 0.01 inf 6.892594088961154 0.05371469395597348 9.23803793360114
758 0 0.01 388703961.4718264 6.6638369753420275 0.04824812335469277 9.09604615664903
759 0 0.01 inf 6.791953027666053 0.05217109605303958 9.235294112517556
760 0 0.01 inf 6.763527929557721 0.04327476986849069 9.226077593286247
761 0 0.01 inf 6.6616230229431705 0.05339099016072767 9.064847191567898
762 0 0.01 inf 6.696348166417155 0.05391033033008822 9.170773361177764
763 0 0.01 inf 6.948315849854089 0.05208270238458235 9.260088080430945
764 0 0.01 inf 6.591897130124875 0.04543768178750441 9.325416042101907
765 0 0.01 149923.49993329213 6.79700517925048 0.04569259224584743 9.157051230722823
766 0 0.01 149634.23064776277 6.817176537397962 0.046653060113051405 9.180952825550303
767 0 0.01 inf 6.715750175629378 0.03567633363972443 9.285352487373952
768 0 0.01 161195.4123736401 6.983651107522692 0.04829194252544339 8.941423127837725
769 0 0.01 inf 6.764453362257632 0.05435182355060032 9.299160179007083
770 0 0.01 748448474.1364435 6.628562691412539 0.04764759479294231 9.003190460298395
771 0 0.01 inf 6.693790600103903 0.04593106196397313 9.340539559758898
772 0 0.01 inf 6.8570353588011885 0.05818026383709979 9.262774996196274
773 0 0.01 inf 6.825411326830343 0.052723045782327796 9.209131486880807
774 0 0.01 inf 6.665733641604964 0.0516495882409798 9.158513882473631
775 0 0.01 inf 6.649710423631748 0.04675251365784311 9.337711728514535
776 0 0.01 inf 6.826024454328249 0.04509123958082784 9.373158326139427
777 0 0.01 149611.1026742024 6.708328726482928 0.0455586327856436 9.093488357486633
778 0 0.01 inf 6.802836565668728 0.0527222448956646 9.096873592732697
779 0 0.01 150489.35278861382 6.771020156953556 0.04532258014653076 9.099295286312149
780 0 0.01 inf 6.735148550698403 0.05131654266116431 9.080450011917515
781 0 0.01 inf 6.924103068469716 0.05431346670540632 9.098924810851804
782 0 0.01 629463982.0965651 6.640549432595301 0.04672531791608353 9.119489371399439
783 0 0.01 inf 6.6281527787256 0.056444472260034594 9.165938359334833
784 0 0.01 inf 6.872316402015373 0.04841916867676195 9.405029614364382
785 0 0.01 inf 6.710349375612761 0.045236597559580836 9.241094156746401
786 0 0.01 inf 6.59321378868069 0.0574102037095323 9.131749860404947
787 0 0.01 inf 6.760960704743037 0.046034640266887125 9.272569184774913
788 0 0.01 148987.81591787885 6.718583266597976 0.046808442420819635 9.127592960054546
789 0 0.01 inf 6.591857953293601 0.05324723177754856 9.157297989126599
790 0 0.01 inf 6.771649102431308 0.04697559306168768 9.315592722711422
791 0 0.01 inf 6.657820099802458 0.050252472196601734 9.173973374883523
792 0 0.01 inf 6.830326326286604 0.04961539613260578 9.291728764717075
793 0 0.01 inf 6.617605719298805 0.03980678034679556 9.22887236604183
794 0 0.01 inf 6.638302776980179 0.051169330575875464 9.167635610950633
795 0 0.01 912004612.641641 6.611526263961538 0.04461529114189387 9.038003706605922
796 0 0.01 inf 6.535836474697192 0.04911332683779079 9.22658347485351
797 0 0.01 inf 6.78163129856106 0.052342584827789286 9.289017696460984
798 0 0.01 inf 6.6660916385951205 0.05186740793032054 9.222286049969906
799 0 0.01 inf 6.7152591112174 0.04489204963329403 9.209544786182281
800 0 0.01 149748.24817234083 6.717778940796745 0.045989816452025406 9.084997273121921
801 0 0.01 inf 6.6512614159958865 0.048180350040290996 9.248340476006982
802 0 0.01 inf 6.826692247120377 0.04269065792043956 9.304699124660615
803 0 0.01 inf 6.570580183835699 0.05459810960297463 9.111013394449762
804 0 0.01 inf 6.814473188795185 0.04557933701492406 9.278152108188937
805 0 0.01 inf 6.593110199405532 0.04299636899981433 9.216347408647803
806 0 0.01 inf 6.7376952534205 0.04931651039560132 9.250443156972317
807 0 0.01 933311519.3012866 6.609256554128271 0.04982177290170254 9.1882192643897
808 0 0.01 inf 6.648888967643327 0.05487826588327946 8.985341847755624
809 0 0.01 149142.1825018376 6.778191611985829 0.04694471578074134 9.172565002398914
810 0 0.01 inf 6.83768920205185 0.0509088356336793 9.100617884940762
811 0 0.01 inf 6.573724846229867 0.04721478120257539 9.281214494962509
812 0 0.01 inf 6.814505114370008 0.0505547365438867 9.326459127291429
813 0 0.01 inf 6.810485771521877 0.05922504437839517 9.140385978419983
814 0 0.01 inf 6.9286494988426375 0.05558705115377083 9.329518089743623
815 0 0.01 inf 6.74079867945595 0.04385073450926995 9.232173832584811
816 0 0.01 inf 6.901706057677128 0.04969238199218798 9.238431270382188
817 0 0.01 152495.03803529532 6.85213746994873 0.049866714884120214 9.03930272792591
818 0 0.01 inf 6.747604074622839 0.054087005344346996 9.151631420071935
819 0 0.01 inf 6.597583897708423 0.053263456529205604 9.279247307945807
820 0 0.01 inf 6.619475728731517 0.055167771490931466 9.421434682768707
821 0 0.01 inf 6.787852878873953 0.05445064179057482 9.311092308456779
822 0 0.01 154113.7919472995 6.885425520506041 0.047985292144691855 9.024528922524022
823 0 0.01 149746.5515729257 6.8016475231345455 0.04642041687050704 9.161552891285707
824 0 0.01 inf 6.820843572902017 0.054414344045614745 9.093714770706645
825 0 0.01 152887.9696765021 6.90321802592711 0.048414311173872814 9.083967785166793
826 0 0.01 inf 6.914852802769125 0.04882514174139617 9.294868821254276
827 0 0.01 524074682.1491476 6.650897160715822 0.04965056483181015 9.110981615820346
828 0 0.01 inf 6.817097743432362 0.05113988457844047 9.208652600912506
829 0 0.01 150528.3351695246 6.862600658009352 0.04872591154605209 9.14530678071284
830 0 0.01 inf 6.7435676834525715 0.0409522087618316 9.204861469765731
831 0 0.01 inf 6.561320165162281 0.05363109276180399 9.247577640613176
832 0 0.01 inf 6.882374100633336 0.0514178185668087 9.254919856139555
833 0 0.01 703645726.0595105 6.6331150026579015 0.048195102369008015 9.139748802871727
834 0 0.01 inf 6.732557179950182 0.05849381598690086 9.268736940181155
835 0 0.01 inf 6.666434958570631 0.05124381043117392 9.188853218294538
836 0 0.01 inf 6.794435890741737 0.048915701724926194 9.266648340628416
837 0 0.01 inf 6.889707494574367 0.04120536988980472 9.206117149738786
838 0 0.01 inf 6.7452537968642075 0.05629365521820459 9.395418592354233
839 0 0.01 inf 6.710633657272492 0.054350870134852305 9.048416515730793
840 0 0.01 1772989033.5839896 6.508820272086837 0.046686361306974 9.093465560770834
841 0 0.01 inf 6.6768967653418025 0.06072438433406313 9.17222518246122
842 0 0.01 inf 6.824051344005501 0.05265334520154746 9.226230892229431
843 0 0.01 inf 6.814062287168249 0.04978546197472519 9.233380379672658
844 0 0.01 inf 6.797173455023576 0.05220747765737597 9.319697600919028
845 0 0.01 inf 6.758019928652082 0.05321632121085782 9.186675965545062
846 0 0.01 inf 6.885578432862162 0.05063315894534426 9.119913124392031
847 0 0.01 inf 6.721991210613314 0.06003897528805684 9.072429295027748
848 0 0.01 inf 6.672705680602987 0.05430376755160113 9.133121320818262
849 0 0.01 72762605.18077238 6.692616647983582 0.04546413882834189 9.102935361049196
850 0 0.01 inf 6.7238081180037845 0.054692880100002034 9.201832136064517
851 0 0.01 2057719070.6108522 6.468706008531873 0.043968804859459795 9.052275652742429
852 0 0.01 149559.2196257604 6.7541830387352295 0.046927104491599106 9.11857312395788
853 0 0.01 inf 6.805214369224246 0.054892913655116685 9.158387190739655
854 0 0.01 150929.20699032344 6.865880334503412 0.047702600903847134 9.138513638545245
855 0 0.01 inf 6.706658551688072 0.0551418530292143 9.204252524319308
856 0 0.01 inf 6.900206078577567 0.05361677476954964 9.329316631238706
857 0 0.01 151320.8938010218 6.772752556360302 0.04507968829981025 9.054852188794044
858 0 0.01 inf 6.64888691480352 0.05642930271635412 9.204672871512912
859 0 0.01 inf 6.716678259279485 0.055558192841606 9.041794347394799
860 0 0.01 inf 6.769042421202514 0.051557996272680935 9.171182642484899
861 0 0.01 inf 6.685074879020413 0.05785319108326093 9.10726143365601
862 0 0.01 inf 6.6584134751880315 0.051854131669891584 9.345260189002618
863 0 0.01 inf 6.635910743974018 0.05344989834310318 9.137399645854915
864 0 0.01 151493.98181972525 6.753373983606868 0.03905867204340075 9.133835810204902
865 0 0.01 inf 6.723807685831972 0.052607570254700024 9.30953654925306
866 0 0.01 159353.59457966514 6.911368811459536 0.03871453232581035 8.925321163255955
867 0 0.01 inf 6.552375797763661 0.04641231802031667 9.24579164211729
868 0 0.01 inf 6.6636290968287 0.04554526250939378 9.282418664751937
869 0 0.01 979350045.5323683 6.604312153084171 0.04932391390456423 9.130404060014916
870 0 0.01 inf 6.9170779133406235 0.056075942390648656 9.130046102009821
871 0 0.01 inf 6.6399058051096675 0.05050732347955618 9.316177681111036
872 0 0.01 inf 6.763545218735809 0.053125205300202254 9.075837489350798
873 0 0.01 inf 6.637623896935207 0.04636149062172782 9.312466471489516
874 0 0.01 inf 6.705120048316599 0.05637982269312093 9.211074741132844
875 0 0.01 inf 6.724342055040716 0.047187832948326326 9.232526330196567
876 0 0.01 inf 6.590502899560175 0.056966154812620885 9.226571790907643
877 0 0.01 inf 6.743966480362896 0.03942608109924289 9.387418868444545
878 0 0.01 inf 6.811000629837858 0.05343841603022676 9.138380933908852
879 0 0.01 inf 6.78185211979206 0.04232729134103846 9.227137313753605
880 0 0.01 inf 6.7010528210275355 0.05443454030989787 9.255623479340686
881 0 0.01 inf 6.654394457968205 0.04937774826022355 9.324373283641991
882 0 0.01 inf 6.843995897381435 0.055752936224455506 9.243830321295293
883 0 0.01 inf 6.684438549361765 0.05141736943471362 9.20381859115432
884 0 0.01 inf 6.871645028426081 0.04547312652449653 9.308638970222766
885 0 0.01 inf 6.674023172810879 0.05620773937956178 9.001710092188802
886 0 0.01 inf 6.973097957147281 0.05075485260537303 9.075533902047338
887 0 0.01 inf 6.619061271476547 0.05236751455340559 9.13268703994791
888 0 0.01 inf 6.666619856461768 0.060540127409255275 9.149913993354705
889 0 0.01 149176.52972200495 6.709495921026575 0.048942607551342304 9.068356584472093
890 0 0.01 inf 6.843004359061935 0.0492292261706167 9.274353681575832
891 0 0.01 inf 6.782692239206618 0.0432155623776104 9.268343767420003
892 0 0.01 151757.26519091497 6.817853480163116 0.04387290952905511 9.091097768380612
893 0 0.01 149742.13379442054 6.788079008012882 0.04857179185129248 9.116522125601426
894 0 0.01 inf 6.69008593536355 0.047104213556005275 9.349178043890326
895 0 0.01 1640196598.277084 6.526333132317033 0.044844757245312096 8.974517392384067
896 0 0.01 inf 6.779093638382309 0.052723899034897735 9.382757529765508
897 0 0.01 inf 6.6955734765036 0.051082994217871346 9.246594586637261
898 0 0.01 inf 6.640307006765524 0.061113741455295516 9.03514498737781
899 0 0.01 inf 6.681086291787031 0.05258767321457107 9.142963376711466
900 0 0.01 150539.3735832536 6.77930992247903 0.043148849547064425 9.142073867847314
901 0 0.01 inf 6.728386726903591 0.050683852391324904 9.117712837773277
902 0 0.01 inf 6.745272051460954 0.05582706798097166 9.214201216628217
903 0 0.01 inf 6.675080984804424 0.050636556035630435 9.224860478211504
904 0 0.01 inf 6.769015723143951 0.04775569349305023 9.35635622445193
905 0 0.01 inf 6.856206456978452 0.05265046863340423 9.1698850565231
906 0 0.01 inf 6.881648248478443 0.053336729938230354 9.124032707314655
907 0 0.01 inf 6.7364734269873585 0.04566330832797014 9.216237341334288
908 0 0.01 inf 6.75940512870934 0.05277946958905079 9.084335914700429
909 0 0.01 470870654.1719688 6.656028890045743 0.046963769605128124 9.18080220262726
910 0 0.01 inf 6.77182798269694 0.04487606170174579 9.252598992231777
911 0 0.01 inf 6.7705395085749265 0.05061983816047168 9.173466966205767
912 0 0.01 inf 6.6581026696276435 0.05089648425725254 9.097607105188073
913 0 0.01 inf 6.654321311493122 0.053719371610008254 9.15615756428812
914 0 0.01 149318.15144276636 6.710512033916414 0.045733488138398004 9.115014809652893
915 0 0.01 inf 6.574942402264424 0.04515051402151829 9.237917437063437
916 0 0.01 inf 6.757476896416724 0.049671081708712046 9.214025481707186
917 0 0.01 153128.83340977327 6.877672972280189 0.04553608678414357 9.06841960887421
918 0 0.01 inf 6.810444317535005 0.044717242128087246 9.229565316558162
919 0 0.01 inf 6.841464231422221 0.055421994240307804 9.297812276931756
920 0 0.01 792939953.1687864 6.623994138242883 0.04612485454769827 9.010411587712095
921 0 0.01 inf 6.610215930827913 0.05065760866826473 9.273896589933226
922 0 0.01 inf 6.847871075611082 0.044424331900243974 9.225422426642824
923 0 0.01 inf 6.9119881223155595 0.050642995973370165 9.16346514520334
924 0 0.01 151215.8576416657 6.862339551972541 0.04789339658156603 9.118785507912913
925 0 0.01 inf 6.807308339472326 0.05899604933581828 9.239899534875615
926 0 0.01 inf 6.741217054005768 0.054696805560399624 9.262364788620394
927 0 0.01 inf 6.791168332038908 0.04266615178550508 9.44101473085411
928 0 0.01 inf 6.696947188513309 0.047519637484010994 9.223009056858615
929 0 0.01 inf 6.604273918697216 0.05813122610423433 9.379403711601713
930 0 0.01 inf 6.820108826955069 0.043893490539777875 9.201911951798763
931 0 0.01 591378325.7684233 6.644317353378713 0.049528206706757685 9.13184117825653
932 0 0.01 inf 6.794317962590236 0.05420679467127255 9.060594598511116
933 0 0.01 inf 6.683253061345645 0.053464481248774745 9.416010828559529
934 0 0.01 inf 6.757305375781923 0.054112371903263956 9.120450018182742
935 0 0.01 150585.90687275713 6.757606755113172 0.04616095508747607 9.067745919618629
936 0 0.01 inf 6.752207149919191 0.05560853402641108 9.069260040535474
937 0 0.01 inf 6.691379374059382 0.04812492969415174 9.250229627424117
938 0 0.01 inf 6.735330334623907 0.045964479949731296 9.360357286589785
939 0 0.01 inf 6.687870897163578 0.052333936176664285 9.175187143963674
940 0 0.01 inf 6.6861364861039645 0.05363867450243519 9.17412218049554
941 0 0.01 inf 6.653693353656739 0.04360408303637432 9.232752596153682
942 0 0.01 inf 6.872634476573531 0.054340637747623155 9.172134574704799
943 0 0.01 inf 6.790260956975845 0.05487456183665217 9.278005220883154
944 0 0.01 150191.8187404293 6.768391211617496 0.041644889119742096 9.195853827293556
945 0 0.01 254228771.14557338 6.676320386816287 0.04890637903737435 9.08497977933992
946 0 0.01 inf 6.670640950150596 0.048966526263240016 9.343821469151049
947 0 0.01 149942.21735939328 6.822397226155352 0.047696880592104016 9.150281934588767
948 0 0.01 149128.249952372 6.719428602292999 0.047285747913223944 9.108543792374725
949 0 0.01 inf 6.9075166619592085 0.05480008764598921 9.258372546372359
950 0 0.01 inf 6.809083928393197 0.05674994686580578 9.205108459220394
951 0 0.01 inf 6.943352040803437 0.05401754000914333 9.130755257688573
952 0 0.01 inf 6.720155281582363 0.04567477697622375 9.205283285849408
953 0 0.01 inf 6.660805195560327 0.053653504042758975 9.086939439984981
954 0 0.01 inf 6.814926111459254 0.06143903791086726 9.282522018607157
955 0 0.01 inf 6.745211014107575 0.05252316571714859 9.079988672298239
956 0 0.01 inf 6.784401153374216 0.048758551401708976 9.2456469073785
957 0 0.01 inf 6.768259226969447 0.05356039528053911 9.188734227232256
958 0 0.01 inf 6.57177862086815 0.04281270772742246 9.223233942585088
959 0 0.01 inf 6.569261289072707 0.04862549828918925 9.27754293066253
960 0 0.01 inf 6.63064640290823 0.04240387791993954 9.2444320248403
961 0 0.01 692120995.0007056 6.634278387884379 0.04780318308076688 9.137031028541278
962 0 0.01 149327.89251833764 6.754129795893598 0.04945182346650968 9.09632484562614
963 0 0.01 inf 6.718612700037217 0.051313182019335025 9.308357362247627
964 0 0.01 inf 6.83770186351597 0.05589798838171303 9.082793902683132
965 0 0.01 inf 6.573505539830798 0.057848207260687776 9.26378747236551
966 0 0.01 inf 6.443154436906339 0.05238383191089397 8.97780865513139
967 0 0.01 443485640.61630505 6.658646989816189 0.043781701511576065 9.095528825038894
968 0 0.01 inf 6.6821758971099054 0.05158273922404052 9.276181087965226
969 0 0.01 inf 6.595245673897936 0.057192924290992805 9.114004862715072
970 0 0.01 1120987996.9673069 6.588737618221331 0.04847215058467137 9.113945798869318
971 0 0.01 inf 6.565013931853338 0.05361130870011805 9.226169697472905
972 0 0.01 inf 6.773139851493966 0.048949863422794324 9.282572905143535
973 0 0.01 inf 6.807876411003629 0.054472869378267175 9.239333022646308
974 0 0.01 149786.73883038835 6.819519604010491 0.04780140314037853 9.155574405083856
975 0 0.01 inf 6.846665779097267 0.0501623181322878 9.080002264825707
976 0 0.01 inf 6.746434961114696 0.050037753145068246 9.055116479574933
977 0 0.01 inf 6.808785600620577 0.05327800634656282 9.07022237696427
978 0 0.01 150019.54177009102 6.759984902599274 0.04302110601533418 9.167209931354268
979 0 0.01 inf 6.60185944118187 0.05468282918273965 9.252943495881864
980 0 0.01 inf 6.774561127170513 0.05863614767102091 9.205523744571659
981 0 0.01 1494069382.8944712 6.544821502974425 0.04861176912953778 9.13013165529844
982 0 0.01 inf 6.625868339982092 0.04871154143488582 9.20408781751099
983 0 0.01 inf 6.706285462621034 0.05226504522303195 9.065853261603317
984 0 0.01 inf 6.672080524196492 0.05125056884733677 9.237570462661989
985 0 0.01 inf 6.694637129365904 0.051852355671634376 9.064947422828299
986 0 0.01 inf 6.66192560717927 0.05094096788261912 9.239762251367509
987 0 0.01 inf 6.567054087917742 0.036486769853154896 9.330924502238197
988 0 0.01 149573.52044161537 6.779472784231077 0.047565830504913365 9.13265109409071
989 0 0.01 inf 6.84609870103627 0.053425624755564234 9.174203526906252
990 0 0.01 inf 6.750975246971548 0.053390346581366856 9.206624476671154
991 0 0.01 inf 6.9583621757502145 0.04448111469528102 9.224107784900596
992 0 0.01 inf 6.553853350214686 0.061846645491057575 9.17599353228931
993 0 0.01 inf 6.916689974557046 0.04230157276167315 9.319958201007198
994 0 0.01 inf 6.734591627676096 0.05187501781057989 9.2586591709511
995 0 0.01 inf 6.648939968264721 0.049639852981408404 9.319443378151231
996 0 0.01 inf 6.667994457398287 0.05998623686973782 9.221573802449974
997 0 0.01 inf 6.628962759844021 0.05225747446365778 9.167792372279676
998 0 0.01 inf 6.743640815285564 0.047009305442501835 9.281470826037944
999 0 0.01 inf 6.878922656511186 0.05267279914812309 9.133112795347353
1000 0 0.01 inf 6.766431566748724 0.03910768353388496 9.29132062953627
1001 0 0.01 254952402.16200787 6.6762542455748966 0.0428258616383898 9.149699314562907
1002 0 0.01 148293.17029528128 6.747052829822472 0.04777313562422527 9.194053046729058
1003 0 0.01 inf 6.68448222433069 0.04954767641929758 9.346610125273683
1004 0 0.01 inf 6.730078965671702 0.05111828477707329 9.237491886826563
1005 0 0.01 inf 6.7516408828270045 0.05168626693292297 9.145042364888077
1006 0 0.01 inf 6.7518836693497555 0.05550227335526449 9.05014085516322
1007 0 0.01 inf 6.810024605032242 0.04604100607176123 9.255905730214362
1008 0 0.01 inf 6.8290893408964 0.05263842519403018 9.352091902987688
1009 0 0.01 inf 6.734263955541646 0.05104894677549213 9.28309073492285
1010 0 0.01 inf 6.706820945808558 0.05079168424401596 9.17541681141948
1011 0 0.01 inf 6.695087454448976 0.032007509409307425 9.345829619652495
1012 0 0.01 inf 6.512710139684584 0.05613714906600999 9.045720563891521
1013 0 0.01 inf 6.855497649976621 0.04713740276539813 9.234229757644398
1014 0 0.01 inf 6.678570239889876 0.0552275286676736 9.039770068963103
1015 0 0.01 inf 6.779459017002516 0.04691800150515636 9.26515896223304
1016 0 0.01 149779.77473026657 6.802538817907733 0.04946778582919653 9.117783293454496
1017 0 0.01 inf 6.791536631412086 0.05096203809780235 9.14368112387309
1018 0 0.01 inf 6.690045733878207 0.04890435786738688 9.313194456500954
1019 0 0.01 1068760311.375024 6.594545751728961 0.04805659105780989 9.18926102446993
1020 0 0.01 inf 6.795076414723801 0.046432645616766806 9.310792775181383
1021 0 0.01 149717.00306045252 6.715033998607177 0.04298989936203768 9.1503026528774
1022 0 0.01 inf 6.917179487838685 0.05330175146816946 9.25162839562051
1023 0 0.01 151820.57775115845 6.8173912053418535 0.038358669536807694 9.18851942498473
1024 0 0.01 inf 6.788924886584201 0.05104834824905933 9.13887925962731
1025 0 0.01 286425641.1533443 6.673364104425413 0.04299524211866617 9.167510352715022
1026 0 0.01 519361538.93554497 6.651354252556108 0.046059516016740014 9.168843009613598
1027 0 0.01 inf 6.641183153490093 0.053262039284083164 9.311889726173609
1028 0 0.01 inf 6.607112686376674 0.04099416413257635 9.263773964392339
1029 0 0.01 150544.07555254543 6.7601622134362245 0.044425729041836635 9.0993355339064
1030 0 0.01 inf 6.76024799865236 0.05578797055671727 9.189385122282424
1031 0 0.01 inf 6.984442409222423 0.04455194144379581 9.271796065391484
1032 0 0.01 inf 6.74389243532696 0.060468755638382304 9.122866640175204
1033 0 0.01 inf 6.65202278891803 0.054393810554978154 9.29909370757316
1034 0 0.01 inf 6.696375817635622 0.05241323183009852 8.907865839714509
1035 0 0.01 inf 6.810946482163103 0.057002665747052254 9.17874771353227
1036 0 0.01 inf 6.711549808638725 0.04420137690350861 9.23283640556563
1037 0 0.01 149259.5852328355 6.741692411621647 0.046295255125383 9.139484719295126
1038 0 0.01 inf 6.72533089872895 0.05294535890158962 9.120837218106152
1039 0 0.01 151443.89323737106 6.821955502128989 0.04761583264914443 9.07004487065578
1040 0 0.01 inf 6.794332218320235 0.059603396524642666 9.240453687918038
1041 0 0.01 151044.32771065173 6.866984755310194 0.043102935747793274 9.19511469248619
1042 0 0.01 inf 6.821010417913852 0.04703895390383289 9.230092833287799
1043 0 0.01 inf 6.636962193806788 0.05449662831649819 9.227867616537903
1044 0 0.01 150845.6920742048 6.810152066947154 0.041422667846907915 9.186110996703066
1045 0 0.01 148881.4263657702 6.788708954313937 0.04994722505363363 9.152482277257228
1046 0 0.01 inf 6.892257810414704 0.04982866950178755 9.27326384510962
1047 0 0.01 151428.15623516607 6.826456907909752 0.049606187820930646 9.05857950500071
1048 0 0.01 inf 6.487908101463144 0.04693665013209657 9.229111605917732
1049 0 0.01 inf 6.734367803921669 0.047636600934040665 9.31247567276373
1050 0 0.01 149524.9134384685 6.748242384942975 0.04587151523365127 9.133897602987485
1051 0 0.01 inf 6.885603778886562 0.05041319480425679 9.20607637244999
1052 0 0.01 inf 6.772716654441428 0.056197270691303446 9.216775267789712
1053 0 0.01 149642.04139607726 6.732175301181729 0.042979184248904324 9.174884967877247
1054 0 0.01 149530.82570859077 6.834059548465173 0.049577886997959654 9.162397562348652
1055 0 0.01 149578.24391403567 6.804228638168384 0.04815428633674784 9.148463510525477
1056 0 0.01 834739554.8914291 6.619657609181427 0.049568596382235146 9.04182739251891
1057 0 0.01 inf 6.688033155539321 0.05666098895901009 9.151011928133746
1058 0 0.01 523686785.0812422 6.650934864692442 0.04434829565949962 9.186772506508527
1059 0 0.01 inf 6.794663935042461 0.0497458351190202 9.25395830250092
1060 0 0.01 575979360.0222144 6.645831738090972 0.04589385739387297 9.104094368127871
1061 0 0.01 inf 6.632445047193819 0.05451951214368044 9.379517816113859
1062 0 0.01 148917.7041934571 6.702352374454941 0.04605807379109984 9.133298813385416
1063 0 0.01 149617.3100367126 6.795905128332663 0.046731076537490604 9.159544001163148
1064 0 0.01 inf 6.715647707723994 0.05204070405310251 9.186418012605072
1065 0 0.01 inf 6.564459483474977 0.05251740222953662 9.056725843565559
1066 0 0.01 inf 6.647871484123463 0.05497214513193973 9.254482792455626
1067 0 0.01 inf 6.727907174153214 0.050682964118344366 9.093527156182535
1068 0 0.01 inf 6.858060346667503 0.04740095762771334 9.246134121291277
1069 0 0.01 149970.87690568174 6.794400855777783 0.048693984169326035 9.107873038439218
1070 0 0.01 inf 6.656679667860356 0.05283581336772347 9.086990483822142
1071 0 0.01 148732.51132335642 6.699401132406015 0.04435856352966718 9.194875407672555
1072 0 0.01 inf 6.670875392272534 0.057364004059485704 9.300327138393255
1073 0 0.01 inf 6.843027699744254 0.041793605086691374 9.319962427274204
1074 0 0.01 inf 6.872401702648357 0.044566268471883386 9.27162849421209
1075 0 0.01 inf 6.7989514893865985 0.05699032803024645 8.942488256022715
1076 0 0.01 inf 6.793560924286914 0.05358303127363951 9.245047094548108
1077 0 0.01 306948127.12548953 6.671469140381059 0.042970031035427854 9.187259902596933
1078 0 0.01 151541.4741779908 6.8236736452345585 0.04687427523951598 9.074143285809704
1079 0 0.01 inf 6.7237885274580425 0.051034645749341336 9.214485311934197
1080 0 0.01 inf 6.8705630941558535 0.04862171051610387 9.289751530256863
1081 0 0.01 inf 6.631040105532977 0.05439684293120807 9.17415168047675
1082 0 0.01 inf 6.747645826469005 0.05751014972277814 9.119300336000768
1083 0 0.01 671751415.8031317 6.636327145660585 0.045566679868873576 9.07184885302342
1084 0 0.01 150657.61997879873 6.7352427122388 0.04509072502796509 9.056397131586847
1085 0 0.01 inf 6.825972971056371 0.05043629692818658 9.207869504073459
1086 0 0.01 inf 6.828519935387754 0.04531363973110347 9.214251651158476
1087 0 0.01 27381009.5635871 6.696598227162048 0.048638778898830906 9.049038858710201
1088 0 0.01 148468.87491168996 6.780297239008417 0.04937462069153604 9.181719786775412
1089 0 0.01 inf 6.785944774511139 0.053275977334628286 9.343273862636973
1090 0 0.01 inf 6.722944516678215 0.050085446453381546 9.260729657289394
1091 0 0.01 inf 6.6855273968983076 0.04418161685888638 9.27346144886715
1092 0 0.01 inf 6.918340694172586 0.05422398383139152 9.219734093258202
1093 0 0.01 inf 6.6908749052167 0.04835554384086481 9.215043075876668
1094 0 0.01 602472592.5046132 6.6432231764032075 0.04535150651627564 9.185112259872508
1095 0 0.01 inf 6.798435526008057 0.059678135202943475 9.210118519701787
1096 0 0.01 inf 6.687859883493756 0.058202408566802435 9.17551932175116
1097 0 0.01 inf 6.678981529656483 0.04950720267442198 9.314353901090104
1098 0 0.01 inf 6.761634383160563 0.05436537625503493 9.282124804595302
1099 0 0.01 inf 6.745858806628109 0.04586554857404253 9.4001068763121
1100 0 0.01 inf 6.9241733930306 0.04890793238899748 9.207994247548585
1101 0 0.01 inf 6.6610088506460965 0.05570384635768071 9.240227155215997
1102 0 0.01 inf 6.8356096816528655 0.05181754685371174 9.329759396770797
1103 0 0.01 inf 6.701549633311632 0.044926842908193106 9.229925719578038
1104 0 0.01 149853.09942689465 6.7052755152309995 0.048708226327168785 9.025398571477202
1105 0 0.01 inf 6.639205417407884 0.0408561988738969 9.32105357753714
1106 0 0.01 inf 6.715746598942337 0.055452821245761 9.068041371831175
1107 0 0.01 inf 6.6979604029396125 0.052305952863916955 9.132525995553943
1108 0 0.01 inf 6.8032346270379325 0.04867885473425461 9.357579710004437
1109 0 0.01 inf 6.687039954774005 0.06176249597270816 9.348809439655101
1110 0 0.01 inf 6.798022528567573 0.05789576935121238 9.13707347371002
1111 0 0.01 inf 6.900052926750596 0.0466410830908328 9.250427074735692
1112 0 0.01 inf 6.73346352615545 0.04474573227457602 9.225965483678394
1113 0 0.01 150374.4460026812 6.7923824159733766 0.04303185828182759 9.170149543249975
1114 0 0.01 inf 6.616781904445765 0.04611588955618364 9.307177298218665
1115 0 0.01 inf 6.780281214348311 0.05005583547591926 9.157121553655113
1116 0 0.01 152719.6194170682 6.76512108131186 0.04352288173357822 8.992403283251452
1117 0 0.01 inf 6.651530033242889 0.05603928683367039 9.330861883374963
1118 0 0.01 442006745.22892404 6.658787768760741 0.046270624115982276 9.189037290283881
1119 0 0.01 inf 6.687666814870881 0.048471353401963846 9.24662885154693
1120 0 0.01 inf 6.691024221945198 0.049983898815220494 9.278459586919174
1121 0 0.01 45474557.09516228 6.695015109375983 0.043975758097328364 9.19112220471647
1122 0 0.01 inf 6.7157042005830005 0.056243502897883 9.093674295061398
1123 0 0.01 150261.3699547649 6.765052915403398 0.04603064314433751 9.097037743089212
1124 0 0.01 inf 6.641108009817199 0.047674452096735535 9.20219371554705
1125 0 0.01 inf 6.873180942042639 0.05021730877832397 9.159280129800914
1126 0 0.01 inf 7.044798658220048 0.05866936342661605 9.195164182842259
1127 0 0.01 inf 6.792581660890559 0.04701387280021284 9.30829904790542
1128 0 0.01 inf 6.89308793747925 0.04607188024859245 9.279377299830916
1129 0 0.01 743809517.3136587 6.62903635641924 0.04332924693083872 9.034991964772065
1130 0 0.01 inf 6.802874123729949 0.052771453499817135 9.124512726915455
1131 0 0.01 553715930.8190675 6.648011588619291 0.04963691091291417 9.149453750738953
1132 0 0.01 inf 6.802020730517716 0.05490496518198084 9.139844538273861
1133 0 0.01 inf 6.855527885548106 0.049211703299835104 9.33751192251992
1134 0 0.01 1687334645.9355612 6.520197101431111 0.04144615092810229 9.1013219226918
1135 0 0.01 inf 6.71268668223729 0.037104185504789326 9.376624062227243
1136 0 0.01 inf 6.903812530875347 0.05200475536776678 9.061079506968412
1137 0 0.01 inf 6.733126863640547 0.0403910235651535 9.260478480238357
1138 0 0.01 inf 6.790665655399296 0.054043229215788094 8.985570521057682
1139 0 0.01 862692532.9056176 6.616733228506531 0.04955625501863898 9.146095735326316
1140 0 0.01 195294871.7253515 6.681680392192998 0.043029191713456726 9.011032442527805
1141 0 0.01 inf 6.904459422750847 0.050093923990326306 9.296644748598478
1142 0 0.01 150443.62177832442 6.751147947549953 0.048769908671307 9.03782283511247
1143 0 0.01 inf 6.642965361418796 0.05249877359355393 9.280321366191446
1144 0 0.01 inf 6.884312495855511 0.05156694704251603 9.210234969686613
1145 0 0.01 inf 6.627168991787417 0.04671139341549248 9.218709728627658
1146 0 0.01 141926915.95476067 6.686477456492264 0.044747295993890136 9.05546752411125
1147 0 0.01 53291413.40754252 6.6943292835586785 0.048227333707621015 9.198618875691372
1148 0 0.01 inf 6.7392218076343084 0.05447505559389441 9.173437006562942
1149 0 0.01 inf 6.684765163707301 0.05229718677838868 9.142868517256996
1150 0 0.01 inf 6.660863459351734 0.05222269555827046 9.124843543213073
1151 0 0.01 inf 6.79191321980668 0.057716649755301906 8.965166315863755
1152 0 0.01 inf 6.67853299244612 0.04979692880417139 9.309300575913285
1153 0 0.01 inf 6.756310640569369 0.05013835266613459 9.305648586751825
1154 0 0.01 1753941071.7540894 6.511375978383603 0.048217445593221234 9.193794597007843
1155 0 0.01 inf 6.656926148123551 0.05566508546308986 9.168472467752114
1156 0 0.01 149130.60301771027 6.754323977974226 0.046878709008939236 9.1508226576286
1157 0 0.01 705150933.9283332 6.632963029579472 0.04817244377316382 8.977888548167702
1158 0 0.01 152073.89086999674 6.893634857688019 0.04537785901987499 9.133140718786718
1159 0 0.01 inf 6.657346460825793 0.058798830542840304 9.239695686000376
1160 0 0.01 1517173811.6874394 6.541950333959427 0.04355513861581956 9.079566953176203
1161 0 0.01 inf 6.785977184382658 0.05495353943640931 9.030306644029919
1162 0 0.01 321058419.87926996 6.670161438714165 0.04665830482284454 9.093484382104252
1163 0 0.01 inf 6.780263077927425 0.05197417701188117 9.295468020131334
1164 0 0.01 inf 6.7098408975169095 0.05605973211787819 9.095497208793986
1165 0 0.01 inf 6.644200667119256 0.05196018795896935 9.266348080612746
1166 0 0.01 inf 6.6601822662682295 0.06195864518861204 9.073319462441267
1167 0 0.01 inf 6.732138046196588 0.04430604144384159 9.362601294900283
1168 0 0.01 inf 6.688707770098236 0.047965784791967836 9.221946337943832
1169 0 0.01 inf 6.6401399413651205 0.052620607014256394 9.129203327775622
1170 0 0.01 inf 6.810563907677726 0.05332789299611591 9.165604169061815
1171 0 0.01 inf 6.763440814056554 0.054001641175814394 9.130411505450306
1172 0 0.01 inf 6.707127748513837 0.04807183133314485 9.253007544884502
1173 0 0.01 inf 6.798307417822443 0.05626237231887712 9.403504138919793
1174 0 0.01 inf 7.000213119921654 0.05189122315001696 9.391647544223696
1175 0 0.01 153839.02741026704 6.880004750854302 0.04209302780516179 9.069158721508488
1176 0 0.01 inf 6.683074492407055 0.04469477226207205 9.322170437945017
1177 0 0.01 150282.2763372638 6.790964831562151 0.049242781170994364 9.081197874692919
1178 0 0.01 inf 6.612519074134722 0.04682394973778399 9.241267539853796
1179 0 0.01 2019205096.2811255 6.474353394304492 0.04923966711733432 9.13018034798405
1180 0 0.01 149143.49714307702 6.7752361317362295 0.04782372023445889 9.15381149091556
1181 0 0.01 inf 6.694364125960125 0.05286652670374094 9.225071097863909
1182 0 0.01 inf 6.749188202259402 0.039925106047919864 9.243609455193504
1183 0 0.01 147472.7001183075 6.710991159367678 0.04995547427789829 9.183298964189385
1184 0 0.01 384670009.2751316 6.664216603642603 0.0488458462587542 9.199651870284208
1185 0 0.01 148927.21403361537 6.705228599181599 0.04653359803448691 9.124849697336295
1186 0 0.01 inf 6.944823558404155 0.04694950701098035 9.213175770225098
1187 0 0.01 inf 6.713839087633318 0.05292802324179472 9.226655450809794
1188 0 0.01 905132402.4353184 6.612255480061022 0.04845442909952224 9.14795350103126
1189 0 0.01 inf 6.5396758895522105 0.05335399038769596 9.134189363259747
1190 0 0.01 inf 6.594341118565308 0.0616089717354756 9.165480347353089
1191 0 0.01 inf 6.695312285193584 0.04102631383301926 9.25650299022065
1192 0 0.01 inf 6.618389213034818 0.050448531699005705 9.348668028441148
1193 0 0.01 inf 6.5018357418135055 0.05140201164623656 9.288925555810309
1194 0 0.01 inf 6.604209826436467 0.053818266443163516 9.198583686362895
1195 0 0.01 inf 6.637192549565258 0.04606154970161196 9.25545327604256
1196 0 0.01 148955.5048340364 6.7465205839714715 0.04821218890140713 9.13205346697412
1197 0 0.01 inf 6.800266123045302 0.04397424716698155 9.2429249790934
1198 0 0.01 inf 6.653369360938776 0.06098971353551813 9.370566649551387
1199 0 0.01 149711.16409883622 6.825178446988651 0.04855207666749989 9.155742978963167
1200 0 0.01 inf 6.5988760993222115 0.05288742586129748 8.908430470851956
1201 0 0.01 1709229906.6557012 6.517317073240761 0.04352775153626278 9.15701478237304
1202 0 0.01 inf 6.6649241656261475 0.058785288229695115 9.039413582599897
1203 0 0.01 inf 6.681328073155251 0.05183214702673165 9.16236623335133
1204 0 0.01 149312.08086020852 6.739118185607629 0.04718384341525323 9.116611843801161
1205 0 0.01 inf 6.764710881475166 0.05061794134885173 9.219442338919162
1206 0 0.01 inf 6.845846112027388 0.04624198520910422 9.29635694705126
1207 0 0.01 inf 6.7592578160884464 0.049695958282054024 9.258006308940438
1208 0 0.01 149927.14174475148 6.779220715665308 0.04631293261329778 9.128608491795198
1209 0 0.01 inf 6.802130089379669 0.059939667553562524 9.211310056858803
1210 0 0.01 inf 6.7758230899606735 0.05016627780785301 9.283412150403032
1211 0 0.01 inf 6.869248708427487 0.05339425231955554 9.136839388925582
1212 0 0.01 inf 6.678993918014769 0.058849397772067054 9.415981396790631
1213 0 0.01 inf 6.738762835826106 0.05525698776887456 9.15705994845923
1214 0 0.01 inf 6.7682068875443795 0.03838453147250209 9.284919785597346
1215 0 0.01 151589.37124624453 6.797564284291527 0.044305848865232665 9.074573511989788
1216 0 0.01 148380.35573736695 6.718782865199984 0.0462639941108795 9.194887080415759
1217 0 0.01 inf 6.429925354705271 0.050864497558665255 9.080705770684828
1218 0 0.01 inf 6.676640343365468 0.0463170561636895 9.284350186449624
1219 0 0.01 inf 6.682656280970714 0.04442100796215882 9.234153658813451
1220 0 0.01 inf 6.7891465292489634 0.05179866572547154 9.236033538758745
1221 0 0.01 inf 6.8151925887803335 0.051650171445527936 9.363879569522295
1222 0 0.01 inf 6.700602698093607 0.049154239873439684 9.227546828445984
1223 0 0.01 inf 6.894791183016967 0.06088801387304303 9.236736234279036
1224 0 0.01 149420.63282842038 6.779870398833686 0.04683868880449395 9.155597799247406
1225 0 0.01 147852.26172222203 6.699789070054761 0.04852959626601908 9.169656020956044
1226 0 0.01 inf 6.839553936703624 0.05328411779528022 8.992358252114293
1227 0 0.01 inf 6.759054107030449 0.05531289645707421 9.266841645693757
1228 0 0.01 196903539.73790374 6.681534636439019 0.048513847930184116 9.197535928750005
1229 0 0.01 inf 6.778522906065888 0.04965383105487879 9.36349428190256
1230 0 0.01 inf 6.677481293235385 0.0461849056107832 9.248368032473532
1231 0 0.01 inf 6.747531266479603 0.056791536956201344 9.172733528798833
1232 0 0.01 inf 6.710805168752041 0.05153948247642108 9.132044776361834
1233 0 0.01 inf 6.705717577322873 0.04766934987890489 9.428582421555838
1234 0 0.01 inf 6.605896937778401 0.04909508315252096 9.268603865465948
1235 0 0.01 inf 6.675364831905647 0.04802046567002511 9.271459022854392
1236 0 0.01 inf 6.8177199467641305 0.055353914353424086 9.347532901712096
1237 0 0.01 148710.92692479162 6.700623990924228 0.045540727813130046 9.163563235030592
1238 0 0.01 inf 6.844656007552501 0.05184368288877845 9.299679519104464
1239 0 0.01 inf 6.611843080391355 0.04545209146375622 9.262621138791799
1240 0 0.01 inf 6.843921212340595 0.05091595485250685 9.203707253076233
1241 0 0.01 inf 6.578657197006956 0.04102892592574299 9.238070008458672
1242 0 0.01 inf 6.782332950195181 0.05167712811708337 9.312596706418326
1243 0 0.01 inf 6.743334373154615 0.05510351311391638 9.156228952537342
1244 0 0.01 inf 6.457858425686552 0.052623704333382856 9.16850254463858
1245 0 0.01 inf 6.722315162788221 0.05350167473412962 9.197467878812953
1246 0 0.01 inf 6.707056685776545 0.04453755229293114 9.370645430899241
1247 0 0.01 inf 6.657903429973906 0.04450121066243659 9.320842839926678
1248 0 0.01 inf 6.824283012423891 0.04547974583222462 9.29692122337618
1249 0 0.01 inf 6.843561350560406 0.05067451071528957 9.019066656940954
1250 0 0.01 inf 6.5988168095213116 0.05038619890343402 9.088627621080542
1251 0 0.01 inf 6.909686906171074 0.04621277547280885 9.245043193891046
1252 0 0.01 154261.44710848184 6.9420318846437015 0.04969373751735615 9.069253922803979
1253 0 0.01 inf 6.689175876059437 0.053820182594229465 9.110434644750145
1254 0 0.01 151999.81286855193 6.73254345126956 0.039671791016146235 9.058425688817318
1255 0 0.01 inf 6.796284989525215 0.0546673318534863 9.274620365002779
1256 0 0.01 inf 6.593138602301201 0.05279383572194023 9.35935228492974
1257 0 0.01 inf 6.7490445702871895 0.05355574823998335 9.322682681961808
1258 0 0.01 inf 6.67714706346227 0.0463631760011471 9.220179198884471
1259 0 0.01 147831.22629232804 6.710394332106471 0.04918354006677846 9.167286048370677
1260 0 0.01 inf 6.834493470224423 0.050606215658789554 9.250641838787518
1261 0 0.01 inf 6.667071740463186 0.04770494719655888 9.337657812232038
1262 0 0.01 inf 6.693498621215776 0.04112063732253481 9.322818068270598
1263 0 0.01 inf 6.639705511587534 0.053060248537861794 9.134243830302882
1264 0 0.01 inf 6.569344626867047 0.05111841440845382 9.39953595238788
1265 0 0.01 inf 6.640617599937197 0.04643683291629088 9.264462861207626
1266 0 0.01 inf 6.779415641051789 0.043263319772513534 9.371369955597036
1267 0 0.01 150603.43267249753 6.8438052865917705 0.04821202097380164 9.127986730655119
1268 0 0.01 inf 6.761229723143628 0.052278053627751064 9.252853356008155
1269 0 0.01 inf 6.707256396208323 0.05098312780779853 9.094268416458458
1270 0 0.01 inf 6.799660267723509 0.0506903653807675 9.364614105575303
1271 0 0.01 inf 6.655332559723306 0.04548007577245285 9.246306438601346
1272 0 0.01 150311.61049487686 6.833021892852307 0.04491825158489489 9.179593067202642
1273 0 0.01 inf 6.527497111929882 0.04441695762423668 9.279531553312156
1274 0 0.01 inf 6.680909521854551 0.056464008112682124 9.286872584597697
1275 0 0.01 150384.21775370935 6.758808597187858 0.04903479191715508 9.04584473221686
1276 0 0.01 inf 6.743729288309539 0.05526623388891275 9.154040137029348
1277 0 0.01 inf 6.555765831388755 0.054426048636446026 9.293030620492617
1278 0 0.01 149817.27502652645 6.769757131131699 0.04662879318174399 9.121410050408652
1279 0 0.01 150712.80596004514 6.708612150650058 0.04521047632335555 9.024534194191682
1280 0 0.01 151696.57981999958 6.811252763081343 0.04304912905055877 9.09930246636273
1281 0 0.01 132002574.95548709 6.687363797847294 0.04281738337394547 9.033745058833372
1282 0 0.01 1181418547.4031775 6.5819188900782315 0.047357480776322555 9.067521763945162
1283 0 0.01 1380562482.4067888 6.558658790201543 0.045952743226314416 9.143328327685586
1284 0 0.01 inf 6.605756100790759 0.05822504069565956 9.242795538458035
1285 0 0.01 inf 6.727809696641224 0.05231469820811356 9.42242647804901
1286 0 0.01 inf 6.665380326517899 0.05017514023627995 9.2630413299883
1287 0 0.01 inf 6.7973304240754775 0.052663410263048896 9.205190800140187
1288 0 0.01 inf 6.829444633961854 0.04126685663243544 9.202723295552373
1289 0 0.01 inf 6.743132064927828 0.0535478979755977 9.061666222513402
1290 0 0.01 inf 6.660318252655246 0.055467396273954736 8.995730747357143
1291 0 0.01 inf 6.752917753701686 0.04081158523047079 9.285515307031066
1292 0 0.01 inf 6.696930254687224 0.050825934582175436 9.232743236945828
1293 0 0.01 566226180.1552883 6.646788169373514 0.042898926111276534 9.115223236833057
1294 0 0.01 inf 6.558059879021187 0.043832575899097934 9.335612757334394
1295 0 0.01 inf 6.684030480000735 0.045557475167654994 9.247102282352008
1296 0 0.01 719469395.4809752 6.631512561942436 0.046976313877409734 9.197303202214991
1297 0 0.01 150017.41270579997 6.77745653429539 0.04608096302568143 9.124564040174985
1298 0 0.01 inf 6.802923057878758 0.040578861418303365 9.212226793145984
1299 0 0.01 inf 6.698251053812155 0.05647456848841887 9.203120096609224
1300 0 0.01 inf 6.659144626829475 0.05112049609977411 9.173142411486491
1301 0 0.01 147574.11254079014 6.702498348803531 0.04942517515066675 9.177474716257187
1302 0 0.01 inf 6.84102157837194 0.05005958211614371 9.253644353169891
1303 0 0.01 149202.52409840573 6.81471313790384 0.048539316029821034 9.177812482314579
1304 0 0.01 inf 6.620919450236117 0.05214834984772994 9.223695162754078
1305 0 0.01 inf 6.64558891376186 0.04443310420148091 9.36922275029066
1306 0 0.01 inf 6.955401270503945 0.0522032903475822 9.157332509104952
1307 0 0.01 148267.85903948394 6.724873691567936 0.04729591955880974 9.185295945674723
1308 0 0.01 268003694.20981672 6.675057995919404 0.04639948916793123 9.16857566803601
1309 0 0.01 inf 6.668458927226256 0.05487131733868309 9.190410439025936
1310 0 0.01 150399.05080599588 6.804734535786428 0.0472055158874749 9.112011202415347
1311 0 0.01 inf 6.625963589671654 0.05037301895554541 9.206422264232609
1312 0 0.01 inf 6.9206131240556 0.04881588537525163 9.456557372941573
1313 0 0.01 inf 6.601914582836765 0.03739925837970936 9.355870892348523
1314 0 0.01 inf 6.83778958157945 0.05506072168090051 9.269877729038404
1315 0 0.01 inf 6.7582692103864845 0.055123274791821227 9.251780885535199
1316 0 0.01 769340195.5175105 6.6264231836264225 0.049370731436047456 9.174548219196604
1317 0 0.01 inf 6.786239362266335 0.05400801463387669 9.129858000234286
1318 0 0.01 inf 6.7527349486138295 0.05187148020612983 9.196997318242442
1319 0 0.01 inf 6.746528484722759 0.04567588465055386 9.201215751853516
1320 0 0.01 inf 6.796566986464034 0.042171180649713064 9.24955374806577
1321 0 0.01 inf 6.5303014696849635 0.05603505340290213 9.263411066570987
1322 0 0.01 inf 6.668392921082483 0.05135922354218996 9.142414472170827
1323 0 0.01 inf 6.627331447310167 0.047925447262952905 9.201081006634414
1324 0 0.01 740009859.5692728 6.629423683336548 0.04745874533327389 9.110290789100485
1325 0 0.01 151707.9239965485 6.847231752104118 0.04540549537354869 9.104768070093002
1326 0 0.01 1351198989.1696715 6.562167639234172 0.048803786903609946 9.156856207495672
1327 0 0.01 414620378.84573936 6.661389330543464 0.045168974510475204 9.19461024334779
1328 0 0.01 1019136876.5877924 6.599993317531823 0.047171568363662944 9.169441543168727
1329 0 0.01 inf 6.615408064281836 0.04945332921926212 9.219374840959029
1330 0 0.01 152717.8537957935 6.8909282756511585 0.04428405466154529 9.110571430662668
1331 0 0.01 inf 6.809220541073161 0.04081334038359529 9.238726928812603
1332 0 0.01 1627333283.8497806 6.527992441107877 0.04650704072242327 9.077247568958104
1333 0 0.01 91954768.88907248 6.690921615544938 0.04885527431692861 9.178547541600661
1334 0 0.01 inf 6.743101695613731 0.057659871223620665 9.169688199922245
1335 0 0.01 inf 6.846635003257952 0.05528251425251604 9.235131823009095
1336 0 0.01 150226.5377989203 6.723975660085196 0.04020664173843173 9.19470250993045
1337 0 0.01 inf 6.5671366164799085 0.05392728527076012 9.235673136534304
1338 0 0.01 inf 6.683890653643133 0.051004473432463546 9.083686687737654
1339 0 0.01 433170317.5498593 6.659628828000005 0.04942654384115799 9.155931195246366
1340 0 0.01 154774.50498143796 6.8511716663793205 0.0440152233887342 8.988026570104818
1341 0 0.01 inf 6.435665165316875 0.05908606343212032 9.128747108314228
1342 0 0.01 inf 6.737193077090651 0.05185829203295376 9.189343101998361
1343 0 0.01 inf 6.837808241598423 0.05517147513857901 9.287739341586507
1344 0 0.01 inf 6.741564174833664 0.06644501500302492 9.06682065207789
1345 0 0.01 inf 6.921746091148975 0.04670128021386869 9.328019808211868
1346 0 0.01 inf 6.765850766967265 0.05372349991795266 9.23397702245788
1347 0 0.01 inf 6.7806685437053655 0.0503491996318772 9.190038924812885
1348 0 0.01 inf 6.586040998021598 0.04767628410399533 9.241568297660498
1349 0 0.01 inf 6.802803211639075 0.05286917165620126 9.249920504992728
1350 0 0.01 inf 6.780260474215383 0.05875348745998176 9.239885236106508
1351 0 0.01 inf 6.679500774874518 0.055098003684430914 9.182849556031494
1352 0 0.01 inf 6.676092129406147 0.04868045779836115 9.230240638877078
1353 0 0.01 inf 6.779494629064108 0.056401325674109125 9.102515045973492
1354 0 0.01 inf 6.827365745259511 0.04401847347596014 9.342485340313218
1355 0 0.01 inf 6.6561833867970295 0.05127236105861546 9.209179780234981
1356 0 0.01 inf 6.5793775044687575 0.04572651236387369 9.24224404994971
1357 0 0.01 inf 6.573816432041692 0.04914382254603027 9.288429554525864
1358 0 0.01 inf 6.6688812181282975 0.04916942966874397 9.257333223509848
1359 0 0.01 inf 6.78076420584181 0.05381694434918344 9.21426601318615
1360 0 0.01 inf 6.789816199034756 0.05191537473269163 9.144169768521731
1361 0 0.01 inf 6.665702882751617 0.04746235994307805 9.300194238431798
1362 0 0.01 inf 6.760239808953831 0.057503397610826866 9.172634498221736
1363 0 0.01 551195345.2141893 6.648257831030127 0.04414686414011086 9.181230074537313
1364 0 0.01 inf 6.625077345452804 0.05827358194559034 9.022138699018184
1365 0 0.01 inf 6.705529319734673 0.04721736307104128 9.333722042155454
1366 0 0.01 148516.41737668726 6.7055438874167566 0.04592379377410852 9.177316623721243
1367 0 0.01 151373.48872263404 6.8203819888107065 0.04449831991898988 9.107068600494392
1368 0 0.01 inf 6.553274922736817 0.05018212597557617 9.296059616552066
1369 0 0.01 inf 6.729974546173961 0.048407725017382684 9.236398262259868
1370 0 0.01 inf 6.673893115110885 0.04683732420573352 9.238530585301131
1371 0 0.01 inf 6.787807170538948 0.05138413048865571 8.880392527950116
1372 0 0.01 inf 6.772400482315192 0.05082429908184982 9.1652792756497
1373 0 0.01 inf 6.726382833780724 0.053387319259425685 9.166063525841833
1374 0 0.01 inf 6.711834806182716 0.05119312267209018 9.158623074910688
1375 0 0.01 325993703.4131054 6.66970295687801 0.04952901990435481 9.194825126291503
1376 0 0.01 inf 6.740920502014163 0.057560238914039746 9.023663599888822
1377 0 0.01 150829.61123022775 6.809839950958918 0.04868802883702794 9.077633806073116
1378 0 0.01 inf 6.733184177701931 0.05366330952029732 9.164515422440829
1379 0 0.01 inf 6.749736944752222 0.0492005899777792 9.25322810363941
1380 0 0.01 inf 6.626610656880559 0.050660068014947546 9.108333856184275
1381 0 0.01 inf 6.726484959991781 0.04837888319292479 9.40843322730049
1382 0 0.01 149933.56659424538 6.810350195196188 0.04536091448699188 9.175531397994192
1383 0 0.01 inf 6.827116396883768 0.05341020727360184 9.177864405729455
1384 0 0.01 150477.80346652828 6.773294590556815 0.04434171922904748 9.118403984325449
1385 0 0.01 150065.4284969878 6.746054377013612 0.0465982987076996 9.081966855963582
1386 0 0.01 inf 6.745477906587687 0.051835054546386136 9.387018849509396
1387 0 0.01 inf 6.780725260141931 0.04677517975998281 9.358906637699922
1388 0 0.01 inf 6.80637752813125 0.05436298619924506 9.086347207207012
1389 0 0.01 150928.2655943685 6.80792666135108 0.04329278741114871 9.140579919691445
1390 0 0.01 933552370.0169837 6.609230829932909 0.04986476167998803 9.190613122342727
1391 0 0.01 149058.83426771383 6.708616104203807 0.044953477825248916 9.15373860713029
1392 0 0.01 inf 6.751962538823572 0.05077143642671246 9.176763727463198
1393 0 0.01 inf 6.684625802894935 0.039454097343646855 9.340776415683262
1394 0 0.01 1268998618.8598146 6.57184264723496 0.04547490302982078 9.10503192100424
1395 0 0.01 inf 6.847202729814552 0.04534910706641443 9.209051010892162
1396 0 0.01 inf 6.662741249232915 0.04334074720293892 9.263664372857102
1397 0 0.01 1270600911.7408054 6.571655985050675 0.04691745253240926 9.192437466096354
1398 0 0.01 1847864700.4530034 6.498625071511208 0.04870766674961268 9.086372817191679
1399 0 0.01 inf 6.718788638794212 0.04762850105899474 9.319153214888427
1400 0 0.01 inf 6.559347924732346 0.050297068117215224 9.205693553559207
1401 0 0.01 inf 6.631645643907169 0.0539894712213163 9.066120669348578
1402 0 0.01 149733.60448360184 6.729023298546193 0.045202335041794 9.11183388571577
1403 0 0.01 inf 6.6139964076846045 0.05032106957781728 9.133895219501104
1404 0 0.01 152443.76348986034 6.86341353914255 0.04765500303142305 9.066809864298747
1405 0 0.01 inf 6.853842099432499 0.04195920905248808 9.21352808660826
1406 0 0.01 703710550.1297238 6.633108478793176 0.04611845639217962 9.172444276753343
1407 0 0.01 inf 6.72585288263943 0.050305462340422026 9.305182036353074
1408 0 0.01 153428.68095433514 6.848897353483033 0.04808460169185385 9.011458167548247
1409 0 0.01 inf 6.721730458699457 0.050610498273071 9.00975995819389
1410 0 0.01 153729.56900339574 6.794219985984735 0.042543057906629364 8.984091697801098
1411 0 0.01 inf 6.827591794683851 0.05709474455152558 9.148087266571725
1412 0 0.01 inf 6.736424983464271 0.052892277949820266 9.1582866485087
1413 0 0.01 698969078.7555225 6.633587427717923 0.04942505717553797 9.146270287256419
1414 0 0.01 inf 6.603040975052438 0.0515637240103473 9.222741865975205
1415 0 0.01 1154633393.6131177 6.584954370108952 0.04881078036727389 9.119720160635591
1416 0 0.01 1940346891.2332475 6.48569300986149 0.04795284381174377 9.120364270291416
1417 0 0.01 inf 6.7060044365577625 0.05100150132457514 9.190881609978389
1418 0 0.01 inf 6.599898536589638 0.05656294554275529 9.094121709238495
1419 0 0.01 inf 6.553820727055182 0.0458294313597624 9.203016360579749
1420 0 0.01 inf 6.857219284975643 0.052069411728190754 9.232288018801624
1421 0 0.01 inf 6.808332495342832 0.04769282490744346 9.212931948450748
1422 0 0.01 inf 6.688996486831749 0.05341115480147043 9.238233090023982
1423 0 0.01 inf 6.725557599028184 0.057785229456710586 9.236175414103649
1424 0 0.01 inf 6.6138587828888795 0.05241258224326584 9.147860726529686
1425 0 0.01 inf 6.490233819600424 0.05372234725653412 8.997498840613238
1426 0 0.01 inf 6.644884772186922 0.05228898776082518 9.123363740119352
1427 0 0.01 inf 6.493204545365078 0.04956626140310613 9.307285296583897
1428 0 0.01 149174.28527167777 6.700144476028908 0.04465774274479988 9.142119295782221
1429 0 0.01 inf 6.682935380000295 0.06183660381157466 9.33648955826913
1430 0 0.01 827062295.6793087 6.620457354342381 0.04456727358447775 9.137788128728934
1431 0 0.01 inf 6.830845102073179 0.05088301120860679 9.18097906233101
1432 0 0.01 inf 6.805670976611938 0.04735446311350455 9.29606381508188
1433 0 0.01 inf 6.726631216391463 0.053036630149268474 9.174656354292615
1434 0 0.01 inf 6.5440323544708265 0.05127241904978057 9.09160470247806
1435 0 0.01 inf 6.893828847818414 0.05541773200202056 9.178178433399266
1436 0 0.01 inf 6.575720661355138 0.05035624354188878 9.154769456362516
1437 0 0.01 inf 6.681744791481683 0.05369491526810945 9.242376576364245
1438 0 0.01 inf 6.6919015987154005 0.049869280512139354 9.242766104994018
1439 0 0.01 434518452.7592499 6.6595007220065305 0.04859054946349365 9.06910051154917
1440 0 0.01 inf 6.634891896834517 0.0561716775567657 9.264398937598807
1441 0 0.01 inf 6.776944118368078 0.05298712596810004 9.210272367070694
1442 0 0.01 inf 6.66408947517739 0.05270695704493238 9.107490980530113
1443 0 0.01 inf 6.765498563277488 0.046380667302472374 9.39252812719841
1444 0 0.01 inf 6.60066600713573 0.04707786625677818 9.214742894499375
1445 0 0.01 1039292706.7883314 6.597789162224131 0.04553546610771354 8.97689895663608
1446 0 0.01 125308683.33764318 6.6879604395116266 0.04380008091850289 9.121219730580929
1447 0 0.01 inf 6.8200238126936545 0.04432155093765474 9.213116596440198
1448 0 0.01 inf 6.747581519293101 0.050497275316428746 9.126672643555155
1449 0 0.01 inf 6.802983076490239 0.05650673350643568 9.08361383576728
1450 0 0.01 inf 6.703836841649207 0.052866128836711365 9.319735805773037
1451 0 0.01 inf 6.8034055018300945 0.04114582618844731 9.232335178553889
1452 0 0.01 inf 6.773042603096508 0.04829213904065924 9.34815310431609
1453 0 0.01 inf 6.593643594596483 0.0537831124989776 9.095613713127015
1454 0 0.01 inf 6.546612681424181 0.05617899937469512 9.148990634598857
1455 0 0.01 inf 6.619062756705426 0.054745170197469155 9.126129085925225
1456 0 0.01 inf 6.774518958376708 0.04709850329027734 9.38648863037519
1457 0 0.01 149323.15088923037 6.724103328204758 0.048941149591443536 9.073497360523907
1458 0 0.01 inf 6.661654182888503 0.04394951968443834 9.314496442352432
1459 0 0.01 inf 6.596238889613348 0.05264954337679449 9.124183751509625
1460 0 0.01 inf 6.643854378908557 0.043355270822425455 9.334651458450363
1461 0 0.01 inf 6.610994798733921 0.04880858992245148 9.206399230812465
1462 0 0.01 496783663.98598915 6.653537016623918 0.04794149307267038 9.19893718961994
1463 0 0.01 inf 6.762725490558892 0.05113786968210986 9.373001699607082
1464 0 0.01 inf 6.720034412906001 0.04487907280407775 9.210108034419045
1465 0 0.01 inf 6.716610723278977 0.04284549933102356 9.274552818543803
1466 0 0.01 inf 6.706229315575136 0.0546863735736213 9.14940483293259
1467 0 0.01 inf 6.63306122130964 0.053734953161552475 9.17357268682089
1468 0 0.01 inf 6.646557707647071 0.04223210263348968 9.205414959117673
1469 0 0.01 inf 6.638301164687134 0.046435820976083474 9.259840620173351
1470 0 0.01 228333889.372829 6.678683549161211 0.04942973824848015 9.08791556717987
1471 0 0.01 149039.06225864633 6.80732235970465 0.04870011383992538 9.179023493988744
1472 0 0.01 inf 6.690916095132119 0.05767607678229249 9.198478198309461
1473 0 0.01 965688667.174295 6.605785328919969 0.04487562088179515 9.192951895620386
1474 0 0.01 inf 6.788921746972285 0.051322625252059745 9.045686241249605
1475 0 0.01 inf 6.805391997640658 0.04002324920583972 9.301567663230463
1476 0 0.01 inf 6.638936307675176 0.04278224320796631 9.26664974431656
1477 0 0.01 2087146396.02356 6.464340807489529 0.04306360228705303 9.033287159961919
1478 0 0.01 inf 6.704080946094092 0.05365629015258723 9.189041112403022
1479 0 0.01 inf 6.660688417396206 0.047464118892041864 9.237522641575133
1480 0 0.01 399807852.9086827 6.66279010881785 0.04243393518969535 9.111349035815952
1481 0 0.01 148461.4557124129 6.703752287172373 0.047831342123562354 9.134960232403952
1482 0 0.01 153448.91986265322 6.774525817880737 0.046272968940978786 8.947154436834225
1483 0 0.01 149087.22665657266 6.706717271502715 0.04351575248270476 9.190219836094697
1484 0 0.01 152353.01281746384 6.814406546007787 0.03725702943350522 9.170287599357788
1485 0 0.01 inf 6.599932034573256 0.045711116523316685 9.278308356602926
1486 0 0.01 148203.7575555517 6.75142650487941 0.048811860275889504 9.184099261713483
1487 0 0.01 inf 6.623179609773635 0.05062862657468352 9.162504059387011
1488 0 0.01 inf 6.6416679428854355 0.05315833090688618 9.203475013637057
1489 0 0.01 inf 6.546829053131291 0.05516142353588945 9.25301699931812
1490 0 0.01 150548.87414386275 6.7126045990956476 0.04233961888471867 9.091674805291696
1491 0 0.01 630123508.3780471 6.640483913157613 0.04834369409342584 9.06433853609337
1492 0 0.01 inf 6.887076478322962 0.039214369145916396 9.294702805873962
1493 0 0.01 inf 6.636374030456885 0.05656492755955431 9.039910214602736
1494 0 0.01 150828.8325522123 6.717127357270781 0.04474671326924704 9.032780865788295
1495 0 0.01 inf 6.826749518490151 0.0414587627444159 9.271122188287503
1496 0 0.01 inf 6.721455591575242 0.04699278924647186 9.214645793698601
1497 0 0.01 1077632293.467787 6.593564594061656 0.04843450722480265 9.144519930626675
1498 0 0.01 inf 6.924752347187641 0.052594213409241634 9.107378179714981
1499 0 0.01 inf 6.778796072305263 0.05881263993885858 9.324693750775065
1500 0 0.01 inf 6.793435363007549 0.052420212001057655 9.29960364994724
1501 0 0.01 inf 6.606393849863934 0.042852440537337874 9.282514254952169
1502 0 0.01 inf 6.606248910966491 0.052292478817526224 8.993972476592667
1503 0 0.01 inf 6.690548342913463 0.05224352112025499 9.10452806601038
1504 0 0.01 inf 6.719988101866619 0.0475954609594876 9.218369194022747
1505 0 0.01 149623.32593057596 6.784791976438512 0.04435522291910983 9.194354867522005
1506 0 0.01 148653.15850491414 6.722270770559945 0.04737783082788691 9.146855655350626
1507 0 0.01 151648.95136163745 6.782889002302612 0.04441005083095261 9.05528259577543
1508 0 0.01 inf 6.572385966414573 0.05108093464722431 9.243136460258183
1509 0 0.01 inf 6.764803720035134 0.051490388692680994 9.323909038790685
1510 0 0.01 inf 6.550459192741184 0.051253384622594704 9.220335199180395
1511 0 0.01 inf 6.667398923844808 0.0477055113715417 9.236680835520183
1512 0 0.01 inf 6.718076504262105 0.05155022507023421 9.050406307674978
1513 0 0.01 inf 6.672861879022692 0.04316154449203097 9.222318097583772
1514 0 0.01 inf 6.613323847949647 0.044536450043293534 9.213727788315916
1515 0 0.01 1321345398.4332366 6.565706371967365 0.04704655848218082 9.182705984370008
1516 0 0.01 148808.92212426552 6.734979816758898 0.045842332196073636 9.180844781275843
1517 0 0.01 inf 6.832605257314387 0.052960783162177116 9.11723710817665
1518 0 0.01 inf 6.593495517125098 0.04870937980763925 9.321192912678404
1519 0 0.01 inf 6.586576670183139 0.0482137908138837 9.307986072330046
1520 0 0.01 inf 6.781878878023942 0.0469411298846734 9.201248180195787
1521 0 0.01 inf 6.608212172084951 0.0498280710195654 9.26865812995861
1522 0 0.01 inf 6.727410429646386 0.04721392215031925 9.290230557050645
1523 0 0.01 982477865.5762892 6.603974213890906 0.04651881107355424 9.186380344277008
1524 0 0.01 149951.56002659493 6.795051872840416 0.04733804372745531 9.127336987184188
1525 0 0.01 inf 6.683995314917453 0.04522055751749735 9.256249751797863
1526 0 0.01 inf 6.8234911394024245 0.04674464124612377 9.235880623854317
1527 0 0.01 149986.21659468126 6.792476241151793 0.04663119381334049 9.132978277131123
1528 0 0.01 inf 6.911848968504279 0.048363082993233386 9.247501308291177
1529 0 0.01 inf 6.591019673710094 0.04832759782397149 9.241806260436642
1530 0 0.01 151455.06293853966 6.789688264913531 0.04568109981474887 9.057268208681801
1531 0 0.01 59922016.686018296 6.693746819363435 0.0496832810447555 9.122523681388275
1532 0 0.01 149779.44360748018 6.741071831182474 0.04302791239592739 9.169511066551015
1533 0 0.01 inf 6.614758814953355 0.05329587404387221 9.01868296944945
1534 0 0.01 inf 6.561863450477681 0.045278401494841095 9.341568213975453
1535 0 0.01 149462.11842178548 6.740843211517864 0.04545413202036014 9.13964513581442
1536 0 0.01 inf 6.850019934607678 0.05059734488116838 9.089105384044949
1537 0 0.01 1324349307.978032 6.565351559664927 0.04842682900466222 9.181940257553297
1538 0 0.01 1006861813.432114 6.601330488520197 0.0429759420906654 9.186774510276104
1539 0 0.01 inf 6.757340765564477 0.04800227201744782 9.382720972563156
1540 0 0.01 inf 6.826681604784652 0.04858850206058682 9.243839228386102
1541 0 0.01 inf 6.4185208033046806 0.047188089504786326 9.2104325078415
1542 0 0.01 87782967.33014822 6.691290798590465 0.04821419529239035 9.015359815128555
1543 0 0.01 150361.05251212762 6.882570746838867 0.04855296211756126 9.17597264067849
1544 0 0.01 inf 6.679049928153361 0.04974198943447348 9.264355463592327
1545 0 0.01 inf 6.813606275394382 0.04794327440754961 9.289175318662178
1546 0 0.01 inf 6.726160398404514 0.051603295995487686 9.130780094344072
1547 0 0.01 inf 6.68784141547908 0.05129072667279796 9.15240351363709
1548 0 0.01 inf 6.575770121863608 0.05292983038280636 9.1520693750489
1549 0 0.01 149891.4080112508 6.766477595368317 0.04737813053768329 9.10195600474363
1550 0 0.01 inf 6.8371989997920295 0.04893367527482525 9.263867282844068
1551 0 0.01 inf 6.8012349726247185 0.047453764900413156 9.306440595437746
1552 0 0.01 inf 6.678515706666239 0.05495310062108554 9.287594382963276
1553 0 0.01 1436282561.0998483 6.551921451561167 0.04165213876716981 9.085639576338593
1554 0 0.01 151456.84499156143 6.790891101384337 0.0425811563569713 9.100764072644887
1555 0 0.01 150790.34892996424 6.923085257386608 0.04880133844865214 9.191735631394831
1556 0 0.01 639128744.7565414 6.639588080125461 0.04478257652410251 9.11869051293663
1557 0 0.01 inf 6.808098385864547 0.05014157512076626 9.30722016691759
1558 0 0.01 inf 6.789217017865054 0.056987594038744566 9.211460173474984
1559 0 0.01 150219.37625375087 6.763224368075081 0.04567409102405475 9.103489065599172
1560 0 0.01 154645852.92025778 6.685338859653443 0.048799660831522665 9.074170381325452
1561 0 0.01 inf 6.70235498465661 0.046219687217442754 9.334232159187106
1562 0 0.01 153152.65121852094 6.798318295886488 0.03857850838215198 9.067571859919154
1563 0 0.01 inf 6.818858315817779 0.0490672979595884 9.427264622292979
1564 0 0.01 inf 6.859193196769375 0.04804260364727611 9.225134717893768
1565 0 0.01 inf 6.674947738001645 0.0535832028298225 9.303596539760253
1566 0 0.01 inf 6.6633188623209465 0.048617207734289854 9.379810752534514
1567 0 0.01 inf 6.74640084167071 0.05662623847875567 9.170756694430892
1568 0 0.01 inf 6.667020338375835 0.05069147435720875 9.202483135979445
1569 0 0.01 149607.02725563457 6.738976155781343 0.04514028171185814 9.13280688908334
1570 0 0.01 152738.01424649917 6.825402553006792 0.04988383215833759 9.003439925655154
1571 0 0.01 inf 6.725776461648119 0.04769653812195395 9.329392083986594
1572 0 0.01 inf 6.808562906339391 0.04214338387124839 9.290316739185418
1573 0 0.01 inf 6.705714976085992 0.04699626019180475 9.295631038553497
1574 0 0.01 2041493657.4719758 6.471094140843088 0.04509600420352703 9.131681579512957
1575 0 0.01 inf 6.544967291882261 0.050237386738120476 9.084278456454504
1576 0 0.01 inf 6.7302477206715565 0.046809091142394815 9.279145822133579
1577 0 0.01 716597417.9546396 6.6318038370119705 0.047678441998289654 9.175808105754053
1578 0 0.01 inf 6.622425468621198 0.04704703071307359 9.237015215699605
1579 0 0.01 inf 6.804255876912751 0.05115163297932136 9.336323771853522
1580 0 0.01 1343922988.588404 6.563032762510841 0.04801605097356132 9.188407770230818
1581 0 0.01 inf 6.779696540950187 0.05314049557817614 9.304949494279139
1582 0 0.01 inf 6.668571637948513 0.05160005323348541 9.256952376864907
1583 0 0.01 204737803.2822809 6.680825787735988 0.04929376632502858 9.098134348279435
1584 0 0.01 inf 6.717345264276196 0.06328216559480994 9.223561065110044
1585 0 0.01 inf 6.871962417436615 0.04474723200162279 9.254173132141009
1586 0 0.01 1849335133.1398108 6.498422607246669 0.045012203485833534 9.064333341259509
1587 0 0.01 inf 6.673585309478571 0.04006611129412735 9.214093274438051
1588 0 0.01 148181.88536212296 6.753494056294816 0.04971355156704152 9.170760923976525
1589 0 0.01 inf 6.71936878791186 0.05945857960330775 9.27822475742224
1590 0 0.01 inf 6.548398813663488 0.05500882269469668 9.29604609934559
1591 0 0.01 152237.48130756972 6.757316204091614 0.0456347905650484 8.98650832953835
1592 0 0.01 149413.08540794262 6.720221497063731 0.0433282239935826 9.175478200354258
1593 0 0.01 inf 6.766374987769434 0.053027988015908564 9.279633591766023
1594 0 0.01 149786.90532801556 6.725017226289185 0.048165742605054275 9.056083001335104
1595 0 0.01 inf 6.645007814207291 0.05344505815025642 9.30502633993803
1596 0 0.01 inf 6.604070110640928 0.05327769060193736 9.267177799558835
1597 0 0.01 150491.02594613098 6.734010396999771 0.04415099248142029 9.081547614393905
1598 0 0.01 inf 6.707545880472939 0.05012101965838088 9.178397842826922
1599 0 0.01 inf 6.728945697450181 0.053367423363111566 9.168334039583433
1600 0 0.01 inf 6.795365617077878 0.04959278746467172 9.296607510473214
1601 0 0.01 inf 6.668903747690209 0.053299820368750736 9.055246857899862
1602 0 0.01 inf 6.597255992454208 0.05180421806529557 9.328462929982658
1603 0 0.01 149525.65007817186 6.712670592365285 0.04332181600210118 9.157078582175862
1604 0 0.01 139818062.79170847 6.686665884441353 0.04648348289027692 9.064057278047308
1605 0 0.01 1957235660.4432764 6.483289319965393 0.04974516375712995 8.992447446685116
1606 0 0.01 inf 6.757720138139646 0.0446448550370878 9.26594410281533
1607 0 0.01 472082195.13084954 6.655912652694933 0.048971396055754186 9.181328311546629
1608 0 0.01 154363.7382583749 6.735820802992752 0.032756339234368825 9.053406233549634
1609 0 0.01 inf 6.704997508507371 0.05059758466616346 9.192294775066328
1610 0 0.01 544818367.2628171 6.648880154346854 0.0398327974721525 9.033227852671171
1611 0 0.01 inf 6.665859851325805 0.05116359238208376 9.256209972324088
1612 0 0.01 85080741.7681469 6.691529609191768 0.04751271854796083 9.0417758950734
1613 0 0.01 inf 6.541697197197505 0.04893286139936995 9.297186220764084
1614 0 0.01 inf 6.6828176837742 0.04962825075576686 9.294281765068868
1615 0 0.01 inf 6.74292292047096 0.05874562711285082 9.262253638609963
1616 0 0.01 149478.73967615928 6.787267453113735 0.046935385885762106 9.157165280988048
1617 0 0.01 inf 6.712751231864145 0.06025683270914877 9.261170981190778
1618 0 0.01 inf 6.836655047172685 0.0506670890741611 9.060466331323813
1619 0 0.01 1261351270.38128 6.572731930946637 0.04304777161452853 9.127610565169675
1620 0 0.01 154448.67699078275 6.870190932498138 0.04481512804917401 9.014198453979002
1621 0 0.01 inf 6.720330003298734 0.05183276303878388 9.190798960037148
1622 0 0.01 inf 6.741859124649719 0.04526377214562985 9.23160012454064
1623 0 0.01 154800.87546145543 6.909623865232794 0.042848841882117905 9.052931708698738
1624 0 0.01 inf 6.8150663146099975 0.05697466923661144 9.164372190171223
1625 0 0.01 149263.07116558176 6.710615489424131 0.04361680707397091 9.172540549132322
1626 0 0.01 693562595.1615839 6.634133144073935 0.045584103197683475 9.08815207311706
1627 0 0.01 inf 6.756899254450453 0.05218422345487862 9.051754289992932
1628 0 0.01 inf 6.702321322663201 0.050846031184901885 9.106039188048443
1629 0 0.01 707580158.3614792 6.632717179886267 0.04664641078583656 9.124852635396069
1630 0 0.01 inf 6.838138415905193 0.052627607836085326 9.21406231161218
1631 0 0.01 inf 6.628374203254 0.04744445927497119 9.380057955340005
1632 0 0.01 inf 6.8465462681380345 0.060568673326254985 9.11648985949375
1633 0 0.01 153258.77325439622 6.829153505241848 0.04751271562206916 9.001262372481076
1634 0 0.01 inf 6.762090927238546 0.04701029223397735 9.248257420266606
1635 0 0.01 inf 6.643586336014025 0.048787571367045916 9.211929994982638
1636 0 0.01 inf 6.73535980454933 0.050822446779983974 9.250532954232655
1637 0 0.01 inf 6.652034651703907 0.05275688668886295 9.201074561142288
1638 0 0.01 inf 6.682097275311472 0.05152620276134081 9.358974077420969
1639 0 0.01 149799.20367899782 6.713684846680532 0.04444111676697679 9.106912597628048
1640 0 0.01 inf 6.6326665995831835 0.04803854235481443 9.322314582631522
1641 0 0.01 154086.28977098508 6.786660434639709 0.034916017847240556 9.067218331764856
1642 0 0.01 inf 6.671618001670484 0.053164247371346306 9.215366455060764
1643 0 0.01 149559.53467763643 6.7552682422150125 0.049538658904587536 9.082394927813246
1644 0 0.01 inf 6.62732992335949 0.045321973739354315 9.354702277417987
1645 0 0.01 148836.75872146853 6.748608562681541 0.0470517503332105 9.164838994900158
1646 0 0.01 inf 6.68866383472266 0.04781657652502078 9.255061089309633
1647 0 0.01 inf 6.784366619778409 0.059140113016463686 9.088745202394112
1648 0 0.01 153853795.34184363 6.685410051951694 0.047259535550510975 8.954656833402762
1649 0 0.01 inf 6.676799061534039 0.05223277028104902 9.39214629221914
1650 0 0.01 inf 6.6835525310126975 0.05062618734613803 9.111198285281356
1651 0 0.01 inf 6.593687636149486 0.04553770887221965 9.244934620163587
1652 0 0.01 inf 6.59599199149123 0.04441903851207415 9.322201143810876
1653 0 0.01 inf 6.9063439340760615 0.05396209485391068 9.077711626905755
1654 0 0.01 150898.95745578117 6.793740002507574 0.04753072979784684 9.06975229981885
1655 0 0.01 149837.6546318918 6.7301563247822385 0.046409248193561244 9.084005075925704
1656 0 0.01 494928037.83857167 6.653716223599413 0.03918610258419098 9.155503501350823
1657 0 0.01 150899.6472455493 6.80924950752374 0.04586252826977563 9.105070862289677
1658 0 0.01 inf 6.880083507132397 0.05420884863786305 9.263475944874758
1659 0 0.01 inf 6.787391704929772 0.05677681846131835 9.14910259472613
1660 0 0.01 inf 6.65727492593118 0.05096945348189192 9.3125457121252
1661 0 0.01 inf 6.775448267298621 0.0545468580196756 9.07120305302522
1662 0 0.01 inf 6.61333148684489 0.051813482237194765 9.133664006215971
1663 0 0.01 inf 6.7622441867922465 0.046142409093822466 9.214549452109623
1664 0 0.01 inf 6.799828004594854 0.04343052015129105 9.227803628183759
1665 0 0.01 inf 6.727654563931935 0.05197515363693247 9.2771703966686
1666 0 0.01 inf 6.730044200162637 0.05735751132960756 9.117925786428685
1667 0 0.01 148594.5978246016 6.700346752478569 0.048984243421368395 9.09915938038731
1668 0 0.01 inf 6.80494085062099 0.06210102990470321 9.143603611070915
1669 0 0.01 454326765.2643754 6.657612375765952 0.04651044290375936 9.141385325112275
1670 0 0.01 inf 6.536752809529147 0.04563125143449738 9.245975443667058
1671 0 0.01 inf 6.8353972821506455 0.05096704032454152 9.2317928627096
1672 0 0.01 inf 6.66402079224643 0.05207362312805248 9.29222683837069
1673 0 0.01 961040167.4667298 6.606285290352081 0.049919279815013956 9.181612377918546
1674 0 0.01 inf 6.687578841081647 0.05023071646005971 9.27707468099971
1675 0 0.01 inf 6.62718843572207 0.05070088566645909 9.205084094350303
1676 0 0.01 148795.57556446467 6.77907284186459 0.04829412466027058 9.174969697072232
1677 0 0.01 240503272.13117978 6.677574666753352 0.044662565983404214 9.09727291356489
1678 0 0.01 inf 6.570808728893735 0.04683418047344144 9.200771380226689
1679 0 0.01 inf 6.708523370866289 0.046952910671587765 9.213713940052859
1680 0 0.01 inf 6.779468356147616 0.050636324662855156 9.249028517198802
1681 0 0.01 inf 6.630057759601477 0.052078337816417325 8.934635195069356
1682 0 0.01 152518.84446685095 6.716263628791293 0.03847307739438682 9.02963693334948
1683 0 0.01 inf 6.579503077620278 0.04686182728749731 9.304080411859811
1684 0 0.01 inf 6.697394097325474 0.044284927006652916 9.2194201423929
1685 0 0.01 inf 6.6028367931092085 0.04747986071043906 9.215192311513958
1686 0 0.01 inf 6.717293305574339 0.05359131151739723 9.231658807702303
1687 0 0.01 1312992964.1007721 6.566691445208416 0.04489444054030101 9.083463566298331
1688 0 0.01 159800.25979133346 6.952282017089363 0.04856730360613708 8.938706561949086
1689 0 0.01 458262529.98878366 6.657236303289747 0.04359925675411931 9.1156324538822
1690 0 0.01 inf 6.496022319669881 0.046148189944721175 9.203656370169568
1691 0 0.01 inf 6.593639863876518 0.05199732628131531 9.253621802971454
1692 0 0.01 150020.58784883065 6.7495112555390495 0.04242417388292635 9.171738618183321
1693 0 0.01 inf 6.561990287394604 0.041773862203087514 9.240884056903676
1694 0 0.01 inf 6.698728739788455 0.04838478162983995 9.252202398089386
1695 0 0.01 inf 6.775275433952184 0.04345042054062644 9.279486947844838
1696 0 0.01 inf 6.6020952568982665 0.05085208012253266 9.069970196936502
1697 0 0.01 inf 6.822579957026572 0.05117062263673379 9.356079781373005
1698 0 0.01 inf 6.771350184036224 0.05448873018826317 9.292011203417028
1699 0 0.01 inf 6.9029908698376845 0.05360887765424837 9.239821991706753
1700 0 0.01 inf 6.880188507851484 0.05132664441738881 8.932149964588715
1701 0 0.01 inf 6.674911461014982 0.05204651534650375 9.144298500493047
1702 0 0.01 inf 6.7688731448453625 0.039196927036565535 9.273603873385989
1703 0 0.01 151905.75827610024 6.737559935026992 0.04508576526865781 8.988512272704268
1704 0 0.01 inf 6.6800751310089135 0.04748265611487864 9.257985326895339
1705 0 0.01 inf 6.781189503593181 0.04852082521338449 9.285665430584809
1706 0 0.01 inf 6.81508870875273 0.05384228821213486 9.169845058225365
1707 0 0.01 148199.67669323165 6.778512793208991 0.049635156984361474 9.195816309753676
1708 0 0.01 inf 6.717371865240182 0.052460619047055644 9.197360839750875
1709 0 0.01 476996592.85690045 6.655441129622699 0.04764546926888694 9.128676025763218
1710 0 0.01 inf 6.7648844222143465 0.05237910937529107 9.21202244668628
1711 0 0.01 inf 6.675483783402569 0.058140023598775924 9.28298934620747
1712 0 0.01 inf 6.69886812315225 0.05114176712348208 9.153000655401975
1713 0 0.01 inf 6.536236490870656 0.055581960207433494 9.161231160528168
1714 0 0.01 inf 6.696840665451477 0.04655936278311941 9.21034405859444
1715 0 0.01 inf 6.81337830307908 0.05824714022090012 9.10848222731126
1716 0 0.01 inf 6.77184376650785 0.044776821125846786 9.216897364432732
1717 0 0.01 617495069.0895547 6.641737180495547 0.0434634650423465 9.1345662426882
1718 0 0.01 inf 6.808425128098418 0.05074310996009299 9.029596369324107
1719 0 0.01 inf 6.778105675897972 0.05346709063528566 9.184694965101476
1720 0 0.01 inf 6.81926893354804 0.049944211975914754 9.207538365791242
1721 0 0.01 149789.50424172584 6.715506208977177 0.04934190549078555 9.031662966914737
1722 0 0.01 inf 6.620705035214463 0.05088079774943659 9.317451377645206
1723 0 0.01 150859.77664762596 6.718120706820953 0.042808453385968795 9.064180904496146
1724 0 0.01 inf 6.736548026189802 0.04367134139625432 9.272977711173647
1725 0 0.01 inf 6.9928283515947856 0.04605823530649685 9.24682604876653
1726 0 0.01 148414.7411886737 6.715354393921586 0.04791229165927538 9.14881389551086
1727 0 0.01 148013.5729268117 6.705441144578155 0.04860921789990972 9.158717031420158
1728 0 0.01 inf 6.652337689639551 0.04945017269921331 9.259017427493635
1729 0 0.01 inf 6.589239839371361 0.04626695222807517 9.21171583867283
1730 0 0.01 150701.55170014576 6.721947860173573 0.043022759554648175 9.075282664186568
1731 0 0.01 149995.3770600843 6.776006773403507 0.04645423095184325 9.1186404687426
1732 0 0.01 153119.24509563734 6.774278310474731 0.03963679315104067 9.028801281248045
1733 0 0.01 1560752689.3557932 6.536482292409958 0.040303889264115864 9.091989373605642
1734 0 0.01 5114427.426785553 6.698538421439433 0.04800953622055321 9.156325798050958
1735 0 0.01 inf 6.778733033307379 0.05207052213212335 9.062969483790884
1736 0 0.01 inf 6.664095510430721 0.0489654670354054 9.20580660230753
1737 0 0.01 inf 6.851291118340779 0.04233833762679181 9.221538391860024
1738 0 0.01 inf 6.631972299192198 0.039644505655002944 9.208446683790172
1739 0 0.01 97862296.67048974 6.6903986372227155 0.04826665812446419 9.133435576896428
1740 0 0.01 1840400862.8860364 6.499652490437058 0.04363756836638846 8.970070459828221
1741 0 0.01 inf 6.853344488790693 0.050671761066752544 9.15234322683876
1742 0 0.01 inf 6.862578024471589 0.04962748242319834 9.301794499218703
1743 0 0.01 712866689.0147659 6.63218189492603 0.04917994378059068 9.1565607540278
1744 0 0.01 1751589744.9272816 6.511690449941393 0.04995767888653646 9.099222208649213
1745 0 0.01 inf 6.676171049013391 0.05099418871525537 9.229949266574314
1746 0 0.01 148986.74429324231 6.728981067579307 0.04463758498521539 9.18941600474593
1747 0 0.01 inf 6.717469505153008 0.0543197085155576 9.12199069123944
1748 0 0.01 inf 6.612636183628838 0.048742389818851976 9.212949690638771
1749 0 0.01 inf 6.653031663811581 0.05738726249395144 9.058681518811582
1750 0 0.01 inf 6.696944114360733 0.05094659887775582 9.182062912138676
1751 0 0.01 inf 6.658410273190898 0.04434826511848006 9.319531324521954
1752 0 0.01 inf 6.735445512082433 0.05491143554186373 9.085939127868725
1753 0 0.01 149105.44083785545 6.752725358074439 0.048580715600494345 9.121743995967979
1754 0 0.01 inf 6.794754555693784 0.04921712603147268 9.2576293568959
1755 0 0.01 124216031.2571893 6.688057938088448 0.03706115447582741 9.151004785136745
1756 0 0.01 inf 6.724323218090209 0.05836943293443726 9.101820306403997
1757 0 0.01 inf 6.858829941295001 0.045281640323010484 9.229755199757669
1758 0 0.01 148603.93430843137 6.738067224916741 0.04974120938768725 9.123684920348827
1759 0 0.01 inf 6.512111862633076 0.05627713442008213 9.222916664795996
1760 0 0.01 inf 6.754775701196947 0.05026948366551139 9.285944082767921
1761 0 0.01 inf 6.743503303381937 0.056996139208300094 9.171567293932824
1762 0 0.01 1044094817.152323 6.597262102590487 0.045929026150764656 9.146814340135839
1763 0 0.01 inf 6.916070233692149 0.04347387720661907 9.203311719462326
1764 0 0.01 243511335.49994007 6.677299990888455 0.0469363942467571 9.16052755213777
1765 0 0.01 inf 6.713337568866894 0.050175261194722084 9.162020882758386
1766 0 0.01 1127706674.7404885 6.587985049710903 0.043715107765880806 8.996124037250366
1767 0 0.01 inf 6.6267970704421995 0.05472096639982604 9.140524975664746
1768 0 0.01 inf 6.754070529920469 0.05616568350563271 9.12904657724975
1769 0 0.01 1067886619.7764459 6.594642553995295 0.04329506504824573 9.033295385649424
1770 0 0.01 inf 6.782480911936053 0.04876231539597659 9.241014170351354
1771 0 0.01 inf 6.62133387493274 0.04898472968669661 9.236068808541308
1772 0 0.01 148364.4321224264 6.714166406713056 0.04662937258501716 9.182146701172613
1773 0 0.01 inf 6.702863028365321 0.0519381158822187 9.237611332041038
1774 0 0.01 110489736.16710816 6.68927847490047 0.04955938661259529 9.155759982221461
1775 0 0.01 inf 6.672994043551838 0.05373639146759689 9.197496886511171
1776 0 0.01 inf 6.660915458898661 0.046271680221291134 9.337331205988406
1777 0 0.01 inf 6.797121444796552 0.057365678418213994 9.05666812050764
1778 0 0.01 inf 6.670322603910478 0.04355966193170014 9.361961832032339
1779 0 0.01 inf 6.720745665274421 0.04610467800089144 9.312172366807676
1780 0 0.01 149898.4680666096 6.767194259159978 0.04679992668095984 9.110799716619557
1781 0 0.01 152136.19440839996 6.732301263207904 0.03816871911989836 9.08193948914613
1782 0 0.01 inf 6.787429649152174 0.05007167083123834 9.272409128758316
1783 0 0.01 151090.29324584414 6.791067828067197 0.044276983959793015 9.097630463829937
1784 0 0.01 698119668.479497 6.633673220449229 0.048220420943569334 9.142193901513608
1785 0 0.01 inf 6.567637217952632 0.04672471036239334 9.219492011413447
1786 0 0.01 inf 6.9091982542726065 0.041927175961355735 9.27750182452114
1787 0 0.01 inf 6.7644913526746775 0.04525956365861795 9.246863843824203
1788 0 0.01 inf 6.628883751788583 0.05510429653910467 9.198210960983834
1789 0 0.01 298060333.64330405 6.67229090246225 0.04819179491371009 8.992934368452216
1790 0 0.01 inf 6.7268630762067465 0.05095977884245094 9.197214276840368
1791 0 0.01 149730.69055961684 6.71380521883285 0.04809798297649065 9.04925039892636
1792 0 0.01 inf 6.556614493262146 0.05940710292321439 9.031588919091629
1793 0 0.01 inf 6.6716993109357245 0.0573498494005581 9.301355332000695
1794 0 0.01 inf 6.7711685918623425 0.05879005023380144 9.238010071910288
1795 0 0.01 inf 6.712163766914364 0.048819683856098986 9.228452791146974
1796 0 0.01 152919.06693194096 6.844340775719119 0.04741671257068064 9.030161781507754
1797 0 0.01 inf 6.874046352598781 0.0478984378647292 9.213578725032294
1798 0 0.01 inf 6.677212042019505 0.05703526750249201 9.257242953714977
1799 0 0.01 inf 6.811124850277747 0.040092358034722816 9.227682949886045
1800 0 0.01 inf 6.836970733952691 0.05305595047860734 9.223469365086242
1801 0 0.01 153699.43451370322 6.849946964725944 0.04551587985165316 9.017856497177375
1802 0 0.01 inf 6.605712398510632 0.059351871777977426 9.103043969293388
1803 0 0.01 inf 6.758616602526606 0.03591827879934381 9.230267339857646
1804 0 0.01 inf 6.783312414038469 0.04820340754123861 9.257309174302332
1805 0 0.01 inf 6.669209626635501 0.05045940486703654 9.080685897330625
1806 0 0.01 295706817.05915827 6.67250808458203 0.04972565207329601 9.069470272857815
1807 0 0.01 inf 6.759310664532934 0.0435553346156138 9.363503721276373
1808 0 0.01 748597390.064648 6.628547274351526 0.04787070259489723 9.185388502821796
1809 0 0.01 inf 6.555701467534924 0.048158264332503524 9.235435090945659
1810 0 0.01 inf 6.7039483110307785 0.052172598092818774 9.202162108166023
1811 0 0.01 inf 6.74512918847874 0.047184428590099664 9.253888852177102
1812 0 0.01 inf 6.785074050653433 0.060461927194243724 9.112900058869002
1813 0 0.01 150979.2796780796 6.738294818491083 0.042798764786069886 9.076161608518323
1814 0 0.01 inf 6.8182901388778285 0.04810032402705612 9.218013082804953
1815 0 0.01 inf 6.673951349326736 0.041271565344349864 9.284350345986114
1816 0 0.01 inf 6.805451367211078 0.052510202454793396 8.973509020763935
1817 0 0.01 1361178400.3096988 6.56097830156291 0.048039702659638556 9.14977472121003
1818 0 0.01 inf 6.661486934489837 0.049477952084662255 9.210892109495543
1819 0 0.01 inf 6.6457152404923185 0.05323988449184236 9.079184828082273
1820 0 0.01 1102169043.4612203 6.590839404376523 0.04878720903756384 9.118053675683576
1821 0 0.01 inf 6.696170334109936 0.04921396492006805 9.24155866863954
1822 0 0.01 inf 6.624627816720885 0.05320321111236561 9.034689715117976
1823 0 0.01 151324.07061570243 6.713005446224645 0.043190756094768454 9.02160101755182
1824 0 0.01 inf 6.576906269495473 0.04786163207718362 9.33159316981212
1825 0 0.01 inf 6.6307184128184735 0.045889408791736475 9.213476848047641
1826 0 0.01 inf 6.6982540997654105 0.04532734959608853 9.255904631714547
1827 0 0.01 inf 6.67012374195221 0.053831832368272874 8.839410083644317
1828 0 0.01 inf 6.768744041941943 0.045753675345824335 9.250295973572035
1829 0 0.01 152441.32549180626 6.742908114968384 0.04053375949813507 9.024002145798464
1830 0 0.01 inf 6.750569710378935 0.053921422321165445 9.195957540744532
1831 0 0.01 inf 6.581931055408367 0.053973349931180026 9.25336218050299
1832 0 0.01 150269.52618603685 6.855947020276135 0.046373786287701516 9.182317665081193
1833 0 0.01 inf 6.937654038736924 0.052686267667247155 9.224860994531415
1834 0 0.01 674408698.5963961 6.636060284345795 0.04916964044701572 9.132116353769526
1835 0 0.01 inf 6.76233740463782 0.057019944593198334 8.978949911424216
1836 0 0.01 inf 6.588924180754682 0.04499302003019795 9.273280369064382
1837 0 0.01 149805.58911964935 6.713891824412774 0.04778217788350364 9.04903747922137
1838 0 0.01 152992.23881103584 6.869245263081138 0.04425576034094117 9.076549175978446
1839 0 0.01 inf 6.830348656013206 0.058017207800159495 9.406014814163356
1840 0 0.01 316656453.5906216 6.6705697425395805 0.04764241331821782 9.146128146037674
1841 0 0.01 inf 6.6663239349206584 0.05224386430684321 9.04874110432506
1842 0 0.01 150399.3839226765 6.732191562427281 0.04128965976349152 9.150107128902143
1843 0 0.01 inf 6.6978331948038035 0.053903133686500994 9.271565253483192
1844 0 0.01 inf 6.613485391267375 0.05147405205457134 9.022221056148272
1845 0 0.01 inf 6.597511280550794 0.05378724040196177 9.065328417732436
1846 0 0.01 283534664.23555654 6.673630279409981 0.04866546124211826 9.122246437322548
1847 0 0.01 inf 6.612082907684397 0.0562353827622643 9.279645754022981
1848 0 0.01 inf 6.793981425154032 0.045183075625813515 9.202651139178505
1849 0 0.01 inf 6.693180553295158 0.041226593179113404 9.2056939750804
1850 0 0.01 148691.67463198263 6.774765148916461 0.04993948775813187 9.151289054310224
1851 0 0.01 inf 6.588650063831093 0.04320541319972298 9.211091574331574
1852 0 0.01 inf 6.632646732380389 0.03943325789089776 9.33215589050811
1853 0 0.01 inf 6.861695836784398 0.05408675851749594 9.256100938784856
1854 0 0.01 inf 6.738899163783148 0.051216106782373594 9.15278829380525
1855 0 0.01 151557.43073979524 6.765935201519073 0.041333665261995035 9.090625956278974
1856 0 0.01 inf 6.698103382387759 0.052936159457413146 9.166261551188176
1857 0 0.01 inf 6.770650176950184 0.053347133549568534 9.076162381002483
1858 0 0.01 inf 6.757550776732447 0.04738063015804451 9.25540463199744
1859 0 0.01 153250.37842812587 6.865692582427903 0.04234703055887242 9.079661922401419
1860 0 0.01 149359.36863153076 6.792871701217925 0.04550041478850021 9.198951014472069
1861 0 0.01 151063.60951788476 6.719798087409423 0.04616191286285121 9.002707412343494
1862 0 0.01 556611596.1422129 6.647728754453216 0.04747453442944968 9.117588862162922
1863 0 0.01 572371882.5093701 6.646185778562273 0.04575992042435547 9.05357641799778
1864 0 0.01 inf 6.663908982235256 0.048982464730322466 9.215811412890082
1865 0 0.01 inf 6.604310351970028 0.049987001207353346 9.281570700785108
1866 0 0.01 148610.24726748862 6.764049004223766 0.04836467971801555 9.172766220367926
1867 0 0.01 748788424.4647677 6.628527729260276 0.0494429100575738 9.170678303860456
1868 0 0.01 151741.13485441406 6.855557630824869 0.04826086531633645 9.084453044366175
1869 0 0.01 inf 6.871697934754164 0.0523125589563712 9.160086444465964
1870 0 0.01 inf 6.761780973559212 0.04554370516993515 9.312811919832422
1871 0 0.01 inf 6.549890223343182 0.04422247229955008 9.327067178920796
1872 0 0.01 152404.0980204537 6.885569180773699 0.04747930342711388 9.091912520178427
1873 0 0.01 154096.3055667672 6.872726540472312 0.040484922026548256 9.066004910649776
1874 0 0.01 inf 6.728932395705874 0.058448107698772137 9.086382449999942
1875 0 0.01 1820403033.6633885 6.5023923867158535 0.04276032891521215 9.06227948117102
1876 0 0.01 111269174.21334918 6.689209392489455 0.04597950040954677 9.086663303144205
1877 0 0.01 2073691039.9662654 6.466341903620663 0.04727142965196679 9.199861341033046
1878 0 0.01 inf 6.707947239307915 0.04504383477418583 9.266153541708158
1879 0 0.01 inf 6.718136193447354 0.04979649355415197 9.298936605895081
1880 0 0.01 inf 6.612680889138069 0.04731442084384899 9.301710633477539
1881 0 0.01 inf 6.629124154950395 0.05400528064494694 9.244749222867446
1882 0 0.01 inf 6.5136604115112755 0.05316428596994639 9.165884381777923
1883 0 0.01 inf 6.629073559095765 0.054732466234870575 9.084225494679421
1884 0 0.01 761019921.6311039 6.627276762821584 0.04235895912468079 9.035848986183519
1885 0 0.01 inf 6.614608976487587 0.0557372519058861 8.994731465862419
1886 0 0.01 1793288607.350376 6.506080171144682 0.03919684630463943 9.076200225108652
1887 0 0.01 149634.28985878508 6.717946592932921 0.04649328608733804 9.084441407493967
1888 0 0.01 inf 6.765506762720291 0.055157642132226514 9.063976623612877
1889 0 0.01 inf 6.663599571606668 0.04807303174109191 9.349996966284184
1890 0 0.01 inf 6.846604338623685 0.05768465220186318 9.300274397173146
1891 0 0.01 inf 6.861327795895533 0.050893439884072286 9.072872320957805
1892 0 0.01 inf 6.649983905658061 0.05201115407281709 9.198437740089387
1893 0 0.01 inf 6.644537077143032 0.05303595611368194 9.053771177037362
1894 0 0.01 152074.7211944923 6.882209684295103 0.04607652951592097 9.114868583817973
1895 0 0.01 inf 6.727184993636121 0.05092977536046892 9.155760150863797
1896 0 0.01 inf 6.6750845793463585 0.055368887526317315 8.859087971314766
1897 0 0.01 inf 6.807545497826802 0.044211497065258155 9.34551208367329
1898 0 0.01 inf 6.630399148153579 0.04239860296707664 9.228185993388967
1899 0 0.01 inf 6.5259881651592275 0.06230330437168847 9.104305246039585
1900 0 0.01 inf 6.5252291519135674 0.04738237398199596 9.213169121323384
1901 0 0.01 inf 6.558741441665814 0.054102024859223566 9.162715230174477
1902 0 0.01 21920246.09544081 6.697074801001389 0.04522126008552731 9.19637301643694
1903 0 0.01 796968531.4091637 6.623577958856994 0.04621441402648228 9.1155210167086
1904 0 0.01 inf 6.584521596482214 0.05135150320160876 9.12066289027811
1905 0 0.01 152771.2124278199 6.7795913825790075 0.03810246686885816 9.08277743736944
1906 0 0.01 inf 6.7603806253896535 0.04362280378323463 9.318221308985644
1907 0 0.01 150753.54650315348 6.765993867020964 0.04544524309843074 9.076049355572085
1908 0 0.01 153692.37649060355 6.821588449352096 0.04610481307227191 8.985941420630617
1909 0 0.01 inf 6.733445101908017 0.0578855284468002 9.114610803181174
1910 0 0.01 inf 6.646383377697621 0.05027221555910963 9.186084189014576
1911 0 0.01 inf 6.687180779234484 0.048276708023284313 9.342471636405255
1912 0 0.01 inf 6.672310295252146 0.0467657637716092 9.343010046692983
1913 0 0.01 inf 6.6729026465233 0.04688572388934092 9.22650755962546
1914 0 0.01 inf 6.625591267596871 0.05346048948778653 9.058807160985888
1915 0 0.01 inf 6.652449411253189 0.03866697942567976 9.234678631563717
1916 0 0.01 148893.80046179917 6.7495158563240265 0.04904235030320382 9.125889646105062
1917 0 0.01 150228.45445003326 6.786207795638051 0.04233331909920054 9.192223751497535
1918 0 0.01 inf 6.7669187585491555 0.042803145109347907 9.358432301249431
1919 0 0.01 1512672574.3365417 6.542510953463135 0.048966129571948395 9.180112908727715
1920 0 0.01 148217.2832218423 6.702839817162429 0.04616078877281356 9.198811986743173
1921 0 0.01 inf 6.5798347740134595 0.0395569589937371 9.307211205205277
1922 0 0.01 inf 6.750666092205618 0.05458902153865077 9.148385204944848
1923 0 0.01 inf 6.732040220014867 0.050225060910704444 9.108154494334508
1924 0 0.01 151646.16858699173 6.847402421255301 0.049345513891539884 9.072058679998687
1925 0 0.01 149143.58164416044 6.726887563654836 0.043996140906207605 9.189825301332846
1926 0 0.01 inf 6.709012208923416 0.03935243250374239 9.366527747269224
1927 0 0.01 inf 6.75556637843033 0.047133261816176525 9.225739550457561
1928 0 0.01 1093220173.2487876 6.591835347480345 0.047464342947499884 9.11335615712986
1929 0 0.01 inf 6.924536581366372 0.04604399587768275 9.232827496377393
1930 0 0.01 inf 6.931267617322878 0.04763421814070926 9.311525485854288
1931 0 0.01 150818.1012060023 6.699979193996835 0.04236929135323236 9.057608151870815
1932 0 0.01 inf 6.789257711489426 0.05460436427429467 9.122043393489388
1933 0 0.01 216541475.40325058 6.679755526737135 0.04995762224843734 9.045445478015411
1934 0 0.01 inf 6.625931482516072 0.05630832704225976 9.045693110861345
1935 0 0.01 inf 6.611209228890704 0.05547757932376277 9.181615968338154
1936 0 0.01 inf 6.501865524285663 0.05504088298874101 9.193163554219558
1937 0 0.01 inf 6.808522125071534 0.05097891819816465 9.36276310647455
1938 0 0.01 786335070.1281449 6.62467521092764 0.04671782403806679 9.173845333796601
1939 0 0.01 inf 6.759407299819129 0.05552340134778983 9.243486814552291
1940 0 0.01 inf 6.761699080190744 0.05370488181616571 9.205927731246414
1941 0 0.01 inf 6.468563611028223 0.055569959312442886 9.174912936583228
1942 0 0.01 365056990.469486 6.666058226876083 0.04848834067459915 9.16340225764285
1943 0 0.01 inf 6.7128404505821075 0.044648482665805594 9.308214461990014
1944 0 0.01 inf 6.845828951004633 0.05825947115587446 9.281390589124943
1945 0 0.01 inf 6.671479525889787 0.04846726351177065 9.263521425073721
1946 0 0.01 inf 6.656696621839503 0.05371843828516373 9.013458079673006
1947 0 0.01 inf 6.505507517317506 0.052674080170694394 9.19927467105784
1948 0 0.01 inf 6.891256011740996 0.055295374165264304 9.287175915355881
1949 0 0.01 inf 6.746735718207073 0.0534491849680651 9.394093004674831
1950 0 0.01 inf 6.7079341084715045 0.0521609487181049 9.26474649670856
1951 0 0.01 inf 6.599610148023611 0.04383040431979145 9.320515194816151
1952 0 0.01 inf 6.622881458990986 0.04402251228381604 9.305430542825151
1953 0 0.01 inf 6.779708546617691 0.053061770649753634 9.175709808145369
1954 0 0.01 inf 6.784865267367757 0.05459790495797746 9.193194566403676
1955 0 0.01 inf 6.776900283689653 0.058132306020404534 8.956067334610363
1956 0 0.01 2554454348.5894623 6.38840207854151 0.041875292835195026 9.13849295157467
1957 0 0.01 inf 6.830100237726783 0.054018985312455345 8.999032401285437
1958 0 0.01 576884761.4237201 6.645742844293312 0.04748132338951076 9.073140104040606
1959 0 0.01 inf 6.719320181641699 0.05766249384885718 9.07403667128904
1960 0 0.01 inf 6.841438885578802 0.05712956361586401 9.068601529357725
1961 0 0.01 inf 6.926934150176865 0.047204343340115584 9.270643425854876
1962 0 0.01 inf 6.839366418429327 0.05010368693109261 9.111424797784634
1963 0 0.01 inf 6.803469500215054 0.05816814968511875 9.19363959121332
1964 0 0.01 149059.2108804225 6.773163961126045 0.047290595423410665 9.167359584555918
1965 0 0.01 196674642.98964745 6.681555514338753 0.04535148281197713 9.086099300388645
1966 0 0.01 153895.983555234 6.917431790648052 0.042776846748228535 9.097960221395574
1967 0 0.01 inf 6.666476169884965 0.05882333034874298 9.206734024908377
1968 0 0.01 inf 6.763262332465068 0.0488022360738973 9.229339337796125
1969 0 0.01 inf 6.711510156324481 0.0432478099379013 9.245356012788312
1970 0 0.01 inf 6.6000411869275455 0.05221269228071258 9.24819936761346
1971 0 0.01 inf 6.74311305564703 0.05559735685795049 9.165194689325213
1972 0 0.01 67647264.34686787 6.693067322346192 0.042208039565199175 9.13662333617791
1973 0 0.01 461126829.0535034 6.656962161362937 0.04958412816997614 9.13442828569941
1974 0 0.01 inf 6.708321940582116 0.05524539360094385 9.356867728585708
1975 0 0.01 inf 6.764485249476206 0.05113936954564908 9.078857248067694
1976 0 0.01 149620.49125912954 6.705674090448807 0.042704122324182324 9.158398609032629
1977 0 0.01 inf 6.769185456494956 0.05620172138993545 9.33468765077087
1978 0 0.01 1031865464.4525862 6.5986026547689205 0.046533065947315586 9.043902873196108
1979 0 0.01 inf 6.70282958165937 0.05155124914276809 9.102010780543603
1980 0 0.01 inf 6.631564737038709 0.05296567877394455 9.161339196352841
1981 0 0.01 312057497.5012629 6.6709959376139105 0.04872314477299091 9.174231839471968
1982 0 0.01 inf 6.409182818573249 0.043258514058684694 9.261597033530407
1983 0 0.01 inf 6.714849418497661 0.05580446895039949 9.170833993186644
1984 0 0.01 1206707395.3332808 6.579033265606411 0.04561219150387988 9.144881312895674
1985 0 0.01 inf 6.588036993938136 0.04042777768614951 9.249787835963836
1986 0 0.01 inf 6.8116746438829665 0.05707344184653473 9.160374252229218
1987 0 0.01 842090037.7828732 6.618890437075018 0.0484610278651553 9.181287411969954
1988 0 0.01 150387.18011300516 6.8391617535098135 0.049225339895995285 9.124091365488772
1989 0 0.01 148368.87535801908 6.727863720510687 0.04995368863463867 9.126879881066456
1990 0 0.01 inf 6.63556640847253 0.04917168138742319 9.28786220609557
1991 0 0.01 inf 6.729300843685419 0.05375464386164628 9.26299064610608
1992 0 0.01 inf 6.548571573276859 0.061165847706058006 9.094764222452651
1993 0 0.01 inf 6.72530688025053 0.05512310188408605 9.129534236578198
1994 0 0.01 inf 6.665401084427322 0.047804171155635546 9.245655075907756
1995 0 0.01 149603.6478693097 6.828714352989959 0.0478862502161042 9.175176123026414
1996 0 0.01 inf 6.8008438692806354 0.051577181468819934 9.087130673567088
1997 0 0.01 1161066113.4949596 6.584227211441491 0.04967298610487208 9.166490996126576
1998 0 0.01 inf 6.7099804317735225 0.05001131907512545 9.079717091914103
1999 0 0.01 1415982591.3104165 6.554388059312164 0.04342487886304401 9.17649453841371
2000 0 0.01 inf 6.79718356323062 0.05392019923391738 9.168846255798057
2001 0 0.01 152481.66505640067 6.848808679850288 0.044977325654194336 9.072829563287204
2002 0 0.01 inf 6.7379648039444735 0.04914065433273063 9.349776101377405
2003 0 0.01 inf 6.600642349601281 0.05628306081650317 9.035341677278174
2004 0 0.01 inf 6.854140912303579 0.05538380203932191 9.135622868940814
2005 0 0.01 151141.8430466008 6.747549763229372 0.04411822040564812 9.053322797742847
2006 0 0.01 149424.46510359138 6.741060800176042 0.04469056140742796 9.159820263954185
2007 0 0.01 inf 6.549473300053658 0.06068300353856534 9.06515121715872
2008 0 0.01 151452.79297774506 6.793133300477258 0.04128069478912655 9.126128699382715
2009 0 0.01 inf 6.972790552031711 0.05934532502486086 9.140882586697188
2010 0 0.01 inf 6.642988212966138 0.055336040903046696 9.137163976946496
2011 0 0.01 149740.48045316362 6.733475548263341 0.045823224548321335 9.104182057752686
2012 0 0.01 inf 6.731955580256685 0.046920536779348994 9.23931504801231
2013 0 0.01 867746261.0203625 6.616202587224067 0.046969233706927 9.063889219310544
2014 0 0.01 inf 6.680816750247658 0.05590495211827598 9.228447268557302
2015 0 0.01 inf 6.696759702321414 0.051282702150694054 9.30250418548455
2016 0 0.01 671979162.6880306 6.6363041551847335 0.0464015412045366 9.196130983137001
2017 0 0.01 inf 6.638102384442479 0.04983245081567893 9.213040547847418
2018 0 0.01 inf 6.6838895067831245 0.047469927837260895 9.322841058583796
2019 0 0.01 inf 6.712088776304111 0.051001254876316335 9.204471262178686
2020 0 0.01 112129922.29989149 6.689132745879914 0.049174417288504635 9.192216271586043
2021 0 0.01 inf 6.760920613976244 0.04479459645773689 9.295560128335
2022 0 0.01 593412088.9713333 6.644117190507132 0.043849415051944125 9.060523426193683
2023 0 0.01 inf 6.75769005189765 0.05087944795486672 9.336174555760996
2024 0 0.01 408496187.91851586 6.661969012923939 0.04737087318624923 9.083778023712947
2025 0 0.01 inf 6.786247061512976 0.05303058023565648 9.268543216701737
2026 0 0.01 inf 6.71342339492316 0.05182642640244505 9.204550971432726
2027 0 0.01 inf 6.730136015357434 0.04131494588972196 9.219411783013495
2028 0 0.01 inf 6.638569522675597 0.06658028657452542 9.32251278580849
2029 0 0.01 inf 6.7786558462028506 0.04969930876698129 9.202375559557591
2030 0 0.01 inf 6.705566641403273 0.050096491208229434 9.26252848449578
2031 0 0.01 inf 6.5846174658693535 0.0569900372415009 9.159457205684507
2032 0 0.01 inf 6.834328846936526 0.05223600814856067 9.165803888288282
2033 0 0.01 148694.0354265453 6.730418629662482 0.0459852518283149 9.183409179297858
2034 0 0.01 922915950.5007846 6.610365512848256 0.04244260829784347 9.175991832566078
2035 0 0.01 inf 6.78154312277881 0.05163682148516877 9.225029606720927
2036 0 0.01 inf 6.626483490611324 0.04156641594376924 9.292816734076139
2037 0 0.01 149658.0204390422 6.707483001399567 0.041896082388057435 9.181852735429704
2038 0 0.01 inf 6.5072866636648135 0.05185401553195829 9.199471024893052
2039 0 0.01 inf 6.581057490629346 0.051451324942324336 9.152464102645906
2040 0 0.01 443353813.5172763 6.658659548664115 0.04340635060178693 9.11121941746671
2041 0 0.01 468763284.4324677 6.6562309083041 0.0492206812086815 9.122638802701438
2042 0 0.01 1447019921.1004467 6.550610867916061 0.04509677545446528 9.103997293035587
2043 0 0.01 inf 6.795417644962354 0.053518454173597386 9.20628161077324
2044 0 0.01 inf 6.711139239107771 0.055710904704675726 9.259131305197215
2045 0 0.01 inf 6.697050731212261 0.05320739682016188 9.137458055830349
2046 0 0.01 inf 6.540897679332295 0.05172119750916978 9.31417951994566
2047 0 0.01 581202849.8372207 6.645318806038489 0.040053565720773655 9.152592162612287
2048 0 0.01 149875.0776331932 6.731719891097006 0.04927559027534755 9.043788118824427
2049 0 0.01 inf 6.6043916769099065 0.05555309096400496 9.127375034265052
2050 0 0.01 inf 6.689759444298344 0.06231629648673078 9.12588583579403
2051 0 0.01 inf 6.63726104186141 0.05121988894764877 9.211842273796213
2052 0 0.01 inf 6.72774428301852 0.043461404754546296 9.225516336679203
2053 0 0.01 148922.40285500872 6.730725001386044 0.045408637050193566 9.176974083770764
2054 0 0.01 inf 6.733815601886339 0.05605616015321424 9.020390689527943
2055 0 0.01 inf 6.86428907120719 0.05096065094470627 9.238001069139669
2056 0 0.01 inf 6.613192329655931 0.04541783482874118 9.285462541681897
2057 0 0.01 inf 6.789379591354216 0.052142698948296026 9.175853822984253
2058 0 0.01 781249799.4030825 6.6251989919463 0.04730180355614181 9.170873880330902
2059 0 0.01 150771.50843005272 6.761236931480266 0.04879380738655468 9.030897200008589
2060 0 0.01 150073.47855607007 6.76604490117859 0.04710990027209913 9.094010240913214
2061 0 0.01 516391347.7312251 6.651642278361697 0.03888090127477852 9.140848768619426
2062 0 0.01 150388.23116781606 6.751768979552377 0.043548762964632275 9.117882238989456
2063 0 0.01 150753.23214151105 6.760043607786374 0.044306311606757985 9.08737963313677
2064 0 0.01 inf 6.649500501388682 0.05462779807456719 9.054390843982059
2065 0 0.01 inf 6.573353412633294 0.05101075591079077 9.047788953898383
2066 0 0.01 inf 6.660203534726351 0.04435691301516541 9.277351460647427
2067 0 0.01 399318755.7546292 6.662836078729091 0.0498807819828517 9.123915187472695
2068 0 0.01 148585.2221384548 6.739673067803841 0.04691529698624097 9.180168900596186
2069 0 0.01 inf 6.780149723691282 0.052165981786344066 9.125980711707012
2070 0 0.01 inf 6.6217116836871615 0.044034228347405974 9.209134154920385
2071 0 0.01 inf 6.762106446179226 0.05181801629843074 9.216484621990048
2072 0 0.01 inf 6.65181920170172 0.04456463905297503 9.245412575458962
2073 0 0.01 inf 6.724186344151206 0.054605893329720656 9.214509994130543
2074 0 0.01 inf 6.755323677231495 0.04896285796455225 9.240164948325871
2075 0 0.01 inf 6.621393713560617 0.04958580377848146 9.240784095531414
2076 0 0.01 inf 6.588875351930276 0.04450461450570279 9.249781757327291
2077 0 0.01 1098316211.3979647 6.591268678207889 0.04378288839363266 9.05290277651447
2078 0 0.01 inf 6.836331123153423 0.052790505233583696 9.189896006574635
2079 0 0.01 inf 6.541941492080337 0.04803563355242595 9.295071574773027
2080 0 0.01 inf 6.588522811267249 0.04103647955228917 9.402200917855495
2081 0 0.01 151530.89037587526 6.804857903667796 0.038985255545145675 9.1840922128763
2082 0 0.01 inf 6.64054268904359 0.05129303745276304 8.992887147249682
2083 0 0.01 349098631.6422743 6.667551262508717 0.0444219419861354 8.956399510736322
2084 0 0.01 inf 6.662750361665452 0.05138831132743361 9.048923125193395
2085 0 0.01 inf 6.857960124495803 0.04640391521567468 9.323135939929497
2086 0 0.01 inf 6.757708364043764 0.05226104913032289 9.292411780080117
2087 0 0.01 1546618961.778883 6.538263136431705 0.04487383893829343 9.080341284584403
2088 0 0.01 inf 6.763860458169486 0.05359330403146924 9.24063613580451
2089 0 0.01 inf 6.570364630472423 0.046435441736698585 9.303742726015548
2090 0 0.01 inf 6.811162438598026 0.0486727986508084 9.20537231337247
2091 0 0.01 876249163.7134535 6.615308201329972 0.03989247755522622 9.144332187336941
2092 0 0.01 inf 6.613583769107421 0.05421989116076306 9.125230809959886
2093 0 0.01 1005329463.5911763 6.6014971132468245 0.04714838034297384 9.042183715848763
2094 0 0.01 inf 6.51243016634726 0.055576420677501265 8.989668039824608
2095 0 0.01 inf 6.806139989923598 0.04617492696256437 9.217489957942876
2096 0 0.01 1193229365.6707547 6.580573747823225 0.04561066213829245 8.985698568380602
2097 0 0.01 inf 6.724578990865395 0.049659101017601605 9.435998301241488
2098 0 0.01 inf 6.5360235733248215 0.05668284713207588 9.3121548807468
2099 0 0.01 inf 6.5734306435148175 0.05148329066323675 9.091974392785986
2100 0 0.01 154052.50848974177 6.913321438824232 0.04641764258468274 9.062498809821005
2101 0 0.01 inf 6.840850277765684 0.03849675333731903 9.233964305562102
2102 0 0.01 1253321550.625504 6.573663661718058 0.04194815742457283 9.175276651209217
2103 0 0.01 inf 6.83658675369473 0.05242413306281436 9.259440202096295
2104 0 0.01 inf 6.679457698511012 0.056526694423955054 9.058943252955437
2105 0 0.01 inf 6.794557242128209 0.0537016959697119 9.16473819313361
2106 0 0.01 inf 6.66862960840226 0.05442632992975389 9.163333680581324
2107 0 0.01 148984.22120199294 6.76080286032769 0.04617076597105764 9.183504559760141
2108 0 0.01 inf 6.620006610196835 0.043634431137636896 9.246282507793342
2109 0 0.01 inf 6.6721057776994135 0.050983902410403 9.094586618161541
2110 0 0.01 386907881.4600237 6.664006231807582 0.041476871028098404 9.134516466439084
2111 0 0.01 inf 6.648302559704845 0.05332040749547832 8.928736448485841
2112 0 0.01 inf 6.618705291263004 0.04872924180580032 9.257724971517188
2113 0 0.01 569896732.1953506 6.646428406336854 0.049801128098434656 9.03934216820673
2114 0 0.01 inf 6.691861890260432 0.04499018808032851 9.301842841478885
2115 0 0.01 148314.53171329526 6.715784571186995 0.04724050700871505 9.17318763832662
2116 0 0.01 inf 6.676997442244872 0.04492414782431385 9.233479717371326
2117 0 0.01 inf 6.6862878240159835 0.042337625501470716 9.217431097418595
2118 0 0.01 148776.20393124863 6.781753077779579 0.04845251464376914 9.176315403670218
2119 0 0.01 inf 6.76480994042069 0.05212481217666224 9.215783096119942
2120 0 0.01 inf 6.8147401170959 0.05055312376838934 9.226782874231242
2121 0 0.01 inf 6.7485446563939515 0.05195168088711985 9.07384674958542
2122 0 0.01 695746319.550839 6.633912739820808 0.04789981169332961 9.15928718277554
2123 0 0.01 inf 6.854962213569339 0.05129334253954174 9.1668230310979
2124 0 0.01 inf 6.779324702235656 0.05069120347397122 9.16013712022959
2125 0 0.01 inf 6.645811418235221 0.05030798373304868 9.35712257359492
2126 0 0.01 148376.59310758841 6.724183945908996 0.047538385058075644 9.169041166036264
2127 0 0.01 inf 6.6188775746142845 0.05190296446264478 9.110256742870302
2128 0 0.01 inf 6.710037618364499 0.05503208400556309 9.155160217290794
2129 0 0.01 inf 6.765539294290339 0.05013948966437768 9.304344627495311
2130 0 0.01 inf 6.789998523231666 0.051794918041644974 8.959243888469437
2131 0 0.01 653758839.0967625 6.638128750024565 0.04398036806646852 9.075620154467792
2132 0 0.01 inf 6.758510140904973 0.05017981797028073 9.160560170102448
2133 0 0.01 inf 6.665572455253231 0.051435397663633246 9.301377955958142
2134 0 0.01 inf 6.826706638871871 0.050048556882651564 9.145969027731276
2135 0 0.01 inf 6.635511093345842 0.054608743744186804 8.977200192945867
2136 0 0.01 inf 6.646697790829013 0.055861521393334994 9.209254273153602
2137 0 0.01 inf 6.842458545405959 0.051304587819437614 9.26483029846644
2138 0 0.01 inf 6.661249001322227 0.051341694365837943 9.268565013161751
2139 0 0.01 inf 6.71443051853024 0.05304241852464215 9.145317933375319
2140 0 0.01 inf 6.680970480733677 0.044624096217353894 9.280673109131037
2141 0 0.01 inf 6.861739058652637 0.049268516605128716 9.249440859514864
2142 0 0.01 150342.58581607157 6.760689039355442 0.04539931432893862 9.097257460197248
2143 0 0.01 inf 6.865382740164669 0.05043496379295631 9.10384165635647
2144 0 0.01 inf 6.530108940278572 0.04754257742805353 9.265798784086455
2145 0 0.01 inf 6.674941151220721 0.0544637974966293 9.216265616868807
2146 0 0.01 150976.8694397029 6.702504661621332 0.03932971901941326 9.123222759858603
2147 0 0.01 inf 6.7435285755135945 0.05076717680131032 9.168365498413577
2148 0 0.01 inf 6.781576227316115 0.05095936661803911 9.24237161878033
2149 0 0.01 inf 6.505929151990115 0.04040687764822687 9.21778968311191
2150 0 0.01 inf 6.765292279335622 0.04196218978385996 9.297283176897924
2151 0 0.01 148856.11093202303 6.779741524801058 0.049204731646120894 9.15619350224449
2152 0 0.01 inf 6.697414933127695 0.050432671830249236 9.220549317642075
2153 0 0.01 inf 6.838555616274712 0.05643027408761371 9.143523501305621
2154 0 0.01 inf 6.6470299960144965 0.05200647266638217 9.23545572315221
2155 0 0.01 153326.31690656373 6.726723754521803 0.044864658205444885 8.91440448418622
2156 0 0.01 inf 6.715285510288517 0.050372860921882597 9.176351442459115
2157 0 0.01 inf 6.593531175580061 0.05175490000616904 9.259073154139676
2158 0 0.01 inf 6.734240519807271 0.058685791419566466 9.370279764867137
2159 0 0.01 inf 6.725341581791523 0.04422887619349862 9.246572519228565
2160 0 0.01 154135.22200436558 6.742302663238191 0.03809024709346396 8.962186904140822
2161 0 0.01 inf 6.710282287918729 0.04075743045938353 9.201017253440638
2162 0 0.01 inf 6.579418259982524 0.03619636681825784 9.27060715334001
2163 0 0.01 150133.2133634935 6.7860936631943165 0.04784299213990929 9.100674497591376
2164 0 0.01 inf 6.701903048537302 0.053045365480933 9.24723372639883
2165 0 0.01 inf 6.673052142716515 0.050693818583086775 9.414160337551422
2166 0 0.01 inf 6.798636446531139 0.052285724073870096 8.996323316828324
2167 0 0.01 inf 6.662193542259782 0.042134843690886055 9.219651980255684
2168 0 0.01 inf 6.79731890867804 0.05259641133527974 8.90028215256283
2169 0 0.01 151278.45431089264 6.871194610408439 0.042369299852362534 9.196321893009987
2170 0 0.01 inf 6.658673617384219 0.04206656824105606 9.352228139436704
2171 0 0.01 inf 6.771622766165586 0.05144888837510016 9.217056577078617
2172 0 0.01 inf 6.615026137272359 0.048913565648056684 9.31581391936249
2173 0 0.01 149517.1471633393 6.723434562485841 0.04476465085917015 9.132619262656595
2174 0 0.01 inf 6.731921036757201 0.05057693516557956 9.249957552338909
2175 0 0.01 inf 6.789228024185693 0.06286495880963792 9.115239717015756
2176 0 0.01 inf 6.598166670280318 0.040745698899277184 9.250629622047107
2177 0 0.01 inf 6.665438899923061 0.055602807559115675 9.08568044121592
2178 0 0.01 inf 6.764585934697313 0.05118013960561622 9.293937892166767
2179 0 0.01 inf 6.976501940455476 0.05003568698402321 9.147990405653081
2180 0 0.01 inf 6.730349146769019 0.05905303527840705 9.211424993530677
2181 0 0.01 172515561.66687256 6.6837342462232945 0.049913255302669525 9.070470058057966
2182 0 0.01 inf 6.737012201742613 0.045617141399422835 9.260793531909517
2183 0 0.01 inf 6.613580384874795 0.04247293351692094 9.214566697114329
2184 0 0.01 inf 6.581920601719789 0.04952827041558097 9.266133355867918
2185 0 0.01 inf 6.631884984835775 0.060113264393059924 9.246953697840727
2186 0 0.01 149439.0492528705 6.800002920239499 0.04983578955066893 9.13060673503767
2187 0 0.01 inf 6.7535771529665745 0.04878069555394574 9.282234835493748
2188 0 0.01 inf 6.73190636006566 0.053780825720409264 9.154637881053612
2189 0 0.01 inf 6.780781817746256 0.05054549745801535 9.143060392959287
2190 0 0.01 inf 6.503729228844249 0.040747134714061335 9.28622754785248
2191 0 0.01 inf 6.736910265791876 0.052971251530525426 9.23834187106287
2192 0 0.01 inf 6.676721042377707 0.050728619145027784 9.375672927717929
2193 0 0.01 inf 6.545477313849062 0.05124971582777036 9.276561397554243
2194 0 0.01 inf 6.715128695497893 0.05123692880465486 9.053767994155802
2195 0 0.01 inf 6.589292583062302 0.05248873053118584 9.185369533649109
2196 0 0.01 inf 6.7159324668567155 0.049552976087920315 9.353672113660792
2197 0 0.01 inf 6.707307228437607 0.05166011354901177 9.503982049658905
2198 0 0.01 inf 6.700634964806482 0.051479295214281365 9.105583787968976
2199 0 0.01 inf 6.622626493767578 0.053444525376693135 9.236727501105094
2200 0 0.01 2456814676.972194 6.405402910686403 0.049883238918947886 9.095706654060768
2201 0 0.01 inf 6.681111572318362 0.050237873254447965 8.955885333285297
2202 0 0.01 inf 6.5182972553299345 0.04867666117906667 9.302507469058991
2203 0 0.01 856970756.0970507 6.617333532178049 0.04694911467293054 9.094487941633957
2204 0 0.01 inf 6.675816454145421 0.04289417903269015 9.226918614117714
2205 0 0.01 151495.6875696684 6.773647021959283 0.04922273235077096 9.005765226686306
2206 0 0.01 inf 6.578563481005234 0.051707906092715986 9.105529246261558
2207 0 0.01 inf 6.632510995335267 0.05469492094879483 9.108029042078853
2208 0 0.01 inf 6.756751122509795 0.03989309259022257 9.235264395814513
2209 0 0.01 inf 6.689296030088256 0.05261567035379072 9.165264316605219
2210 0 0.01 inf 6.647335995971536 0.04783236575649261 9.367658390710687
2211 0 0.01 inf 6.610395197629946 0.051686523532866645 9.235184419891029
2212 0 0.01 inf 6.632804614666222 0.05704631490587244 9.159479034085628
2213 0 0.01 inf 6.677675917089105 0.051481130361388856 9.364122201770737
2214 0 0.01 inf 6.762306385957167 0.05259176324066518 9.184227557489773
2215 0 0.01 inf 6.748475834855783 0.05386658293679811 9.205192632259156
2216 0 0.01 inf 6.776414985514942 0.04515765361141339 9.271764473676901
2217 0 0.01 inf 6.825824893624575 0.0512198607292583 9.204180756468743
2218 0 0.01 inf 6.657334991485453 0.047023141035175936 9.207330445647857
2219 0 0.01 inf 6.927074122551322 0.050905805970796886 9.237545701959496
2220 0 0.01 148443.3455052579 6.751481896638846 0.04919702639001582 9.157932125843898
2221 0 0.01 inf 6.469735041919494 0.05014378476079555 9.324578267236504
2222 0 0.01 inf 6.670844499014307 0.05370929547779605 9.278599485885868
2223 0 0.01 inf 6.721345596124965 0.045545972198651224 9.250086248217341
2224 0 0.01 inf 6.73167310661309 0.05455933631980394 9.253991292491751
2225 0 0.01 inf 6.727233366618016 0.04152671463205736 9.46416910797233
2226 0 0.01 153067.68007420402 6.815702700105904 0.04108456032973087 9.053456570136053
2227 0 0.01 inf 6.6254141399250885 0.056660632353899947 9.104947789993112
2228 0 0.01 150750.23571232398 6.775413867792265 0.04013291203696568 9.193452144234621
2229 0 0.01 150717.784973221 6.741047626596843 0.044560698129757145 9.066609424218404
2230 0 0.01 inf 6.837733921429717 0.05491871392697971 9.183727549530841
2231 0 0.01 inf 6.939299362464316 0.051688420721135435 8.829315407091952
2232 0 0.01 inf 6.781492706928174 0.05811390546856553 9.089934810395512
2233 0 0.01 153863.057105729 6.776466456481333 0.04621140451580716 8.933754738107508
2234 0 0.01 inf 6.772136869212236 0.04808598994623101 9.353881753063952
2235 0 0.01 854595100.1021061 6.61758274285107 0.04716867327408241 8.90908386452215
2236 0 0.01 20006325.51354075 6.69724171381951 0.048494528926829164 9.138021878088914
2237 0 0.01 inf 6.729142006802795 0.05205474151768801 9.456744098398334
2238 0 0.01 inf 6.685242004433344 0.04987131188009696 9.21754937131708
2239 0 0.01 inf 6.793340922301036 0.05136556591040192 9.111247346017892
2240 0 0.01 inf 6.633575701906752 0.046079000190699666 9.291952358075221
2241 0 0.01 inf 6.514851980621564 0.05208109195661027 9.223863818956803
2242 0 0.01 458215935.3289098 6.6572409326691355 0.04024729880053159 9.038556268226595
2243 0 0.01 inf 6.709501323464926 0.054199013739970985 9.145552838225534
2244 0 0.01 inf 6.5955844408889375 0.051858294170887546 9.294844158179332
2245 0 0.01 inf 6.482456112825804 0.04493891200565762 9.28504513856125
2246 0 0.01 inf 6.675682844671808 0.05141902887455395 9.053915449673976
2247 0 0.01 1200661374.755325 6.579724895911817 0.048440964573322705 9.057819205771667
2248 0 0.01 inf 6.758974251754816 0.051428763771492136 9.183060674213717
2249 0 0.01 inf 6.648731231700873 0.04618808195046767 9.228744845386961
2250 0 0.01 inf 6.640410606662302 0.04772520016769612 9.239658795025163
2251 0 0.01 inf 6.792522285046281 0.04825696180521186 9.279058900217867
2252 0 0.01 inf 6.633460501974796 0.05665215981538654 9.179034042938754
2253 0 0.01 267916223.90451685 6.67506599099546 0.04999582138358239 9.116037599017114
2254 0 0.01 773718003.0146512 6.625973641745376 0.046235527122047926 9.19064596847906
2255 0 0.01 inf 6.602879901534558 0.05375254379570542 9.02595249694437
2256 0 0.01 inf 6.756628662116385 0.04338366700954657 9.341724786438649
2257 0 0.01 152735.53793293622 6.915772952605799 0.047563779509783306 9.107908567691569
2258 0 0.01 1199376635.0731122 6.5798718413473765 0.04399839334087863 9.075120948805774
2259 0 0.01 inf 6.713350403278911 0.053812787855203346 9.288005071270591
2260 0 0.01 inf 6.680888901287792 0.05256824272983318 9.20174698736207
2261 0 0.01 inf 6.725082699608479 0.05525022020096382 9.183325015215107
2262 0 0.01 inf 6.745572175262184 0.05778171622081435 9.113436094087893
2263 0 0.01 150522.14580149026 6.759268595929408 0.0459721453780248 9.075872792748328
2264 0 0.01 inf 6.754854157866556 0.05242616720939008 9.314220843660209
2265 0 0.01 inf 6.67295384279313 0.04899732009339958 9.255215382018317
2266 0 0.01 inf 6.809246297414799 0.06179839883481527 9.07997032195405
2267 0 0.01 149074.33392677936 6.743440188729171 0.048069076247316544 9.122839451623166
2268 0 0.01 inf 6.831386182502214 0.0502382127402529 9.107266120160103
2269 0 0.01 331330275.4228908 6.669206920044111 0.04890191201221667 9.116304848678578
2270 0 0.01 inf 6.519495070208254 0.05072594718505895 9.381243352164342
2271 0 0.01 1524941338.630548 6.54098059225613 0.046573637385812446 9.089930073086682
2272 0 0.01 inf 6.851160053182935 0.0552398607026373 9.063999246605764
2273 0 0.01 148872.58509976068 6.81028841245927 0.049150845612835024 9.18643966585687
2274 0 0.01 inf 6.754912411462546 0.043475618667250776 9.214016521789738
2275 0 0.01 150670.76271828878 6.818371737477759 0.043866464342062636 9.158532865189583
2276 0 0.01 inf 6.627328848698664 0.050268726744102175 9.220495761338949
2277 0 0.01 inf 6.685720819340285 0.04673700900438696 9.278088035653152
2278 0 0.01 151860.11810425986 6.795772152524221 0.03974610910157276 9.130312801093782
2279 0 0.01 inf 6.4762344617472785 0.058168977912572986 8.931692713480018
2280 0 0.01 inf 6.683589285506883 0.0492641426153895 9.29770637792673
2281 0 0.01 485285319.85925126 6.654644573516406 0.048395036171684974 9.088696673605485
2282 0 0.01 inf 6.4551387280578645 0.05304199793834385 9.016960856220212
2283 0 0.01 149874.8632668503 6.79621786698942 0.048414632870976804 9.118753161091842
2284 0 0.01 inf 6.575097648674237 0.05253664971566168 9.21178853540476
2285 0 0.01 inf 6.520193792368793 0.045497142733517834 9.286996731433875
2286 0 0.01 inf 6.648197477082357 0.05501637505971582 9.262014908846469
2287 0 0.01 inf 6.64302643714984 0.04685084498041299 9.280567090150416
2288 0 0.01 152151.90651725448 6.869339948273337 0.048676591344530826 9.077543888451435
2289 0 0.01 inf 6.725511672667539 0.05031509663186162 9.132636424819642
2290 0 0.01 152521.29967920147 6.787995614963445 0.047935027890944795 8.986227735023816
2291 0 0.01 inf 6.457206084653845 0.056584246858509026 9.25609820704422
2292 0 0.01 150730.11394100112 6.7797739155902965 0.044157992126788934 9.111027748069544
2293 0 0.01 837517696.6359724 6.619367829446345 0.046441176204670136 9.144056696314486
2294 0 0.01 inf 6.6910859869448185 0.0511050153502744 9.347288720579643
2295 0 0.01 inf 6.712212093680075 0.049471581156290724 9.234435461248815
2296 0 0.01 inf 6.702465855387159 0.05813906086019531 9.175499386392572
2297 0 0.01 inf 6.724842043842011 0.04783241563169125 9.280436660976136
2298 0 0.01 1588971451.860131 6.532904172186812 0.04473051559634364 9.13914940755218
2299 0 0.01 inf 6.7190206546932965 0.053955674944083626 9.060744673842661
2300 0 0.01 1178966807.1046455 6.582197485507393 0.04957745748437389 9.146121744928418
2301 0 0.01 inf 6.772500578673113 0.05650532552830809 9.107407103400371
2302 0 0.01 297551907.78441465 6.672337849030294 0.04956823555666033 8.982748839472743
2303 0 0.01 inf 6.807088170748239 0.05699281465370706 9.409054848458993
2304 0 0.01 inf 6.6079447476884745 0.05150572678475313 8.983761917238606
2305 0 0.01 inf 6.708854333767121 0.0520501256880081 9.14473671738669
2306 0 0.01 642658030.1521081 6.639236659859053 0.04153501591951138 9.029042690033245
2307 0 0.01 inf 6.640695989126101 0.05557647463155996 9.093785937450306
2308 0 0.01 inf 6.618797135407384 0.042813162567416616 9.297000623031849
2309 0 0.01 inf 6.517253369626501 0.04403360115644048 9.35772409052957
2310 0 0.01 151862.75807630445 6.733693995203925 0.0462665493378923 8.974582703901097
2311 0 0.01 inf 6.960633323230708 0.05413135756750667 9.036848259842703
2312 0 0.01 inf 6.69252750458537 0.053570041991902524 9.105871359650841
2313 0 0.01 inf 6.72715150240346 0.04307559405005346 9.276366928317893
2314 0 0.01 inf 6.65394723980023 0.055860477109992195 9.153706020582344
2315 0 0.01 151096.8942680825 6.753028237099197 0.04680375791599336 9.02669660004859
2316 0 0.01 inf 6.788143731192132 0.04760950246327495 9.314981148481268
2317 0 0.01 inf 6.738897206052862 0.04568731869475183 9.219947843580794
2318 0 0.01 149192.9305809144 6.747919855964202 0.044245616715052394 9.199018295448852
2319 0 0.01 inf 6.676958265268547 0.05684058217235088 9.22817131109097
2320 0 0.01 239405743.38260233 6.677674798141675 0.0441979312725024 9.109931979462491
2321 0 0.01 inf 6.830239099005338 0.05340541493977951 9.068383722143977
2322 0 0.01 inf 6.477321386562384 0.04545761616914601 9.236169353437292
2323 0 0.01 inf 6.518304891004575 0.05175050830915913 9.168070735353647
2324 0 0.01 154068.45713104462 6.905935981377434 0.04296090008619649 9.077645769972557
2325 0 0.01 1150238053.5609238 6.585450449124222 0.048612620012715865 9.15616670351649
2326 0 0.01 inf 6.745303801457784 0.05041907878243988 9.156836396324184
2327 0 0.01 inf 6.787692048585204 0.049723278257494494 9.294489082656641
2328 0 0.01 1090091987.4992719 6.592183220577303 0.040293179905778236 9.065437259100355
2329 0 0.01 inf 6.717282038264116 0.04934306611107882 9.248930650323638
2330 0 0.01 inf 6.752081869646462 0.053960627924948275 9.047147980622688
2331 0 0.01 inf 6.71402978723143 0.050830367318827334 9.09753119819111
2332 0 0.01 inf 6.7767676377426245 0.05067430138265752 9.13440223084258
2333 0 0.01 inf 6.775781569438968 0.05669988144976612 9.164591860400366
2334 0 0.01 inf 6.641455172453693 0.04980308283847724 9.367239982893366
2335 0 0.01 inf 6.642911753525306 0.05298839909423862 9.160079775695817
2336 0 0.01 inf 6.4617163271995794 0.04537109094417356 9.319854292449747
2337 0 0.01 inf 6.694095221566091 0.046128000549854026 9.218996349110592
2338 0 0.01 inf 6.737844996216896 0.05862021493094045 9.256499548087817
2339 0 0.01 inf 6.693779856885023 0.0556793838210288 9.184877386404379
2340 0 0.01 inf 6.764768384419407 0.05472871131484987 8.996471974543892
2341 0 0.01 inf 6.61335657655609 0.05379249595158244 9.132159233379765
2342 0 0.01 inf 6.801547213689568 0.040263491079804745 9.385807600030262
2343 0 0.01 inf 6.68110180151338 0.04910897631013373 9.331271416821957
2344 0 0.01 149814.468129399 6.700637582773784 0.04340956121514287 9.116226277595931
2345 0 0.01 inf 6.632590060871129 0.05104914536847185 9.085168248339901
2346 0 0.01 inf 6.749146921203759 0.04580319387367034 9.2116246257913
2347 0 0.01 inf 6.696666259404483 0.05254703455693458 9.309703250525212
2348 0 0.01 inf 6.588604246376385 0.05622621927360238 9.310569170564865
2349 0 0.01 149520.47069940862 6.8451554424819605 0.049141211218211425 9.179621535694544
2350 0 0.01 inf 6.83210149476858 0.055126582990840646 9.22922170646783
2351 0 0.01 254737611.81737998 6.676273939624132 0.042047599573531956 9.13247707186017
2352 0 0.01 487863655.5975954 6.654396461813355 0.04985944119587959 9.081150549068829
2353 0 0.01 114870468.11795563 6.688889389230541 0.04324413027573788 9.12194464885229
2354 0 0.01 inf 6.656406487367981 0.0429905288869838 9.211527939651397
2355 0 0.01 1310659404.1314433 6.566966274273604 0.04606917874072572 9.00215886602064
2356 0 0.01 inf 6.768614653685161 0.04678859387163406 9.25611289959736
2357 0 0.01 inf 6.612543799329453 0.053618079793823596 9.102879747308988
2358 0 0.01 inf 6.662617874258263 0.05346557360280867 9.06805461596572
2359 0 0.01 inf 6.696108340731434 0.05362965747718671 9.0520363310157
2360 0 0.01 1797236823.4639947 6.505544740310361 0.046447343555706684 9.19010695687327
2361 0 0.01 inf 6.760457185739405 0.04739696955282683 9.2173649168738
2362 0 0.01 150296.91567311183 6.735935706483041 0.04281613878000107 9.124671264983753
2363 0 0.01 313356525.2761299 6.67087562970557 0.04963219918846894 9.105549091025894
2364 0 0.01 inf 6.8004205411375125 0.041076261344390005 9.257886682457112
2365 0 0.01 451028136.0844309 6.6579274570222635 0.042991564271120865 9.194880547830117
2366 0 0.01 211088089.58432227 6.680250303517045 0.04542046814156158 9.182296908790828
2367 0 0.01 inf 6.6564412096807235 0.05634315174127715 9.216281346254105
2368 0 0.01 inf 6.7472703932123395 0.06372044041380551 9.223382614471776
2369 0 0.01 inf 6.8560245871436996 0.05915819761001848 9.089080439695955
2370 0 0.01 151837.3485301874 6.841313633842775 0.04103898943419902 9.152396833114476
2371 0 0.01 150054.828805605 6.766712397686187 0.048715535809733014 9.075163880089349
2372 0 0.01 inf 6.513375876880768 0.05410099286677025 9.250509770777024
2373 0 0.01 inf 6.521000993606946 0.04971569010119221 9.267533416452276
2374 0 0.01 inf 6.69976968730837 0.04868255284166806 9.27662314955703
2375 0 0.01 inf 6.639544318909222 0.03711005683783048 9.282872047604078
2376 0 0.01 inf 6.6371480381688315 0.05152158570949499 9.155362124152994
2377 0 0.01 inf 6.810807297754425 0.0508638654040924 9.246815651700144
2378 0 0.01 inf 6.752485339845865 0.053628261290579286 9.00365256700243
2379 0 0.01 inf 6.815614010163704 0.05108081302327342 9.254713040164827
2380 0 0.01 inf 6.702933771911154 0.04594549345836383 9.271099485323248
2381 0 0.01 148938.78257499338 6.7435970909451814 0.04901019449246672 9.117371116238875
2382 0 0.01 inf 6.74261271100595 0.058512523000463765 9.16248446067474
2383 0 0.01 inf 6.756132792398851 0.05623043807599928 9.13959396951932
2384 0 0.01 inf 6.6575212947083005 0.05455477144313749 9.391210542529072
2385 0 0.01 inf 6.619857711886199 0.04667941161572946 9.232040871739363
2386 0 0.01 inf 6.7137502702294585 0.052343922264452364 9.147583707030769
2387 0 0.01 inf 6.734727073731765 0.055465560914665854 9.235662696173595
2388 0 0.01 inf 6.723294579739155 0.05148795726742647 9.159596569457321
2389 0 0.01 151152.7275215732 6.77291181902104 0.04432088574132727 9.07504039911351
2390 0 0.01 587017263.7121053 6.64474710972127 0.03694199912940817 9.134318250562607
2391 0 0.01 1393171124.5305095 6.557143323754788 0.04484225287230067 9.172419768126213
2392 0 0.01 407829753.1777309 6.662031939295982 0.047332922414567276 9.191037071861398
2393 0 0.01 inf 6.646501611421924 0.053596670392027694 9.117338926958212
2394 0 0.01 496317865.56761026 6.653582304128077 0.042484051374076404 8.986786368283704
2395 0 0.01 inf 6.634314687503363 0.052138097221468054 9.303794563946013
2396 0 0.01 149920.1287612395 6.733039386999208 0.04132996642527034 9.197925538089756
2397 0 0.01 inf 6.613557172597768 0.04747814374165144 9.301758883597039
2398 0 0.01 154378497.62045214 6.6853627567000435 0.04855393008021989 9.136707783341356
2399 0 0.01 inf 6.687398904944133 0.04739088764296951 9.207779150144146
2400 0 0.01 inf 6.744575607324983 0.05762667454181061 9.23925532398645
2401 0 0.01 1365648850.5281563 6.560444594868267 0.04606274551039633 9.061788964501645
2402 0 0.01 1524148706.216697 6.541079457735363 0.04943249378602763 9.181885283689473
2403 0 0.01 149807.157184237 6.730412620022515 0.04514545122039294 9.108785602187838
2404 0 0.01 inf 6.55038781311077 0.06305689169472135 9.232432213593233
2405 0 0.01 inf 6.633797844152486 0.056950944115012524 9.279718573955037
2406 0 0.01 inf 6.7725553738965765 0.053876851646855295 9.12901673321488
2407 0 0.01 inf 6.693943930702605 0.05761163913073582 8.989350358490174
2408 0 0.01 inf 6.5409358627366325 0.05469965343988998 9.096543861619397
2409 0 0.01 inf 6.819379237161709 0.05012081014725478 9.16745500352399
2410 0 0.01 471534878.38569427 6.655965303996813 0.04522758900765951 9.111842118948967
2411 0 0.01 151073.87709086813 6.722564569846408 0.04612975209373528 9.005301775891178
2412 0 0.01 inf 6.686079950221077 0.053096708415972485 9.210594835259796
2413 0 0.01 inf 6.760826098334972 0.05107704408455568 9.136429691000497
2414 0 0.01 inf 6.767129822684076 0.0512284573304242 9.23896895121243
2415 0 0.01 inf 6.611499527206467 0.05682083502077315 9.16852754230705
2416 0 0.01 inf 6.715003774914567 0.05394292664037881 9.304539511139218
2417 0 0.01 inf 6.624318689475081 0.05062323600192038 9.133275955425873
2418 0 0.01 150912.56293883396 6.733839462386011 0.04909287248074416 8.993811662460054
2419 0 0.01 inf 6.692619289911492 0.05309495010528464 9.267480470459041
2420 0 0.01 inf 6.752168630343965 0.056273267154298416 9.113892419521578
2421 0 0.01 inf 6.447725177118319 0.05436082965903598 8.974699164926193
2422 0 0.01 inf 6.863767026424123 0.049133055841604094 9.26480174612034
2423 0 0.01 inf 6.770996764403886 0.05276596314326257 9.226053381761506
2424 0 0.01 inf 6.715136872392341 0.05091300440498614 9.276156641232232
2425 0 0.01 inf 6.54273451825849 0.0508553551965361 9.157393664298267
2426 0 0.01 inf 6.726087928229624 0.05600151534194964 9.24244829562521
2427 0 0.01 151623.84893223102 6.762553671374014 0.041234906330410104 9.084502506310237
2428 0 0.01 148470.1160463157 6.708794061782691 0.04684457245568045 9.161355979920982
2429 0 0.01 inf 6.7237699826800315 0.052588207194554086 9.200568410358434
2430 0 0.01 inf 6.648666943266586 0.0571536086741115 9.239665569520648
2431 0 0.01 150658.24040729506 6.7886567763035846 0.04544550039676791 9.104499653897737
2432 0 0.01 inf 6.724083320264326 0.05625401535941105 9.203046275295524
2433 0 0.01 inf 6.675876044490043 0.05063454567586753 9.285980080677804
2434 0 0.01 inf 6.6127642021438895 0.047788273775257406 9.20659650809007
2435 0 0.01 778636219.3317914 6.625468101732327 0.04719290588210227 9.031068407664664
2436 0 0.01 inf 6.6655186204476085 0.052391515115818986 9.054849039842816
2437 0 0.01 inf 6.853906435995548 0.05863418342190473 9.026755537723739
2438 0 0.01 inf 6.770145041887424 0.05266353565598521 8.991320589887602
2439 0 0.01 inf 6.791322388343817 0.04396134751539782 9.235543906082881
2440 0 0.01 1707855132.4517312 6.5174984377627165 0.04482804208614763 9.1155720035794
2441 0 0.01 inf 6.714931832202 0.05454901362419972 9.368045541894052
2442 0 0.01 inf 6.704822860520425 0.06147336544157283 9.136870705020618
2443 0 0.01 inf 6.65166860216573 0.045795226087115934 9.308176859013603
2444 0 0.01 inf 6.778046969307242 0.0404877290082874 9.259451668367031
2445 0 0.01 150574.2273416581 6.7409719785597355 0.0434354395090553 9.095648489682189
2446 0 0.01 147704.318670563 6.7037669514472285 0.049379578075027596 9.167738300451157
2447 0 0.01 inf 6.787453054304975 0.058124330028140145 9.037441613878514
2448 0 0.01 152339.67200532107 6.768453559606043 0.04435051205132942 9.005611772539993
2449 0 0.01 1577272107.084459 6.5343910461508745 0.047286753648644764 9.122560877688018
2450 0 0.01 1106487969.7794545 6.590358091463728 0.045069402454826546 9.082357916423886
2451 0 0.01 152108.87953588617 6.895737301504537 0.04639182594906111 9.12393447224692
2452 0 0.01 inf 6.664120502289393 0.0535709118767264 9.282923961637112
2453 0 0.01 inf 6.814572619225286 0.05225058622740596 9.28453996744382
2454 0 0.01 inf 6.733260311707375 0.039624464420819336 9.244515550380596
2455 0 0.01 inf 6.72591374592035 0.05248722948645254 9.110035542705797
2456 0 0.01 153006.1558912606 6.773553357943226 0.0444366938915328 8.978610725651551
2457 0 0.01 1549416558.3599598 6.537911186434683 0.043601156973864665 9.136779623851858
2458 0 0.01 inf 6.8390928266329265 0.0477300684452672 9.21770316708554
2459 0 0.01 inf 6.74157866759133 0.05538042966766194 9.18019190453792
2460 0 0.01 935868640.177565 6.608983462438029 0.049797112211866564 9.115227609595788
2461 0 0.01 inf 6.741656011586375 0.039063738932955915 9.246423129180773
2462 0 0.01 149975.59751777345 6.731107952429059 0.04181120307850239 9.174750052635105
2463 0 0.01 inf 6.692603059394457 0.04671539603046598 9.251193389746838
2464 0 0.01 397495044.93147045 6.663008225704951 0.04635220677337204 9.182232000698118
2465 0 0.01 inf 6.649384738529018 0.04835291268104042 9.375728107046136
2466 0 0.01 inf 6.648955986807902 0.05513221202535294 9.13579800661206
2467 0 0.01 inf 6.568940736042741 0.050769996024106645 9.03396329079824
2468 0 0.01 469594439.76699805 6.656151216416864 0.04843273758563919 9.169028666535453
2469 0 0.01 149548.90761389627 6.815222651235655 0.047934391611939825 9.16451688212428
2470 0 0.01 inf 6.525920599090682 0.0517939895531828 9.132561033198373
2471 0 0.01 inf 6.745691071485001 0.043217038298166255 9.218711289536454
2472 0 0.01 inf 6.7642582209275925 0.0452059321132531 9.49646876271184
2473 0 0.01 inf 6.709596105208541 0.05201008294373473 9.096957586199863
2474 0 0.01 inf 6.800132633780759 0.053722551796561324 9.19782627674826
2475 0 0.01 inf 6.696056363719909 0.051864876449404566 9.312789320824937
2476 0 0.01 inf 6.7316135624434725 0.04916780506298269 9.312789976394152
2477 0 0.01 inf 6.80910216945374 0.05572692638480797 9.163067541533115
2478 0 0.01 inf 6.595085242575436 0.048199487524527344 9.324910426278318
2479 0 0.01 750745541.6868982 6.628327849896411 0.04711319053421057 9.135497130550824
2480 0 0.01 inf 6.761719355376729 0.05710800953051955 9.181113248912329
2481 0 0.01 inf 6.611171372963563 0.0511344724551624 8.987181449012978
2482 0 0.01 inf 6.76258487859247 0.05470881027207093 9.2648512951529
2483 0 0.01 inf 6.804692397672259 0.05157339417513577 9.195571186755133
2484 0 0.01 inf 6.641472309822201 0.06398784114102705 9.15982547156345
2485 0 0.01 inf 6.664068385172663 0.053878904138681585 9.0734511700431
2486 0 0.01 inf 6.898915797678625 0.05269549774484368 9.165460703270714
2487 0 0.01 150448.64720771238 6.80025002883169 0.04397552221010053 9.153875031031605
2488 0 0.01 inf 6.674007510669952 0.055716705769000396 9.064443443755485
2489 0 0.01 inf 6.741004699319815 0.0459569905449913 9.274136325507886
2490 0 0.01 inf 6.665035997291628 0.05557510294861641 9.08738792368986
2491 0 0.01 inf 6.759601564155985 0.036531451255602296 9.272742753150805
2492 0 0.01 inf 6.695940874002034 0.05310162105318024 9.046325337501429
2493 0 0.01 inf 6.622384755824282 0.04399714111292743 9.294381007517698
2494 0 0.01 249720760.37330526 6.676732844809995 0.04311294506851798 9.091618780826291
2495 0 0.01 inf 6.687541702942623 0.05019435751204022 9.180459814368891
2496 0 0.01 153070.23118682866 6.917303580610562 0.044345892377558614 9.120312380002506
2497 0 0.01 148911.53231302788 6.731804539470937 0.049363953716160806 9.102058722298016
2498 0 0.01 inf 6.577211711523232 0.0566725705350105 9.048977433219283
2499 0 0.01 inf 6.766615598917805 0.0503774537598079 9.14598785547824
2500 0 0.01 inf 6.7161141210275535 0.06204722125934386 9.120213519320485
2501 0 0.01 inf 6.650259645399397 0.05002357023989144 9.1748765361761
2502 0 0.01 inf 6.617886119946441 0.05310021712089407 9.169418934586398
2503 0 0.01 inf 6.8065761777023015 0.052052710376244544 9.296694626966257
2504 0 0.01 151944.63427022862 6.824615914761208 0.04194672576508622 9.114030697003818
2505 0 0.01 150099.97345277597 6.761361081160832 0.04463730964962247 9.127781511017703
2506 0 0.01 inf 6.5893415537739 0.04908311961953876 9.311458274773749
2507 0 0.01 inf 6.887816315594303 0.044446602996487096 9.328008984596874
2508 0 0.01 inf 6.567839179541296 0.04567727380547836 9.315548444535342
2509 0 0.01 inf 6.679203794579613 0.05447994644401892 9.190474210909144
2510 0 0.01 inf 6.784314140470082 0.04402287859763018 9.366165510271598
2511 0 0.01 inf 6.666352484837058 0.04515126704094442 9.460380644848582
2512 0 0.01 inf 6.807586485231135 0.05066954420532417 9.257900146947035
2513 0 0.01 inf 6.6741193193499875 0.0507078447791936 9.219077586895784
2514 0 0.01 304173209.00948703 6.67172575116377 0.04710853875438058 9.169950992086306
2515 0 0.01 inf 6.485400391016267 0.04877612430640377 9.262379782998956
2516 0 0.01 150151.23646115855 6.747552683700162 0.0472954020844012 9.068226161207514
2517 0 0.01 inf 6.764822164019917 0.05153136382224759 9.224722052668247
2518 0 0.01 inf 6.776699758347529 0.04913760655799604 9.358758077747618
2519 0 0.01 1720122555.404034 6.515877104475927 0.04545220569260197 9.197329384753605
2520 0 0.01 inf 6.605979944586568 0.05047666434042499 9.219882766893594
2521 0 0.01 inf 6.784374733617644 0.0468091407103755 9.268408743302768
2522 0 0.01 inf 6.668451012840365 0.05306193701572051 9.22446435011433
2523 0 0.01 inf 6.769293906913142 0.05396002897198995 9.14863671405216
2524 0 0.01 inf 6.726656400063202 0.048620224711318535 9.239711177176714
2525 0 0.01 521451950.2206351 6.6511516174035235 0.04443292456528236 9.198476703974949
2526 0 0.01 149306.2584577849 6.716328560542356 0.04944347870284116 9.059969982391888
2527 0 0.01 852285624.1801848 6.617824500524345 0.04730980578493156 8.976611065716634
2528 0 0.01 inf 6.871425161805904 0.05971428215843098 9.05987817482027
2529 0 0.01 inf 6.500038766597872 0.05111828697138622 9.166806720366067
2530 0 0.01 inf 6.589748492778076 0.048370477968478036 9.221404731164009
2531 0 0.01 inf 6.577495233860037 0.0505473825129541 8.98997664823735
2532 0 0.01 657626598.801663 6.637742034529373 0.04317951176985236 9.185241792926778
2533 0 0.01 860066778.8621911 6.617008815085407 0.04655693187539543 9.178347472505633
2534 0 0.01 inf 6.582737937876368 0.052268745890814636 9.231993641309726
2535 0 0.01 inf 6.794480471350279 0.053018799801015266 9.29888418274246
2536 0 0.01 inf 6.653235699966576 0.042502117721407 9.227855164956434
2537 0 0.01 inf 6.786202109872323 0.03989688950684723 9.234012112396988
2538 0 0.01 inf 6.597946555788183 0.03718038386082451 9.437334449396287
2539 0 0.01 inf 6.6595043977787896 0.048453262457012466 9.260995798390509
2540 0 0.01 inf 6.582341626882494 0.052960609856628385 8.943233926963925
2541 0 0.01 810257165.924632 6.622202710747168 0.048160815721193836 9.084271076841116
2542 0 0.01 inf 6.6399553079341285 0.054101550425722136 9.264726380227241
2543 0 0.01 39416020.843609095 6.695545944489455 0.0456385238902703 9.046499703445118
2544 0 0.01 inf 6.6917655864262455 0.048212510648590036 9.25006344519362
2545 0 0.01 1158700038.5935628 6.5844950765053225 0.041938330066429955 9.130457919747293
2546 0 0.01 inf 6.723458274959689 0.050857517924110786 9.112795480383294
2547 0 0.01 inf 6.5706337017471546 0.03537466007318744 9.2923401975753
2548 0 0.01 inf 6.80671041195768 0.05302688713114643 9.21966370743551
2549 0 0.01 inf 6.856495828531062 0.057428492285109614 9.30020333755304
2550 0 0.01 inf 6.510887620396161 0.050427991001451664 9.140887099336123
2551 0 0.01 149602.98289089324 6.709839405982196 0.04276167574748357 9.162627314835207
2552 0 0.01 inf 6.6025027991959035 0.05086047657877687 9.285676752069518
2553 0 0.01 inf 6.584300049678159 0.05585279840990975 9.149955095748211
2554 0 0.01 inf 6.7363910815820995 0.0524191243689252 9.079990328603351
2555 0 0.01 inf 6.7793983932924435 0.04721461948695174 9.284169555285223
2556 0 0.01 148186.6038285066 6.6999697173541835 0.04805825479303465 9.150074412305791
2557 0 0.01 inf 6.669203878049984 0.04642576884194113 9.323245198606108
2558 0 0.01 150526.35527138805 6.779751716893545 0.043845671721279386 9.130251050749818
2559 0 0.01 inf 6.870236574349119 0.05140822302074939 9.0247155498206
2560 0 0.01 inf 6.688747728721159 0.04948112984750026 9.250029195230617
2561 0 0.01 1895071516.581625 6.492072237597553 0.045244101319637964 9.116418480074923
2562 0 0.01 inf 6.716813830028459 0.05350371305737846 9.231984108242905
2563 0 0.01 inf 6.721635921387608 0.03943312625825324 9.22387249746111
2564 0 0.01 inf 6.809312136890359 0.0451678861098512 9.261803677247057
2565 0 0.01 inf 6.855422175063243 0.05071747367170831 9.366469043899391
2566 0 0.01 905053105.6926798 6.612264001350751 0.04783445398522839 9.0576681646501
2567 0 0.01 inf 6.581006531841792 0.04155253654931788 9.342329964795237
2568 0 0.01 inf 6.722254483348424 0.04705501183632639 9.296129410057592
2569 0 0.01 inf 7.003639361780003 0.051413110793295476 9.173640090148423
2570 0 0.01 inf 6.850103083565871 0.052171675003152944 8.97147747451868
2571 0 0.01 inf 6.842541788396869 0.04664974849927844 9.249519842530166
2572 0 0.01 148898.64064331056 6.716406716691158 0.04930654659784735 9.088394363137674
2573 0 0.01 inf 6.6782368253185 0.0522684131544589 9.260623250974277
2574 0 0.01 534780455.92831546 6.649857194755537 0.04674777462055006 9.171133139785354
2575 0 0.01 inf 6.604418207619893 0.04781291003283933 9.271546348139
2576 0 0.01 151117.9600904526 6.809034487034377 0.04501614299202605 9.103485719130953
2577 0 0.01 152332.36533832946 6.77103937792131 0.040722785880860264 9.055819223588253
2578 0 0.01 inf 6.719466777501048 0.04833444028683841 9.208700701777998
2579 0 0.01 inf 6.606116346014051 0.05634128311147579 9.162305462258107
2580 0 0.01 149802.90804087935 6.843641191764866 0.0469174096388639 9.191684742504489
2581 0 0.01 151224.62955734634 6.704543899147684 0.04088729143730559 9.062534812094114
2582 0 0.01 154796.91731462872 6.838051543849659 0.042999477035772324 8.980502389155657
2583 0 0.01 inf 6.666039678754214 0.05304739336630285 9.175742411431994
2584 0 0.01 inf 6.746587774371872 0.06254362014016612 9.078219794801988
2585 0 0.01 inf 6.726378873219519 0.05097230935444723 9.26541473770723
2586 0 0.01 156887.84499064772 6.913253968634877 0.04750734250851679 8.97072193195307
2587 0 0.01 110907317.73388198 6.689241386919888 0.048803372569760084 9.170505475169017
2588 0 0.01 inf 6.546517180498857 0.05807356189959952 9.040715267002874
2589 0 0.01 360338703.1065923 6.666500337305964 0.04099418919072612 9.112038307826527
2590 0 0.01 inf 6.763374975200658 0.049683483164197524 9.265095913835736
2591 0 0.01 150469.64095130537 6.706300646964965 0.044342484891032416 9.051957140050007
2592 0 0.01 inf 6.7866577686723595 0.0541896952669182 9.215087555521235
2593 0 0.01 150577.92801063234 6.713262142707722 0.04489006153750484 9.042620373878524
2594 0 0.01 inf 6.8144963594816295 0.04843894136255722 9.234146739220087
2595 0 0.01 inf 6.692788516542027 0.05461006978668347 9.493190999275225
2596 0 0.01 149708.69878581655 6.7314779320292635 0.04302988886933328 9.166448109288302
2597 0 0.01 150014.10830984756 6.751871780676711 0.04341404640944263 9.15027666347202
2598 0 0.01 inf 6.575733785412092 0.05555911148291214 8.985482017377482
2599 0 0.01 inf 6.8088673179836245 0.05772125681209119 9.150219557970566
2600 0 0.01 inf 6.945785005589356 0.05715912405887227 9.055752279190994
2601 0 0.01 inf 6.760136393363191 0.040377325438524216 9.376856751456517
2602 0 0.01 1164867846.0540614 6.583796946410601 0.048562476441256705 9.186606019184133
2603 0 0.01 inf 6.657004325396687 0.04660493501478837 9.377257242978443
2604 0 0.01 inf 6.678184701683182 0.054158465024983206 9.060444583602298
2605 0 0.01 inf 6.603097786726601 0.043043520532036104 9.239228568715468
2606 0 0.01 inf 6.654440043270575 0.05854167378999886 9.120812294964411
2607 0 0.01 inf 6.778138841839452 0.05229330871016154 9.089516886112188
2608 0 0.01 1152403527.351584 6.585206325801949 0.04528903613444173 9.035567833214238
2609 0 0.01 inf 6.751376674932978 0.050865057024575146 9.157973215227063
2610 0 0.01 150204.04682875564 6.8288532196149845 0.04892319198206523 9.126688033313213
2611 0 0.01 inf 6.724632103255791 0.050113175921525796 9.214444052943058
2612 0 0.01 1900472870.203142 6.491316209763656 0.0443176619561643 9.0525401528335
2613 0 0.01 150598.71963928072 6.783719347439683 0.0479613357357824 9.07088566062736
2614 0 0.01 inf 6.690306737168549 0.047172893513233664 9.312556027722815
2615 0 0.01 inf 6.8785448507881535 0.05151285089665234 9.246680675434204
2616 0 0.01 537907596.3708518 6.649552942657603 0.04694151335711607 9.170453216494746
2617 0 0.01 inf 6.843048084093832 0.051517181515833094 9.482899938149522
2618 0 0.01 inf 6.832631183105872 0.052865772858684955 9.282737865250493
2619 0 0.01 570349877.7744794 6.646384104383836 0.040339249822497085 9.175405694481935
2620 0 0.01 inf 6.783290263027526 0.05555044734893577 9.231524841066365
2621 0 0.01 inf 6.585772031376374 0.05610837577487611 9.178144392813525
2622 0 0.01 inf 6.8579919848545705 0.04804231265632824 9.311491644918137
2623 0 0.01 inf 6.70006654313964 0.056986013583686546 9.322715007303199
2624 0 0.01 inf 6.753660317382965 0.05371257652130028 9.2566128910183
2625 0 0.01 inf 6.596801298502739 0.04233035152470949 9.234679025324134
2626 0 0.01 inf 6.637204993379848 0.045332549631889166 9.36686284970049
2627 0 0.01 918005488.7814106 6.610888135537385 0.04566133560273246 9.181882535620275
2628 0 0.01 inf 6.545473078715851 0.050382785586605125 9.152466143108398
2629 0 0.01 inf 6.836986130459316 0.04873019092098259 9.328580491726848
2630 0 0.01 inf 6.645191795554209 0.056772774014224536 9.220337205401654
2631 0 0.01 1115701209.575605 6.5893290732273115 0.0479304942482326 9.164420068283652
2632 0 0.01 1161182859.5482404 6.584214195587877 0.0455437712994397 9.09704643406734
2633 0 0.01 inf 6.7118792934112355 0.04283247278304788 9.338157435704998
2634 0 0.01 676738412.6998551 6.635826427751786 0.04797000705039604 9.064075552908747
2635 0 0.01 inf 6.457596742926226 0.04490738248618211 9.219275551887359
2636 0 0.01 887060843.5605923 6.614168034057276 0.043244731554125164 9.099272142021425
2637 0 0.01 149277.230615201 6.7312561139553155 0.04483214748427733 9.159523963323226
2638 0 0.01 149304.23235666318 6.844989908863051 0.04984591625743038 9.18353221069285
2639 0 0.01 inf 6.649841761620124 0.05174332801342156 9.144885476488536
2640 0 0.01 152489.81747749198 6.92850067092175 0.044145811297681095 9.16044439853677
2641 0 0.01 inf 6.670602123261569 0.06015531464012526 9.107573824510602
2642 0 0.01 inf 6.810799739771654 0.05296982554793022 9.23680863938195
2643 0 0.01 149340.45308892135 6.765128176604843 0.04874326866823742 9.1162040356235
2644 0 0.01 inf 6.541868396458396 0.05055026407620838 9.061517166738353
2645 0 0.01 inf 6.7252188029853555 0.04578442132714362 9.281448738293061
2646 0 0.01 inf 6.737638105001501 0.05640172723080346 9.323865566561505
2647 0 0.01 inf 6.896841241401438 0.060654022090746294 9.196245816390226
2648 0 0.01 inf 6.772462705795617 0.052233646630295595 9.133592818216572
2649 0 0.01 152337.86161124342 6.712475352320174 0.03631753674372182 9.098538194606466
2650 0 0.01 inf 6.636390687160805 0.0566952092035644 9.268624273758268
2651 0 0.01 inf 6.829726488330012 0.04928400085124735 9.280153538657446
2652 0 0.01 1148211436.2977695 6.585679093686062 0.047395912813146084 9.100237431666566
2653 0 0.01 inf 6.742558723313704 0.0509413912542936 9.00493391714229
2654 0 0.01 1608149022.635539 6.530455622579255 0.04739902396312446 9.095331702466327
2655 0 0.01 inf 6.5276633036691845 0.054165170930421565 9.102035757103241
2656 0 0.01 inf 6.691883649303062 0.055514967321599 9.164425173655797
2657 0 0.01 inf 6.817376680198335 0.05304204240969836 9.080840666194801
2658 0 0.01 inf 6.8785897237127465 0.0507183837763576 9.097086365536276
2659 0 0.01 inf 6.668733247232566 0.04823730167286425 9.261934116159287
2660 0 0.01 inf 6.588292822670928 0.04334205126143671 9.224893726099166
2661 0 0.01 68564047.73624748 6.692986685552562 0.04124086806683059 9.069226072373755
2662 0 0.01 inf 6.808396900717345 0.05147351262163939 9.167117971761618
2663 0 0.01 inf 6.834662671998397 0.06174122332434085 9.177126214941183
2664 0 0.01 151334.08560952905 6.811392820553035 0.04901036763960138 9.052422797026113
2665 0 0.01 inf 6.75283995002459 0.04638679256328525 9.204458197054688
2666 0 0.01 149836.65046009063 6.809519996276266 0.04834032898315076 9.135284653801866
2667 0 0.01 inf 6.621247152930443 0.05131115005197666 9.28915765417805
2668 0 0.01 inf 6.4991064267667085 0.050913559496233364 9.32466764911368
2669 0 0.01 150451.26484712068 6.879419138594858 0.04821947294834419 9.17164044684469
2670 0 0.01 744714372.0862424 6.628943918358678 0.04564485091968866 9.066611645957263
2671 0 0.01 inf 6.651093317334011 0.053823161073100936 9.115651173281698
2672 0 0.01 inf 6.583406426543771 0.05584062987544872 9.129094572156433
2673 0 0.01 inf 6.968338966601252 0.051384656891069566 9.179020187443575
2674 0 0.01 150732.40558846417 6.890429687172046 0.04935713039622309 9.156720313239834
2675 0 0.01 inf 6.583524557568641 0.05732501532079115 9.222199674045394
2676 0 0.01 inf 6.684064426392338 0.04744965547017081 9.280416109459544
2677 0 0.01 inf 6.764878151537305 0.047242778935469104 9.267627622974716
2678 0 0.01 inf 6.398037109785376 0.04345527714894929 9.263705875428357
2679 0 0.01 inf 6.803763953008362 0.06041989671328944 9.218436877059613
2680 0 0.01 inf 6.577651064139028 0.058668676614807395 9.09432452156396
2681 0 0.01 inf 6.510779432758616 0.05318184309962018 8.877584038963818
2682 0 0.01 inf 6.811277954182299 0.036811986511278635 9.35873388468835
2683 0 0.01 226382369.44354475 6.678861038580885 0.04871716295289379 9.189541541234343
2684 0 0.01 148441.93577363336 6.747006771155539 0.04763035833036774 9.184133599541864
2685 0 0.01 inf 6.721496366438634 0.0499743704346741 9.211506971015606
2686 0 0.01 inf 6.816222918763727 0.056196496176488156 9.12179131584262
2687 0 0.01 inf 6.736349886618224 0.04750200573715321 9.3262446355079
2688 0 0.01 655488703.5241994 6.637955664078803 0.04964981566157811 9.125399197867011
2689 0 0.01 inf 6.700141958240635 0.050109788357522785 9.01830149146674
2690 0 0.01 1141802270.442675 6.586401215993608 0.044977701571550774 9.069130464441443
2691 0 0.01 inf 6.712829928808599 0.04566244383499779 9.2827315043035
2692 0 0.01 inf 6.451470787625084 0.04814505724445719 9.233067778698139
2693 0 0.01 inf 6.593483550151324 0.050329931866515534 8.947774541396912
2694 0 0.01 inf 6.62080585429953 0.04964623138781956 9.326289041532029
2695 0 0.01 150712.52406458813 6.794237588227044 0.043133259893132145 9.144689601210459
2696 0 0.01 inf 6.864763923606151 0.054626214062634196 9.240099605403454
2697 0 0.01 150724.82487054024 6.74148325984352 0.04180792929610204 9.118389483082666
2698 0 0.01 inf 6.687016552850932 0.052403232059006224 9.134774461993489
2699 0 0.01 380429877.8541343 6.664615814311515 0.047014779116391715 8.911650631948449
2700 0 0.01 150349.2401353074 6.8618812024536044 0.04980673299966521 9.142993024415734
2701 0 0.01 480793967.2741346 6.655076417420487 0.048575407065057544 9.06411444136572
2702 0 0.01 inf 6.795159159199568 0.050898136961134884 9.066819595475222
2703 0 0.01 225605451.47214955 6.678931824166428 0.04963846151831449 9.065162885346357
2704 0 0.01 246130611.75374943 6.677060833706669 0.049055452914006814 9.063856508008078
2705 0 0.01 inf 6.862856337436134 0.05069805487596805 8.885436043286127
2706 0 0.01 inf 6.7102580328854895 0.05080417187717273 9.165818633523548
2707 0 0.01 inf 6.900313743982764 0.05521268891572113 9.398623123597563
2708 0 0.01 inf 6.885909394777337 0.054519711224595466 9.194127982320161
2709 0 0.01 148796.43132689 6.727431328581078 0.04949839796990149 9.103468256796523
2710 0 0.01 inf 6.562320945417044 0.04088935124837016 9.208779248766701
2711 0 0.01 inf 6.733226474998835 0.05464953785888864 9.125372265519088
2712 0 0.01 148922.39161398134 6.746973562058615 0.04996584409133358 9.107819597295796
2713 0 0.01 84580752.89214955 6.691573709464385 0.047747937256021854 9.09974101190944
2714 0 0.01 311880734.7949433 6.671012465933998 0.04279166601115988 9.174975359728798
2715 0 0.01 inf 6.751720592209197 0.06614836599315599 9.173444764797349
2716 0 0.01 150995.21532660245 6.884929509926677 0.04676753971233567 9.164392133254665
2717 0 0.01 inf 6.5549883076048765 0.0600983677753462 9.143260508716423
2718 0 0.01 inf 6.785753690398673 0.053079668662670054 9.155704672904504
2719 0 0.01 inf 6.567713155379839 0.05289857409951992 9.105143014870057
2720 0 0.01 inf 6.709401974888402 0.05251297992371003 9.06260086963433
2721 0 0.01 2570914575.6701474 6.385469168455976 0.04433980877306827 9.062708932900044
2722 0 0.01 inf 6.569864794470128 0.05522393316606669 9.254375797320348
2723 0 0.01 inf 6.690368334690147 0.05412498517789434 9.101431929463168
2724 0 0.01 151233.10326357803 6.825150915949517 0.04695481708116829 9.09013648507074
2725 0 0.01 429948731.8109973 6.659935524892057 0.04591251973813154 8.893525620957059
2726 0 0.01 1570335791.4791238 6.535270214798591 0.04657099242853323 9.184800675501325
2727 0 0.01 inf 6.93745410508386 0.054547026690001374 9.261119941726836
2728 0 0.01 inf 6.728467623156267 0.0597356198389178 9.113304207567808
2729 0 0.01 148629.04793920158 6.708955259587376 0.04703950856106354 9.142831913115163
2730 0 0.01 inf 6.558094462777109 0.05287141116352654 9.10467908866602
2731 0 0.01 151265.45305866413 6.716078559642326 0.03735764036615054 9.17929403484842
2732 0 0.01 inf 6.7295534268696 0.054446494032623485 9.032303784691274
2733 0 0.01 1494239364.1917465 6.544800499381303 0.048121806126561056 9.09221005910087
2734 0 0.01 inf 6.764730349800308 0.05332600130355908 9.415333462205846
2735 0 0.01 149957.57431523246 6.803862210544626 0.04604198174873118 9.155638516930274
2736 0 0.01 241567647.7146589 6.677477683259865 0.04386703234959762 8.994314241870146
2737 0 0.01 inf 6.60214697399607 0.05161615203490836 9.305134897831707
2738 0 0.01 148316.92796160906 6.717667391193193 0.04816328861412378 9.154159205839147
2739 0 0.01 1204046300.9304714 6.579337731613562 0.04714995443382563 9.188318476686057
2740 0 0.01 inf 6.6146199701496275 0.05305193727491878 9.198916207248832
2741 0 0.01 inf 6.581394768712957 0.05114025599047043 9.132920504877218
2742 0 0.01 inf 6.78304835410837 0.04748374856084455 9.26332861540936
2743 0 0.01 150123.144818281 6.8151004209872355 0.0470430684473012 9.140952737566053
2744 0 0.01 inf 6.785089486709413 0.05095786341734362 9.262021489660171
2745 0 0.01 150461.2041827476 6.772735246868904 0.0425204854235712 9.154804283331588
2746 0 0.01 876071200.5686482 6.615326823344936 0.04414784065879128 9.115596169538398
2747 0 0.01 inf 6.76642902341153 0.05018622564945654 9.329069680850703
2748 0 0.01 inf 6.811987189408439 0.054276692697367956 9.294028673129189
2749 0 0.01 246002036.468856 6.67707261141652 0.04547760157664173 9.106079716202935
2750 0 0.01 inf 6.492448868697961 0.05946476570655177 9.020034899253814
2751 0 0.01 151825.0281136525 6.814439620986662 0.041301175503506586 9.121808542844702
2752 0 0.01 inf 6.613625575348824 0.04583341247644581 9.3576180160744
2753 0 0.01 inf 6.700519443348143 0.05617904044179038 9.167115933815333
2754 0 0.01 inf 6.7770190689422 0.047645766509852236 9.400658663538808
2755 0 0.01 inf 6.589919345013223 0.04171607847963846 9.261783891098181
2756 0 0.01 2027380927.2733583 6.4731607692167845 0.04692586148843516 9.066509980128156
2757 0 0.01 inf 6.464487896238418 0.04934467633097578 9.400368777832657
2758 0 0.01 inf 6.771724855933216 0.05481643506072946 9.193628784016173
2759 0 0.01 inf 6.53109001555651 0.05128967497692772 9.247814969588596
2760 0 0.01 149014.61846459052 6.75072686232174 0.04739220742070416 9.146402509332553
2761 0 0.01 149505.09571714018 6.771074789793966 0.045234428548614175 9.171038086573015
2762 0 0.01 151627.0757340642 6.738606043850856 0.03855675968633351 9.121271296541115
2763 0 0.01 915627623.8697618 6.6111409794063825 0.04806022286097865 9.167891290138027
2764 0 0.01 inf 6.834171122731519 0.049450972869326405 9.271694783294269
2765 0 0.01 inf 6.706765142736862 0.05152860219466519 9.125833806308831
2766 0 0.01 149215.06618115972 6.72667266806182 0.04411414878044918 9.179220383782589
2767 0 0.01 inf 6.721348595241594 0.042168029655428804 9.37543235686412
2768 0 0.01 149701.3385858798 6.740948050526288 0.047006823610257 9.094343677189912
2769 0 0.01 inf 6.7783428784958355 0.045370456170250095 9.286632102877283
2770 0 0.01 inf 6.791708446025584 0.04024734353820744 9.275394704835655
2771 0 0.01 inf 6.66179779076313 0.04531315179295172 9.241273560846034
2772 0 0.01 inf 6.701622300078089 0.05110998443359081 9.316269230090908
2773 0 0.01 inf 6.66513765843605 0.05975776845956153 9.097571310340578
2774 0 0.01 inf 6.768926603920178 0.04826070942711586 9.211188702707945
2775 0 0.01 151072.4704650753 6.733065514147971 0.040767056512249614 9.105935425393374
2776 0 0.01 inf 6.792610572854927 0.051378901744376856 9.07365682770955
2777 0 0.01 inf 6.626131802713311 0.03862989221811378 9.273728969994382
2778 0 0.01 185310606.50659993 6.682581804612203 0.03992239104285168 9.194609282030434
2779 0 0.01 152563.57422900415 6.856414096865054 0.045691614632797514 9.07022272797823
2780 0 0.01 inf 6.736997044196316 0.04915643995622116 9.327496184475873
2781 0 0.01 inf 6.7394182435584336 0.041063504341551066 9.266011481553546
2782 0 0.01 inf 6.634115253896766 0.054261149888423406 9.146066048554593
2783 0 0.01 150350.59573940502 6.737262623920779 0.047492165519754256 9.043683182976512
2784 0 0.01 inf 6.7890573593577646 0.04321691194585992 9.2230752941591
2785 0 0.01 37792016.12468585 6.69568799991051 0.04897177910435303 9.068667265456044
2786 0 0.01 inf 6.8138000635445355 0.06181295200024073 9.081841320912286
2787 0 0.01 inf 6.755539797675835 0.048550295930753364 9.272492340596557
2788 0 0.01 1860113595.8291109 6.496934195523862 0.04954617722033031 9.094160942597917
2789 0 0.01 inf 6.5421002264202475 0.05107760895944413 9.103359823020206
2790 0 0.01 1454167928.4436166 6.549736126540221 0.048812548556119204 9.14878334270006
2791 0 0.01 inf 6.6986800789798835 0.048714893833556115 9.200979024608571
2792 0 0.01 551731769.6175737 6.6482055283656845 0.04349277566558561 9.12625805279998
2793 0 0.01 inf 6.712958775509448 0.050453229467819286 9.219031175952694
2794 0 0.01 inf 6.583523074172167 0.050702426616527074 8.97601444663458
2795 0 0.01 150948.70554403053 6.841239739863196 0.04742269132527803 9.115831594079431
2796 0 0.01 inf 6.855756030977281 0.0481182941833824 9.258449650464057
2797 0 0.01 inf 6.639080988540687 0.060342679513499885 9.171919321399299
2798 0 0.01 inf 6.458833753721781 0.05292551342214165 9.272528533081909
2799 0 0.01 150344.79939404855 6.828324150399127 0.04821891231574201 9.126368624635885
2800 0 0.01 inf 6.827396531518432 0.05555172491670671 9.053337377631019
2801 0 0.01 inf 6.63325262722443 0.049264294631036404 9.34127804527249
2802 0 0.01 inf 6.844617348666742 0.05323074492507387 9.096355535597912
2803 0 0.01 inf 6.672933080693478 0.04804006826095429 9.251703746755359
2804 0 0.01 inf 6.629956565945189 0.04836651722765481 9.240839440738027
2805 0 0.01 1189877533.3384461 6.580955778038727 0.046698320290174455 9.111022939339865
2806 0 0.01 400946339.6818222 6.662682444996999 0.045992732275409884 9.198211056638424
2807 0 0.01 150022.5465703373 6.742143658268978 0.044496634592332183 9.116969138262611
2808 0 0.01 inf 6.656533137505152 0.04618395985618299 9.220804105084538
2809 0 0.01 inf 6.71824932017852 0.056356287506305246 9.178487707162631
2810 0 0.01 inf 6.748202252605724 0.047733599292527344 9.236659950625347
2811 0 0.01 149364.7911437358 6.752713536884724 0.0454325510730441 9.15980389317783
2812 0 0.01 709831094.2988343 6.632489618763574 0.04019928639201055 9.08078070005407
2813 0 0.01 inf 6.7666288703798605 0.051026611612851824 9.095569399370536
2814 0 0.01 inf 6.682114566782592 0.05452158608513129 9.128468807271808
2815 0 0.01 932116591.5754726 6.609384312231517 0.04457102870249138 9.171262001665246
2816 0 0.01 inf 6.760554416714924 0.05069049991419193 9.210143100088631
2817 0 0.01 150984.78487453854 6.716822416550039 0.03945440386772391 9.132824718956899
2818 0 0.01 inf 6.8821511014546655 0.05124734591229778 9.12686918099433
2819 0 0.01 inf 6.682017452775294 0.056707302005870805 9.305228004449743
2820 0 0.01 691073470.5719935 6.634384194741973 0.0422598970975434 9.07475829067666
2821 0 0.01 149150.85758641915 6.761283430520164 0.04869860489169072 9.125442336894483
2822 0 0.01 inf 6.678494296632354 0.050981270265618564 9.289998939984283
2823 0 0.01 150610.65918196226 6.777437693270296 0.04982684330551042 9.045396977988924
2824 0 0.01 inf 6.9517393697274334 0.05023047218660208 9.171745586311676
2825 0 0.01 inf 6.595324779329574 0.049186956412166194 9.25136137001553
2826 0 0.01 inf 6.776815833247259 0.051503098044646596 9.069836055646187
2827 0 0.01 inf 6.6947602787733445 0.047702877440207105 9.253450898743193
2828 0 0.01 inf 6.761380507848008 0.041092993195506355 9.280233916025857
2829 0 0.01 inf 6.800094583654285 0.05504302831008736 9.091627090894416
2830 0 0.01 150280.36799655727 6.725145124138575 0.04980910554194177 9.009744261688473
2831 0 0.01 inf 6.766362639462561 0.053600004238797315 9.17647447994146
2832 0 0.01 inf 6.569777864214298 0.05482430133706882 9.21350544648511
2833 0 0.01 inf 6.676440466438465 0.05002580721175455 9.219093379014906
2834 0 0.01 inf 6.746240600063361 0.04823887205987187 9.21352885626826
2835 0 0.01 335313204.6603514 6.668836192545442 0.049695360105991834 9.174986555982137
2836 0 0.01 inf 6.468033598006033 0.04284546384562919 9.354421853086764
2837 0 0.01 inf 6.7995313341149854 0.04197709310592978 9.21141499297307
2838 0 0.01 523095142.8209195 6.650992146423242 0.04974371896105079 9.152614817446468
2839 0 0.01 148885.85053221422 6.8228387415624185 0.049490722949456355 9.19293160675389
2840 0 0.01 inf 6.701498190029251 0.05969904520785743 9.281132577458594
2841 0 0.01 inf 6.745299333795608 0.05044951040929356 9.255526396644866
2842 0 0.01 inf 6.735962365244714 0.05336172735998419 9.166452281091402
2843 0 0.01 478837827.6803706 6.655264326328947 0.04634787736285501 9.141663252461761
2844 0 0.01 inf 6.589580682927669 0.04038559233761537 9.22847019125433
2845 0 0.01 inf 6.781040118737856 0.056556846995507025 9.174575461491239
2846 0 0.01 770110088.2237005 6.626344266484789 0.044752376093275335 9.190913066461306
2847 0 0.01 inf 6.496904788054635 0.05583384688041506 9.235242861457472
2848 0 0.01 inf 6.64068482617937 0.056951613641584006 9.014008147486463
2849 0 0.01 inf 6.662892916153851 0.04977429451580633 9.265550221651688
2850 0 0.01 inf 6.7788817457005415 0.0518406546119292 9.115995209284316
2851 0 0.01 inf 6.662396760347197 0.05010117748291562 9.37171306920718
2852 0 0.01 inf 6.66409632816192 0.05124476588222423 9.21247895676917
2853 0 0.01 inf 6.762446905216962 0.05579388217168827 9.236870207302047
2854 0 0.01 inf 6.55620843482521 0.05138676589657814 9.093627276965867
2855 0 0.01 1176755683.5725083 6.582448864219716 0.0455241715801632 9.123716414081436
2856 0 0.01 inf 6.783302169721409 0.052663915078249426 9.015316066556778
2857 0 0.01 inf 6.604129838661366 0.049531209518711324 9.279968090353682
2858 0 0.01 inf 6.546718550000319 0.04921619233883102 9.222557841876851
2859 0 0.01 inf 6.6303490941581185 0.043922895447918234 9.211650629015416
2860 0 0.01 inf 6.789761059189677 0.055198109708227285 9.20953695209915
2861 0 0.01 148683.80280967153 6.701916924386293 0.046737886391398815 9.137787847144251
2862 0 0.01 inf 6.783314755448464 0.04240169488499269 9.290474204123045
2863 0 0.01 inf 6.686762933871298 0.05233204258107446 9.22660061830906
2864 0 0.01 inf 6.7842969304770655 0.05030102422440187 9.142765429202637
2865 0 0.01 inf 6.8145548056200225 0.05263318630010357 9.158458239690438
2866 0 0.01 inf 6.751851406373235 0.05381147780225612 9.1053905256435
2867 0 0.01 inf 6.853605244886553 0.04967974198040547 9.390407946248695
2868 0 0.01 inf 6.718331911903051 0.04764391388727495 9.23261294296481
2869 0 0.01 inf 6.615979937484822 0.05117685708879772 9.239956920590604
2870 0 0.01 inf 6.776860744476386 0.04666849143940918 9.219746264738204
2871 0 0.01 inf 6.632178846409731 0.046748103014301545 9.225579086811615
2872 0 0.01 inf 6.825022446382036 0.049580839350496855 9.373404555017277
2873 0 0.01 147830.77037950387 6.702450018209053 0.04990454026340948 9.144396759385938
2874 0 0.01 154287486.6629142 6.685370897931398 0.049590793541609036 9.129703719554419
2875 0 0.01 inf 6.782918888527313 0.05062598975726748 9.26909017942101
2876 0 0.01 151472.1490877758 6.73400576890865 0.04834164333752634 8.974360202591518
2877 0 0.01 147523.2900163664 6.7036851273972475 0.04980355774413952 9.174733420464356
2878 0 0.01 inf 6.5595517737421805 0.051636168005536116 9.232437527422263
2879 0 0.01 inf 6.756082054133379 0.052272956806317813 9.213796647393309
2880 0 0.01 inf 6.657995398169658 0.05729444672857512 9.142320232583101
2881 0 0.01 inf 6.7267851836295 0.057261606277619906 9.161080687830276
2882 0 0.01 inf 6.837386838461591 0.04670850877840729 9.200602178041503
2883 0 0.01 150287.7242441552 6.775639001411301 0.04252903801976716 9.171805672342979
2884 0 0.01 inf 6.725815060556522 0.051322330547902036 9.030692184827162
2885 0 0.01 39478229.69878767 6.695540401337112 0.045486349077289996 9.136268154425995
2886 0 0.01 152352.96922140094 6.765711133627021 0.044227465355608835 9.00352684069325
2887 0 0.01 149950.79217455647 6.8334191155499555 0.04771386255919771 9.160552440980753
2888 0 0.01 inf 6.620293988078743 0.052160642118838654 9.232302937169141
2889 0 0.01 632323412.8446223 6.640265236274393 0.0482240292270521 9.062091227631695
2890 0 0.01 inf 6.687740402961896 0.05025447617029216 9.342348933743054
2891 0 0.01 inf 6.737069699454711 0.046420476642415665 9.22957915481264
2892 0 0.01 inf 6.904480016581606 0.050675940300724816 9.041653564683905
2893 0 0.01 inf 6.588746790293362 0.05460425086076186 9.141868476067973
2894 0 0.01 152009.1700202716 6.7505032194131385 0.047429382424462464 8.974281169560815
2895 0 0.01 inf 6.7761917664839 0.05143586217574172 9.151789916260558
2896 0 0.01 932624956.9985723 6.60932987283114 0.04955477125973674 9.18850633142135
2897 0 0.01 inf 6.476074785222298 0.05026666241212474 9.280041441822856
2898 0 0.01 148872.39740176013 6.708663204677687 0.044355337869463676 9.188967492594243
2899 0 0.01 inf 6.672274187698141 0.056896387918113064 9.172166146595679
2900 0 0.01 inf 6.632272299835033 0.05129204040453175 9.171405696984253
2901 0 0.01 150170.9443245943 6.831662460741757 0.044722733781348854 9.191414626784976
2902 0 0.01 289589470.99688864 6.673072495571131 0.043866737741306464 9.155945461575158
2903 0 0.01 inf 6.441314136584642 0.05116857588960442 9.189130030060953
2904 0 0.01 inf 6.76290784254264 0.043554758679095654 9.451355651760897
2905 0 0.01 inf 6.672607172393411 0.047784432042365516 9.205631386192568
2906 0 0.01 376835172.1863398 6.664953387218028 0.04415568692628134 9.123716981989983
2907 0 0.01 150306.579555819 6.796980539919088 0.047192270586651784 9.109805846804623
2908 0 0.01 155933.70919864794 6.782634604339543 0.04837248198132776 8.864169800079523
2909 0 0.01 inf 6.707480800335269 0.04670730184268389 9.242793086611833
2910 0 0.01 inf 6.6969798248595955 0.05288484266477193 9.115607826607114
2911 0 0.01 inf 6.748057199535713 0.05525384701234339 9.271857270117097
2912 0 0.01 inf 6.672282531352208 0.04676543926356017 9.346621076495182
2913 0 0.01 inf 6.723080151174938 0.04776640548577815 9.212136485165187
2914 0 0.01 inf 6.619390003387165 0.05135436121595899 9.11340454736485
2915 0 0.01 inf 6.7125262051107715 0.05165706062571048 9.23684903406006
2916 0 0.01 inf 6.620043605051669 0.05465246120715542 9.292828585945841
2917 0 0.01 inf 6.901659782082471 0.05286088839656952 9.251150121640512
2918 0 0.01 inf 6.690307319399575 0.05190075888350243 9.218165029231944
2919 0 0.01 inf 6.602041036278885 0.04253175217844522 9.309315371131229
2920 0 0.01 inf 6.623626462240476 0.05806548554910518 9.177082012305567
2921 0 0.01 1368245142.3637607 6.560134574526748 0.03723083772915844 9.074850141835343
2922 0 0.01 inf 6.746225063785925 0.04604193981114571 9.206426212931781
2923 0 0.01 149837.47016987661 6.756081175660169 0.04273037178134201 9.187062510600764
2924 0 0.01 inf 6.401274087446961 0.053962535471948056 9.04475589882161
2925 0 0.01 1016673454.2734185 6.600261906890962 0.049905324825638676 9.152920255225055
2926 0 0.01 inf 6.734754342538608 0.051599129852132296 9.120469494235373
2927 0 0.01 inf 6.675994543935525 0.05168769075169313 9.422328294207611
2928 0 0.01 inf 6.729678873952769 0.05668563124587007 9.121513166832585
2929 0 0.01 inf 6.544087658788847 0.05660132160546829 9.32314061956482
2930 0 0.01 inf 6.899906736234729 0.0505057894544577 9.18584756232923
2931 0 0.01 inf 6.654895671279438 0.04612371566676267 9.265517966229986
2932 0 0.01 534993454.4472182 6.649836700708479 0.04698611403767453 8.97702964720894
2933 0 0.01 294974879.4363065 6.672575923005203 0.040023471185588716 9.034878668726511
2934 0 0.01 452074798.63184834 6.6578275548593675 0.04622349733645657 9.066580178066081
2935 0 0.01 inf 6.682828167860914 0.05035806196899736 9.272552758482483
2936 0 0.01 inf 6.647246911198373 0.04941991760642602 9.26001062767049
2937 0 0.01 inf 6.613205348883719 0.04727308524855778 9.249547234405041
2938 0 0.01 inf 6.850532008852127 0.052088921392112665 9.150772798720865
2939 0 0.01 inf 6.710282436920132 0.05557903191533815 9.163481263852992
2940 0 0.01 inf 6.80750698981019 0.05480637471627006 9.035670314636993
2941 0 0.01 inf 6.844493003930504 0.05036189257677624 9.119778061125754
2942 0 0.01 inf 6.699422744388118 0.05414367498107727 9.242545424054121
2943 0 0.01 inf 6.591939621839317 0.049112810444244724 9.297589792540673
2944 0 0.01 inf 6.674812397407785 0.05506914527913187 9.220094267065422
2945 0 0.01 inf 6.716672752069536 0.052303870659514994 9.268552433267502
2946 0 0.01 inf 6.663045064404519 0.0481040534115311 9.282938274236225
2947 0 0.01 202530600.23474306 6.681025652141108 0.04533088275979999 9.176352717275
2948 0 0.01 inf 6.59224081454988 0.05743884858548616 9.005693717987576
2949 0 0.01 inf 6.853558343213581 0.05885536801285536 9.240168245024583
2950 0 0.01 150367.90965301756 6.724578107242757 0.04512260355901191 9.063953553435955
2951 0 0.01 inf 6.5834629031189005 0.04732607273888724 9.201206839663868
2952 0 0.01 151017.0603203976 6.759489945525592 0.041237944290389204 9.125931302660431
2953 0 0.01 inf 6.69406264827628 0.05033645038760555 9.070634693168131
2954 0 0.01 inf 6.575698250463703 0.051408601417453126 9.139063746845377
2955 0 0.01 919766451.1597905 6.6107009091313245 0.042126738563768334 9.123782246183413
2956 0 0.01 inf 6.839403023413968 0.051446944420534824 9.072336370796615
2957 0 0.01 inf 6.835916115017665 0.05189402333012034 9.361990394249938
2958 0 0.01 inf 6.749399934376696 0.04475174286920747 9.234215238736942
2959 0 0.01 inf 6.782624256478069 0.04441383823511644 9.22891475655963
2960 0 0.01 257273954.0828903 6.676041541343906 0.04946028051749704 9.161817862181122
2961 0 0.01 147875.36324210768 6.709662420524749 0.048508755078071064 9.177853131013347
2962 0 0.01 153225.59403563075 6.904932777800406 0.04646197795165279 9.085054529990678
2963 0 0.01 inf 6.626705067928314 0.050872808269247755 9.018613168353822
2964 0 0.01 inf 6.571920208762728 0.051684033823565956 9.294248201542835
2965 0 0.01 inf 6.794216993496248 0.051852629601151834 9.251697137423161
2966 0 0.01 151279.2331451673 6.762444127303279 0.047099347421597194 9.023594113161957
2967 0 0.01 894677926.6256906 6.613362858751401 0.04776069888359185 9.118717511942801
2968 0 0.01 148908.3010704107 6.707344023304571 0.045560965775986874 9.151057579092924
2969 0 0.01 inf 6.7185233366138535 0.053826142680903175 9.125488272237327
2970 0 0.01 151520.87207023983 6.8132274550910825 0.041112390766062094 9.144643270878545
2971 0 0.01 inf 6.628783267073585 0.057852407228944525 9.071656775309535
2972 0 0.01 150426.42873895762 6.723742017956161 0.03951482740913634 9.197918268918553
2973 0 0.01 880012571.6379721 6.614911640936795 0.043328756912635935 9.069669960064445
2974 0 0.01 inf 6.730521006092297 0.054619423594808515 9.182319908111733
2975 0 0.01 inf 6.599670397216264 0.0505977852798308 9.334529344385828
2976 0 0.01 inf 6.662112140692536 0.04695849068687889 9.216054437564656
2977 0 0.01 715005957.7237388 6.631965309117403 0.049544926106427634 9.003236586860545
2978 0 0.01 inf 6.6896450080497685 0.051268034928620795 9.235348858874625
2979 0 0.01 inf 6.750037909151053 0.046294170065244736 9.282390911610623
2980 0 0.01 inf 6.587563476223115 0.05493644689053253 9.351990958106107
2981 0 0.01 inf 6.717922492775421 0.05417170434131814 9.21717180618233
2982 0 0.01 474191895.93098515 6.6557104750973375 0.04395518776727982 9.091828902389299
2983 0 0.01 inf 6.851023023373684 0.04688868534602032 9.233635888994588
2984 0 0.01 inf 6.752872470235137 0.047102045452589066 9.286976652500092
2985 0 0.01 922340786.7681344 6.610426614104143 0.047218216166120736 9.183058026881255
2986 0 0.01 446935141.93342125 6.658317954907058 0.04568121821819696 9.193470923366029
2987 0 0.01 150818.96208990883 6.7442790112302164 0.04905077730322264 9.009167143161704
2988 0 0.01 468101809.95707494 6.656294383956192 0.04360283983106011 9.196796715131782
2989 0 0.01 inf 6.806640956212122 0.053943944362230364 9.291145009711629
2990 0 0.01 inf 6.644622072886771 0.043182402642554935 9.262989468288362
2991 0 0.01 inf 6.610604332067405 0.050224614323994395 9.193795789932377
2992 0 0.01 1902884031.302052 6.490978088845454 0.046516748980077315 9.131239626224145
2993 0 0.01 921656020.3755295 6.610499613179147 0.04659102296378165 9.11665608907251
2994 0 0.01 149323.82584967994 6.7300059676360275 0.04406043364729671 9.173602342336585
2995 0 0.01 567484547.32235 6.646664681458731 0.04896838310050883 9.170908761022327
2996 0 0.01 inf 6.805837206668659 0.05301436981403298 9.313244190658615
2997 0 0.01 inf 6.602704847195884 0.05385058880463778 9.101061360054455
2998 0 0.01 149576.25006441594 6.72441598158785 0.04393441798775445 9.148131643194743
2999 0 0.01 inf 6.894805467446738 0.057581309878684296 9.17170284497248
3000 0 0.01 inf 6.89265055752785 0.06002445762859709 8.895150114541885
3001 0 0.01 160572107.44004282 6.684807273695371 0.047596432185393195 9.199681439904978
3002 0 0.01 inf 6.73038026652382 0.05051138900623889 9.322345906919082
3003 0 0.01 inf 6.696134945943047 0.057252745255478056 9.349695984383095
3004 0 0.01 inf 6.653232465036281 0.05219645295386298 8.987546321146603
3005 0 0.01 inf 6.616849647757913 0.05570170604672367 9.29168053846402
3006 0 0.01 441899565.2632786 6.658798008079237 0.04525657107913439 9.189247584990767
3007 0 0.01 inf 6.754362559747484 0.05554080995094056 9.084229309083172
3008 0 0.01 inf 6.825005509897361 0.05678488739240327 9.139849439678395
3009 0 0.01 inf 6.606777468669618 0.05702726616656112 9.185519638545582
3010 0 0.01 258585698.89512625 6.675921664496386 0.04362501569936335 9.053353048559366
3011 0 0.01 inf 6.725024161926021 0.04563618810455995 9.289923070895748
3012 0 0.01 152409.75150778846 6.841908127892837 0.03799990932913769 9.17399188571693
3013 0 0.01 inf 6.441820996936076 0.061321242683442814 9.313553509843198
3014 0 0.01 inf 6.752528532608155 0.050784131814861806 9.220641134298413
3015 0 0.01 inf 6.452320064918457 0.04840366194033036 9.308301116343934
3016 0 0.01 inf 6.911540009894225 0.04680516588002925 9.392153484757795
3017 0 0.01 inf 6.713745703757472 0.055421217475249286 9.175105874350994
3018 0 0.01 inf 6.823487445949661 0.051193306962903626 9.182376285893401
3019 0 0.01 inf 6.6478758735926 0.05165726983120546 9.282486128069642
3020 0 0.01 164395281.9627989 6.684464286694192 0.04164865130548832 9.106330854030242
3021 0 0.01 151295.24949438823 6.790952174468411 0.045733344539762785 9.066435532762139
3022 0 0.01 1325178295.977646 6.5652537308171866 0.0488147764230228 9.040243900055435
3023 0 0.01 inf 6.601595377013905 0.056222127494464924 9.285081971091564
3024 0 0.01 149529.30170131128 6.788199464419306 0.04738916064050168 9.147100855583814
3025 0 0.01 150258.7225153136 6.75680701584253 0.046564386119377854 9.08110920701814
3026 0 0.01 inf 6.774794378441275 0.056165836823603196 9.257149224825143
3027 0 0.01 inf 6.625510108132991 0.05056726050944353 9.079253539939954
3028 0 0.01 inf 6.782551154012692 0.0443725223619634 9.294177362384495
3029 0 0.01 inf 6.7420543546244325 0.050229982901534645 9.153917703678566
3030 0 0.01 432014820.27938944 6.659738776376324 0.04556161686866133 9.175931491306557
3031 0 0.01 1221235079.3030012 6.577366864505532 0.0449059459781481 9.170915109525032
3032 0 0.01 inf 6.7249374593016675 0.043765401438703756 9.262598605994896
3033 0 0.01 inf 6.575395828210798 0.04115118581724849 9.224504263146649
3034 0 0.01 258083101.01413134 6.6759674586606925 0.049768069316118206 9.138886947116546
3035 0 0.01 150611.8992088397 6.782430873675651 0.04871585344899671 9.060926980125062
3036 0 0.01 inf 6.566004917304612 0.050497486781102906 9.208331207909161
3037 0 0.01 inf 6.790494510727765 0.04853891701554774 9.218119265210774
3038 0 0.01 1026404230.4201447 6.599199957242611 0.04710125057763531 9.010157822974746
3039 0 0.01 150802.9689619701 6.712084328888785 0.0411895456666766 9.097106007903678
3040 0 0.01 714845896.3805859 6.631981571559309 0.04739383734800451 9.00970958130121
3041 0 0.01 inf 6.752602810620551 0.05025106716389142 9.067845235918089
3042 0 0.01 inf 6.582479936694129 0.05437987624670203 9.179273096773688
3043 0 0.01 inf 6.8284527032363975 0.053425017622654614 9.166908152109144
3044 0 0.01 inf 6.628494083293925 0.05564935425069106 9.134307785454904
3045 0 0.01 14722863.813347464 6.697702250749924 0.046924008486876015 9.137261805369173
3046 0 0.01 inf 6.642511603253873 0.05296738161928287 9.055146450142512
3047 0 0.01 inf 6.79426466352812 0.05225493084329295 9.20322732774987
3048 0 0.01 150902.03544919824 6.852675431152328 0.04384438234968656 9.177812185864534
3049 0 0.01 151926.62006683234 6.758699147446913 0.04574562404472539 9.001659227287949
3050 0 0.01 976694147.3273144 6.604598944902766 0.04910663838800078 9.118999465963158
3051 0 0.01 inf 6.592650724364452 0.05345840807559931 9.115373390069609
3052 0 0.01 inf 6.5627089393508955 0.04656531253930947 9.218482364999888
3053 0 0.01 904681524.9169093 6.612303450202542 0.04243504190551853 9.190245910659984
3054 0 0.01 inf 6.744523269447856 0.057358078761983546 9.127436612966445
3055 0 0.01 152137.81536725454 6.777818797959714 0.04697001109092484 8.999703692677324
3056 0 0.01 inf 6.6901613658525445 0.054240329177619714 9.265973110809849
3057 0 0.01 inf 6.752981783969941 0.05143633784420979 9.101201897699701
3058 0 0.01 inf 6.823909887314195 0.05113057216059764 9.066235478435466
3059 0 0.01 inf 6.775075813440822 0.03916754046024965 9.331227627178649
3060 0 0.01 636845930.8689823 6.639815286905847 0.04823377269441511 9.09650241326983
3061 0 0.01 inf 6.649844201778863 0.05379783346216438 9.039488601364807
3062 0 0.01 152511.57295055842 6.925120180915409 0.048777522932069294 9.118175328721973
3063 0 0.01 444895171.0067713 6.658512699309107 0.04968845879700525 8.946800211439445
3064 0 0.01 inf 6.8046226867506245 0.05475869385510646 9.162454258728117
3065 0 0.01 149959.2643137824 6.705287244485438 0.04966158820089757 9.008370258715765
3066 0 0.01 inf 6.726973386670228 0.05575352313122575 9.200092952400158
3067 0 0.01 inf 6.716893078797409 0.05557544397567922 9.134762156345344
3068 0 0.01 150191.42947995986 6.706257374606136 0.04336474401604353 9.091328130573388
3069 0 0.01 inf 6.748516824739642 0.06000884597019202 9.257467961959662
3070 0 0.01 inf 6.649072734047819 0.052444927738189255 9.365856653593083
3071 0 0.01 inf 6.657718014717499 0.05296312201323498 9.034531452832024
3072 0 0.01 470126351.62711906 6.656100236395484 0.048318021735527295 9.159284507250957
3073 0 0.01 3749690.476613494 6.698657075454976 0.046802488051292536 9.172218351360755
3074 0 0.01 inf 6.732750293353238 0.05208639480356458 9.185145511438693
3075 0 0.01 inf 6.59901129914376 0.054006699345211774 9.050050419488223
3076 0 0.01 149015.32878508526 6.700840008358428 0.04753741247647513 9.093786512219983
3077 0 0.01 151502.73351908452 6.700056851151457 0.03918248367540244 9.076411579045722
3078 0 0.01 1344300604.3978446 6.562988106424058 0.046568074125515106 9.029084522641632
3079 0 0.01 inf 6.530039642260011 0.05494804016158206 9.058625094075671
3080 0 0.01 inf 6.602491441292873 0.052159679649398424 9.177402503611766
3081 0 0.01 inf 6.73934408407637 0.05527698916238006 9.34694413755108
3082 0 0.01 inf 6.79824740594561 0.045855747298128635 9.315042093637853
3083 0 0.01 1654494605.6227782 6.524480703579773 0.049859354116734596 9.161809561373694
3084 0 0.01 inf 6.777846521722365 0.05588207606883847 9.170461626734
3085 0 0.01 inf 6.631117349581526 0.05496347685429545 9.23296629605838
3086 0 0.01 inf 6.6314268691966545 0.058455698457189995 9.20694971352621
3087 0 0.01 inf 6.701425401041923 0.05977702394737668 9.16280557670174
3088 0 0.01 inf 6.863128298867146 0.05285102220344311 9.275894305942769
3089 0 0.01 inf 6.861740109971177 0.05457533382029922 8.967957854755484
3090 0 0.01 151799.94068629766 6.738649897822121 0.03926735452591398 9.088448074982134
3091 0 0.01 inf 6.82929934244692 0.05649466026504368 9.100431498938004
3092 0 0.01 954205992.1532183 6.607019542830206 0.04955092000190334 9.141333457148015
3093 0 0.01 inf 6.664620123262537 0.051807578191430545 9.087284397739396
3094 0 0.01 1041049510.6015645 6.597596225565612 0.04931502331345523 9.105598665487662
3095 0 0.01 1105814633.5617893 6.590433267377936 0.041052599181746724 9.151959483288646
3096 0 0.01 inf 6.703699709328361 0.055230198330222385 9.147772702645465
3097 0 0.01 inf 6.771087011893954 0.05295280735108233 9.116135200436142
3098 0 0.01 inf 6.693175189692402 0.05164863238285905 9.158566400442728
3099 0 0.01 inf 6.828009528950303 0.0430884065331383 9.218256892631926
3100 0 0.01 inf 6.840447765671512 0.05847152580493682 9.107552752730424
3101 0 0.01 inf 6.584657049268596 0.05016075317053525 9.198103054555943
3102 0 0.01 inf 6.734428123114503 0.04366282727120424 9.347585984081741
3103 0 0.01 inf 6.631551161139303 0.05479400466416689 9.214246676796218
3104 0 0.01 153291.89412385397 6.805700330020291 0.045882285713032545 8.987212997178919
3105 0 0.01 inf 6.587267060076817 0.053138877197774353 9.224008685287654
3106 0 0.01 150092.8832957777 6.802451111728214 0.04745489970193902 9.124473756353503
3107 0 0.01 inf 6.806729492381367 0.053180736380460086 9.170337677247835
3108 0 0.01 601482211.3113654 6.643321005191389 0.04795717416207785 9.076891329431227
3109 0 0.01 inf 6.668490808495196 0.049865906504193654 9.296834005996235
3110 0 0.01 inf 6.733543677639142 0.05088426726966915 9.235381127187297
3111 0 0.01 1783935862.0433888 6.507344602330152 0.047194597337705 9.069273490229863
3112 0 0.01 inf 6.6128299257401855 0.04552032026724098 9.291319884025246
3113 0 0.01 149168.3913735252 6.731769580832825 0.04554787363556855 9.152725635931052
3114 0 0.01 inf 6.59277472616081 0.05138602012616032 9.197972616009098
3115 0 0.01 150637.55138781783 6.716427745051246 0.040432843934888794 9.136338077569347
3116 0 0.01 638158849.8362516 6.639684748958509 0.04065654568346866 9.159884638329524
3117 0 0.01 inf 6.57723849700408 0.05003142376230553 9.039523828085144
3118 0 0.01 inf 6.592143415587374 0.050116696026883026 9.176683356348093
3119 0 0.01 inf 6.93274314318095 0.0567159651229603 9.205185628683102
3120 0 0.01 inf 6.795592488309532 0.048679092219621696 9.268873671744078
3121 0 0.01 150037.60223396186 6.778299453125903 0.045076664371691916 9.141183861732312
3122 0 0.01 inf 6.694411520720702 0.044787069946525315 9.362115461962043
3123 0 0.01 1263677157.648698 6.572461568626523 0.04756144188408666 9.077816052669823
3124 0 0.01 inf 6.885835558321992 0.05645983223500279 9.419529924410746
3125 0 0.01 384215307.1937329 6.664259655090918 0.040149085176519606 9.166144407766136
3126 0 0.01 inf 6.696975994181355 0.05244012848879899 9.183094023817748
3127 0 0.01 inf 6.610033269682985 0.05033511803961437 9.150116515382294
3128 0 0.01 inf 6.55171109208166 0.04957146166312264 9.270401844890005
3129 0 0.01 inf 6.653606537776812 0.04933645335955923 9.289645739218487
3130 0 0.01 162601155.95820707 6.684625225928538 0.046466075534879504 9.146384639711275
3131 0 0.01 196449509.59715217 6.681575942570121 0.04785105150394076 8.990221563194982
3132 0 0.01 inf 6.687561814024227 0.052334239401640656 8.990640406030074
3133 0 0.01 inf 6.497102682704154 0.0493871267012305 9.236117105171099
3134 0 0.01 inf 6.539122850959691 0.058997982611461525 9.161680069336018
3135 0 0.01 inf 6.683152666856152 0.04396719433583743 9.236459452519494
3136 0 0.01 inf 6.7401192745826 0.04312481901251276 9.41172637790456
3137 0 0.01 inf 6.595691704109512 0.05105095111133446 9.037241914360546
3138 0 0.01 inf 6.701789030927693 0.049403981764834654 9.225504533663376
3139 0 0.01 148956.2724409833 6.719422635456202 0.044803230816953116 9.178307180507897
3140 0 0.01 inf 6.597820857766019 0.051353069939666436 9.096498816311431
3141 0 0.01 inf 6.793246946465575 0.06475279235593011 9.164989544426318
3142 0 0.01 inf 6.796516476243587 0.055665099019796035 9.082641996430318
3143 0 0.01 inf 6.691225409763268 0.051586069722842846 9.040306099553383
3144 0 0.01 154672575.04784685 6.685336378542623 0.0490810235040085 9.14610279685685
3145 0 0.01 1083091829.783101 6.592959918956294 0.04298900918577726 9.09528568767278
3146 0 0.01 inf 6.601252959086377 0.05394535476150804 9.300547857809178
3147 0 0.01 inf 6.648119180385461 0.05305187001130786 9.280560802355906
3148 0 0.01 inf 6.73750320158744 0.05054573727025472 9.29412770213217
3149 0 0.01 602728610.7730808 6.643197835988862 0.048568124424844324 9.148830598943785
3150 0 0.01 inf 6.755800719787201 0.04530548423286403 9.273896131168382
3151 0 0.01 inf 6.6270897307426475 0.05101497148508582 9.221819249883563
3152 0 0.01 149723.15816888819 6.799880389918814 0.04463603148613394 9.195044367413233
3153 0 0.01 inf 6.638299889167638 0.0526870180542086 9.25875518696671
3154 0 0.01 inf 6.517591272080713 0.054578972565484746 9.110678643316806
3155 0 0.01 inf 6.677798251721659 0.05898143964835714 9.215140236528253
3156 0 0.01 1421085777.4632204 6.553769212458065 0.04913532929490495 9.023584769482913
3157 0 0.01 inf 6.845967392312042 0.05240992916479646 9.237427935288965
3158 0 0.01 150351.91326382096 6.779001876184245 0.04423294979927112 9.134793911078592
3159 0 0.01 150770.23809485097 6.700665634593047 0.04108943793043068 9.090912537900323
3160 0 0.01 inf 6.778151780000754 0.058292868352236335 9.222909317408666
3161 0 0.01 inf 6.782206188318598 0.04039366802606518 9.229657328658096
3162 0 0.01 inf 6.79794630239732 0.05324656163637993 9.255859198007514
3163 0 0.01 inf 6.642552743627708 0.05394984259443074 9.260598582198558
3164 0 0.01 1285639039.5806243 6.569901437508892 0.04676717412999434 9.047248327444752
3165 0 0.01 inf 6.735612593370413 0.052826298751762805 9.03364922174563
3166 0 0.01 inf 6.675261905422666 0.04526363389579387 9.225094347710378
3167 0 0.01 inf 6.720950603374797 0.052629676641737205 9.480485661368535
3168 0 0.01 inf 6.795766202612663 0.057974218339448276 9.063097997991541
3169 0 0.01 inf 6.571914586219378 0.04603582716432463 9.27579036541631
3170 0 0.01 inf 6.613746819290696 0.05406436905194177 9.140770885156213
3171 0 0.01 inf 6.722693109675692 0.05569827146116238 9.358240643095144
3172 0 0.01 inf 6.775242619244213 0.05720393429876031 9.277727684782114
3173 0 0.01 inf 6.634497731354193 0.05411542730479922 9.088207215826182
3174 0 0.01 inf 6.733917015114832 0.05844877683967764 9.095589871674024
3175 0 0.01 inf 6.683109209138723 0.04847050709953883 9.204871300900603
3176 0 0.01 inf 6.81626320860535 0.051671303581446504 9.185224976124221
3177 0 0.01 inf 6.624416676617995 0.06232074296641101 9.296287534425318
3178 0 0.01 657671382.3164604 6.637737572852194 0.049321890323363635 9.013352984206271
3179 0 0.01 inf 6.551051668722725 0.0569197283578545 9.044556638337838
3180 0 0.01 inf 6.67196531620192 0.05364309805551824 9.094505356906168
3181 0 0.01 inf 6.515461335749256 0.05274563761105084 9.179169592408355
3182 0 0.01 151315.73472674197 6.7490093209052455 0.045938389283566465 9.020984077445563
3183 0 0.01 inf 6.668137973611103 0.054452028619710824 9.211799839996782
3184 0 0.01 inf 6.7520515595689865 0.04875621564835471 9.23210178433431
3185 0 0.01 441200989.3686641 6.658864640191906 0.045363844649066024 9.098523067574007
3186 0 0.01 1361031904.7003314 6.560996062570651 0.04257178904997483 9.05557209404145
3187 0 0.01 inf 6.740142807534628 0.04130672677366854 9.304804149789708
3188 0 0.01 inf 6.554683596686226 0.05095756509947248 9.104010355494449
3189 0 0.01 inf 6.6615896424566365 0.046105602366408746 9.240093012823591
3190 0 0.01 inf 6.630762030715275 0.05648017983038159 9.156033705841885
3191 0 0.01 inf 6.610821537129499 0.05395112837804742 9.137938277730761
3192 0 0.01 inf 6.504646301987613 0.054099662949068435 9.159527649056109
3193 0 0.01 1071104249.6974257 6.594286741703965 0.048961031274950675 9.157108787409252
3194 0 0.01 inf 6.582466095037341 0.05124816730458119 9.213874871004318
3195 0 0.01 149850.5624405918 6.755608570358979 0.04671989799449908 9.103597940771841
3196 0 0.01 inf 6.746090683458002 0.055389445284535335 9.048817482743663
3197 0 0.01 149110.21302085783 6.702429247820023 0.046750760129961495 9.102951955269345
3198 0 0.01 inf 6.65162033482083 0.052579936388858495 9.294488396697728
3199 0 0.01 inf 6.719697701499708 0.051688825430455394 9.265592890069414
3200 0 0.01 inf 6.768013731096937 0.043008336940974216 9.275750429367719
3201 0 0.01 151047.5222681577 6.764113141929717 0.038972070086556676 9.189401978134294
3202 0 0.01 148666.97162905 6.713559945110611 0.047235098084149094 9.139987424682458
3203 0 0.01 inf 6.74236549000765 0.04507589703165073 9.280483275872394
3204 0 0.01 inf 6.6711435441099365 0.05294086274053252 9.17559628035464
3205 0 0.01 inf 6.694551072532352 0.0496982971752461 9.333855743678985
3206 0 0.01 inf 6.748307311950689 0.05086027641619145 9.295954138405765
3207 0 0.01 1687047646.3424087 6.520234563601881 0.044122683278779044 9.162964530599176
3208 0 0.01 inf 6.582150548459247 0.04903317960945503 9.240327651536889
3209 0 0.01 150751.31278917202 6.839713706354969 0.04564844553506845 9.147056727776226
3210 0 0.01 151907.51045439378 6.733182940268002 0.04452967414876634 8.990303517501225
3211 0 0.01 40719606.999198936 6.6954318178343595 0.039671722066160736 9.189764589493095
3212 0 0.01 inf 6.666376028383297 0.059775473096133326 9.076942551922253
3213 0 0.01 inf 6.781495862048488 0.059678808549050014 9.358040847801036
3214 0 0.01 inf 6.742763822008156 0.050487303371478914 9.239337319792885
3215 0 0.01 inf 6.547109966551149 0.054685730970424076 9.046518443666299
3216 0 0.01 inf 6.825959719409795 0.05226052339460358 8.919109315593131
3217 0 0.01 149217.57940138227 6.71623774829689 0.04749034878531703 9.095195501554423
3218 0 0.01 1325228150.4313378 6.565247783197226 0.0478181519128755 9.120740719253849
3219 0 0.01 inf 6.437964942056694 0.05859413316186428 9.079409877205773
3220 0 0.01 1762432501.4886532 6.51023857285507 0.047466341196116736 9.0898071070119
3221 0 0.01 1500095039.5361304 6.544074473229865 0.0472478830106818 9.183672393119972
3222 0 0.01 inf 6.7471322943581 0.05358883693708236 9.197357534203878
3223 0 0.01 inf 6.622730920025913 0.050551206526673616 9.105600874385724
3224 0 0.01 inf 6.777507621316777 0.055636544923651915 9.161103570865025
3225 0 0.01 inf 6.836849913783496 0.049642894827652405 9.303814955660233
3226 0 0.01 inf 6.6647394558561395 0.053781530664040914 9.233252543534762
3227 0 0.01 inf 6.708771552837054 0.05506282685317345 9.218752464693818
3228 0 0.01 inf 6.8482362555436 0.04529925943550886 9.258868154071724
3229 0 0.01 150659.99287157637 6.707579735039631 0.04223711303978708 9.080097251340339
3230 0 0.01 970219734.0065193 6.605297376033823 0.043539513860454244 9.152447770863185
3231 0 0.01 151091.85637158283 6.83751528942944 0.0485406392088924 9.093919539369116
3232 0 0.01 149459.72876002276 6.847818999746456 0.049411342268670215 9.182483975458176
3233 0 0.01 inf 6.625740592801459 0.04550518134648481 9.284639032135734
3234 0 0.01 inf 6.681911646273912 0.056738134220916656 9.326494893581714
3235 0 0.01 inf 6.73340963633926 0.047135289135009924 9.246875821911976
3236 0 0.01 150806.6428647635 6.831286500351213 0.04946410344931014 9.093024485600944
3237 0 0.01 inf 6.769171873008037 0.0538387210869499 9.322745488979225
3238 0 0.01 inf 6.667990533764565 0.04709466831621722 9.22040085164315
3239 0 0.01 inf 6.583832045096882 0.055832088263087755 9.086454973832893
3240 0 0.01 inf 6.7370030448808595 0.05061031904738177 9.16445011918688
3241 0 0.01 inf 6.784572492630298 0.057311688741101804 9.23421359452972
3242 0 0.01 192747476.70718843 6.681910389644303 0.04753534789677899 9.081998344669035
3243 0 0.01 inf 6.6777695665481644 0.05244627537148535 9.26508165388871
3244 0 0.01 147862.25419508852 6.741757240135672 0.04983106086789649 9.18252846408581
3245 0 0.01 151592.15534431656 6.853235775073203 0.04170552895934112 9.168963332881695
3246 0 0.01 inf 6.715050565009514 0.05234466457450614 9.346822313534783
3247 0 0.01 1355769129.5443807 6.5616235202856545 0.04365196278964711 9.193057301963465
3248 0 0.01 inf 6.789243253498705 0.05279107812377201 9.276932336883297
3249 0 0.01 150895.53183113327 6.806559809989304 0.04267003105174822 9.152676259613779
3250 0 0.01 inf 6.575013534445447 0.05185747218529043 9.171021398811446
3251 0 0.01 inf 6.831900963684231 0.049896374838871035 9.303776646876653
3252 0 0.01 151067.07742202198 6.708877807957578 0.04945377605456376 8.958438737485986
3253 0 0.01 inf 6.7332707416515944 0.053913193417372725 9.083837204826485
3254 0 0.01 148556.82222492347 6.717820155652064 0.04624787807108003 9.177113697022918
3255 0 0.01 inf 6.502340237547023 0.04827572652850197 9.272745311181328
3256 0 0.01 inf 6.830244317737207 0.057166742158669195 9.165681820545931
3257 0 0.01 inf 6.857758650056374 0.05318173109700892 9.172562776786295
3258 0 0.01 149275.5420934885 6.780172426075185 0.04583713022845256 9.185950647124058
3259 0 0.01 171515831.48198774 6.683824402660591 0.04103149471987348 9.04791114687737
3260 0 0.01 150882.128745036 6.829817126375905 0.04830691140262531 9.098707857248455
3261 0 0.01 inf 6.845170245932209 0.053734555882475804 9.249567229252618
3262 0 0.01 inf 6.697469651648309 0.05247730097281167 9.21861732587078
3263 0 0.01 inf 6.647918103025091 0.050606988843004984 9.136760639486061
3264 0 0.01 153418.35239550305 6.8919499801037825 0.0431227194091374 9.090427586692481
3265 0 0.01 inf 6.862972782488823 0.047986435545225865 9.28229657125562
3266 0 0.01 inf 6.866132372054906 0.05058792983416883 9.174246593725208
3267 0 0.01 inf 6.732844654642751 0.05394890806646648 9.17254874951435
3268 0 0.01 inf 6.609272908476129 0.050167778585053426 9.176585561070242
3269 0 0.01 inf 6.775454990171997 0.04003896525450517 9.20914832789052
3270 0 0.01 inf 6.735242129123588 0.054892682997466795 9.07786449832127
3271 0 0.01 inf 6.648708215897504 0.0519733436550464 9.133741677776092
3272 0 0.01 inf 6.753866817079674 0.05638640765092265 9.239901234394866
3273 0 0.01 inf 6.71322225386312 0.05042646251576648 9.177331808531143
3274 0 0.01 inf 6.742494302820996 0.05244968204078398 9.212818196378732
3275 0 0.01 inf 6.782178271354355 0.052197248566648126 9.314322973151652
3276 0 0.01 150401.44933652433 6.720601118054895 0.04695084410645338 9.031030803868115
3277 0 0.01 inf 6.73052356281336 0.048908783603528724 9.211143313950679
3278 0 0.01 inf 6.578511504661708 0.04504319915538168 9.257424843689087
3279 0 0.01 inf 6.798841104322226 0.04600977655539658 9.228408899453095
3280 0 0.01 inf 6.624961349056243 0.041787484294254815 9.299644840112174
3281 0 0.01 inf 6.720601643231431 0.05454940381167705 9.196957804234662
3282 0 0.01 inf 6.669031038575633 0.05510737185089745 9.127410779363919
3283 0 0.01 inf 6.754050884853433 0.05721969402914014 9.140471035379694
3284 0 0.01 148825.37783387312 6.772208756967192 0.04923573833742493 9.150302354127525
3285 0 0.01 149961.19444746285 6.831914402014929 0.04766265862067216 9.159103468122103
3286 0 0.01 619319667.3223077 6.641556405130494 0.044442366369731374 9.041648793420345
3287 0 0.01 1394907488.7557862 6.5569341315176715 0.04772263562027284 9.139276180908524
3288 0 0.01 inf 6.7064580497100925 0.05040789078389162 9.195116343740853
3289 0 0.01 150940.65065986535 6.786315499526476 0.04234957220074108 9.135321208156547
3290 0 0.01 inf 6.74318167745838 0.05303112928890084 9.1932458285984
3291 0 0.01 inf 6.668153721146927 0.04600331524115258 9.393039522274941
3292 0 0.01 inf 6.793548346163048 0.05601096170033601 9.262398647422081
3293 0 0.01 inf 6.58219784323287 0.05333986265247575 9.111423175452275
3294 0 0.01 1051554040.6968709 6.5964424287615895 0.047860618427459804 9.1135921591416
3295 0 0.01 186093571.41453984 6.682511210058867 0.04468923435344178 9.028954800033166
3296 0 0.01 inf 6.7654954992719345 0.05880847509525256 9.084405094835834
3297 0 0.01 150287.2891021761 6.780983995305482 0.04518927718980015 9.124644211577362
3298 0 0.01 inf 6.604522328604607 0.05436352879032508 9.285365858423194
3299 0 0.01 148584.7699764602 6.730079350663892 0.0497581737880545 9.116776842957542
3300 0 0.01 535421328.570137 6.649794906062779 0.045242694774571414 9.165380888429068
3301 0 0.01 inf 6.627971486816384 0.049259321210256515 9.411595744766414
3302 0 0.01 305790442.5922727 6.671576169023593 0.04635160817835077 9.18160621180396
3303 0 0.01 inf 6.804564958959833 0.05781460944226731 9.283831022147194
3304 0 0.01 inf 6.806510004952639 0.047754377806325174 9.200864566906393
3305 0 0.01 inf 6.708747134501954 0.05544565946707447 9.278288005721105
3306 0 0.01 151495.7209821588 6.827676426965183 0.04202511913897282 9.144277165637336
3307 0 0.01 inf 6.965869936197213 0.05087598101442048 9.155403285379892
3308 0 0.01 inf 6.720438539049933 0.05419421255618337 9.2753556325581
3309 0 0.01 inf 6.815736298615605 0.05597191089443922 9.222394837135505
3310 0 0.01 149707.93520114152 6.70062092898027 0.04350849622120219 9.12319533673798
3311 0 0.01 inf 6.772067337668296 0.05231612822735512 9.12141859966468
3312 0 0.01 inf 6.737723010898805 0.04384748545513431 9.271920954878738
3313 0 0.01 inf 6.713799497421181 0.0403415699829445 9.373389732679279
3314 0 0.01 inf 6.620681147790096 0.05077178348445548 9.035474717229189
3315 0 0.01 inf 6.730653958545539 0.050870131780166916 9.055369094692447
3316 0 0.01 inf 6.770761899866266 0.05606161442307756 9.160760821537592
3317 0 0.01 inf 6.758107269722106 0.045230130452609894 9.213875841546049
3318 0 0.01 148406.51195988365 6.725093340434629 0.04943551542124884 9.130131998432583
3319 0 0.01 inf 6.727951168679651 0.04387243537118269 9.22932745493409
3320 0 0.01 inf 6.803816813061403 0.052603304223871654 9.137026980906066
3321 0 0.01 148494.77868661276 6.75509608109969 0.04833563379660825 9.173446235629015
3322 0 0.01 inf 6.627863075808107 0.05308647124809998 9.219942252672798
3323 0 0.01 152817.17651697213 6.845970100065284 0.040275133765966704 9.108565214311655
3324 0 0.01 inf 6.75360701511689 0.05187612955422126 8.998250536618084
3325 0 0.01 inf 6.646207971536851 0.04645344050398741 9.224177047949016
3326 0 0.01 inf 6.688352282056838 0.05342127560455193 9.20920573220937
3327 0 0.01 152111.65690135385 6.8605299361709875 0.04236285657780371 9.134076751007088
3328 0 0.01 inf 6.739602212432472 0.05352665999804432 9.250454944498616
3329 0 0.01 inf 6.656978100095146 0.05512835737920846 9.082143501203863
3330 0 0.01 150664.9015437495 6.847909656656111 0.04356818170030691 9.193721493290752
3331 0 0.01 inf 6.624431639403264 0.05455865350129792 9.216281362411047
3332 0 0.01 inf 6.647462531464364 0.04060651392155935 9.319808714514663
3333 0 0.01 887331148.4951235 6.61413940087482 0.04520760230903491 9.132339638952226
3334 0 0.01 148709.20388668485 6.784403144571332 0.048455887373020964 9.183912375405844
3335 0 0.01 inf 6.606931655120525 0.05305791732981264 9.214289483044945
3336 0 0.01 inf 6.630262066612309 0.04454423375182018 9.42922864392076
3337 0 0.01 136398218.59106305 6.68697121211199 0.049439669993227325 9.135566208836064
3338 0 0.01 148585.90120262295 6.699050604075156 0.04734298101338928 9.130022341866288
3339 0 0.01 inf 6.782598319517958 0.05133188019585415 9.248048676030622
3340 0 0.01 inf 6.727153274679043 0.05409547066951226 9.287586391755738
3341 0 0.01 447568817.0498957 6.658257480093543 0.04681133867374221 9.192005767265714
3342 0 0.01 inf 6.632135212261953 0.04567161258490529 9.325899385432614
3343 0 0.01 258348747.9122099 6.675943500418544 0.044313326688335646 8.948114712121853
3344 0 0.01 inf 6.7884130999737335 0.053535767668198606 9.143889070300055
3345 0 0.01 180620697.49483502 6.683004438598471 0.04723188011933868 9.178609416283148
3346 0 0.01 inf 6.502139055601009 0.053069051207360406 9.10179363120949
3347 0 0.01 153565.65187645535 6.910333425127622 0.04940869246252666 9.061503838149081
3348 0 0.01 inf 6.6298139535135325 0.05215133893282663 9.033462909061106
3349 0 0.01 inf 6.586104849032986 0.05940235043526551 9.09584808645499
3350 0 0.01 inf 6.741029770660821 0.045868900096626315 9.224856195012487
3351 0 0.01 150784.0330454905 6.767011354934487 0.044368546123890365 9.0913693655991
3352 0 0.01 inf 6.887432853626414 0.05490141017794323 9.112206245762307
3353 0 0.01 inf 6.681157466890968 0.05552959483500437 9.017691610171253
3354 0 0.01 inf 6.538685699419544 0.044433708561242166 9.325291008747287
3355 0 0.01 inf 6.739917029915096 0.05191336747946789 9.183285483921969
3356 0 0.01 inf 6.8031092395891095 0.054343550915232006 9.111512874308163
3357 0 0.01 153557.44676186529 6.812641249067164 0.04691448132483011 8.977111240063998
3358 0 0.01 149193.94873754444 6.759887695745512 0.048314829363329995 9.126994644856826
3359 0 0.01 inf 6.653931585557043 0.05315944911138478 9.130767859741969
3360 0 0.01 942144515.0064708 6.6083124356330885 0.047656128124181796 9.067670396804733
3361 0 0.01 inf 6.835863292879041 0.05293696042350708 9.179136486606675
3362 0 0.01 inf 6.648786822544102 0.055372723300098146 9.171315123519474
3363 0 0.01 inf 6.848484404109191 0.0413595348871928 9.222288136617745
3364 0 0.01 545620434.1143651 6.648801766714365 0.04584756146263195 9.061439944401691
3365 0 0.01 inf 6.723595966292951 0.05466612655596236 9.201470637247137
3366 0 0.01 inf 6.671946275820842 0.055054426101118256 9.154702214567285
3367 0 0.01 inf 6.658366083697839 0.05039914837531128 9.163060444300223
3368 0 0.01 inf 6.595687404396201 0.0560446333108406 9.183595366763432
3369 0 0.01 inf 6.749869775417006 0.05241089977639942 9.23220346055953
3370 0 0.01 inf 6.7620800832709325 0.046803240832194566 9.260077601417727
3371 0 0.01 inf 6.833797675948808 0.04618296702232863 9.312755381917782
3372 0 0.01 inf 6.7042586211720705 0.05126514930653955 9.07721633285119
3373 0 0.01 149417.4218327977 6.726237483216825 0.04771918018540426 9.087488102571484
3374 0 0.01 inf 6.852749321904368 0.05218176778544874 9.182818174886295
3375 0 0.01 inf 6.7488612071188845 0.051223327487093274 9.29771685741581
3376 0 0.01 inf 6.847575939443717 0.051937921398992094 9.112362141392293
3377 0 0.01 inf 6.760146946720135 0.052709768408780805 9.18652079269764
3378 0 0.01 inf 6.833868741335911 0.0559540771861627 9.0027700666278
3379 0 0.01 inf 6.747014854776615 0.05207647718371516 9.165902449499217
3380 0 0.01 149218.02672967687 6.721269959366983 0.04856480192023834 9.082953280313854
3381 0 0.01 277064954.7891517 6.674225723424277 0.04809937487545765 9.021664872875958
3382 0 0.01 inf 6.730858930646684 0.05807036060347398 9.20261214176474
3383 0 0.01 inf 6.6214808798670175 0.05719226985049622 9.2165182109742
3384 0 0.01 inf 6.719559864054038 0.057391993317696254 9.14936789672076
3385 0 0.01 inf 6.505139587002836 0.0543769619987991 9.356898041731005
3386 0 0.01 151550.91210613333 6.900418154739227 0.04603158975949915 9.15911174724499
3387 0 0.01 150427.32702066377 6.707250706601461 0.04647930136169647 9.022490323962685
3388 0 0.01 inf 6.76954485541567 0.05059323242138091 9.3482755599402
3389 0 0.01 149047.20954348723 6.722633366172174 0.046696887320294436 9.129155909713658
3390 0 0.01 inf 6.676114965431843 0.05414590797127489 9.197044259099835
3391 0 0.01 inf 6.749277789451058 0.055366083963999946 9.117381847068673
3392 0 0.01 819112315.7421479 6.621283808113603 0.04919195464483508 9.122713364475862
3393 0 0.01 inf 6.502916052602544 0.05667004592599911 9.201985565736253
3394 0 0.01 1658674171.5007129 6.5239379506773405 0.04857460790090271 9.069519804612032
3395 0 0.01 inf 6.726114358729046 0.05095702130375574 9.064281608241698
3396 0 0.01 149829.16233491251 6.720321809350399 0.042615321483142406 9.155214046951226
3397 0 0.01 151387.77293770813 6.790118411334827 0.03924538307471803 9.174809781038496
3398 0 0.01 inf 6.781607867124126 0.04776162347716153 9.278337492232447
3399 0 0.01 inf 6.7468258211512975 0.05441518527517923 9.146154376218593
3400 0 0.01 inf 6.61170560540586 0.05051848834213381 9.08421583397197
3401 0 0.01 993011415.0412931 6.602834190848662 0.0441627805285992 9.143684583581503
3402 0 0.01 inf 6.934864688657599 0.04458251031108288 9.299802844547356
3403 0 0.01 inf 6.640821087876259 0.05870111882132448 9.150396005691588
3404 0 0.01 inf 6.594743434170036 0.04610307138830743 9.275583217437553
3405 0 0.01 inf 6.8121690084390325 0.0496296567447907 9.419610891977797
3406 0 0.01 141263977.70763645 6.686536885233279 0.041147986722249785 8.988937517156627
3407 0 0.01 154015.89355335347 6.782050268912336 0.048674561793799274 8.921335071257875
3408 0 0.01 inf 6.682042474285457 0.053465674081847187 9.142044166454927
3409 0 0.01 151082.1767088676 6.787928634511055 0.04679282983070045 9.06249268396301
3410 0 0.01 inf 6.681379699582556 0.051818901023417976 9.201706454522922
3411 0 0.01 7153014.317134678 6.698361179418393 0.04650720570246601 9.149970868351646
3412 0 0.01 149655.30940905891 6.7742917332387504 0.04818761977807428 9.11319429611235
3413 0 0.01 inf 6.738334497500659 0.05440148946081787 9.019183988997092
3414 0 0.01 inf 6.799712997770888 0.04932599363600113 9.204789737431213
3415 0 0.01 inf 6.728280278320614 0.05465147540066097 9.175669650143371
3416 0 0.01 inf 6.521687763529599 0.051897784188791964 9.195137524228182
3417 0 0.01 inf 6.734203684095135 0.053046254655658355 9.095592515633115
3418 0 0.01 inf 6.856059918459938 0.04439064504731592 9.217681982675701
3419 0 0.01 148756.6436240216 6.808349163447438 0.04877099583764783 9.198871567573157
3420 0 0.01 inf 6.698453992489933 0.042352882759414096 9.209093151997394
3421 0 0.01 inf 6.599658220168141 0.052332007306054334 9.207851092824844
3422 0 0.01 inf 6.558341260373645 0.057861431762979185 9.166588263354413
3423 0 0.01 inf 6.650197193926171 0.057300410472757295 9.275474004423929
3424 0 0.01 inf 6.644520218706858 0.05207019717266398 9.108847847390393
3425 0 0.01 inf 6.656540363956635 0.06008858893514057 9.384720517945281
3426 0 0.01 inf 6.618497452331783 0.051058759694044345 9.160373757748582
3427 0 0.01 inf 6.6263302616507564 0.05077693180901325 9.155158382971347
3428 0 0.01 inf 6.716898293066923 0.05081324692693644 9.157095915565527
3429 0 0.01 151943.4536698041 6.806439926172924 0.04608985685844834 9.045182505705647
3430 0 0.01 inf 6.720114945340912 0.04493865363859729 9.30108631384774
3431 0 0.01 inf 6.71651023841984 0.04083667137067927 9.27712525478804
3432 0 0.01 inf 6.529389302891682 0.05640058716312066 9.216386459546717
3433 0 0.01 inf 6.70597865351928 0.04370960020380282 9.23240029677924
3434 0 0.01 inf 6.7926677303736565 0.04357621866601747 9.270611812645788
3435 0 0.01 148581.48297997957 6.727461510006574 0.04645174419122873 9.179300571929172
3436 0 0.01 inf 6.782936287624857 0.050257952784862205 9.046320478643834
3437 0 0.01 inf 6.704280099948091 0.05290679404855592 9.125410441665593
3438 0 0.01 inf 6.673247929237955 0.049131147057687265 9.201863377747383
3439 0 0.01 inf 6.734153444949533 0.040730681831311365 9.260215187548171
3440 0 0.01 inf 6.802356850802477 0.05734465354324843 8.985948279277055
3441 0 0.01 inf 6.696462230453284 0.05285346664961084 9.306195737958369
3442 0 0.01 inf 6.625294259879932 0.05181495949088976 9.05493900793255
3443 0 0.01 781614747.814398 6.625161551422186 0.04743671146729712 9.042610920172125
3444 0 0.01 inf 6.706851211877061 0.053905500414880785 9.178688876184992
3445 0 0.01 151008.24556637203 6.738333264993845 0.04005261634627002 9.13465365324054
3446 0 0.01 inf 6.676778445991727 0.055272927978507656 9.11360695657557
3447 0 0.01 inf 6.608394400769148 0.054973581665000076 9.318685458937352
3448 0 0.01 inf 6.894086385324973 0.06076670381663761 9.079096292191988
3449 0 0.01 538227739.5184553 6.6495218352725285 0.04633276835008676 9.130437130857615
3450 0 0.01 inf 6.733139531550633 0.045662789276162394 9.222175940192503
3451 0 0.01 inf 6.7380339035038075 0.04990467439969679 9.28651172040105
3452 0 0.01 inf 6.569424932008033 0.0526920468384756 9.336396428170731
3453 0 0.01 inf 6.5879902067219644 0.05881203605829871 9.110946851804231
3454 0 0.01 1481794619.8569658 6.546339526482644 0.04277579406927292 9.130158951171078
3455 0 0.01 inf 6.726109129546527 0.057664183960360334 9.086271488069668
3456 0 0.01 inf 6.705287157372774 0.051767360940159886 9.227154090006765
3457 0 0.01 150303.66211234522 6.71993467591789 0.04320309555652911 9.099601666568944
3458 0 0.01 inf 6.632594807974069 0.05001516969143767 9.06921142011201
3459 0 0.01 inf 6.780988825197026 0.05345027413366181 9.209997034289627
3460 0 0.01 inf 6.793524751465734 0.05182396927083475 9.116216234727556
3461 0 0.01 148929.86343756638 6.722513753786283 0.046713433807995926 9.138134140791447
3462 0 0.01 inf 6.73490423272344 0.05654859124654868 9.165586218254294
3463 0 0.01 inf 6.872848452821885 0.05152344802565193 9.176735382572279
3464 0 0.01 1190550776.5754058 6.580879028092666 0.04896147123857188 9.054232330448869
3465 0 0.01 inf 6.620720539731176 0.054847307108666796 9.045065204122379
3466 0 0.01 inf 6.619644246533252 0.044759635017184725 9.23384616480059
3467 0 0.01 150949.62474801549 6.764153405591002 0.04155528388677775 9.128882777198084
3468 0 0.01 151238.91168973665 6.896587191610095 0.04960925798567175 9.137057620151431
3469 0 0.01 inf 6.7201252032385765 0.051563669059460075 9.2428846331303
3470 0 0.01 inf 6.642962174805177 0.048392470479212114 9.376065820663646
3471 0 0.01 inf 6.582269796737677 0.041202612903715345 9.383649891179546
3472 0 0.01 inf 6.645698466220714 0.0509161773015412 9.326752682518382
3473 0 0.01 inf 6.6331047480048735 0.05161180890446029 9.112869625636689
3474 0 0.01 inf 6.60409872175722 0.05600559208367434 9.226485362161977
3475 0 0.01 150118.0063198101 6.770205267567116 0.044663018834391416 9.134840398998628
3476 0 0.01 148547.20780433144 6.786185253946487 0.04988825180061817 9.173477683537605
3477 0 0.01 inf 6.783173082762349 0.04478237772908073 9.215848976210268
3478 0 0.01 152772.53635024693 6.833407995127984 0.0451180153135061 9.042886351563517
3479 0 0.01 inf 6.597342795104756 0.05140585224098732 9.202501087740771
3480 0 0.01 inf 6.595496100169238 0.04758143806505089 9.20674680589453
3481 0 0.01 267069061.12623373 6.67514393201437 0.04803546891511669 8.994627159064995
3482 0 0.01 inf 6.759239400989918 0.05379953160379659 9.145967315723182
3483 0 0.01 inf 6.90650974363483 0.053910033106472126 9.27829142592568
3484 0 0.01 259372901.28065804 6.675849335056036 0.047192891506620524 9.186128355294043
3485 0 0.01 inf 6.595875968787856 0.0522867139077844 9.188723864315527
3486 0 0.01 1605732104.9341264 6.530765099459594 0.04608231020472685 9.013207612550506
3487 0 0.01 inf 6.8771385010970985 0.05099446368424635 9.313924007001297
3488 0 0.01 148892.35917112324 6.716317571332717 0.044849753971059995 9.180218164643238
3489 0 0.01 inf 6.848642593856146 0.04772249105358715 9.28186048624724
3490 0 0.01 inf 6.710139918389373 0.04752333012174631 9.298810640831036
3491 0 0.01 inf 6.673245410053751 0.05588044088594762 9.18707155477981
3492 0 0.01 1021065803.1643858 6.599782866555335 0.04987898495619378 9.062495285132071
3493 0 0.01 inf 6.898712183386189 0.04700943685124812 9.24130289361073
3494 0 0.01 inf 6.731731180425804 0.05713874433701614 9.068220813545903
3495 0 0.01 inf 6.728663495071096 0.04520360747680664 9.261026790390865
3496 0 0.01 inf 6.560555432285229 0.04246727398621569 9.232388902810857
3497 0 0.01 inf 6.656105662017128 0.04271718961301308 9.258855054340867
3498 0 0.01 inf 6.8450570326316225 0.05838797510199478 9.166064941641315
3499 0 0.01 inf 6.7237012540324255 0.0594545966703959 9.121336643441154
3500 0 0.01 148827.2953863091 6.742407434895519 0.04967959923555589 9.113635490028662
3501 0 0.01 151231.65356170764 6.779634046479864 0.046256664979937516 9.052390108871911
3502 0 0.01 inf 6.8779045448761895 0.046138929721006666 9.280887249239557
3503 0 0.01 inf 6.646502464325946 0.05448184300230305 9.104774900209126
3504 0 0.01 inf 6.731443604924579 0.048363002745206975 9.270384423368318
3505 0 0.01 148549.6451519259 6.751119388333034 0.046926718930203566 9.194515889374301
3506 0 0.01 inf 6.813225746449691 0.0604501423107397 9.096524430575874
3507 0 0.01 770649109.9503446 6.62628895660445 0.04556944034457698 9.120112027780738
3508 0 0.01 149979.45153668005 6.743449883681002 0.04519302700516162 9.108346819262394
3509 0 0.01 inf 6.721571304327877 0.054969401063965924 9.239576474861224
3510 0 0.01 inf 6.77394248131077 0.04001642315342792 9.216249302802431
3511 0 0.01 inf 6.73515105873022 0.05570409736474046 9.154080042356384
3512 0 0.01 149588.02085185575 6.758461578413321 0.04829016731198297 9.100159966769423
3513 0 0.01 inf 6.62426732135506 0.05092248421475865 9.22455564113614
3514 0 0.01 1382458662.9413095 6.558431168190179 0.04835080746657973 9.10829114466244
3515 0 0.01 inf 6.6164198639489165 0.05024922628914317 9.148621116252759
3516 0 0.01 inf 6.743561034677265 0.05050529772795532 9.225621872482519
3517 0 0.01 inf 6.514021753660141 0.05289768995783878 9.066725998831823
3518 0 0.01 150546.00056067167 6.79729341687322 0.045156207478784176 9.124524883443918
3519 0 0.01 inf 6.780780431109859 0.04524489798802489 9.286095440509067
3520 0 0.01 inf 6.674225082374866 0.05607850051106824 9.356683845189222
3521 0 0.01 inf 6.675086715319665 0.05161308415169108 9.191466856541457
3522 0 0.01 inf 6.770584021949408 0.048137457937959316 9.306278244315246
3523 0 0.01 inf 6.742811571236858 0.05110522050143162 9.051981931975948
3524 0 0.01 inf 6.720122542716692 0.04541398728629432 9.399196879830276
3525 0 0.01 inf 6.864814087364761 0.05382889983785545 9.192256827608764
3526 0 0.01 inf 6.879678633882628 0.043674597542864534 9.367590745373967
3527 0 0.01 inf 6.874386175821615 0.046534778185770787 9.25088876643122
3528 0 0.01 inf 6.560753655949645 0.05152300654113091 9.17288834866811
3529 0 0.01 inf 6.7955860948433155 0.06030619260504902 9.049440458457518
3530 0 0.01 inf 6.753218622933657 0.04885761586745073 9.244388088049233
3531 0 0.01 inf 6.703209673323343 0.05166023571694277 9.270915477955239
3532 0 0.01 inf 6.626028019785432 0.05144660645488114 9.020428015578851
3533 0 0.01 149082.15395491454 6.708597015508951 0.04617291632963971 9.123079221727071
3534 0 0.01 inf 6.670688601474914 0.05105128645348165 9.204851818276563
3535 0 0.01 inf 6.651130873259348 0.04369066921576943 9.26723797739223
3536 0 0.01 inf 6.635688885118953 0.04530402695908159 9.292889625580285
3537 0 0.01 1279479167.6701343 6.570621065911896 0.04409437307125364 9.112931148084657
3538 0 0.01 147735.85609193347 6.7229030635164575 0.048725550706364376 9.199124914904408
3539 0 0.01 inf 6.6030679604700735 0.046059577144924625 9.219473699477987
3540 0 0.01 inf 6.899060614150059 0.05260247497794245 8.90629902032821
3541 0 0.01 inf 6.7300703403787585 0.056926243637634245 9.275216908820807
3542 0 0.01 1408848984.9260998 6.555251875745343 0.03648020597507428 9.198593718611509
3543 0 0.01 inf 6.65693537845485 0.044404127027140736 9.207997131638344
3544 0 0.01 inf 6.6628863102632385 0.035621064366928704 9.24452809444988
3545 0 0.01 inf 6.789182506322848 0.05370147553733963 9.04526394283722
3546 0 0.01 154245.8473231705 6.852718750303645 0.048071063066731284 8.987012517447964
3547 0 0.01 inf 6.671720669696518 0.04510302182361806 9.409296276673697
3548 0 0.01 inf 6.666729472407809 0.0470667608046986 9.237757687935625
3549 0 0.01 1144363865.2276685 6.586112738721904 0.044506732492096454 9.137028929070004
3550 0 0.01 inf 6.69967084687825 0.053836419403350176 8.908634967729753
3551 0 0.01 149694.5975601214 6.698983004418342 0.04286895975042357 9.139701836011634
3552 0 0.01 inf 6.671689055409438 0.052120667720690204 9.119102302379103
3553 0 0.01 inf 6.86468377751957 0.04804550044592843 9.344681999967435
3554 0 0.01 151327.80035891064 6.893825574604897 0.045745799425678114 9.167411335890627
3555 0 0.01 inf 6.663528158201478 0.05029827565236655 9.177059015528336
3556 0 0.01 11898917.472457489 6.697948192820753 0.04855056511504791 9.096018541137235
3557 0 0.01 inf 6.817675768404855 0.052282341936637666 9.072355188392294
3558 0 0.01 412617396.9540631 6.661578924917949 0.04820125589686598 9.178296712886077
3559 0 0.01 3526869.562976052 6.698676420273489 0.047526109360848716 9.179172616598544
3560 0 0.01 inf 6.688249675160548 0.052931324212302455 9.284971246496765
3561 0 0.01 inf 6.8370829635661226 0.05190659466189333 9.228708424371959
3562 0 0.01 inf 6.584015832845156 0.05605196982969626 9.186014458627062
3563 0 0.01 inf 6.735718389805836 0.04797815132441907 9.223062683274359
3564 0 0.01 inf 6.640151642921938 0.05234998264457409 9.25897469698158
3565 0 0.01 149193.363424182 6.758807644641965 0.04486071478359819 9.193903269402288
3566 0 0.01 150307.88985443942 6.746517357031937 0.04642825032546524 9.069735024614072
3567 0 0.01 310343764.7516588 6.67115481457437 0.04319847544305299 9.165926447564894
3568 0 0.01 inf 6.700052639200877 0.04579169867539097 9.221451408919526
3569 0 0.01 inf 6.789055229090425 0.045942638952927606 9.305566083726873
3570 0 0.01 inf 6.942690295141434 0.04974550291906157 9.283409976954806
3571 0 0.01 inf 6.662346548794665 0.05017844617730919 9.234972357134337
3572 0 0.01 inf 6.601459815133995 0.05202857846990159 9.127260580296333
3573 0 0.01 inf 6.7251234582720025 0.04407453099381734 9.39421138955997
3574 0 0.01 inf 6.573710341074396 0.05163033968397511 9.099354609565884
3575 0 0.01 inf 6.693954044648134 0.05074588955769254 9.05592369358091
3576 0 0.01 inf 6.714209663107154 0.04599337957019673 9.391517835695419
3577 0 0.01 inf 6.612985016264662 0.05023908949357172 9.279410998388174
3578 0 0.01 inf 6.57629400951772 0.045538665411303025 9.303033728430316
3579 0 0.01 inf 6.741452167979191 0.058308566732503425 9.390477240344866
3580 0 0.01 inf 6.744361519667551 0.048823154105624086 9.309262554254847
3581 0 0.01 inf 6.753456192995727 0.04730478206252157 9.393860822672506
3582 0 0.01 149169.5435855949 6.711280136810428 0.048675943908381626 9.074531063394467
3583 0 0.01 inf 6.70426052266324 0.05008572520100651 9.15400715580507
3584 0 0.01 233131938.74823225 6.678246735268375 0.04636601205216824 9.070165053774382
3585 0 0.01 67664387.3401878 6.693065886142961 0.03963157915475047 9.13533993263989
3586 0 0.01 inf 6.673519572221402 0.04694540578702695 9.37530353812172
3587 0 0.01 inf 6.895435299139198 0.05306725007892795 9.030174000605081
3588 0 0.01 inf 7.009358503108672 0.052142683903676344 9.015962198611325
3589 0 0.01 151083.80545402662 6.759626370074284 0.04720148407056537 9.029620573153084
3590 0 0.01 inf 6.622320055926568 0.05145125939948087 9.229315345792426
3591 0 0.01 inf 6.807682071211897 0.04749411841483263 9.212334379051246
3592 0 0.01 inf 6.614690160313462 0.05044727415946657 9.128101471311192
3593 0 0.01 inf 6.693309928875037 0.04804084938279231 9.290790883851551
3594 0 0.01 1187727894.241975 6.581200662462489 0.04976336348604249 9.082555810609351
3595 0 0.01 inf 6.586598499838948 0.04733053408001333 9.273772191487684
3596 0 0.01 inf 6.7228442864848565 0.04837913098273672 9.249908759291197
3597 0 0.01 inf 6.767686227376173 0.05794510879569687 9.06177851778805
3598 0 0.01 5406633.64011554 6.698513087523467 0.04386025961150993 9.18586529916727
3599 0 0.01 inf 6.545157210780255 0.051124487680266666 9.281852925454642
3600 0 0.01 521039181.31973875 6.651191902423968 0.038697350683387616 9.093467386711488
3601 0 0.01 inf 6.88126738039085 0.050590351009095307 9.056905491391216
3602 0 0.01 149354.75937421614 6.724864497007967 0.047401867021913006 9.09558498040978
3603 0 0.01 151353.5911925792 6.739167843707784 0.03735491732902822 9.191763156866598
3604 0 0.01 inf 6.661960551191787 0.0478809004690316 9.259661426110215
3605 0 0.01 inf 6.732617783009825 0.058255549156215634 9.10655493773722
3606 0 0.01 inf 6.881257223296795 0.05034589530191129 9.13788770247571
3607 0 0.01 inf 6.686832298668417 0.048852158282378814 9.294141692833325
3608 0 0.01 inf 6.656554528187009 0.051571559976856245 9.379929284261612
3609 0 0.01 inf 6.747408739316277 0.04719292471530231 9.261509605247348
3610 0 0.01 151515.780317139 6.861792113879275 0.047941249028106286 9.103584026715355
3611 0 0.01 inf 6.506166890391186 0.04910935003186904 9.231759287601774
3612 0 0.01 inf 6.717226773222678 0.05214748664086833 9.060032925893799
3613 0 0.01 inf 6.680153017527308 0.051117470384792134 9.226009036337068
3614 0 0.01 151358.85527033763 6.88547853705732 0.04626189587333521 9.15151563321958
3615 0 0.01 inf 6.866550541942905 0.05478254390038989 9.270963193581752
3616 0 0.01 inf 6.81473422130393 0.050537783946918075 8.960651269451102
3617 0 0.01 inf 6.783614143829198 0.05109386747913788 9.028391392483694
3618 0 0.01 148643.70491663303 6.765318711992419 0.047938251176035826 9.179470882332657
3619 0 0.01 inf 6.816340082943079 0.04734438240847869 9.438816402501024
3620 0 0.01 inf 6.681654468190638 0.05440519136883043 9.284205517680888
3621 0 0.01 inf 6.655828659956574 0.040832288529894144 9.226197582795242
3622 0 0.01 inf 6.690663393808285 0.045873156008030457 9.212184564309304
3623 0 0.01 inf 6.783923936798145 0.05490328434726637 9.19766094183949
3624 0 0.01 inf 6.835231682647657 0.04620858414951987 9.408200311933188
3625 0 0.01 151670.60401979045 6.755199755378578 0.04442230411535042 9.0262563346306
3626 0 0.01 inf 6.668725161646564 0.05018740762915928 9.089323946291524
3627 0 0.01 inf 6.588369721972048 0.04794431815784039 9.238890883736243
3628 0 0.01 inf 6.9065441220209145 0.05219794321206609 9.023082973704021
3629 0 0.01 inf 6.752353816621905 0.06009607445974047 9.135359068672807
3630 0 0.01 344842958.972499 6.667948291019752 0.044322828205983586 9.081926069168633
3631 0 0.01 inf 6.567478271661266 0.05149447579181244 9.122720262546837
3632 0 0.01 inf 6.663091618062058 0.05742455740790117 9.127001967252113
3633 0 0.01 inf 6.664260889868928 0.051021632998235686 9.34752848848983
3634 0 0.01 inf 6.583994831303997 0.04959935109233806 9.223460917933112
3635 0 0.01 inf 6.647254247140671 0.045869912301500164 9.405829664510582
3636 0 0.01 inf 6.570084298298744 0.056566332718022604 9.31495887666696
3637 0 0.01 inf 6.753239948228176 0.05764100192606814 9.242323087555375
3638 0 0.01 1378879035.7099857 6.558860640561672 0.04898776814838198 9.129951356661635
3639 0 0.01 inf 6.782930823587721 0.04889661636852589 9.60236061062298
3640 0 0.01 151495.7530705823 6.832484993338246 0.04373052852435709 9.122651900518658
3641 0 0.01 472872341.6208405 6.6558370759045875 0.04669873051965607 9.033410254440238
3642 0 0.01 inf 6.547547090833531 0.04432799433853949 9.256576654357751
3643 0 0.01 inf 6.790384551086204 0.055674598090951335 9.1543107570256
3644 0 0.01 149726.67220712476 6.700735609010988 0.04880257280516007 9.027140985249325
3645 0 0.01 inf 6.649044729790046 0.048435796228997983 9.200259801134449
3646 0 0.01 inf 6.787431411462011 0.0432026525960658 9.266724389492508
3647 0 0.01 inf 6.730362396353217 0.047376585992524325 9.25092184702512
3648 0 0.01 inf 6.896665634740338 0.053395864328740286 9.216757629243395
3649 0 0.01 inf 6.74150062175136 0.05589775532996407 9.28631997487885
3650 0 0.01 inf 6.722394045466064 0.04504296190317356 9.231484231635049
3651 0 0.01 inf 6.611312418824202 0.042090363044128186 9.236396752668412
3652 0 0.01 inf 6.787714376480673 0.040236043405937456 9.23988996492854
3653 0 0.01 1734716311.549216 6.513940658758267 0.04628543855478128 8.985527790768707
3654 0 0.01 921004818.1477695 6.610569045831868 0.04338799097485726 9.11949872005307
3655 0 0.01 150229.81595164805 6.733761931775276 0.04559923231272441 9.074541047657343
3656 0 0.01 inf 6.8120664441643655 0.05226463400529639 9.139112920786005
3657 0 0.01 1221096916.3948016 6.5773829010807825 0.04392814389859827 9.036097456960242
3658 0 0.01 inf 6.60450236675711 0.0414397486488774 9.235111879975129
3659 0 0.01 inf 6.836616405159647 0.05854111076252004 9.130552884471332
3660 0 0.01 inf 6.608728617112537 0.0512645036214184 9.27345652619781
3661 0 0.01 inf 6.878521196940312 0.05319368554878615 9.087248868834417
3662 0 0.01 inf 6.569743726954944 0.04548291440152426 9.239037199417554
3663 0 0.01 inf 6.800028137664988 0.041629350453946515 9.381240151825772
3664 0 0.01 147931.61906899128 6.727682323774742 0.049208263800013745 9.175246614614695
3665 0 0.01 287479172.5030428 6.673266907952193 0.04684065325543783 9.189091722581114
3666 0 0.01 inf 6.805438529381382 0.04987348766234515 9.216606910903424
3667 0 0.01 inf 6.775061930902459 0.057579127454774434 9.343778424941824
3668 0 0.01 inf 6.6514887510833836 0.05281620727480177 9.263374499926904
3669 0 0.01 inf 6.688764910572672 0.054312736194891464 9.344179476362887
3670 0 0.01 inf 6.872991647460107 0.058168614444915744 9.336296775760056
3671 0 0.01 inf 6.721256326962533 0.051724288539270406 9.383594081086859
3672 0 0.01 inf 6.721772834031333 0.04126664662855784 9.23206615188319
3673 0 0.01 970552302.7636204 6.605261439382936 0.04616571830883194 9.165785284595676
3674 0 0.01 inf 6.560382592844405 0.0441914963862271 9.237378269914053
3675 0 0.01 150620.82605577452 6.72486337882665 0.0479392844712648 9.011092693596028
3676 0 0.01 inf 6.764244600671725 0.05509223580659094 9.226888840508748
3677 0 0.01 inf 6.671916381678642 0.05034368022046612 9.178577929444453
3678 0 0.01 inf 6.88851013820826 0.056917099274430075 9.244286193676162
3679 0 0.01 148040.17411904322 6.720519853540084 0.04822357526044166 9.180096552298366
3680 0 0.01 inf 6.6057815919050045 0.047454564999485596 9.209117929476335
3681 0 0.01 inf 6.771395557141881 0.05011827381373231 9.244362792740796
3682 0 0.01 inf 6.826981866871027 0.04377523669478845 9.244866598050839
3683 0 0.01 151006.9828204374 6.877510248071807 0.0484588017537555 9.13877346695826
3684 0 0.01 inf 6.685745302997188 0.05154976818802778 9.069157588770569
3685 0 0.01 inf 6.68106470534458 0.03944485646068709 9.240536622368715
3686 0 0.01 151819.42000428375 6.898680413714072 0.046923389180294775 9.135459875265417
3687 0 0.01 inf 6.593407689022274 0.043993812692704894 9.238994667024297
3688 0 0.01 inf 6.70568375178812 0.05000187542903263 9.167725922926325
3689 0 0.01 131982617.73702016 6.687365319733732 0.046585045986326845 9.199318879497703
3690 0 0.01 1468242023.1344202 6.548009087774561 0.04953901350308212 9.015493007763826
3691 0 0.01 806010137.164375 6.622642650905159 0.04674939366946075 9.183489214132875
3692 0 0.01 inf 6.756250790942202 0.04830594181565672 9.214581351012436
3693 0 0.01 149643.35650134447 6.73343730249635 0.04767486430604731 9.080421976232165
3694 0 0.01 inf 6.7855223637471385 0.056023269835929125 9.230892701462205
3695 0 0.01 inf 6.728748380618776 0.04368669453321804 9.328200275518466
3696 0 0.01 407120506.42165333 6.662099135593414 0.04381220277517115 9.1502864276575
3697 0 0.01 inf 6.619595482254259 0.04760289418740773 9.222104218956943
3698 0 0.01 500018009.61314905 6.653225192774803 0.049171447673283714 8.995494744161673
3699 0 0.01 inf 6.8111338729676065 0.04532628766563525 9.298412578036688
3700 0 0.01 inf 6.844033952014619 0.05147820498057676 9.167077707984177
3701 0 0.01 inf 6.398101903826227 0.056119344830536995 9.258737167059538
3702 0 0.01 inf 6.6907515108420945 0.05353737503689808 9.24598782829449
3703 0 0.01 149551.93403979868 6.7673305932806604 0.045337731933214456 9.161441489660458
3704 0 0.01 inf 6.602287917325408 0.05341800264583678 9.156291031485992
3705 0 0.01 inf 6.6934189016900465 0.035384219725628045 9.273782771283722
3706 0 0.01 1717168737.6023684 6.516268134945074 0.044499209868991724 9.107669150832262
3707 0 0.01 inf 6.796001701600178 0.05238172997565302 9.214631714299994
3708 0 0.01 inf 6.622404985773065 0.059185873681622925 9.184094660080877
3709 0 0.01 inf 6.715735240152415 0.04861549195723258 9.26209972196271
3710 0 0.01 inf 6.720228185053585 0.040038893195464526 9.223973714551446
3711 0 0.01 inf 6.759992832538504 0.04223349239857704 9.200686809502242
3712 0 0.01 inf 6.78838050787712 0.05153786016461965 9.152951399094565
3713 0 0.01 652489527.733149 6.638255559903073 0.04765823905456345 9.002304174739896
3714 0 0.01 inf 6.62017746792775 0.048205463928616646 9.343346330820566
3715 0 0.01 inf 6.551541397112153 0.05340826707793744 9.392367639066268
3716 0 0.01 inf 6.7759288519766505 0.04763948748552307 9.298020023399031
3717 0 0.01 inf 6.7422776594699565 0.04000313794410247 9.27530529406049
3718 0 0.01 inf 6.568483005122907 0.05632676142893617 9.252355052825541
3719 0 0.01 inf 6.803976236211041 0.05497323392014963 9.041266335005202
3720 0 0.01 inf 6.733630082419165 0.0411853756745553 9.21097738768203
3721 0 0.01 inf 6.789960222822606 0.05718781094562611 9.343191890848786
3722 0 0.01 inf 6.786241692885562 0.0533533638457172 9.20667935659297
3723 0 0.01 inf 6.653918411394941 0.04792336809894405 9.272205563797272
3724 0 0.01 inf 6.656810096679116 0.04703385750983152 9.27416510854303
3725 0 0.01 inf 6.860341080939354 0.06090621790545004 9.332312219705397
3726 0 0.01 inf 6.9063052068410355 0.051649419037298014 9.214256324728535
3727 0 0.01 inf 6.681325252435343 0.055663105850815846 9.33742830679872
3728 0 0.01 151819.83567856048 6.84491212398097 0.04253478324025379 9.13307304363918
3729 0 0.01 147806.91358299204 6.728078446115612 0.049568362118474 9.178885619937725
3730 0 0.01 inf 6.777714300314766 0.043267931394005324 9.21437630708481
3731 0 0.01 148407.9162273838 6.7761476044611815 0.04964589355028335 9.177449364634827
3732 0 0.01 151070.5134093836 6.7230490299530254 0.04443473413813964 9.028489002622749
3733 0 0.01 inf 6.742483413943825 0.04725946934193121 9.264250249002325
3734 0 0.01 inf 6.994641036407545 0.05236760430234141 9.143274706988773
3735 0 0.01 inf 6.899206639216052 0.05522888556188443 9.169653143136504
3736 0 0.01 150676.4128178192 6.854232074660696 0.04689967315051505 9.149560007461277
3737 0 0.01 inf 6.759915886760674 0.04769392677217408 9.32641099518081
3738 0 0.01 inf 6.74162743048502 0.05380209235375688 9.260766697701834
3739 0 0.01 inf 6.827866830995061 0.048836756742630355 9.200537661870616
3740 0 0.01 inf 6.730431706984293 0.05237762320436949 9.217076150629698
3741 0 0.01 inf 6.635428272343618 0.04741585650554746 9.34246398704892
3742 0 0.01 inf 6.984295898078438 0.049328949419686026 9.20325188459457
3743 0 0.01 252836194.98145488 6.676447993116326 0.04157931846543185 9.070948729008624
3744 0 0.01 150523.7685994986 6.787780301738264 0.04577672612234183 9.107090918455944
3745 0 0.01 inf 6.652815214689412 0.042179920978318255 9.351558722875762
3746 0 0.01 inf 6.683922111770846 0.04281130033392791 9.33581547805398
3747 0 0.01 148855.93811866204 6.800081297540859 0.049347125978287554 9.174357951958095
3748 0 0.01 154304.32479126783 6.94902922944209 0.047606512609111924 9.083453523554791
3749 0 0.01 inf 6.677279226795356 0.040800511696723656 9.25611546508564
3750 0 0.01 inf 6.80855715818451 0.05168676107240291 9.049308349125393
3751 0 0.01 inf 6.873706219817968 0.05316188645361884 9.284777975728735
3752 0 0.01 556295500.5594957 6.647759567283274 0.04925126213421599 9.153926138989588
3753 0 0.01 148610.16407911625 6.744927493277935 0.04643261649794268 9.194582999841248
3754 0 0.01 149637.3750969661 6.75462811472709 0.04347212924700012 9.18451352983861
3755 0 0.01 inf 6.6226409594257305 0.051451569863166825 9.234588181301389
3756 0 0.01 inf 6.638876033626849 0.055600411082203316 9.131872897181408
3757 0 0.01 150255.95222210695 6.822083686557607 0.04990670247496896 9.106982764002495
3758 0 0.01 152536.15622428348 6.77956095199505 0.03701995133649284 9.126554128626074
3759 0 0.01 inf 6.815910767575775 0.05286565777007058 9.143307863427973
3760 0 0.01 288973429.1010594 6.67312926421218 0.04635459359982669 9.114013200624072
3761 0 0.01 inf 6.776816211662772 0.05136257160050262 9.045989611978992
3762 0 0.01 inf 6.846451282743684 0.04610469431067444 9.208256096857129
3763 0 0.01 152251.48001128476 6.927102788414956 0.04565052844603637 9.155491994897115
3764 0 0.01 inf 6.9438457357505765 0.053100988704685714 9.332692006750039
3765 0 0.01 inf 6.667061144565127 0.0508588125535704 9.134296953913283
3766 0 0.01 978754358.3830861 6.604376609643316 0.04524285666105277 9.130827459926746
3767 0 0.01 149820.88709755967 6.851950747449908 0.04957169986375179 9.16368050166421
3768 0 0.01 inf 6.645483577540607 0.059211698816879994 9.310068688478573
3769 0 0.01 148958.5906172743 6.718327500338349 0.046645169385891715 9.133021583750548
3770 0 0.01 inf 6.839409094673287 0.04866198239478273 9.210062247448512
3771 0 0.01 152045.33264036555 6.780641706049222 0.04712002450037556 9.00538819300636
3772 0 0.01 inf 6.792282539312584 0.0472013180004339 9.29090446914257
3773 0 0.01 inf 6.748254557321312 0.052479286747389046 8.97774445348088
3774 0 0.01 inf 6.897926206261281 0.05382251916106154 9.186380069063329
3775 0 0.01 148955.02648150132 6.708222419681863 0.046688622350029685 9.122307804906491
3776 0 0.01 inf 6.483392864928175 0.043834586370449354 9.30486559315668
3777 0 0.01 inf 6.6096472671108595 0.04990240027263721 9.205513596950441
3778 0 0.01 inf 6.689477656673515 0.05331821336374179 9.075384307950912
3779 0 0.01 inf 6.724760309688168 0.04613755481126308 9.280220448945983
3780 0 0.01 inf 6.635241376041643 0.05047665984659482 9.260909551845776
3781 0 0.01 inf 6.678843853658399 0.046562177483859525 9.2101996541417
3782 0 0.01 2101109106.7612002 6.462253966225727 0.045115828003990034 9.101880501574971
3783 0 0.01 1096081882.6363685 6.59151707293305 0.04993795801705994 9.092496620181635
3784 0 0.01 inf 6.5816234358494174 0.04979006461089532 9.47481243482751
3785 0 0.01 1806239042.933645 6.504322349468867 0.048561651531788826 9.114573871857527
3786 0 0.01 151388.77946413445 6.843529026370535 0.04930900779442732 9.07969138705635
3787 0 0.01 inf 6.869616819672289 0.05576536839577923 9.305142164804575
3788 0 0.01 inf 6.6921218844388495 0.0503866868067563 9.258243527767469
3789 0 0.01 inf 6.814441753623343 0.0486553828050241 9.336895649759661
3790 0 0.01 inf 6.609645473747989 0.05442392858335378 9.285353176113421
3791 0 0.01 inf 6.804355497136714 0.05582643974393213 9.207888977299023
3792 0 0.01 inf 6.6676801889349875 0.05219638897378877 9.129207640543367
3793 0 0.01 inf 6.654407678668343 0.04011850769599292 9.23993918971543
3794 0 0.01 inf 6.669569064387858 0.04860485056465019 9.224430919571065
3795 0 0.01 inf 6.867322375544718 0.04730529369714732 9.237049347533048
3796 0 0.01 inf 6.810555965340402 0.052837248898414006 9.233683193846579
3797 0 0.01 inf 6.7989633764211685 0.053587029205912934 9.164684916811414
3798 0 0.01 inf 6.747536052847241 0.04610888299881231 9.297895712755412
3799 0 0.01 inf 6.667347382066912 0.052469640940737465 9.23038266707678
3800 0 0.01 inf 6.723619042486252 0.05838601490981247 9.195816046125442
3801 0 0.01 152070.75557493794 6.766615652253516 0.04951195763984467 8.972472573294779
3802 0 0.01 inf 6.613350706316531 0.047164096696508014 9.303496113212297
3803 0 0.01 149531.25411760193 6.788657177472639 0.049094508877767666 9.123074709876171
3804 0 0.01 inf 6.758604316961125 0.04654467938446361 9.255703274440465
3805 0 0.01 inf 6.832814663845679 0.05677463106533315 9.132514541851751
3806 0 0.01 845905017.3242015 6.618491922429005 0.04648896676442252 9.100315128791893
3807 0 0.01 inf 6.831658800087954 0.047153637924464524 9.281375995310759
3808 0 0.01 inf 6.435044986683515 0.05101114267243684 9.362998044928244
3809 0 0.01 159829.02175064175 7.038979013973491 0.045131124652957245 9.027469277786043
3810 0 0.01 inf 6.790387561752507 0.05611248431413175 9.035049315242997
3811 0 0.01 149770.90257584816 6.804396165140447 0.04672413321527834 9.157627543233522
3812 0 0.01 337009285.71629375 6.668678567266595 0.03891938009098466 9.159325807608786
3813 0 0.01 150028.55040653422 6.7928797847960745 0.04753684602318556 9.11767725130792
3814 0 0.01 inf 6.586024109826694 0.05214382142653956 9.263969490404492
3815 0 0.01 148346.27591391816 6.710943143733222 0.04938388782615749 9.1214639308394
3816 0 0.01 inf 6.672104518346745 0.04601940491853067 9.257516049240861
3817 0 0.01 inf 6.813238981792819 0.04416970138877539 9.23607281065732
3818 0 0.01 inf 6.673772134698188 0.051216484681982886 9.191611405251148
3819 0 0.01 inf 6.831032277620444 0.05294460335705252 9.131418047316037
3820 0 0.01 inf 6.74949649030157 0.05331082183483816 9.225077077930639
3821 0 0.01 inf 6.932750617361974 0.05488526769970585 9.20986511027332
3822 0 0.01 inf 6.541060684654462 0.04373093256645655 9.20143283936152
3823 0 0.01 inf 6.774111791511344 0.05063195639403815 9.374477852147532
3824 0 0.01 155515.4235567098 6.96272200100362 0.04469531414326129 9.07024884885056
3825 0 0.01 699346043.0976307 6.633549846468149 0.03433847031286788 9.163055281144294
3826 0 0.01 inf 6.793436409355951 0.044196433469254726 9.368436685759264
3827 0 0.01 151055.06124178768 6.8326462796243925 0.04469236084735333 9.135297154153072
3828 0 0.01 149011.42820407142 6.781237212382027 0.04961013676769107 9.141300266108647
3829 0 0.01 inf 6.703374981238359 0.050406992099167706 9.193979912622343
3830 0 0.01 inf 6.792746569551304 0.046970395669354514 9.252607903013175
3831 0 0.01 inf 6.648514937936239 0.05040368000119025 9.291387919930836
3832 0 0.01 152282.00481650457 6.915678698967561 0.04868167060237099 9.118522497676654
3833 0 0.01 inf 6.842278062819974 0.05167857261153978 9.160685469080887
3834 0 0.01 inf 6.849279315498452 0.04752371246167647 9.248792312279043
3835 0 0.01 inf 6.744294808834287 0.052181337277262256 9.241286015182528
3836 0 0.01 inf 6.633668891785923 0.04569838792050655 9.289611527141508
3837 0 0.01 inf 6.7900769946307635 0.045187935559453433 9.377753660838563
3838 0 0.01 inf 6.741847230155033 0.05102024393540058 9.121757347448218
3839 0 0.01 inf 6.912421623969097 0.04955053636695512 9.248638572634082
3840 0 0.01 inf 6.8356056892266945 0.045401802471228166 9.303558822248435
3841 0 0.01 inf 6.818898298859412 0.05038449893259328 9.151175217496164
3842 0 0.01 inf 6.540993820193429 0.05615369962661546 9.356059835391648
3843 0 0.01 inf 6.654119005671778 0.055826388249553154 8.984807648977013
3844 0 0.01 inf 6.582251308066685 0.04922562404687197 9.206386089627205
3845 0 0.01 inf 6.618671570283384 0.051249588239575795 9.227626338638448
3846 0 0.01 711441639.449245 6.632326544796265 0.04813757371658409 8.933833483590083
3847 0 0.01 inf 6.6741970195307765 0.0538654854272662 9.012323470857732
3848 0 0.01 inf 6.482166957844628 0.04403877014288958 9.26404946070796
3849 0 0.01 inf 6.6644808571066845 0.053745687649947846 9.089019660178693
3850 0 0.01 inf 6.776950230511127 0.054662140411065784 9.371923531606773
3851 0 0.01 300126927.00839674 6.672099864830007 0.04718792076998313 9.101302253224743
3852 0 0.01 inf 6.85232949428607 0.04573556542356278 9.241028665023496
3853 0 0.01 inf 6.5836495992347785 0.041644236062679744 9.2659947962239
3854 0 0.01 inf 6.823378328765011 0.045067102206450715 9.251995001080102
3855 0 0.01 149381.2187480338 6.736980173956334 0.04988977199169355 9.070351763855026
3856 0 0.01 148884.68702513553 6.783008556353225 0.048800491693073704 9.163854615214676
3857 0 0.01 inf 6.7950058637022215 0.05800031931424257 9.233053635575825
3858 0 0.01 152702.75901166987 6.781746832787275 0.04159210672937731 9.03261526154023
3859 0 0.01 inf 6.765347738165321 0.05043822532030856 9.176230807298015
3860 0 0.01 inf 6.894515581408205 0.05381410400468248 9.187464480707776
3861 0 0.01 inf 6.810475352326492 0.05163712929949616 9.243946881718196
3862 0 0.01 inf 6.779173556702176 0.05021307310471425 9.086989763641826
3863 0 0.01 153062.21398662863 6.877187949816112 0.04431005083478059 9.080870295559345
3864 0 0.01 inf 6.802112974482928 0.05336053841180922 9.449893271743905
3865 0 0.01 inf 6.55987937633384 0.053132327162284915 9.256310702813485
3866 0 0.01 1030728561.6905788 6.598727109156192 0.04231785569828423 9.128843886022564
3867 0 0.01 inf 6.620142485199237 0.04685757973434426 9.21534923705101
3868 0 0.01 inf 6.742876616036753 0.051906271163176414 9.2404838015792
3869 0 0.01 inf 6.626349680454958 0.048231016186473866 9.281345702299149
3870 0 0.01 inf 6.867894031602989 0.05009410064149535 9.218326184782045
3871 0 0.01 inf 6.778112599168235 0.048285603105705 9.219505075129725
3872 0 0.01 inf 6.77686068142548 0.045936388617094336 9.373339785304848
3873 0 0.01 inf 6.56576516046493 0.05473707617489232 9.22987528321675
3874 0 0.01 inf 6.654780281295674 0.054734546744788296 9.073055182744088
3875 0 0.01 148389.0596268876 6.699122826778093 0.04543523825737701 9.198501266124339
3876 0 0.01 inf 6.799326061646813 0.04418460381096703 9.340819536980915
3877 0 0.01 152273.49454011873 6.851599502952908 0.0434554890996952 9.102156987665081
3878 0 0.01 inf 6.689652438878502 0.06206334698160529 9.203792146337733
3879 0 0.01 1444257812.6875577 6.550948440262432 0.04238732693647098 9.114473263976572
3880 0 0.01 inf 6.703042769165968 0.052803637092367045 9.269907020951365
3881 0 0.01 inf 6.588138086151428 0.0544595526164901 9.17121842797421
3882 0 0.01 inf 6.75123841368494 0.050340607089066146 9.139088237252354
3883 0 0.01 inf 6.670382929885354 0.05377012419325837 9.204640436778428
3884 0 0.01 inf 6.787601613426426 0.04918264327857179 9.250508658883492
3885 0 0.01 inf 6.956839688286655 0.049191092516856355 9.295032761403347
3886 0 0.01 inf 6.62407539194522 0.051095492925226776 9.122081972817584
3887 0 0.01 inf 6.76701002340442 0.04501645362032369 9.272172519468153
3888 0 0.01 1197134756.9058752 6.580127746471915 0.047413883446755345 9.157459342229282
3889 0 0.01 inf 6.770953647622148 0.049111341727969986 9.369059773651314
3890 0 0.01 inf 6.666464888100808 0.05428363178773872 9.168232238387562
3891 0 0.01 inf 6.738395604918285 0.046433247660930044 9.465108051213763
3892 0 0.01 inf 6.7045357271065145 0.05048543812768216 9.080661997386603
3893 0 0.01 inf 6.669486512457524 0.051501234785654854 9.09226064796652
3894 0 0.01 inf 6.585770224324917 0.04487049405189013 9.269067092004018
3895 0 0.01 inf 6.664272367571832 0.058019616927113896 9.203444783887369
3896 0 0.01 inf 6.600800422182669 0.04297525372162504 9.244095125284243
3897 0 0.01 inf 6.636106063252035 0.057667111404689025 9.299024359070572
3898 0 0.01 inf 6.606553935840747 0.04677855319080817 9.430941677661195
3899 0 0.01 inf 6.635240311041517 0.04974035198197816 9.272085391360704
3900 0 0.01 149399.0415815547 6.756408690109157 0.046866150810307934 9.13321149459704
3901 0 0.01 inf 6.6192311477257775 0.05237512819822854 9.07226740438886
3902 0 0.01 inf 6.659607577614514 0.04511459295632195 9.425403307282537
3903 0 0.01 inf 6.650269124717498 0.04897805381689548 9.319537141524389
3904 0 0.01 inf 6.742099251425162 0.05000086073466646 9.376160459071196
3905 0 0.01 inf 6.720804337332191 0.04860593004517813 9.299112924533485
3906 0 0.01 inf 6.715852274014398 0.04358191706497451 9.28411640862603
3907 0 0.01 149908.8418859914 6.759422737147651 0.04796487905331821 9.085752036376896
3908 0 0.01 inf 6.668650959279704 0.05317792653055603 9.266102456728905
3909 0 0.01 inf 6.598638878037946 0.05143958556884367 9.200989848800688
3910 0 0.01 148546.06035723264 6.707485498989957 0.049780594175523794 9.096562400820638
3911 0 0.01 inf 6.838154650327562 0.05054983081527337 9.312438791513978
3912 0 0.01 inf 6.59688732860774 0.05169843103524796 9.114103343373811
3913 0 0.01 inf 6.720711394252709 0.058918080119825564 9.183630844518177
3914 0 0.01 147733.33453249524 6.722147765403383 0.04923510151820525 9.186719592836756
3915 0 0.01 inf 6.772307845348224 0.05001744994292652 9.208533550422286
3916 0 0.01 151178.01772566914 6.746244285303872 0.04014432266498024 9.12550524152235
3917 0 0.01 660719970.6095062 6.637432627663698 0.04604486394252825 9.031037478407587
3918 0 0.01 inf 6.724922377381905 0.054190975491748145 9.092289199663018
3919 0 0.01 1895443251.8845992 6.492020020459375 0.049959061118229994 9.153673240861286
3920 0 0.01 inf 6.694283290220699 0.059357220803182835 9.17200095847495
3921 0 0.01 151473.6462843469 6.750537858956224 0.04232922533104549 9.06345582688699
3922 0 0.01 149052.5359603911 6.74989410876429 0.04487829180188001 9.19754359471419
3923 0 0.01 inf 6.7310833985369785 0.05715481077390818 9.232097447670172
3924 0 0.01 inf 6.665763593425929 0.053273868197331264 9.136232580387436
3925 0 0.01 inf 6.56861893581115 0.037826174386683 9.288975139620975
3926 0 0.01 inf 6.895701172625586 0.04914871991705568 9.264000494782447
3927 0 0.01 inf 6.691930801107171 0.04324549231897805 9.22334731660631
3928 0 0.01 inf 6.76018010241723 0.055739774945822336 9.089719113557836
3929 0 0.01 inf 6.9545816464086565 0.053373545006196565 9.176070153279545
3930 0 0.01 inf 6.67261206457075 0.05494398201176396 9.198229823549774
3931 0 0.01 inf 6.912017551907081 0.044202989850485944 9.27042466930287
3932 0 0.01 inf 6.8241976580115455 0.049655101282610546 9.279302977390016
3933 0 0.01 inf 6.676949120309377 0.05015469844105698 8.946966815651358
3934 0 0.01 inf 6.820414780876083 0.05083626705006434 9.419984964620214
3935 0 0.01 inf 6.621538198891711 0.04342935148194105 9.210142452602698
3936 0 0.01 inf 6.723229886639994 0.04575686081651612 9.261493852255326
3937 0 0.01 inf 6.749515304936896 0.04863337555945241 9.357431978482817
3938 0 0.01 inf 6.726646509745928 0.06586794718748011 9.251612631455188
3939 0 0.01 inf 6.857538402247737 0.05188698756835228 9.052000926142115
3940 0 0.01 inf 6.814605283067118 0.04864290056173961 9.260561601041532
3941 0 0.01 inf 6.650748434440316 0.0583866468533511 9.162686173111762
3942 0 0.01 inf 6.668718423396662 0.044071777865093816 9.271166140494897
3943 0 0.01 inf 6.737522209627526 0.05301113190463482 9.21946077442999
3944 0 0.01 inf 6.727253264062611 0.053274000536398004 9.078439597724527
3945 0 0.01 inf 6.729688627036772 0.05486113919816511 9.1088676055233
3946 0 0.01 inf 6.704818365244109 0.04985253659419325 9.290605615636494
3947 0 0.01 inf 6.698302416205922 0.05090620097220287 9.205253970542188
3948 0 0.01 inf 6.831607899709028 0.05316121978138536 9.12091034238612
3949 0 0.01 inf 6.566481714923243 0.051085631079272074 9.150754594461599
3950 0 0.01 inf 6.689814106410368 0.05223428952776844 9.062765407891014
3951 0 0.01 149864.69829857812 6.713162388148762 0.04794387134061581 9.042452649097463
3952 0 0.01 inf 6.720759891981301 0.06425151992990868 9.401876547853234
3953 0 0.01 206411981.39465043 6.680674133595847 0.046043076873438206 9.181054535977706
3954 0 0.01 inf 6.742555060673287 0.05020624323046372 9.214543494162404
3955 0 0.01 150942.7082516617 6.707572335083899 0.04521023050994322 9.009632273711686
3956 0 0.01 inf 6.640004311826487 0.05205045912003765 9.208122828457556
3957 0 0.01 inf 6.824489130051899 0.05558545805395431 9.293049230627851
3958 0 0.01 inf 6.840344101182157 0.04864521082983559 9.231796018524339
3959 0 0.01 544359511.3324019 6.6489245379005615 0.047234699310435724 9.169692774728995
3960 0 0.01 inf 6.685257784333036 0.046088017172857 9.276193838258514
3961 0 0.01 inf 6.450198381006626 0.0547942582087004 9.363690348605088
3962 0 0.01 inf 6.774028874539868 0.045529507408546624 9.344697190728963
3963 0 0.01 148402.41215462203 6.726472947386341 0.04639223966260103 9.196942660916172
3964 0 0.01 inf 6.810815131385167 0.04601208400771817 9.240101180760513
3965 0 0.01 361926722.85360605 6.666351633022358 0.04866812560235394 8.989691973079386
3966 0 0.01 inf 6.641860181928478 0.04860030994062985 9.301387603600197
3967 0 0.01 inf 6.873501959925356 0.04338977115569295 9.247261113139901
3968 0 0.01 151894.03867762224 6.807036384857171 0.04738222717831811 9.03635183733186
3969 0 0.01 151290.08404551816 6.824526934485974 0.044667455257326426 9.11373171186694
3970 0 0.01 inf 6.875994017351329 0.0473916337769488 9.438778128733325
3971 0 0.01 inf 6.744178972906058 0.046651205412773754 9.298070024867409
3972 0 0.01 inf 6.741032792801302 0.0516977356856939 9.233219590790727
3973 0 0.01 inf 6.729244916167057 0.04245006327424242 9.282556956818286
3974 0 0.01 414865184.7360582 6.661366132623218 0.049968407042843575 9.084112043543682
3975 0 0.01 inf 6.603293425255241 0.05323441743273945 9.084849565081509
3976 0 0.01 151645.80003814853 6.937644548707338 0.0496955479104626 9.159763964476518
3977 0 0.01 inf 6.782425345694872 0.040574650987377225 9.23039122460911
3978 0 0.01 inf 6.677586187806157 0.04261406871483562 9.210222035041813
3979 0 0.01 inf 6.677348093296481 0.0488179718285277 9.267725234338226
3980 0 0.01 inf 6.62776743573716 0.038534246134595086 9.284468504635587
3981 0 0.01 410908900.86006635 6.661741035444185 0.04336263399223379 8.944953677802483
3982 0 0.01 inf 6.618070730166494 0.04825630289498015 9.215519864864218
3983 0 0.01 inf 6.853908731113352 0.05559225466773677 9.193809187914068
3984 0 0.01 inf 6.818359561661377 0.047975923510938275 9.446083776193515
3985 0 0.01 636644351.9444554 6.639835339002067 0.04833580024893998 9.104579649427022
3986 0 0.01 inf 6.70279243415332 0.05734341632935942 9.086393859204541
3987 0 0.01 inf 6.572186994625406 0.056288542543032144 8.974722807266069
3988 0 0.01 inf 6.804969248114297 0.05400021697266384 9.089289716047194
3989 0 0.01 inf 6.662291810426885 0.054843393936258984 9.052261695425296
3990 0 0.01 inf 6.7113130761729645 0.05286956829039254 9.166620353014082
3991 0 0.01 inf 6.576364282150466 0.05188544378706216 9.094624191333716
3992 0 0.01 150541.27767310166 6.722892063825128 0.0400243054311599 9.165422153456824
3993 0 0.01 inf 6.707796988042069 0.05342109493534454 9.068437970166043
3994 0 0.01 inf 6.751137772235288 0.06099364793769259 9.18288565348932
3995 0 0.01 790114645.7758718 6.624285503367763 0.04871522999563622 9.106346544099287
3996 0 0.01 inf 6.708292239772685 0.05722416167404093 9.208327246129564
3997 0 0.01 inf 6.7770626105129015 0.0478164337251387 9.28830384331259
3998 0 0.01 inf 6.7247715047764025 0.04277510202188567 9.210482345983529
3999 0 0.01 151109.16658195542 6.83174132397666 0.04851762307803981 9.087527060340573
4000 0 0.01 150911.63549948958 6.9028035244662425 0.049447057434715475 9.15968787960469
4001 0 0.01 820095547.5504328 6.621181695612155 0.049161887492595376 9.094684695753344
4002 0 0.01 inf 6.755612970922035 0.04195915976332197 9.317218353067865
4003 0 0.01 inf 6.615461966226087 0.05045039119429651 9.10826337279924
4004 0 0.01 inf 6.631739988835279 0.05262057117569573 9.294386000924629
4005 0 0.01 inf 6.779811040261625 0.053367151107862026 9.19442523033565
4006 0 0.01 inf 6.677573227528423 0.046525189994220464 9.277039587876692
4007 0 0.01 inf 6.744120593429678 0.05172989332374456 9.180738618246384
4008 0 0.01 1294942568.6425765 6.568812340315686 0.043438382663926495 9.142425593495169
4009 0 0.01 inf 6.757474528042891 0.058919870402009696 9.206665249197473
4010 0 0.01 149640.55292543716 6.791940597043406 0.049289108665957926 9.117355199498325
4011 0 0.01 148773.99806533218 6.728525270644551 0.04542370945080744 9.188449042306615
4012 0 0.01 inf 6.738217413782322 0.046653538246393025 9.275639885530389
4013 0 0.01 inf 6.658305624669789 0.048605345947010985 9.31344231843797
4014 0 0.01 inf 6.627475596052327 0.044997194556894674 9.22123923385694
4015 0 0.01 inf 6.504343822581627 0.051909848918570305 9.26298114260312
4016 0 0.01 1077124606.2403564 6.593620883406046 0.04893258939560291 9.05267879335665
4017 0 0.01 150452.6281721128 6.727794278851675 0.043764757650383325 9.085034237840608
4018 0 0.01 148982.78963042033 6.713382637980894 0.04815294492704775 9.097945493480003
4019 0 0.01 inf 6.675371560208 0.05369809649616125 9.271023346420066
4020 0 0.01 inf 6.660204109181308 0.0452915808519698 9.284107621455862
4021 0 0.01 inf 6.876691882091109 0.0514227181426715 9.197440304648563
4022 0 0.01 inf 6.508976392732294 0.05748208752790499 9.146713560577249
4023 0 0.01 inf 6.752090039321332 0.03870441054166314 9.270750170447009
4024 0 0.01 inf 6.553349343355166 0.05462209864803143 9.158643723530249
4025 0 0.01 151660.09912160214 6.82800485375158 0.04674727153974353 9.073974584363018
4026 0 0.01 inf 6.837688415992079 0.0436494569189033 9.393915581609718
4027 0 0.01 148462.98124476342 6.70701105959168 0.049027332558002665 9.11499270972098
4028 0 0.01 inf 6.7644586539257165 0.053028828838927324 9.308493516234709
4029 0 0.01 inf 6.804160106470406 0.03626436792998487 9.265439365832592
4030 0 0.01 inf 6.6715893531920525 0.05059046242120132 9.134281546015014
4031 0 0.01 246601999.63563272 6.677017710565737 0.047499389479985166 9.147918967669732
4032 0 0.01 inf 6.77405021890885 0.05155101894711929 9.18780693321185
4033 0 0.01 inf 6.76397940620452 0.044040072548332206 9.375260315503713
4034 0 0.01 372820712.3674332 6.665330246667066 0.04648653431594662 9.1428526206126
4035 0 0.01 inf 6.71416214837463 0.05253178211566472 9.012547921923309
4036 0 0.01 119541224.5861665 6.688473930575541 0.04411879524773946 9.136602522209236
4037 0 0.01 inf 6.795777049718739 0.0460659811308588 9.329896452035893
4038 0 0.01 150326.6364199832 6.7556539994923765 0.04576839310558357 9.087468939663859
4039 0 0.01 inf 6.844855836311272 0.048426177022126024 9.273804000250632
4040 0 0.01 inf 6.639484437077989 0.05737816328314761 9.134928429973792
4041 0 0.01 inf 6.890964025014097 0.05301453958165381 9.151402494268602
4042 0 0.01 inf 6.7219965202449075 0.044056096667162356 9.246036410647033
4043 0 0.01 inf 6.540257295626682 0.04647820646534097 9.220453696387358
4044 0 0.01 151145.13191473734 6.846223899071202 0.04214976257991954 9.18443871240872
4045 0 0.01 inf 6.597149112278065 0.05200155643251694 9.140233525449851
4046 0 0.01 141501223.3072974 6.6865154793753705 0.041407964443338156 9.173118445906834
4047 0 0.01 inf 6.7150712567836734 0.05268103015127882 9.339307093115922
4048 0 0.01 inf 6.8008488125816084 0.04607786302132306 9.244845475138426
4049 0 0.01 1113350322.3513937 6.589591860238461 0.04709560896443421 9.16075771533659
4050 0 0.01 inf 6.956636158620109 0.04832637746516319 9.256790022026019
4051 0 0.01 inf 6.663997344228842 0.06006474867394633 9.236979284009351
4052 0 0.01 inf 6.659744550195879 0.05354346213727612 9.195772324805779
4053 0 0.01 149925.93014936597 6.797662154103192 0.04605723833047485 9.151337043242044
4054 0 0.01 inf 6.673671219372432 0.04955570031563016 9.248111157032891
4055 0 0.01 inf 6.807771859332118 0.04782271646988981 9.295281498108404
4056 0 0.01 inf 6.698906299483758 0.0489539343130439 9.221365835264203
4057 0 0.01 inf 6.696294156467479 0.04197895504478175 9.349783702881835
4058 0 0.01 inf 6.740068274258556 0.05478532343107673 9.171771607121325
4059 0 0.01 inf 6.738388050864415 0.04254159790201771 9.301475641356308
4060 0 0.01 inf 6.885658609056916 0.05486236539048724 9.091893762722453
4061 0 0.01 inf 6.764605785953397 0.0546591810369292 9.128020825768775
4062 0 0.01 148560.28531563352 6.737048090403483 0.047342073742483344 9.170223002871117
4063 0 0.01 inf 6.6765454892807625 0.04562946293620175 9.260682816266147
4064 0 0.01 153867.53457443137 6.934033879209971 0.048650306909382754 9.078407530527274
4065 0 0.01 inf 6.631154953552806 0.05739345172901595 9.267110399155806
4066 0 0.01 inf 6.724958960890075 0.05260893847498932 9.128886320262012
4067 0 0.01 1503235422.1409366 6.543684724803506 0.04795573074278801 9.054637067957517
4068 0 0.01 inf 6.874607466045243 0.047379174896209936 9.3462832417591
4069 0 0.01 inf 6.800008430777889 0.04845958727135384 9.291888164325643
4070 0 0.01 inf 6.607547094475665 0.051671537215777684 9.18238708416645
4071 0 0.01 inf 6.6250464829235005 0.05885695626911977 9.318979453030202
4072 0 0.01 inf 6.7188625140289195 0.054551985302991504 9.20473530561669
4073 0 0.01 301316251.0148005 6.671989834104699 0.048791033897552766 9.186145822840894
4074 0 0.01 inf 6.8083088149716655 0.05643979221303674 9.194213962269236
4075 0 0.01 inf 6.667340954395417 0.05118754339828536 9.10112184360528
4076 0 0.01 inf 6.761270371532904 0.05582387069426915 9.172932555366149
4077 0 0.01 inf 6.728951852491987 0.050303508117351375 9.144509966528835
4078 0 0.01 inf 6.621629305175797 0.05633205049821092 9.065460079866346
4079 0 0.01 214732661.3802559 6.679919766462187 0.04427964989635159 9.108748240674277
4080 0 0.01 inf 6.693737414698978 0.05414696664607661 9.295529626953902
4081 0 0.01 inf 6.658124965425789 0.05150039439125727 9.257670208831227
4082 0 0.01 inf 7.007312468355251 0.04902521833624701 9.266525943401943
4083 0 0.01 inf 6.780398240376956 0.05148962591453088 9.038384454534947
4084 0 0.01 149622.43162737117 6.708063586155215 0.04643219410433102 9.076453946439187
4085 0 0.01 149129.5769314911 6.704695076584024 0.046898167818638044 9.100903626173876
4086 0 0.01 1245515679.5807726 6.574567312545538 0.047857656263859696 9.146037406529844
4087 0 0.01 inf 6.77284055781623 0.039840271278291026 9.217362047811118
4088 0 0.01 inf 6.5709336790467905 0.051961335181293894 9.194360094690536
4089 0 0.01 149582.72926068414 6.799979628743403 0.04865294518691826 9.137046438115096
4090 0 0.01 inf 6.803157820346366 0.05264897326286725 9.37281735454406
4091 0 0.01 inf 6.794576171864034 0.054577093446480734 9.198653156360042
4092 0 0.01 inf 6.5135529398005785 0.05072016762091546 9.155621584748738
4093 0 0.01 inf 6.7455757573445325 0.051579370118088635 9.283876684946716
4094 0 0.01 inf 6.740639278941997 0.05502889316828471 9.154775623580552
4095 0 0.01 inf 6.711750236637541 0.05106865004307169 9.129669914212673
4096 0 0.01 inf 6.845195343398542 0.05548663363292752 9.070831424364206
4097 0 0.01 151893.43814553512 6.822211532977149 0.047886889751238074 9.047385003943335
4098 0 0.01 inf 6.705213797155093 0.052611561457932395 9.10132362932452
4099 0 0.01 70034183.01089734 6.692857069765228 0.046901827107267556 9.068233194510828
4100 0 0.01 inf 6.8245713273414905 0.05261385244390365 9.321154317990981
4101 0 0.01 1208900979.4882395 6.578782044642949 0.048232170765991 9.073674995833878
4102 0 0.01 inf 6.728959273303645 0.054639432667819406 9.106365542611556
4103 0 0.01 inf 6.574219937713401 0.057012957632393835 9.307743916521495
4104 0 0.01 inf 6.785824486334691 0.05508226140687475 9.179459912291701
4105 0 0.01 149962.63967660133 6.701642017548905 0.044110896519894756 9.088896941650221
4106 0 0.01 152063.07289226557 6.9002639620379815 0.04958951383342719 9.105921432084203
4107 0 0.01 inf 6.78992746828545 0.05791861409993401 9.313751615836933
4108 0 0.01 inf 6.679073953096631 0.04574595137077549 9.26415586891154
4109 0 0.01 inf 6.77660677986387 0.05009177823186163 9.278421632198198
4110 0 0.01 inf 6.693445450889977 0.04787629372792728 9.305880354906245
4111 0 0.01 1083076032.6349063 6.592961600690616 0.0430621009531832 9.179424737874907
4112 0 0.01 inf 6.745847249704556 0.04420211853875088 9.372650168038819
4113 0 0.01 151090.0867312385 6.757810521844421 0.04313318351499616 9.082392469551072
4114 0 0.01 inf 6.701682524550492 0.0524797527508302 9.176019856427732
4115 0 0.01 1219218363.2245595 6.5775984259021625 0.04977524804450335 9.159293011861447
4116 0 0.01 inf 6.572626917729166 0.05390670740541775 9.237757480560804
4117 0 0.01 inf 6.7719154368961645 0.05004010278402522 9.288385831271563
4118 0 0.01 inf 6.705706851096842 0.05452005592605221 9.29965245271774
4119 0 0.01 inf 6.6593181939825765 0.040335877813247406 9.230030107697152
4120 0 0.01 inf 6.865333797822361 0.05657023679632054 9.29432307720967
4121 0 0.01 547736257.486506 6.648595500157526 0.04506949800071424 9.025039374203356
4122 0 0.01 inf 6.673762288664968 0.04118444022052971 9.263873343366681
4123 0 0.01 inf 6.653427373063415 0.051913005633013376 9.147638425323379
4124 0 0.01 inf 6.6878605659302455 0.05274989079226958 9.16365157075121
4125 0 0.01 inf 6.888054019097661 0.05215215120107453 9.281782186417923
4126 0 0.01 inf 6.771006664259805 0.05373118931839439 9.244651204425105
4127 0 0.01 152253.42162780615 6.864387762552938 0.04604315913603813 9.08908772476261
4128 0 0.01 inf 6.7862301235194185 0.04073110769459346 9.30224789234589
4129 0 0.01 5109587.650927941 6.698538877556331 0.049893128298366604 9.087673424237302
4130 0 0.01 inf 6.618378534309142 0.04855215541010051 9.293984324641473
4131 0 0.01 884130156.8170694 6.61447733932439 0.04591033630777659 9.054184934778366
4132 0 0.01 152934.06919629793 6.92573902981958 0.046003897023711944 9.121037323641437
4133 0 0.01 155119.729258519 7.070584227101367 0.0462660046267966 9.184039121592683
4134 0 0.01 149605.71485526641 6.792400375544504 0.04763106091926036 9.142482624309235
4135 0 0.01 153098.64158104185 6.825562554411296 0.04742944747868089 9.00429290489709
4136 0 0.01 inf 6.724951316205697 0.0469178797182584 9.268202008231864
4137 0 0.01 151684.86137098155 6.748680489535892 0.04628346983442985 8.99803526116608
4138 0 0.01 inf 6.69692155699703 0.05865979099967763 9.199860723858347
4139 0 0.01 1154079434.1736994 6.585016945879365 0.04662330060476283 9.177275745536138
4140 0 0.01 inf 6.612271726873161 0.052474631725129964 9.179424034381377
4141 0 0.01 772942844.6581308 6.626053530474137 0.04243615557044753 9.050373266827009
4142 0 0.01 inf 6.732991178626739 0.0476218357213891 9.409900599238677
4143 0 0.01 inf 6.789682398086379 0.05035376234077244 9.14644821553606
4144 0 0.01 inf 6.626933938650984 0.051556226362739835 8.95687487652466
4145 0 0.01 648375528.0560477 6.638666219916514 0.045195860349109024 9.145175841366356
4146 0 0.01 inf 6.748505863225711 0.0481983181678206 9.319383211017756
4147 0 0.01 1529900290.3686051 6.540360237563532 0.049773077866845816 9.187652138415755
4148 0 0.01 inf 6.849184658824346 0.042955095503674066 9.317101347312528
4149 0 0.01 inf 6.775274019099497 0.05252141759807405 8.976855468565397
4150 0 0.01 1203898079.9968066 6.579355009233534 0.04415481807670637 8.973375907020932
4151 0 0.01 152848.01921029028 6.909672310867775 0.04159538057444621 9.152667287919202
4152 0 0.01 1455950923.3119364 6.549518016489086 0.04737650099996491 8.927951498115544
4153 0 0.01 inf 6.689092250500493 0.04857674306603465 9.265917312054437
4154 0 0.01 inf 6.810258245692655 0.0518499086134887 9.15257268005131
4155 0 0.01 inf 6.784360309164358 0.050720319986777396 9.106262864633715
4156 0 0.01 inf 6.713713906153063 0.06424975339181725 9.216619739882395
4157 0 0.01 148543.41330174528 6.772962456003825 0.04859030224907538 9.18269336778965
4158 0 0.01 inf 6.56471454664822 0.039184758697304006 9.216137095032071
4159 0 0.01 160816061.05311337 6.684785385708101 0.04864328138691356 9.166038484060058
4160 0 0.01 958726549.5537293 6.606534299407592 0.042660671024956 9.076907702690947
4161 0 0.01 inf 6.522893749966803 0.04994729490580606 9.234787636215252
4162 0 0.01 inf 6.642674427772204 0.059438387356525554 8.896265295401234
4163 0 0.01 inf 6.670198644978405 0.04375431085565474 9.234329023593162
4164 0 0.01 inf 6.741422078788941 0.044694438272248026 9.248235807420285
4165 0 0.01 inf 6.677330325616138 0.03950322384222253 9.244220632723447
4166 0 0.01 inf 6.597775222078078 0.05030190918525828 9.154505603442896
4167 0 0.01 inf 6.75205027219084 0.0502012333196684 9.246341074382673
4168 0 0.01 inf 6.71012027286307 0.051206420912050944 9.149232549903084
4169 0 0.01 inf 6.828587458350149 0.046099797685753105 9.214859016295746
4170 0 0.01 inf 6.797247051774783 0.05283444918830717 9.193586455890213
4171 0 0.01 inf 6.559339208242614 0.0528438904610039 9.205377267007737
4172 0 0.01 inf 6.676551197724075 0.04709854944632148 9.200470082862251
4173 0 0.01 inf 6.83302403572885 0.05236150185949874 9.138165033155985
4174 0 0.01 inf 7.016538658981628 0.045939047333060624 9.215591771090088
4175 0 0.01 inf 6.789531275315518 0.04699436743592019 9.31472516419648
4176 0 0.01 inf 6.693399105092397 0.05868346959021911 9.174861251597711
4177 0 0.01 1105129016.0121174 6.590509564728396 0.047688357986908375 9.079394090891851
4178 0 0.01 150806.68701986852 6.708220779703172 0.038903470152545146 9.161920532070557
4179 0 0.01 inf 6.892710817959275 0.05387669810845077 9.538833165183199
4180 0 0.01 inf 6.855933518592302 0.0563926213599368 9.196125488051251
4181 0 0.01 inf 6.703513375221772 0.05353465896457447 9.15370213076544
4182 0 0.01 inf 6.805722866654446 0.04560056494651409 9.253045413870641
4183 0 0.01 inf 6.84695018400439 0.051575147748372456 9.15577147369696
4184 0 0.01 inf 6.561460163965304 0.05243180209446018 9.237440257403094
4185 0 0.01 inf 6.705121813542235 0.04029682019360615 9.236307095596374
4186 0 0.01 inf 6.810600792882067 0.04945265250386264 9.342672977345673
4187 0 0.01 inf 6.736801868347388 0.05131681176940689 9.250230366095456
4188 0 0.01 inf 6.620277077637593 0.048972662940270285 9.289252433452893
4189 0 0.01 inf 6.738134571402948 0.0552942711845898 9.195866798250915
4190 0 0.01 inf 6.820282554374927 0.03972259718044168 9.26391961120872
4191 0 0.01 148593.25038025103 6.737916853204371 0.04650727739261663 9.187310725013774
4192 0 0.01 155321.1797914452 6.946777529521262 0.0481774936068006 9.04678677096252
4193 0 0.01 inf 6.729599581092533 0.0507132635864174 9.016305902114839
4194 0 0.01 151046.45235251402 6.861682117425997 0.04583842545849137 9.149526854489036
4195 0 0.01 153194.25064370903 6.8163707036230825 0.03972114660901752 9.06535877570956
4196 0 0.01 inf 6.742574597395557 0.05237668524719403 9.320550750067493
4197 0 0.01 inf 6.759378343870062 0.044686703149124374 9.231803371277413
4198 0 0.01 inf 6.823038500937975 0.050946518859378884 9.253852525431542
4199 0 0.01 1224579138.611966 6.576982321193758 0.046667169996222536 9.16283770401404
4200 0 0.01 150363.56880446197 6.768512002253902 0.04105978029028691 9.196309660393082
4201 0 0.01 inf 6.873574202473215 0.05129387463154529 9.363475510071202
4202 0 0.01 inf 6.5508780401353395 0.05396403877554833 9.131978670008882
4203 0 0.01 inf 6.765505631834869 0.053953514837065564 9.185729238899837
4204 0 0.01 inf 6.940132644555648 0.046959388611005244 9.41351395466227
4205 0 0.01 559234941.37143 6.647472203734812 0.04952527707118522 9.145507891265462
4206 0 0.01 150806.03337910536 6.755108344174456 0.04232835616038571 9.114476256365917
4207 0 0.01 inf 6.675054698462663 0.056513463401737705 9.128155970811672
4208 0 0.01 inf 6.785152154380972 0.05876737587325286 9.069647121401623
4209 0 0.01 inf 6.647740825817389 0.04894051095184838 9.283696891183576
4210 0 0.01 inf 6.646384804916516 0.04741320991756302 9.270613390456559
4211 0 0.01 153100.93210641362 6.788491823145507 0.037365215743026065 9.083977760218168
4212 0 0.01 inf 6.77592156437834 0.048836070797101616 9.205009630382266
4213 0 0.01 149143.31419451485 6.744366927715421 0.04926855586372723 9.10070603615208
4214 0 0.01 inf 6.970208382500132 0.05030095068650125 9.219594462596959
4215 0 0.01 155052.28275320312 6.969958335290997 0.04164872253359303 9.111924941177186
4216 0 0.01 833122285.3116409 6.619826272679746 0.043769937044827414 9.117558641057633
4217 0 0.01 inf 6.872373915651048 0.04424116090750903 9.264234098051189
4218 0 0.01 908445936.5542177 6.61190407764154 0.0437356876296569 9.13254710570839
4219 0 0.01 151848.86779760654 6.813413274909535 0.03904351966492159 9.164629531576857
4220 0 0.01 inf 6.74334219618186 0.05438443681696695 9.134385396046719
4221 0 0.01 inf 6.775560378791504 0.052686107745358375 9.207094390512554
4222 0 0.01 inf 6.654908054230742 0.05171171924548966 9.204721476026391
4223 0 0.01 148712.68361769026 6.768072637308117 0.047719803663036006 9.18096251408572
4224 0 0.01 inf 6.75590865876392 0.05221430701082005 9.183178812044916
4225 0 0.01 150621.85705710563 6.74629338013988 0.048229796941786134 9.0293162155725
4226 0 0.01 inf 6.868729579901688 0.04918721420785813 9.23672756150499
4227 0 0.01 inf 6.837382379322238 0.050474286042358665 9.04446763686457
4228 0 0.01 1096887714.3499658 6.591427505959411 0.046986944998635025 9.093145102093466
4229 0 0.01 149518.52755546174 6.808679157903639 0.04784014733107219 9.161350979218419
4230 0 0.01 inf 6.914142754014803 0.04589406376551254 9.286284217587369
4231 0 0.01 inf 6.7000329791487205 0.052049144102085595 9.237697668705676
4232 0 0.01 148507.27222562453 6.791894303899491 0.0495374918276264 9.187716909781082
4233 0 0.01 inf 6.717709815704955 0.04374938088281091 9.249021101875487
4234 0 0.01 197797903.15700093 6.6814539139029 0.04768124796807524 9.068043176364812
4235 0 0.01 inf 6.790220788709102 0.04412526552311673 9.24306459493456
4236 0 0.01 206908532.84330648 6.680629137577526 0.04673325615510507 9.170274916759915
4237 0 0.01 428283734.73352975 6.660093362851153 0.04615580967156979 9.140630729516873
4238 0 0.01 148970.6430919312 6.70841638855504 0.04526521551877989 9.153815004753705
4239 0 0.01 207118414.3577984 6.68061010783857 0.04740792049912264 9.166363439118538
4240 0 0.01 inf 6.736100922010005 0.050225356226457324 9.12176861892996
4241 0 0.01 inf 6.658894134073725 0.05275023252369722 9.229338313281982
4242 0 0.01 151875.5749003097 6.817929993083582 0.04704341228054425 9.051032471961422
4243 0 0.01 152695.51689679438 6.871698571092887 0.04642219903536691 9.07381016696899
4244 0 0.01 156364.94264172373 6.904281195984646 0.045069944023988597 8.983599894311638
4245 0 0.01 810737581.0980179 6.622152811399995 0.0481455415562289 9.190578448706528
4246 0 0.01 inf 6.7389063633004405 0.047321639347167994 9.231560403237099
4247 0 0.01 inf 6.678223995604152 0.038589900040673294 9.284715962633932
4248 0 0.01 inf 6.896476095635141 0.05350857158439249 9.123911144706767
4249 0 0.01 inf 6.800725913748951 0.05293763139556179 9.210342209768232
4250 0 0.01 1668429701.5855489 6.522668234064335 0.04484923320743857 9.14140002993416
4251 0 0.01 inf 6.822847553992248 0.05230619301745386 9.110640533042314
4252 0 0.01 inf 6.6808918501501795 0.04850790354995244 9.213352170945726
4253 0 0.01 inf 6.795764786386777 0.05434354817836339 9.193172297632225
4254 0 0.01 inf 6.6374845676809455 0.05544828331487641 8.980499293987632
4255 0 0.01 inf 6.62428179086166 0.052311910006221644 9.190075817808967
4256 0 0.01 inf 6.740223990585519 0.05717501657252254 9.424353313989135
4257 0 0.01 inf 6.686326727503572 0.05239297522129717 9.1047135655416
4258 0 0.01 inf 6.694520212636677 0.054517832090018044 9.007799829346965
4259 0 0.01 434364358.1590327 6.659515232788672 0.04975581274539249 9.184244394480283
4260 0 0.01 inf 6.7582195467656145 0.055233088151174885 9.239245799794825
4261 0 0.01 531363814.9625647 6.6501893126862175 0.04997300343796487 9.139155274859604
4262 0 0.01 inf 6.707555693875587 0.04153347746372137 9.36916914376023
4263 0 0.01 inf 6.49435713968054 0.052343499463831315 9.106804349135526
4264 0 0.01 148584.8171418552 6.754692396116953 0.04861312214476778 9.160818365302251
4265 0 0.01 149411.06659031476 6.806463794396217 0.046932492784036925 9.181233552354424
4266 0 0.01 149095.72667894335 6.700578096600715 0.04333806502820376 9.188946479468667
4267 0 0.01 inf 6.762797276615314 0.05011866691421386 9.06332372267338
4268 0 0.01 inf 6.703466124509184 0.05341738707809254 9.317030845164203
4269 0 0.01 153096.59970511997 6.838413947773955 0.039804170406345554 9.091770511617012
4270 0 0.01 inf 6.826888189450854 0.044657478867326954 9.248226468548252
4271 0 0.01 inf 6.647849345599344 0.04228665211178814 9.265103300917309
4272 0 0.01 inf 6.586356284063432 0.04575774847209649 9.361722518300823
4273 0 0.01 inf 6.62137938001901 0.05067232759807982 9.132976305000655
4274 0 0.01 148307.82018321424 6.7029649236259035 0.04772738325369463 9.149687157440011
4275 0 0.01 150696.4561598552 6.729448873765606 0.04340052567575482 9.076092147992906
4276 0 0.01 150103.5783266833 6.783761922141958 0.042594008609095124 9.19419739149542
4277 0 0.01 inf 6.542190075484193 0.05475075954998155 9.223127670778219
4278 0 0.01 149834.1617492031 6.745626260987912 0.04408183705882635 9.14381949530341
4279 0 0.01 764195897.2643349 6.626951084985244 0.046596464657499184 9.089326870461578
4280 0 0.01 inf 6.875453310408434 0.05023151986646914 9.178845502717119
4281 0 0.01 149998.14715573355 6.7213998135912005 0.044930350865888195 9.089761296505717
4282 0 0.01 inf 6.883370618205614 0.05062573152403461 9.264646736692363
4283 0 0.01 151042.52486399643 6.729205402108217 0.04652966662773058 9.008884497435002
4284 0 0.01 inf 6.959869245512048 0.05088773335393538 9.320597522773111
4285 0 0.01 inf 6.5260756495645476 0.05258558209208139 9.29026082302101
4286 0 0.01 inf 6.826406691512684 0.05385860374593587 9.078332739904408
4287 0 0.01 inf 6.738707656677044 0.04777838202150733 9.211240424374273
4288 0 0.01 inf 6.687565201378464 0.05285253782382478 9.288243074236966
4289 0 0.01 150918.1505852263 6.902517082323982 0.048286317129640856 9.169812001683784
4290 0 0.01 inf 6.731931490332291 0.05070570685281439 9.186299947441727
4291 0 0.01 inf 6.931712485465561 0.051487393241733535 9.296228278907815
4292 0 0.01 inf 6.588885211499842 0.05273662499793952 9.305193235070124
4293 0 0.01 1032194889.5702295 6.598566866067452 0.038294808294574295 9.047245119290075
4294 0 0.01 inf 6.601354607132803 0.04912487924169798 9.385918900442071
4295 0 0.01 inf 6.786440065236238 0.05741983110182102 9.173642132307329
4296 0 0.01 inf 6.649750474055097 0.05746617106574614 8.991801804815452
4297 0 0.01 inf 6.693588804787921 0.05181460370945258 9.119128870943445
4298 0 0.01 149736.76919246418 6.777898334386759 0.04793861397736385 9.115166208600439
4299 0 0.01 inf 6.5415976500460875 0.051905402444648 9.174039948544287
4300 0 0.01 inf 6.800389242807588 0.045111267897211996 9.308896610925993
4301 0 0.01 inf 6.868769888516213 0.05331174712610927 8.991123760930813
4302 0 0.01 inf 6.738221442687102 0.05058612925864016 9.27031231744701
4303 0 0.01 inf 6.840288423534815 0.05082963292334921 9.119312218874972
4304 0 0.01 inf 6.887507115523633 0.04853816443830144 9.23096416285
4305 0 0.01 154665.91766149073 6.806131202543281 0.0444438023657284 8.944398721531803
4306 0 0.01 inf 6.691015071515277 0.050274454331185915 9.052196217511447
4307 0 0.01 inf 6.7956420062811596 0.05130387172116283 9.176234533734213
4308 0 0.01 149836.99018529657 6.7805927245056985 0.04552885475556796 9.149638978795416
4309 0 0.01 150439.82352947374 6.822971770865281 0.04298407739555976 9.196653737296584
4310 0 0.01 150727.7352546847 6.759109575054818 0.044692431327140444 9.08196223152717
4311 0 0.01 150499.1824404131 6.769084349728338 0.04719405750964848 9.07076472164713
4312 0 0.01 inf 6.722712342253631 0.05312430306185857 9.200726657658587
4313 0 0.01 560672508.3080349 6.64733164877256 0.0479166197419472 9.131992895187114
4314 0 0.01 inf 6.723559719041431 0.04545297239520747 9.26039157743429
4315 0 0.01 150645.14306936855 6.853158161354337 0.04674488060663337 9.152186855500096
4316 0 0.01 525531806.0494236 6.650755805566591 0.04828461001591094 9.098213512856146
4317 0 0.01 inf 6.704658985811429 0.05308957456671309 9.188099364304085
4318 0 0.01 148443.59614647605 6.753117425437845 0.047876831346347806 9.184881693375484
4319 0 0.01 inf 6.7195621848291305 0.04911030886465481 9.201408853990271
4320 0 0.01 inf 6.800523295014118 0.04945159501282815 9.245007716749239
4321 0 0.01 inf 6.709950761331721 0.05486819508808056 9.111754509489229
4322 0 0.01 inf 6.731557341984333 0.057643941516656694 9.169436934629703
4323 0 0.01 inf 6.867935069431358 0.04723378600394056 9.300285393128458
4324 0 0.01 inf 6.6792242807695095 0.055422544394781094 9.126203463514171
4325 0 0.01 544204541.4374285 6.648939695256643 0.049525498166869075 9.064764383270024
4326 0 0.01 inf 6.80869627688715 0.043970861434078 9.233259673270458
4327 0 0.01 inf 6.726463474157275 0.051563338954471495 9.172632658510507
4328 0 0.01 inf 6.774273375836374 0.051685682964807064 9.076563592329979
4329 0 0.01 548043654.8158817 6.648565228182419 0.04925425527071165 9.198785637876611
4330 0 0.01 inf 6.813373463880765 0.049221384237711184 9.218142809169011
4331 0 0.01 inf 6.5945756358757475 0.04695932270163221 9.376558138815856
4332 0 0.01 inf 6.551410587471962 0.051580784793257076 9.362037693477284
4333 0 0.01 inf 6.653573316162215 0.052483796577848796 9.39081635089576
4334 0 0.01 1107977738.308788 6.5901917937976 0.04887424059222083 9.068669462745122
4335 0 0.01 151391.78018783612 6.735473580038798 0.037692865772149656 9.170002860025884
4336 0 0.01 149983.41659988917 6.835679111226179 0.04937840332730282 9.14053778682576
4337 0 0.01 inf 6.661426874301507 0.054087528675542215 9.206346567053831
4338 0 0.01 inf 6.602243333850276 0.05306489404777221 9.296236725408823
4339 0 0.01 inf 6.957272746632615 0.054415480581581625 9.316417628272045
4340 0 0.01 inf 6.76294909322009 0.05441314001632037 9.365400523511338
4341 0 0.01 inf 6.625755948194147 0.05252690548666107 9.163704731861326
4342 0 0.01 148278.41672310967 6.727769655955472 0.048040633888745306 9.170184814004863
4343 0 0.01 inf 6.65279163397562 0.05448688141418208 9.202371912336439
4344 0 0.01 inf 6.6025966556733025 0.05952487140192703 8.99420005217189
4345 0 0.01 828699996.8997103 6.620286731377082 0.049076912852049376 9.164198133771466
4346 0 0.01 inf 6.749102314644449 0.044823032168853236 9.261836918278773
4347 0 0.01 inf 6.808845184197364 0.056769990370074706 9.240156929960937
4348 0 0.01 149181.8218197474 6.722892280893493 0.049584458768067295 9.072413443965674
4349 0 0.01 395958832.75931597 6.663153546361549 0.03526272577105731 9.117517609056211
4350 0 0.01 inf 6.757001659732106 0.0494655066461733 9.265634585545751
4351 0 0.01 inf 6.631364233824429 0.05030610126337892 9.21337981057058
4352 0 0.01 inf 6.683562626644724 0.04781701554597682 9.256856872371612
4353 0 0.01 785106218.7282339 6.6248021139870445 0.03972494481321897 9.114195682567608
4354 0 0.01 150510.97429109033 6.712831475466613 0.045897101425085296 9.031190127028914
4355 0 0.01 151787.5829042709 6.81938409803731 0.04671506972527303 9.05958297877927
4356 0 0.01 inf 6.708972039550002 0.05258215307239375 9.17207355497857
4357 0 0.01 153616.07344880886 6.813232325808897 0.047566950755436536 8.971836516156994
4358 0 0.01 inf 6.765866950483001 0.05349920499047184 9.382254659800541
4359 0 0.01 151856.65804415938 6.744676816500624 0.04598158181459567 8.988672200790866
4360 0 0.01 149661.03879053553 6.711449550288109 0.04662134164182655 9.073892100668239
4361 0 0.01 inf 6.4872892024029 0.0498242680931829 9.241718389119773
4362 0 0.01 149901.14459880162 6.724397771059008 0.04979097142121894 9.029251426975929
4363 0 0.01 inf 6.624710646869328 0.04525303635309356 9.250414016264093
4364 0 0.01 inf 6.935548666016215 0.043580803848592024 9.234309762387477
4365 0 0.01 inf 6.861880662959232 0.05455439118875387 9.211297775202297
4366 0 0.01 151498.77288277814 6.839673652048644 0.04814276052975558 9.080507781944014
4367 0 0.01 inf 6.81591314201634 0.05613325940111367 9.17239584557585
4368 0 0.01 inf 6.800437573383071 0.05524238905690969 9.130799123435011
4369 0 0.01 inf 6.8090902443244765 0.05430155711210271 9.428395020864134
4370 0 0.01 inf 6.526286104839892 0.055320280258122384 9.264378723693746
4371 0 0.01 148706.8713118394 6.755729064888946 0.04842479021363366 9.155966257772675
4372 0 0.01 inf 6.665075059408602 0.047748158592890076 9.25979044704335
4373 0 0.01 inf 6.800990036340767 0.04822028735795539 9.2407202981413
4374 0 0.01 inf 6.647652465604362 0.05120561356773505 9.266370010392777
4375 0 0.01 inf 6.766762042028835 0.05527838692873167 9.173274047757818
4376 0 0.01 1480018207.4343412 6.546558934888657 0.03896851004814769 9.092954861577653
4377 0 0.01 inf 6.8244843041991565 0.04712619027267014 9.423568338623685
4378 0 0.01 inf 6.746042841843688 0.05066882951324275 9.065437422635895
4379 0 0.01 inf 6.676120539340511 0.048448249524889 9.337264331321643
4380 0 0.01 inf 6.8330342182299075 0.054995637171977196 9.095561780539969
4381 0 0.01 inf 6.831797309435576 0.05476487125332466 9.152921071185666
4382 0 0.01 inf 6.543157426629849 0.04920570328736396 9.219370804383859
4383 0 0.01 inf 6.709487675519705 0.05083914696679489 9.40000204225838
4384 0 0.01 151432.7846075417 6.7237733939104425 0.04172960373979136 9.049776813800305
4385 0 0.01 inf 6.731168479765014 0.053285357236585354 9.23840142319057
4386 0 0.01 inf 6.6679374816294565 0.05338611611732483 9.297941795175028
4387 0 0.01 inf 6.645447176413077 0.05262182302659543 9.038548300380757
4388 0 0.01 627054781.8299583 6.6407887475104665 0.048271873564317044 9.091524556735182
4389 0 0.01 inf 6.893413514077608 0.04653726574952382 9.241786023073267
4390 0 0.01 inf 6.820215162161861 0.0501131639406823 9.101595797676875
4391 0 0.01 152959.00121762877 6.7874706761769295 0.045701698985063585 8.9840607894742
4392 0 0.01 153348.42409884743 6.798102710373888 0.04584998697128147 8.977575286229357
4393 0 0.01 inf 6.608539343952508 0.04713108560044395 9.207274367102222
4394 0 0.01 inf 6.598355343197829 0.04117762573290562 9.26388339460711
4395 0 0.01 inf 6.739765288869685 0.051138619581332194 9.329475900654927
4396 0 0.01 151406.7223348479 6.835190529604027 0.04262937416023456 9.147493164163029
4397 0 0.01 290740771.13864964 6.672966323277104 0.045379232730212216 9.128011821502628
4398 0 0.01 149136.64183846384 6.699703757531774 0.04638396641332541 9.1054029499546
4399 0 0.01 152540.15008822927 6.809751936729158 0.04427817905678074 9.037889892950306
4400 0 0.01 inf 6.850886272700831 0.04762097721387209 9.232174079890491
4401 0 0.01 inf 6.604953753880582 0.05017867668517358 9.299559375564144
4402 0 0.01 inf 6.821884035487095 0.051276303515654015 9.094704409312342
4403 0 0.01 inf 6.720813837212221 0.048124572933050516 9.285557936542482
4404 0 0.01 102345315.58205293 6.690001455907453 0.04706870593400583 9.027630336677367
4405 0 0.01 149364.3479064157 6.754077472085644 0.04385355835666899 9.199381869501796
4406 0 0.01 149125.9824691738 6.772721122473644 0.04615449911102004 9.184000621487527
4407 0 0.01 153121.98339022405 6.754513945679331 0.046113568908254646 8.941242090142984
4408 0 0.01 inf 6.742590540569829 0.04690174368006624 9.392745887603587
4409 0 0.01 inf 6.78355955428474 0.04386621592032374 9.37403552642613
4410 0 0.01 inf 6.881486406664005 0.05007555401238531 9.199597150975507
4411 0 0.01 inf 6.619820077957881 0.049949319611082066 9.353175762554834
4412 0 0.01 inf 6.671500371093314 0.04575105396613454 9.338034433682159
4413 0 0.01 inf 6.705520521838025 0.052028938192747835 9.30679183712755
4414 0 0.01 inf 6.759000836790461 0.05492615423814067 9.31963066016808
4415 0 0.01 inf 6.804273256631521 0.05279532521011817 9.317915511607241
4416 0 0.01 148995.39058908378 6.727026636052667 0.04617294044451048 9.148737452634894
4417 0 0.01 inf 6.736629905030114 0.05133839574366974 9.193368484419677
4418 0 0.01 inf 6.752992466443816 0.04617707198502236 9.42646943666254
4419 0 0.01 inf 6.6127297833085 0.05041609610499418 9.035738782062662
4420 0 0.01 inf 6.646037130783107 0.055825162669058626 9.114383846425016
4421 0 0.01 152390.43727317388 6.765741646632888 0.04087117388592461 9.04464299270106
4422 0 0.01 inf 6.699079404986826 0.03608074254553863 9.236813491780746
4423 0 0.01 804039583.503954 6.622846574969211 0.049468347016570026 9.181554984552907
4424 0 0.01 inf 6.74542935091791 0.043914888311281694 9.238435395959343
4425 0 0.01 149732.82652017946 6.713564817269784 0.04380599722635573 9.126647076436232
4426 0 0.01 inf 6.702472413213281 0.05569962664296566 9.151334460821591
4427 0 0.01 149772.92664593723 6.774052557888255 0.048976705857797606 9.095540517658266
4428 0 0.01 151053.6286116013 6.775506257062578 0.046250858117469124 9.057887764624272
4429 0 0.01 148648.84379375487 6.719304339925076 0.04544826477601666 9.190934322862429
4430 0 0.01 inf 6.8268287645853825 0.05190731772163063 9.108931208190745
4431 0 0.01 1349115219.8950756 6.562415654594344 0.04563695702736908 9.199454365615686
4432 0 0.01 inf 6.720078989780231 0.05036000325780696 8.997718631880344
4433 0 0.01 149919.2341777085 6.710887710758103 0.044620972517129404 9.091062577462118
4434 0 0.01 inf 6.766055873836251 0.05247014930248597 9.301962039655585
4435 0 0.01 150290.26375835325 6.880451700843516 0.048344410795327475 9.180065873023963
4436 0 0.01 149888.28277282335 6.813874893735637 0.04457112318651054 9.197419411878593
4437 0 0.01 873068750.9744592 6.615642741162295 0.04719992832012868 9.179283654157157
4438 0 0.01 154281.16983016665 6.82791409179012 0.04401409923579338 8.98335252445956
4439 0 0.01 148019.10636299074 6.701613319713788 0.04800125554498584 9.168386106954957
4440 0 0.01 inf 6.676165507104315 0.05180688006054729 9.108549468279714
4441 0 0.01 172833860.70983022 6.683705699110553 0.04225014018436153 9.160373214623581
4442 0 0.01 inf 6.925312440132178 0.05387308775707717 9.417600013009316
4443 0 0.01 149764.19373383716 6.821824987008942 0.04716064787677912 9.168663547903048
4444 0 0.01 inf 6.633819350136458 0.058794583025254483 9.346983283401382
4445 0 0.01 150083.71983077924 6.716076493218956 0.04732001972223979 9.040490387286004
4446 0 0.01 149057.32096702704 6.7090744519276875 0.044777533538901675 9.158903577684955
4447 0 0.01 inf 6.643083765553466 0.05004924741991079 9.080391966970163
4448 0 0.01 inf 6.755412519079282 0.050709896173769364 9.240477964354454
4449 0 0.01 inf 6.794297857890351 0.049555497955110425 9.307557695898433
4450 0 0.01 151028.9087438167 6.729589299481667 0.04343591054212534 9.053146607886822
4451 0 0.01 inf 6.765745768590374 0.051048010218574594 9.184535011543085
4452 0 0.01 inf 6.881018604580978 0.05885661861502016 9.304009346067325
4453 0 0.01 inf 6.721953482238375 0.046936420097828516 9.25712327658934
4454 0 0.01 1398623866.0058715 6.556486521151291 0.043508390175944295 8.989737892490295
4455 0 0.01 1193306239.3843842 6.580564759604733 0.04700862146155164 9.142420141016576
4456 0 0.01 1360856086.827006 6.561016848998314 0.04749459504026537 9.081001681439812
4457 0 0.01 inf 6.6374085263537195 0.04899812605851709 9.228412265996168
4458 0 0.01 inf 6.565382468518038 0.050048597743613595 9.165598212655693
4459 0 0.01 inf 6.554037934546224 0.04513835806186189 9.305980286914892
4460 0 0.01 inf 6.611749946847563 0.05701553703685786 9.120978080748639
4461 0 0.01 inf 6.524128002775209 0.05074959651618168 9.219333412111286
4462 0 0.01 inf 6.918987810742568 0.048711495243302455 9.291787264263409
4463 0 0.01 inf 6.549233114469627 0.056899147152582014 9.223008621227788
4464 0 0.01 inf 6.666468811307125 0.05689835973893383 9.219762745436885
4465 0 0.01 886018468.369661 6.6142779816735535 0.04638374334172236 9.10617490497678
4466 0 0.01 153566.59730778344 6.882608148810582 0.04299265893507118 9.075640166622906
4467 0 0.01 inf 6.709651368028439 0.05703980924988596 9.135980139238503
4468 0 0.01 inf 6.793706173472129 0.04079988730847874 9.388396959990553
4469 0 0.01 151746.37305175848 6.778576232380347 0.047099229348906695 9.017159244148699
4470 0 0.01 1287165329.3424292 6.569723050856371 0.0434038708729279 9.055533624759384
4471 0 0.01 585791629.0738251 6.644867413861117 0.04658556290590574 9.126977714640201
4472 0 0.01 inf 6.5323123215263355 0.0411891067774955 9.219643850706271
4473 0 0.01 1276181266.4509556 6.571005692245601 0.04665694059532246 9.19095738873903
4474 0 0.01 inf 6.746952442764154 0.055013422779401175 9.285028681341306
4475 0 0.01 inf 6.810678065106457 0.046070347684676285 9.307628704144687
4476 0 0.01 inf 6.826751756620069 0.048796415183056274 9.406744712328562
4477 0 0.01 inf 6.741745708861271 0.05430121963423166 9.039784889282856
4478 0 0.01 inf 6.737879586686548 0.04438074022220165 9.264231039558291
4479 0 0.01 inf 6.623342599193588 0.046247759617960835 9.349865781267589
4480 0 0.01 inf 6.699226949137424 0.0560325454806777 9.114016619296551
4481 0 0.01 150719.1770998357 6.836416309639636 0.048994708174501876 9.10675085719891
4482 0 0.01 inf 6.728413089407685 0.050952281625414236 9.191143034410613
4483 0 0.01 147853.19458584723 6.7103801944764765 0.04973532522616663 9.153818238762584
4484 0 0.01 inf 6.734834613523704 0.05047441750206951 9.281985498811055
4485 0 0.01 150564.95298536663 6.737177996858103 0.04459519964333917 9.072149781674133
4486 0 0.01 inf 6.655699340009475 0.050145701600545864 9.100169104665133
4487 0 0.01 inf 6.700721269815106 0.05433120045476691 9.22168859726853
4488 0 0.01 inf 6.781029502639124 0.047494774030975254 9.217627591920705
4489 0 0.01 152893.701584032 6.859447584641247 0.043398309073739635 9.079608643926477
4490 0 0.01 inf 6.692943030962241 0.049042606993051754 9.316139538963267
4491 0 0.01 inf 6.648343493115578 0.044538647750143726 9.209064858049043
4492 0 0.01 inf 6.7812740675975895 0.05189662170530399 9.138702632145966
4493 0 0.01 inf 6.819320309231967 0.051011309833918286 9.05316377718751
4494 0 0.01 inf 6.740001684480291 0.062193889288310454 9.164316653398814
4495 0 0.01 inf 6.694318761125502 0.05091746419057785 9.23332923800954
4496 0 0.01 inf 6.757874925326481 0.05881100897470457 9.405439070397183
4497 0 0.01 1028282116.2753615 6.598994465214116 0.04952702074377569 9.131334968578196
4498 0 0.01 inf 6.872090942656038 0.05298263423570614 9.132138012138972
4499 0 0.01 148756.21030684773 6.716996048599678 0.04553075940349041 9.17580618218476
4500 0 0.01 inf 6.610534188856838 0.04543595576647391 9.318835484420495
4501 0 0.01 inf 6.705727581367375 0.052010710827432645 9.323307735116403
4502 0 0.01 149088.49721916107 6.738962537610006 0.047373858980620076 9.129429957542934
4503 0 0.01 inf 6.679467626281773 0.05145778462218919 9.356726577182279
4504 0 0.01 inf 6.675362338289452 0.05770565316965083 9.188885003730606
4505 0 0.01 inf 6.670348080236027 0.058110156924035684 9.18736855781249
4506 0 0.01 inf 6.771823197891882 0.05442469809134478 9.202684313600678
4507 0 0.01 inf 6.601307617953016 0.04543989787453608 9.220168548391596
4508 0 0.01 inf 6.810623152915691 0.046420320855018175 9.206840756380846
4509 0 0.01 inf 6.621177628864953 0.05570873721239032 9.150754465663834
4510 0 0.01 108680740.68171011 6.689439424217709 0.04284411362842771 9.019796630166368
4511 0 0.01 inf 6.820406005557656 0.05409858234723294 9.20155523375305
4512 0 0.01 inf 6.526441443958319 0.03944347360833108 9.264814861408919
4513 0 0.01 inf 6.727126624387952 0.052088398200437286 9.135507580087024
4514 0 0.01 149983.7957802504 6.779449676345295 0.043516795555501225 9.178019118524773
4515 0 0.01 inf 6.643674009080015 0.047658535255188046 9.307427591578227
4516 0 0.01 inf 6.763525705984744 0.05238113558691207 9.205909904557426
4517 0 0.01 inf 6.785921349791862 0.05070718470019382 9.075457023715021
4518 0 0.01 1333735996.081363 6.564241132357335 0.04957242021751148 9.109270458874525
4519 0 0.01 151625.29374092515 6.780515958542978 0.04354406948654013 9.065721254340318
4520 0 0.01 152501.51606480352 6.825161987962858 0.04865571170244457 9.01939204433012
4521 0 0.01 inf 6.7618315310734305 0.05244421928374689 9.151762671564937
4522 0 0.01 inf 6.672858469986607 0.050113771473603595 9.313672747739767
4523 0 0.01 inf 6.758576127754816 0.04784801927092683 9.29699714167568
4524 0 0.01 inf 6.698984584609806 0.046137828023431166 9.290409312212047
4525 0 0.01 inf 6.671630049789169 0.050979984460372496 9.098537320456549
4526 0 0.01 148472.78661652206 6.721144251218463 0.047454930059341954 9.159412680335247
4527 0 0.01 150701.9362524971 6.869469316487263 0.047046354431996285 9.161589480464658
4528 0 0.01 inf 6.9079812462704755 0.051946567780948895 9.177904918485856
4529 0 0.01 110410741.33158056 6.689285534235757 0.04754618309588299 9.157725948442122
4530 0 0.01 inf 6.676707672937334 0.05183787855191203 8.98669807393424
4531 0 0.01 inf 6.7301583798587625 0.05749128635276132 9.222544615755108
4532 0 0.01 inf 6.695162194076358 0.06277542367500265 9.259916820726952
4533 0 0.01 inf 6.682337253392707 0.04364661560874411 9.230431427909892
4534 0 0.01 151374.88837548182 6.743813230201258 0.03873428690709769 9.144487829204998
4535 0 0.01 151163.35411994252 6.9446103411471185 0.04899811119237318 9.193574329303498
4536 0 0.01 inf 6.634198496139068 0.04870218023816492 9.231539800291989
4537 0 0.01 inf 6.704413960529184 0.05737322167364054 9.226567955171852
4538 0 0.01 inf 6.726472679703456 0.050624785633902734 9.041281378022603
4539 0 0.01 inf 6.5820951680814375 0.046802668635681825 9.220306482929056
4540 0 0.01 inf 6.740702728963734 0.04666482367223858 9.221962814530336
4541 0 0.01 inf 6.848746893673707 0.051806659513273914 9.298516286986995
4542 0 0.01 inf 6.737811127698059 0.043367976560550664 9.328980497491129
4543 0 0.01 inf 6.882836041293476 0.05022301379097302 8.973583706480923
4544 0 0.01 273316186.338534 6.674570225640258 0.04941743716077348 9.049902998556535
4545 0 0.01 inf 6.6425571669802785 0.05738993616358959 9.053131774234068
4546 0 0.01 inf 6.715202675839305 0.05370878882341336 9.325123767472592
4547 0 0.01 inf 6.73397621565052 0.04108063921411331 9.204184461080828
4548 0 0.01 inf 6.717647785969675 0.04823610473947193 9.214205964704288
4549 0 0.01 inf 6.681626050802287 0.05214109678592062 9.119727013486191
4550 0 0.01 inf 6.729980494979017 0.05599501682352769 9.147477594373875
4551 0 0.01 151096.9991770789 6.845939610142907 0.047954632929015015 9.107608965074185
4552 0 0.01 inf 6.800712857195767 0.048992868416380855 9.257309886025642
4553 0 0.01 509856453.1620913 6.652274564185198 0.04501574246858799 9.181856673297572
4554 0 0.01 inf 6.756814489797391 0.051856401032113385 9.26197655768354
4555 0 0.01 1817557602.4659297 6.502780935210757 0.03949358980708485 9.149431180033833
4556 0 0.01 inf 6.559978239048164 0.05321549467077904 9.317396564656459
4557 0 0.01 inf 6.8460377705569755 0.056502830197981135 9.165368818275232
4558 0 0.01 inf 6.84150863332348 0.03808168613418571 9.272883478745534
4559 0 0.01 inf 6.783175249685898 0.0566432151429494 9.190803787599197
4560 0 0.01 152582.9701824316 6.917402917512351 0.04166706708707687 9.17385652509119
4561 0 0.01 inf 6.750020900386374 0.05246671727079812 9.26638558675546
4562 0 0.01 152623.73803239988 6.920739492193007 0.044186634848634984 9.145796911928562
4563 0 0.01 151197.73124902305 6.8570686994336905 0.044121607027662574 9.15938805432274
4564 0 0.01 inf 6.876843442829634 0.054168486779991566 9.290837488118909
4565 0 0.01 1088090803.3394089 6.5924051513047495 0.04870945470524754 9.082440041527317
4566 0 0.01 inf 6.728875630004705 0.04577625361768098 9.320428235262087
4567 0 0.01 inf 6.805001756532752 0.05241208226406836 9.093816236187385
4568 0 0.01 inf 6.694613073391708 0.04692085702699648 9.203238117246187
4569 0 0.01 inf 6.667454372537744 0.048655189566890814 9.26080415645436
4570 0 0.01 inf 6.743666289244632 0.05624762934969391 9.29276482890343
4571 0 0.01 inf 6.621908951842894 0.05831834350257188 9.260047932732954
4572 0 0.01 inf 6.62168899855283 0.046370770267461746 9.240525556819641
4573 0 0.01 723706740.5063837 6.631082659065713 0.045228393394389485 9.034979054786602
4574 0 0.01 inf 6.6383078097951955 0.0426719338099798 9.218104260260482
4575 0 0.01 inf 6.691037167620202 0.04994701869439378 9.232699158510572
4576 0 0.01 934242084.3312058 6.609157375667343 0.04315988774223707 9.186668803874518
4577 0 0.01 inf 6.776480630442199 0.04887168423553145 9.250915856050883
4578 0 0.01 inf 6.711176433640966 0.04476254842232972 9.400300874692395
4579 0 0.01 inf 6.653968628693433 0.05236400696196506 9.295362614415737
4580 0 0.01 inf 6.715529814071172 0.05339040036316323 9.2568598931652
4581 0 0.01 inf 6.792027434490589 0.05869008413538928 9.17469959682176
4582 0 0.01 inf 6.547978557677949 0.05331085263192933 9.324249197339599
4583 0 0.01 inf 6.722994166916674 0.0524190402325571 9.070233926597124
4584 0 0.01 inf 6.619813331934024 0.05196948782925281 9.241832390518429
4585 0 0.01 inf 6.744811251950082 0.053522591554125754 9.196641054915931
4586 0 0.01 inf 6.686439179675172 0.06027943059302126 9.18268934612725
4587 0 0.01 inf 6.592796680984459 0.05546562321317198 9.18084334912124
4588 0 0.01 inf 6.7126428405948895 0.05205177996603188 9.243375720828768
4589 0 0.01 inf 6.791111304923491 0.05106905854748938 9.110556673858689
4590 0 0.01 inf 6.6160150127451 0.053232363546927564 9.157197126204341
4591 0 0.01 149797.20696828433 6.7796602456239485 0.04671260558025759 9.131313061721324
4592 0 0.01 inf 6.898874309599449 0.044533123968749096 9.33558762308936
4593 0 0.01 inf 6.63775716526 0.05176400928968225 9.220344597995956
4594 0 0.01 inf 6.736041981804306 0.04403195708600701 9.26590876715718
4595 0 0.01 436747367.3965564 6.659288657234439 0.043826300974179 9.186864862165276
4596 0 0.01 inf 6.7720448035113305 0.05186480951169339 9.225473479993486
4597 0 0.01 152960.07241962012 6.959323932130026 0.04915588868595217 9.133133904693098
4598 0 0.01 inf 6.822948953979596 0.04517206182347346 9.203311156700432
4599 0 0.01 inf 6.461030226995319 0.04187586927601012 9.226441749940822
4600 0 0.01 1786749449.9040291 6.5069645370770415 0.04460597812139678 9.160541280495307
4601 0 0.01 250314734.79840752 6.6766785090067655 0.04305540067350599 9.12346476341033
4602 0 0.01 inf 6.8917630521355235 0.04374461311132863 9.243589906465928
4603 0 0.01 inf 6.630852683176461 0.050009059564927405 9.335313622878791
4604 0 0.01 578130744.5266722 6.6456204963823895 0.048882781150631854 9.042369640720684
4605 0 0.01 inf 6.977718913925718 0.04960266310456805 9.22402279889952
4606 0 0.01 1524006022.3831103 6.5410974905462345 0.0438565791787338 9.184363310816432
4607 0 0.01 150074.14058514423 6.712909228628143 0.04630343914429163 9.052753933768154
4608 0 0.01 inf 6.8135670584656705 0.05137679304971466 9.114426313248883
4609 0 0.01 775417802.6898122 6.625799047999611 0.04591536096039072 9.0826860888046
4610 0 0.01 inf 6.647687779108164 0.04528534056509039 9.214209698415054
4611 0 0.01 inf 6.691198666061262 0.04273430677124883 9.277061005807221
4612 0 0.01 inf 6.791663357298701 0.05483051313708418 9.265033949160769
4613 0 0.01 inf 6.783438546617958 0.05312818010559083 9.12092622088723
4614 0 0.01 inf 6.883963876167922 0.03811662571491323 9.213062366119214
4615 0 0.01 151758.27338133298 6.916110331985414 0.04552022877006406 9.169806800191203
4616 0 0.01 inf 6.574570666810947 0.05089255438834061 8.951733345198821
4617 0 0.01 149194.166116426 6.795428606595164 0.047852599121025394 9.169932780592752
4618 0 0.01 inf 6.628951296057759 0.05516091299446649 9.210525982065665
4619 0 0.01 inf 6.691960528087175 0.04752947948721988 9.272042486907853
4620 0 0.01 inf 6.622779387471286 0.05243221502767672 9.017084349500692
4621 0 0.01 inf 6.610937514723152 0.05320902086277624 9.171569164040987
4622 0 0.01 148408.6320812789 6.709530321875105 0.04705424221776685 9.162710259149481
4623 0 0.01 inf 6.615026949481865 0.052475394657452684 9.181243142421655
4624 0 0.01 inf 6.659744289121182 0.04567787225743738 9.30603051607486
4625 0 0.01 inf 6.7746954830038355 0.055937646440574404 9.266590379781308
4626 0 0.01 inf 6.558245852006129 0.05491982205222227 9.18802728689187
4627 0 0.01 inf 6.886054947264514 0.04411507713604178 9.267669361494336
4628 0 0.01 inf 6.65948384279676 0.05218459476285981 9.339879728188967
4629 0 0.01 inf 6.790339251012206 0.038311874747602524 9.21504172534364
4630 0 0.01 inf 6.667844671989415 0.05087917538575584 9.07487392140284
4631 0 0.01 inf 6.742251970553664 0.045351161011080374 9.225673493706031
4632 0 0.01 151043.97581227793 6.764203034951536 0.039123544993720366 9.184861300428999
4633 0 0.01 inf 6.627796886102029 0.05456523653532559 9.166946884029251
4634 0 0.01 inf 6.691386210544906 0.06102297384966535 9.263356992165527
4635 0 0.01 150330.2657948206 6.8070088690553545 0.04765418544219503 9.112575112746297
4636 0 0.01 inf 6.7741642072700685 0.056360160989316274 9.43916520176364
4637 0 0.01 1315223503.376029 6.566428459270925 0.04787542742363555 9.174863845852437
4638 0 0.01 inf 6.6733530580592255 0.05082827462923151 9.040101617667165
4639 0 0.01 inf 6.796569359135901 0.053553594110008304 9.114493279061874
4640 0 0.01 inf 6.623792784566694 0.05152091775955342 9.45044844452124
4641 0 0.01 inf 6.713431780725551 0.051589255882511224 9.001746246166732
4642 0 0.01 inf 6.8422723538927945 0.04825350611992762 9.356846565216054
4643 0 0.01 inf 6.671854845542871 0.053789706286981744 9.335041474604978
4644 0 0.01 inf 6.654088209868905 0.04264105965511775 9.33929795196916
4645 0 0.01 150254.45481344295 6.712712634712252 0.04936647060023342 9.003125946971933
4646 0 0.01 inf 6.873614100664199 0.050471384116967624 9.372614744359574
4647 0 0.01 inf 6.702661601274727 0.05067846037525202 9.258968202670086
4648 0 0.01 inf 6.668004578247755 0.04735344472393737 9.231892332938699
4649 0 0.01 inf 6.738649855014069 0.05436900983960455 9.315557473743716
4650 0 0.01 inf 6.7564583881441385 0.05009916246154082 9.289812414755632
4651 0 0.01 inf 6.809037149657666 0.04379090707855451 9.301408492142373
4652 0 0.01 inf 6.747501677236508 0.04549466342956485 9.337869707156166
4653 0 0.01 inf 6.45360624612645 0.04744975548155981 9.228914496651083
4654 0 0.01 149645.42755210816 6.72527267883541 0.04901886745882093 9.053775687347422
4655 0 0.01 inf 6.806117421885184 0.05770044067217717 9.271496614173804
4656 0 0.01 inf 6.576158046146596 0.051499765389780405 9.069601914511614
4657 0 0.01 inf 6.83947465103104 0.04981063506360314 9.21834248122688
4658 0 0.01 inf 6.8172958525500285 0.05440960487760838 9.086508815325509
4659 0 0.01 inf 6.769014431710016 0.050867275228873764 9.260732705276363
4660 0 0.01 inf 6.708378288143935 0.05013930818448607 9.39896961389052
4661 0 0.01 inf 6.7108558765821265 0.052284754934799324 9.227401810443636
4662 0 0.01 inf 6.696460406778672 0.04882189720967487 9.207496193854245
4663 0 0.01 1060390448.9909141 6.595469464142151 0.04547982588467579 9.180754120747581
4664 0 0.01 522940501.6190388 6.651007394573227 0.04997599830163572 8.960803320711111
4665 0 0.01 inf 6.547155375378804 0.050296444798424926 9.241893010252316
4666 0 0.01 inf 6.84362263887661 0.056660807553986156 9.243530969728608
4667 0 0.01 inf 6.503213317580336 0.05433127749509779 9.264739602657281
4668 0 0.01 inf 6.740826310555023 0.04887881741435664 9.303056749418404
4669 0 0.01 inf 6.529034677548658 0.044864850013531535 9.313205421545169
4670 0 0.01 151451.55124439855 6.89376021743265 0.0439395538828854 9.183582311120238
4671 0 0.01 inf 6.522923771353864 0.051775788923149886 9.306610545149134
4672 0 0.01 1024252827.3153331 6.599434953605852 0.045404986083476484 9.114638985379825
4673 0 0.01 inf 6.7908928707504055 0.05683347368424105 9.074728660091766
4674 0 0.01 inf 6.652046691523767 0.049368139855446386 9.228038810329068
4675 0 0.01 801974616.9461643 6.623060368422423 0.046550425191264164 9.13364086433554
4676 0 0.01 150245.9332339356 6.706616061590691 0.04385411825358976 9.077337776692984
4677 0 0.01 inf 6.5109898149119 0.05225804614168393 9.174370199692493
4678 0 0.01 inf 6.996463713261887 0.052798345573632804 9.334836841060335
4679 0 0.01 inf 6.852294439117141 0.04421786920685334 9.33491320093719
4680 0 0.01 75492208.22694215 6.692375848824374 0.04894053733206923 9.172997306408371
4681 0 0.01 inf 6.7868485728840655 0.04723451868625375 9.218430746816487
4682 0 0.01 inf 6.6319857829360345 0.05047004640406913 9.166075588132573
4683 0 0.01 inf 6.765630844258677 0.03903156683602681 9.281261038491152
4684 0 0.01 inf 6.771160453428995 0.04591510177900379 9.201183224505003
4685 0 0.01 inf 6.717348339060887 0.04552499900006555 9.278367733971342
4686 0 0.01 inf 6.671440718132016 0.04396059643321915 9.243225077605732
4687 0 0.01 inf 6.778821448426135 0.04753615079701631 9.262247432532117
4688 0 0.01 362030368.5370412 6.666341728093378 0.04793879561125657 9.16962088052194
4689 0 0.01 149244.66730903834 6.753418318008582 0.04467183239775644 9.188584948670643
4690 0 0.01 inf 6.738023353024674 0.05155841421313828 8.973919983785667
4691 0 0.01 151031.16800946044 6.731686732715498 0.0413929179060837 9.093612978449746
4692 0 0.01 inf 6.774743566587954 0.048900823945327694 9.401845507535239
4693 0 0.01 inf 6.564631504887955 0.04349535705327964 9.248265277939284
4694 0 0.01 150554.58958663946 6.712276377463856 0.04732357379221258 9.009240881348164
4695 0 0.01 inf 6.500392074273695 0.05031036178354124 9.139285461223217
4696 0 0.01 inf 6.747636103171113 0.04759058147256379 9.283506619913219
4697 0 0.01 inf 6.662349288793617 0.06300856063708582 9.162407669009287
4698 0 0.01 151795.54774977622 6.721097133486651 0.039220990988393226 9.072333932136871
4699 0 0.01 inf 6.769566286253076 0.039701895156015465 9.274100765599307
4700 0 0.01 inf 6.8316153292517345 0.05144442167128773 9.19735691439732
4701 0 0.01 inf 6.672486410266962 0.050859580917944444 9.079996583480321
4702 0 0.01 inf 6.656001882647007 0.04369706945708555 9.24460128586599
4703 0 0.01 inf 6.687714064289961 0.053197363258439996 9.045169279068688
4704 0 0.01 149113.16367518716 6.782531269018329 0.04714972800094578 9.17527453609788
4705 0 0.01 inf 6.626424358934263 0.056651815833893567 9.11369265810028
4706 0 0.01 inf 6.62460213860603 0.0532645226326366 9.375166651763736
4707 0 0.01 inf 6.714346099284247 0.04674162022430569 9.225912024246176
4708 0 0.01 149831.0888078785 6.813484668860145 0.04492664756474399 9.194306623964227
4709 0 0.01 1353916930.5011728 6.56184419012747 0.04479239540757824 9.130789013671883
4710 0 0.01 150335.3957723569 6.7605348129966085 0.04959862586559558 9.044384496844152
4711 0 0.01 inf 6.7061139192758 0.042972585320121534 9.254575717089702
4712 0 0.01 inf 6.7266384435487945 0.051837667328282065 9.244794322798006
4713 0 0.01 151535.3035838446 6.723591197419653 0.039677131032573296 9.08482822033178
4714 0 0.01 inf 6.70847423028125 0.049691614200689196 9.242340552403261
4715 0 0.01 inf 6.633300372601469 0.05019387178537209 9.295749214138466
4716 0 0.01 inf 6.814261652333474 0.056164420677140114 9.189663896786364
4717 0 0.01 150626.02305334026 6.768088466669969 0.04213216866009201 9.145616309475512
4718 0 0.01 149068.77443708174 6.701303384656624 0.04997518196034489 9.052684914754785
4719 0 0.01 inf 6.815950608311578 0.04276209606046383 9.209071617364847
4720 0 0.01 inf 6.732593591833727 0.0492889877749048 9.265332005948151
4721 0 0.01 616213332.6898565 6.641864041004222 0.046257089672754756 9.19943755713275
4722 0 0.01 inf 6.818006349867562 0.05190826071641972 9.282911445261112
4723 0 0.01 inf 6.852619375116031 0.05150843007845944 9.31076346403856
4724 0 0.01 inf 6.850772743621119 0.04365564587647031 9.32720081477115
4725 0 0.01 inf 6.682764253952769 0.05539590077026993 8.96863072216896
4726 0 0.01 inf 6.685519058531548 0.048863287979268116 9.367652838906778
4727 0 0.01 inf 6.718821174511892 0.04245343488759563 9.244650381132411
4728 0 0.01 inf 6.815067402036643 0.04622492104329051 9.246644932007712
4729 0 0.01 149766.04504248707 6.777070199888321 0.04819002526959291 9.109085985069653
4730 0 0.01 inf 6.5804664630899 0.06053927740341111 9.142687655194175
4731 0 0.01 inf 6.544226273460596 0.05317779890722709 8.985702169850766
4732 0 0.01 inf 6.5556862479009474 0.05394877384705545 9.244165603946627
4733 0 0.01 427047059.245298 6.66021092945209 0.046788819365176676 9.031531182958284
4734 0 0.01 inf 6.933921446087513 0.05302842178004259 9.12300947636051
4735 0 0.01 inf 6.695441613429754 0.04822097183334658 9.274157678064803
4736 0 0.01 inf 6.591400496419837 0.05198571265513863 9.11463701007445
4737 0 0.01 2016898580.4127543 6.4746894465502525 0.04488919854424045 9.197752373711543
4738 0 0.01 1310247805.6732976 6.56701482021277 0.04005533355203739 9.11391802681979
4739 0 0.01 inf 6.658464238652512 0.048294412656730075 9.32816554866044
4740 0 0.01 inf 6.621566267529342 0.05779769820571283 9.275848915941244
4741 0 0.01 inf 6.8083458557462055 0.053570268535873246 9.298419916789843
4742 0 0.01 1198834840.4581866 6.579933643349955 0.04913663446133646 9.027439948585606
4743 0 0.01 inf 6.695921467858115 0.03809882282634065 9.204751982712075
4744 0 0.01 inf 6.682149059282207 0.04716360214561474 9.273457869059722
4745 0 0.01 inf 6.5420055337737395 0.057441608416019335 9.128313565158901
4746 0 0.01 inf 6.587653205075101 0.05388333638014979 9.341987022648265
4747 0 0.01 inf 6.7552846677658565 0.05808073459770906 9.221993942776022
4748 0 0.01 inf 6.635835642928107 0.051648183872876126 9.18145969268233
4749 0 0.01 391501135.7566114 6.663573513176181 0.04576772794373518 9.106217418475644
4750 0 0.01 150015.56686843623 6.84566912004226 0.049837706462606435 9.143836087493309
4751 0 0.01 inf 6.7052804006497775 0.053614646429483576 9.219691032361329
4752 0 0.01 inf 6.682088858170517 0.046281188630332155 9.211345547136316
4753 0 0.01 1386527744.271914 6.557942584669226 0.04446584143575293 9.064374623967721
4754 0 0.01 inf 6.7502370520604815 0.052950515905557945 9.308381487053708
4755 0 0.01 150150.6719089458 6.775799088733741 0.04556193334060205 9.122466088036896
4756 0 0.01 inf 6.632844989895311 0.05522175898823916 9.295109018667434
4757 0 0.01 251689366.12814578 6.676552773464299 0.04427199341425633 9.121366463413404
4758 0 0.01 inf 6.914882677766542 0.04908174092471477 9.33909265480486
4759 0 0.01 inf 6.7252219993063544 0.05174541973651203 9.226399981492664
4760 0 0.01 inf 6.701626974716227 0.05931285113686191 9.21208542190222
4761 0 0.01 inf 6.75008419193434 0.05523246239846996 9.196739838266927
4762 0 0.01 149892.07412490508 6.80119551605388 0.04545757798351301 9.16760521811304
4763 0 0.01 inf 6.7267212767741995 0.05234270948932852 9.116666883373913
4764 0 0.01 inf 6.6276679069313404 0.05339641387626289 9.20795070186594
4765 0 0.01 inf 6.8346414837550356 0.054874556758333325 9.109576535254305
4766 0 0.01 151334.5286062135 6.7192524326616025 0.045595972280412025 8.994259716027583
4767 0 0.01 inf 6.669374760332662 0.05534686600982869 9.220283169016167
4768 0 0.01 inf 6.764715238500191 0.050207221592044 9.09197278266399
4769 0 0.01 inf 6.645026859275876 0.05026474542205264 9.147200661741257
4770 0 0.01 626349402.419323 6.6408588578240835 0.04431285621239027 9.133213019949507
4771 0 0.01 inf 6.732800588536742 0.047903642496559366 9.267035515105754
4772 0 0.01 inf 6.640222575209284 0.0475364279004912 9.278019022744857
4773 0 0.01 159110.57593262004 6.944863427203404 0.045004866295207155 8.950486461490303
4774 0 0.01 inf 6.811615136021983 0.052120468144865977 9.083290301712513
4775 0 0.01 inf 6.669937105315266 0.0534832232404167 9.16901228020364
4776 0 0.01 149741.67235246912 6.784265310891253 0.044081288104096714 9.190138432486684
4777 0 0.01 154792.17777867732 6.798414990802532 0.0453558883872979 8.927155414495669
4778 0 0.01 608143571.2157204 6.642663190609367 0.03761432548077978 8.996602061038406
4779 0 0.01 148907.33858514135 6.724765665313891 0.04980331100996512 9.088887968924334
4780 0 0.01 inf 6.797022168107368 0.05571298605371594 9.206065907844096
4781 0 0.01 151117.4506200425 6.713662314228488 0.04326190714926486 9.034311979563858
4782 0 0.01 inf 6.694148500174 0.05611995498363407 9.38237810377948
4783 0 0.01 inf 6.734649974150251 0.06216909639767955 9.006094639642805
4784 0 0.01 inf 6.626512461480329 0.05155574687407908 9.18248399119226
4785 0 0.01 inf 6.6049430099638196 0.051347583376372054 9.089031821080395
4786 0 0.01 inf 6.705750347792036 0.057027574585911754 9.321386141116806
4787 0 0.01 inf 6.816887929069867 0.051689013639469206 9.433106908820188
4788 0 0.01 inf 6.617405655748915 0.046475788550736696 9.235675663754057
4789 0 0.01 inf 6.8922466098678665 0.05003088130372739 9.215078586964289
4790 0 0.01 149842.7153804527 6.72398014696107 0.044005444222609616 9.12317041127198
4791 0 0.01 inf 6.721450952404451 0.05466404049686207 9.203830767179028
4792 0 0.01 inf 6.668676911872691 0.051408644289361795 9.166227844147706
4793 0 0.01 inf 6.517611549785578 0.04473753560635369 9.26135866936351
4794 0 0.01 inf 6.77218747766735 0.053418332850512194 9.25456539980895
4795 0 0.01 inf 6.592094320955595 0.05265092929521172 9.222531599799947
4796 0 0.01 inf 6.799174090247459 0.058226581309067674 8.939930817888285
4797 0 0.01 inf 6.579691035080891 0.04416325223847019 9.329467782600643
4798 0 0.01 inf 6.787872958157216 0.046958881802667066 9.201456637483899
4799 0 0.01 inf 6.731894243618758 0.05355639808261648 9.132046540287222
4800 0 0.01 inf 6.846996890358899 0.04993708751530251 9.304925269122087
4801 0 0.01 inf 6.650032640184087 0.05627331739177304 9.09237391001261
4802 0 0.01 150265.04399267843 6.7311922990372235 0.046103628600055194 9.061841815280825
4803 0 0.01 155212.61281359522 7.007228470451251 0.04676883297921519 9.115642917403607
4804 0 0.01 150884.16122482624 6.786886989300042 0.045876110403733156 9.083417533168442
4805 0 0.01 148852.67246205173 6.816123298926483 0.04896804751921936 9.19653280584352
4806 0 0.01 inf 6.775350125202053 0.05214559747284742 9.250019012651073
4807 0 0.01 inf 6.46775571194679 0.0509158365742652 9.286262491106221
4808 0 0.01 inf 6.6922365385106595 0.043170756894491666 9.27924894050291
4809 0 0.01 149698.43564629921 6.714108222820742 0.048232744531193285 9.049708015203002
4810 0 0.01 59884946.569165796 6.693750339765059 0.04843389670459953 8.954654314866996
4811 0 0.01 152453.33738485724 6.857867003395586 0.04127147488409441 9.127078761193493
4812 0 0.01 860764943.7433622 6.616935647776054 0.04874370818769638 9.044093513943155
4813 0 0.01 148974.29901708226 6.754716797467221 0.048573711686498086 9.132915796461527
4814 0 0.01 inf 6.712333301940886 0.04336796636601449 9.26966471478876
4815 0 0.01 97032346.26352602 6.690472170316922 0.046215171801322424 9.168816180302812
4816 0 0.01 inf 6.861454168772082 0.05791230432224376 9.215990596795347
4817 0 0.01 inf 6.64010470439299 0.05141101120079217 9.21715896075817
4818 0 0.01 inf 6.7042348680413255 0.03889110694487416 9.221755532360586
4819 0 0.01 151032.25980512955 6.772904333709318 0.04599604023732902 9.059576309589112
4820 0 0.01 inf 6.638183124763151 0.05251831410380526 9.080961560039682
4821 0 0.01 inf 6.787535525139139 0.05885836834074397 9.219638912208655
4822 0 0.01 inf 6.8732814937168145 0.055795051904515815 9.063413113165717
4823 0 0.01 inf 6.581743538582728 0.046658200127514884 9.264192804210733
4824 0 0.01 inf 6.724876834424915 0.050832337640320836 9.067157990431342
4825 0 0.01 315758713.8890372 6.670653120745338 0.0426225019843534 9.135248105814334
4826 0 0.01 inf 6.814838326245463 0.04648370660563911 9.201669097209107
4827 0 0.01 inf 6.988151145659206 0.047192918215339115 9.212217887003629
4828 0 0.01 inf 6.536187760979523 0.052109008465098916 9.304678358655067
4829 0 0.01 inf 6.807472729629712 0.04922748505375125 9.210084671460063
4830 0 0.01 inf 6.8458239896374735 0.05343191153957852 9.151701095685208
4831 0 0.01 679544898.2911137 6.635544651866468 0.04043905314133964 9.042481842904134
4832 0 0.01 156089.23028695042 6.878138650421206 0.0435536239572584 8.972125309465413
4833 0 0.01 inf 6.731992401028071 0.05361197564814684 9.358195789355753
4834 0 0.01 149445.83055639506 6.772053024570808 0.046575880212308254 9.150615610217004
4835 0 0.01 inf 6.857573331772929 0.050320617467734266 9.249541661934689
4836 0 0.01 inf 6.644380815524149 0.05242243840168037 9.21878607100077
4837 0 0.01 inf 6.712831211517072 0.05915804503023278 9.21857791031585
4838 0 0.01 152764.54743242284 6.820020421210593 0.044800110929614285 9.032680620502274
4839 0 0.01 191555376.80560988 6.6820182027122215 0.04321644630219593 9.053841734832645
4840 0 0.01 inf 6.615719560876717 0.059598285808855726 9.118571481317902
4841 0 0.01 inf 6.623456653610047 0.054828562161080154 9.038161981095573
4842 0 0.01 inf 6.786941202157942 0.04718079139097034 9.288304699303643
4843 0 0.01 inf 6.869584977853563 0.03994345603924397 9.219039657542796
4844 0 0.01 inf 6.810796727802989 0.051673357190293104 9.259217860458312
4845 0 0.01 inf 6.593764626901459 0.04386636703498268 9.440872241213611
4846 0 0.01 inf 6.674725491238181 0.047572191186735696 9.23825750006265
4847 0 0.01 inf 6.665718122376902 0.049020063956788575 9.274951682710098
4848 0 0.01 151635.020400786 6.828824245303283 0.04172707809353837 9.141348814684335
4849 0 0.01 1275835750.2172723 6.571046052130385 0.046686445436166596 9.107980222523397
4850 0 0.01 inf 6.700257794291737 0.055806756056533895 9.10270614666983
4851 0 0.01 inf 6.5928788579637 0.051984015171113195 9.02745381069327
4852 0 0.01 inf 6.627787203486964 0.059765172596828064 9.232801453980027
4853 0 0.01 inf 6.511191784627434 0.04823915783760333 9.23435372013025
4854 0 0.01 inf 6.779053690225518 0.05242635875166417 9.193676523714746
4855 0 0.01 inf 6.6851772465047565 0.0456549000409541 9.222507002085848
4856 0 0.01 148589.3988537833 6.751330068792717 0.04920808623522749 9.146686829433348
4857 0 0.01 inf 6.611561644507064 0.051904343939814315 9.155655559639799
4858 0 0.01 inf 6.809236783839027 0.05135004805914846 9.134910872661457
4859 0 0.01 inf 6.666076281859799 0.053177857753165594 9.187185709538044
4860 0 0.01 inf 6.875184737993355 0.058462426029861306 9.073571192762026
4861 0 0.01 153036.47937384312 6.717022978857814 0.04508460359617984 8.915242593070793
4862 0 0.01 inf 6.567378442495924 0.05274702123794927 9.276958115047169
4863 0 0.01 152002.7773550238 6.821962876155951 0.04259881917259605 9.098494497989197
4864 0 0.01 inf 6.779379947807257 0.05695087703793152 9.157929487784955
4865 0 0.01 inf 6.720756366671567 0.05420722493174717 8.894821744962156
4866 0 0.01 710787615.9806519 6.63239268474091 0.04450859869937572 9.05191361189893
4867 0 0.01 inf 6.718636003939949 0.04873163546371734 9.223758440744128
4868 0 0.01 inf 6.732335128543338 0.056567233541774606 9.239696971890325
4869 0 0.01 inf 6.834347691885442 0.05354035485899117 9.059949166962848
4870 0 0.01 inf 6.562569693738914 0.040881537996469805 9.359427931259887
4871 0 0.01 inf 6.8826241292392165 0.05376305741814989 9.200236047385461
4872 0 0.01 inf 6.763374027983086 0.045952301160983915 9.275273463355457
4873 0 0.01 inf 6.8261838237434 0.05930842866639235 9.078398695687131
4874 0 0.01 inf 6.713671510992636 0.05829922783372406 9.190996038135664
4875 0 0.01 1482883150.0657263 6.546205050566482 0.046951110771318014 9.061240550538143
4876 0 0.01 inf 6.587446975392951 0.052248248195262116 9.13284346364126
4877 0 0.01 inf 6.773478142588598 0.04570369921961714 9.252765055630384
4878 0 0.01 inf 6.669198813986904 0.0514218099432609 9.068837298824725
4879 0 0.01 inf 6.731170585183473 0.054079142130783374 9.22001880368466
4880 0 0.01 inf 6.7704140536998 0.04120702522012561 9.326176401125553
4881 0 0.01 inf 6.539069907683823 0.05217910956729984 9.04972832097091
4882 0 0.01 inf 6.783499661854016 0.05447852353291352 9.280941962859108
4883 0 0.01 inf 6.697268266798457 0.048292499435304746 9.34062577076049
4884 0 0.01 inf 6.659843522100425 0.05634119774816154 9.307451275646066
4885 0 0.01 inf 6.709486952356014 0.04935672195362653 9.214308830822905
4886 0 0.01 inf 6.593501934997475 0.05914850625486585 9.183144827781263
4887 0 0.01 inf 6.65929003401661 0.051044538076919506 9.133106619552855
4888 0 0.01 inf 6.466381035460984 0.050215244518679536 9.15793600680035
4889 0 0.01 148286.74729601305 6.761023180794022 0.048752452861852605 9.188052545819867
4890 0 0.01 inf 6.579066326615407 0.05182482659589589 9.24091695575026
4891 0 0.01 inf 6.742703401597378 0.05133450242444349 9.293957966909751
4892 0 0.01 inf 6.68921121464898 0.05718667242347549 9.189319293666662
4893 0 0.01 150233.73275353224 6.856495843779584 0.046408011449701504 9.184599657688645
4894 0 0.01 162868719.0344505 6.684601299515435 0.048166322537977126 9.03175761243697
4895 0 0.01 1064799802.6980097 6.594983297197315 0.0422874935753496 9.108873889226833
4896 0 0.01 inf 6.739413210348438 0.05397209405601106 9.205729383133807
4897 0 0.01 inf 6.634953317028423 0.05787646286491134 9.12702133407616
4898 0 0.01 inf 6.608010559385504 0.05135915141244729 8.954590110814479
4899 0 0.01 inf 6.705155585979459 0.056456072319156066 9.162890663715398
4900 0 0.01 148328.2263487765 6.728934912828543 0.04937100280609389 9.141071351365367
4901 0 0.01 inf 6.974042359821236 0.05081678622722367 9.14632851712644
4902 0 0.01 1199535149.1236238 6.579853638738419 0.044357907202124125 9.164199678968075
4903 0 0.01 153651.26841681867 6.756975729047366 0.048502870282023276 8.909471526362765
4904 0 0.01 inf 6.667297891449499 0.05923264046859048 9.279458111814975
4905 0 0.01 1388979334.5052414 6.557647886191957 0.04426741890106844 9.03363830211001
4906 0 0.01 inf 6.5763616603886685 0.04884287012979477 9.214990429649943
4907 0 0.01 148081.01173021045 6.743694581182465 0.04899038323294866 9.183018182521065
4908 0 0.01 inf 6.8222971857750165 0.05249284147413201 9.256893358633715
4909 0 0.01 inf 6.761222858737744 0.05104808910077336 9.144220297299553
4910 0 0.01 inf 6.752851018856181 0.05723514724967292 9.210664129914948
4911 0 0.01 inf 6.618978416951707 0.04711726033144483 9.248212535531609
4912 0 0.01 inf 6.598569084174368 0.051424168929243896 9.165344255224504
4913 0 0.01 inf 6.651661900325782 0.05282634136724435 9.370710515223507
4914 0 0.01 inf 6.749558720980755 0.050984525816271525 9.336371032939994
4915 0 0.01 inf 6.734794376684529 0.05083245439809573 9.111295512572948
4916 0 0.01 inf 6.82715652011237 0.06403936915742096 9.171026407607247
4917 0 0.01 inf 6.471731632535946 0.05268351829630316 9.151840852565295
4918 0 0.01 148622.61021018765 6.771182122409947 0.0498756117085399 9.153407341109233
4919 0 0.01 1627010086.0028594 6.528034120427015 0.04454215559208417 9.086315724164313
4920 0 0.01 inf 6.80342074464446 0.059469732228658284 9.128955720303994
4921 0 0.01 inf 6.4944603138270685 0.05375819484075009 9.269061115163753
4922 0 0.01 inf 6.5930250142594025 0.04765753632968551 9.25375890531367
4923 0 0.01 inf 6.805261302517601 0.04983438476474994 9.417759517068845
4924 0 0.01 363260727.99126136 6.666226732017394 0.04705803084490604 8.994939615162092
4925 0 0.01 inf 6.6742846399625595 0.04759655121682147 9.225465529649128
4926 0 0.01 151519.39590299423 6.788160522749268 0.0426227491084495 9.093400282677928
4927 0 0.01 inf 6.582657805158171 0.050159363793452684 9.02313426091828
4928 0 0.01 inf 6.537034153353506 0.04714356308756942 9.371245229839223
4929 0 0.01 inf 6.737319254629083 0.050014059491323405 9.247710735763558
4930 0 0.01 inf 6.652133878350094 0.05497131566089033 9.123244030895535
4931 0 0.01 inf 6.810934717691451 0.053564437834936585 9.247650819275144
4932 0 0.01 inf 6.834374873298439 0.04790887644625897 9.210668265709824
4933 0 0.01 inf 6.628591284832455 0.052930110613631565 9.223602154021107
4934 0 0.01 inf 6.816192779378387 0.04509123827941303 9.372845202777535
4935 0 0.01 152342.9410969963 6.870943952206455 0.04958068446482268 9.065600517022185
4936 0 0.01 inf 6.6347699122710635 0.04958392170012858 9.29791027206164
4937 0 0.01 inf 6.711835215337033 0.05361521261628393 9.15346567762448
4938 0 0.01 inf 6.579967018447715 0.041895007884204055 9.229694625843493
4939 0 0.01 inf 6.4994427676541155 0.05236325497506314 9.321368570659684
4940 0 0.01 inf 6.663991933413614 0.050024540990400095 9.243193382867613
4941 0 0.01 inf 6.72561475722756 0.05470903278645829 9.008034063903418
4942 0 0.01 inf 6.728607657197656 0.05413350243961529 9.149146795341156
4943 0 0.01 295788458.917653 6.672500592797616 0.04660160490037896 9.089832900122826
4944 0 0.01 inf 6.593417147352467 0.047368949056989476 9.242404763252448
4945 0 0.01 inf 6.642128593221573 0.043431559033115325 9.311146558123657
4946 0 0.01 150193.24455306065 6.710571241212159 0.04360841094790738 9.090312043580427
4947 0 0.01 inf 6.788329161807305 0.050552058243527924 9.212560455049653
4948 0 0.01 inf 6.642253536926071 0.052621308620614815 9.13065397675645
4949 0 0.01 1704798373.5839891 6.517901325552725 0.048869193477604295 9.111070600167691
4950 0 0.01 inf 6.625530669646646 0.05024963557976398 9.339143183102225
4951 0 0.01 26145743.008644376 6.696706163837751 0.043463288507629184 9.084668614073692
4952 0 0.01 149193.56694597425 6.827697609531221 0.048878252998647426 9.186377415644333
4953 0 0.01 149935.78637460916 6.835126430708782 0.04588271893051452 9.191055495381976
4954 0 0.01 153564.2476745635 6.798722934969717 0.04199450678067269 9.001435606650377
4955 0 0.01 inf 6.817796721768305 0.059264059973286085 9.083517685732673
4956 0 0.01 1465346510.0630064 6.548365283952721 0.04056314620924446 9.023609640293694
4957 0 0.01 148270.493880971 6.744696219649395 0.04989799607127983 9.15193430091548
4958 0 0.01 672604528.1557482 6.636241372521093 0.04797872565171615 9.176117028640926
4959 0 0.01 inf 6.805728570197027 0.05005808152050313 9.178899285874916
4960 0 0.01 150358.8070964123 6.769765090377538 0.04312559752013046 9.14676024487205
4961 0 0.01 inf 6.766512584177198 0.050503393486078525 9.174882311425327
4962 0 0.01 150109.38457347517 6.797429309068953 0.04560019951066603 9.146248999962554
4963 0 0.01 inf 6.516897355274828 0.039792875948350445 9.236677172949296
4964 0 0.01 1102459900.1430016 6.59080697971353 0.047964320084983754 9.164851151038262
4965 0 0.01 147874.04813932188 6.7025858002032255 0.04881537733903811 9.163806279739529
4966 0 0.01 100118015.855793 6.690198754816825 0.04603445447895009 9.192448182363144
4967 0 0.01 inf 6.688255698599721 0.054685448438094864 9.23189956021056
4968 0 0.01 inf 6.645130306001006 0.050688695503153455 9.222568461934303
4969 0 0.01 149070.3499591045 6.766887888502299 0.049771282516634215 9.120921882503056
4970 0 0.01 inf 6.824972358963679 0.05098833260888413 9.202126898395598
4971 0 0.01 inf 6.688338749726319 0.0482461607735144 9.286596840894962
4972 0 0.01 150137.07952282892 6.784996171667653 0.043840728858331755 9.164274363329058
4973 0 0.01 inf 6.704203303879789 0.0528860230690387 9.148755394065581
4974 0 0.01 549636812.9678931 6.648409939197371 0.04745567034433642 9.090222000941308
4975 0 0.01 inf 6.694547248308429 0.050918776868165476 9.268099074565564
4976 0 0.01 inf 6.820417379070107 0.05090718174212077 9.059301461595432
4977 0 0.01 151216.32511479902 6.7433475738457 0.04087814331661742 9.102187084850978
4978 0 0.01 410753764.18391776 6.661755558081106 0.042056875643551234 9.092908412639007
4979 0 0.01 inf 6.824530049765913 0.052694162585470924 9.21606130527388
4980 0 0.01 150975.37441172067 6.752718524243949 0.049149411315488924 9.009188077332825
4981 0 0.01 inf 6.862108146591284 0.05663194411038203 9.043046250354724
4982 0 0.01 inf 6.837706373176874 0.051399607515507005 8.884312139927573
4983 0 0.01 inf 6.761301255138534 0.05559279244040764 9.281362378785362
4984 0 0.01 inf 6.705162301045008 0.048846361254462234 9.289268771831075
4985 0 0.01 inf 6.781856822012169 0.0519527110187954 9.25053399879438
4986 0 0.01 909908231.3581932 6.611748808947377 0.048041582450442766 9.044146994586093
4987 0 0.01 860431764.6630747 6.616970921093933 0.04213292198098276 8.943301510169519
4988 0 0.01 inf 6.859504627266689 0.04451606737801894 9.214588473618626
4989 0 0.01 inf 6.761420117607417 0.051958997155406986 9.150278654363534
4990 0 0.01 151167.83973826832 6.769578754835246 0.04815097336946611 9.025928798540452
4991 0 0.01 inf 6.824901780770137 0.05440611267093487 9.039700282326777
4992 0 0.01 inf 6.60357901189626 0.05657798797320616 9.234325950015416
4993 0 0.01 inf 6.773633468808381 0.05380701915780399 9.120439507206177
4994 0 0.01 inf 6.744050668512378 0.04931358857845918 9.368966047353736
4995 0 0.01 inf 6.732736315994877 0.05372001390787165 9.204744688176044
4996 0 0.01 inf 6.758491237020842 0.05350686498342243 9.09523994061417
4997 0 0.01 inf 6.787286687081879 0.043047746450830565 9.200195650381424
4998 0 0.01 inf 6.724476536204606 0.0547617544421232 9.121860779909541
4999 0 0.01 inf 6.631655797451635 0.05248972064508267 9.039572456740427
5000 0 0.01 inf 6.7286665258651235 0.04190850371278371 9.270019298456818
5001 0 0.01 inf 6.565760326251613 0.06065005707527377 9.22793611147265
5002 0 0.01 149658.62933807247 6.826198077638224 0.04905433410869603 9.153463884038164
5003 0 0.01 150001.24882262744 6.76083493165481 0.0488558395535937 9.070666239511123
5004 0 0.01 inf 6.7014334086188425 0.048127950151842944 9.248384597778362
5005 0 0.01 inf 6.7194787014846025 0.042570893612724 9.242395025406921
5006 0 0.01 inf 6.680986501106027 0.05550885623877182 9.345180176156124
5007 0 0.01 inf 6.61899144154827 0.040269181814867355 9.205596998849522
5008 0 0.01 inf 6.708473159885621 0.05686579960904602 9.182007224649768
5009 0 0.01 inf 6.489556768647901 0.05228117997844107 9.256872031021778
5010 0 0.01 602446863.5965497 6.643225712227435 0.04919389307563071 9.084858834278558
5011 0 0.01 inf 6.545079456122244 0.05661106599204476 9.156616840246127
5012 0 0.01 inf 6.7056471787029945 0.04399894087660643 9.24011355555663
5013 0 0.01 inf 6.722120415252652 0.051458679327923015 9.434201229298017
5014 0 0.01 inf 6.752815168450186 0.058574396558395685 9.260620006470136
5015 0 0.01 inf 6.636048987245372 0.05397193771716953 9.19469819278639
5016 0 0.01 inf 6.650087057059569 0.0478199894290548 9.232138602403948
5017 0 0.01 inf 6.585740169534945 0.046939937103590734 9.436991266322996
5018 0 0.01 151693.06389737138 6.715675463432546 0.0374469365775561 9.12720948952052
5019 0 0.01 150860.1436184069 6.702994713278851 0.044300248280121024 9.02356388209551
5020 0 0.01 inf 6.6786315128560965 0.05360282382247848 9.144072931124306
5021 0 0.01 inf 6.7978828314844195 0.04545081952676742 9.346125125853426
5022 0 0.01 inf 6.792019414657749 0.049919171028044586 9.214563497509884
5023 0 0.01 149999.5256521195 6.795449045445258 0.046150972676796576 9.14261759518825
5024 0 0.01 767122127.1518161 6.626650809645566 0.04960338897814198 9.167803671219069
5025 0 0.01 768009932.3257656 6.6265601604120725 0.03839324387155828 9.051326855574285
5026 0 0.01 inf 6.598652718090573 0.04307883059555355 9.233270849163205
5027 0 0.01 inf 6.6491034205639625 0.05072090251077388 9.24898520515836
5028 0 0.01 inf 6.638180253087586 0.05123826244760104 9.151969905852345
5029 0 0.01 151961.63561325605 6.73573187999116 0.04169344532600351 9.028025134695076
5030 0 0.01 inf 6.663927851045007 0.04848716863594955 9.244347389605068
5031 0 0.01 inf 6.559145411259931 0.050910026771072314 9.052458191544961
5032 0 0.01 inf 6.787123129390338 0.05258166267404096 9.179049585145792
5033 0 0.01 inf 6.770258920877624 0.04835867132892149 9.205317172626435
5034 0 0.01 inf 6.763936571048392 0.05366303424123512 9.14244675216173
5035 0 0.01 148289.05480892744 6.732743870257992 0.04966436985034388 9.142655889352326
5036 0 0.01 inf 6.6986077556543515 0.03980621088019736 9.227107711164132
5037 0 0.01 inf 6.706052202768663 0.059116121800518735 9.23190308844873
5038 0 0.01 inf 6.640841164936102 0.058616522192697106 9.235592178751784
5039 0 0.01 inf 6.674714131705594 0.055951074625543815 9.201609919471057
5040 0 0.01 11577073.811081517 6.697976224236621 0.04670139906231388 9.121450493726003
5041 0 0.01 inf 6.8643887130879 0.051677611705297694 9.103147544481002
5042 0 0.01 inf 6.660020998550901 0.058059518223455946 9.141312453465165
5043 0 0.01 813585406.2575517 6.621857537203996 0.04889373020255928 9.11686388505976
5044 0 0.01 inf 6.6949964313410835 0.054728165156341976 9.190918655930044
5045 0 0.01 inf 6.892476709000028 0.058037902029544716 9.061261319800689
5046 0 0.01 inf 6.612965036250343 0.04471072247922694 9.399357754159553
5047 0 0.01 inf 6.947884033028412 0.0587946254148326 9.140507494779351
5048 0 0.01 inf 6.54922597529691 0.06053291568488265 9.04757582062439
5049 0 0.01 inf 6.7382787911743245 0.048468230464274224 9.200249571483804
5050 0 0.01 inf 6.723707147441002 0.054697923135202595 9.105953300598655
5051 0 0.01 inf 6.943162065403037 0.05168780969126053 9.033292678803036
5052 0 0.01 149096.25400225923 6.713132466537724 0.04587396427233246 9.13291378830566
5053 0 0.01 150909.63212971605 6.7607241614198434 0.04890725178360441 9.022532126682844
5054 0 0.01 643023403.7339873 6.639199896135665 0.04822132693667948 9.191727480855315
5055 0 0.01 inf 6.61127203835137 0.05301296033047195 9.186741083664394
5056 0 0.01 inf 6.608514949797165 0.04978255021164461 9.353766278719492
5057 0 0.01 inf 6.651835879962719 0.04918750155774584 9.218831445329904
5058 0 0.01 inf 6.6648439242176005 0.05276762149486478 8.97883196980396
5059 0 0.01 148308.01706783936 6.732668700730303 0.04817731883145457 9.169623716811417
5060 0 0.01 inf 6.7167581651551584 0.050612668873929616 9.067762771038176
5061 0 0.01 inf 6.698327304500947 0.047320077562240034 9.280317084191253
5062 0 0.01 inf 6.742385870460927 0.052743014564556115 9.281424159564644
5063 0 0.01 inf 6.649108381852103 0.047486046783148765 9.2050227468123
5064 0 0.01 255666184.6794763 6.67618886460193 0.04644765791220076 9.103827994083677
5065 0 0.01 1069663374.817943 6.594446069259707 0.046700763129976855 9.131914866412785
5066 0 0.01 inf 6.525288298240626 0.05174144132548552 9.323078516107465
5067 0 0.01 801745075.6925048 6.623084104218473 0.04632054940018818 9.15143284036604
5068 0 0.01 inf 6.749366055415194 0.059896894736092776 9.212344745477544
5069 0 0.01 inf 6.515817457110401 0.05286394123863983 9.217494096001571
5070 0 0.01 inf 6.55248605879241 0.04919195450965339 9.35549280548463
5071 0 0.01 152032.9548857043 6.794321659918235 0.04293240938497143 9.064555330107147
5072 0 0.01 152362.5970766987 6.87278907425183 0.048131119712169 9.076132548902796
5073 0 0.01 151623.0835176253 6.7389852548298625 0.045329444560109136 9.001780129153017
5074 0 0.01 149841.50545760663 6.814362625526984 0.048236113041339526 9.141187728398188
5075 0 0.01 inf 6.6762321457611185 0.04402156955018302 9.350345704531456
5076 0 0.01 inf 6.652403504313703 0.051772699225449755 8.987732749122006
5077 0 0.01 inf 6.642611288004784 0.05160958937321868 9.09678833356958
5078 0 0.01 inf 6.794799794194754 0.061403865442523575 9.240065363319935
5079 0 0.01 149995.91457679344 6.740303404416753 0.04703113663877995 9.074221957319185
5080 0 0.01 inf 6.814540691853551 0.05167625887360447 9.069131588554761
5081 0 0.01 150173.56877417376 6.76661717310956 0.047130925811858175 9.08818334504867
5082 0 0.01 inf 6.616096800719589 0.04596153942872227 9.231024070125407
5083 0 0.01 inf 6.7719370678136235 0.05660311842793249 9.223491041460976
5084 0 0.01 inf 6.78822909052078 0.05113072177308057 9.254646810209428
5085 0 0.01 inf 6.910989428012412 0.04826214213258949 9.221734997101487
5086 0 0.01 inf 6.828741074340713 0.05091774367692793 9.14907993673218
5087 0 0.01 inf 6.851521256652781 0.05214308405382795 9.204542738996437
5088 0 0.01 inf 6.696782192435989 0.04813648463240187 9.23695652695123
5089 0 0.01 inf 6.677160781799798 0.04012359243500807 9.318500514865256
5090 0 0.01 150887.083775202 6.732178773125654 0.0498498610775275 8.986769655781222
5091 0 0.01 153432.47473624846 6.92628249763388 0.04451365016357142 9.112259529782577
5092 0 0.01 inf 6.599115317064364 0.040375864303461344 9.20022479290782
5093 0 0.01 inf 6.885022631977836 0.05233861224835152 9.094139514283793
5094 0 0.01 inf 6.749228654071209 0.04757012593230906 9.245868224047072
5095 0 0.01 inf 6.646368725727502 0.051359017507159606 9.153750278691376
5096 0 0.01 153982.12432666076 6.859884376969585 0.04434400449687004 9.024750892432793
5097 0 0.01 1169374884.7703707 6.583286350447968 0.04719683717062989 9.156565757314464
5098 0 0.01 149755.9417804898 6.716546246049729 0.048942433058958346 9.039454981060928
5099 0 0.01 inf 6.611421769097423 0.05783621888847517 9.324105431905203
5100 0 0.01 151464.9348174351 6.724195162474919 0.03848505895802144 9.123957689073029
5101 0 0.01 149923.17655713877 6.820176385562088 0.04956133948377322 9.126332054094446
5102 0 0.01 inf 6.70999385031967 0.047918790359828094 9.293929393233128
5103 0 0.01 151137.00445637453 6.777879266543645 0.04871108295395588 9.030598139578284
5104 0 0.01 inf 6.674570252337456 0.051901004414244174 9.143877849775189
5105 0 0.01 inf 6.622882625040466 0.04080068445864038 9.36683116025011
5106 0 0.01 607964247.3427666 6.642680605358777 0.049484275668195445 9.001724302106297
5107 0 0.01 inf 6.831932620428992 0.048350866200222234 9.207606175698324
5108 0 0.01 inf 6.644247165607456 0.0512474510512392 9.28966519027839
5109 0 0.01 159877472.89943683 6.6848696014636 0.04814825580071664 9.18749595563035
5110 0 0.01 149497.24370820928 6.700430081699655 0.04206320977456327 9.187175232344924
5111 0 0.01 inf 6.660952590159292 0.051271134049331875 9.130030758514218
5112 0 0.01 154124.33238523002 6.8875387192890125 0.04366912148458564 9.051565025258471
5113 0 0.01 inf 6.8516250776242655 0.05496637556050421 9.297190648512341
5114 0 0.01 149308.98449392035 6.798542005879234 0.04771725645910318 9.167246713875945
5115 0 0.01 inf 6.729006797855514 0.05240303065403913 9.144310918464214
5116 0 0.01 inf 6.617555708795484 0.05314266355031829 9.189995274860836
5117 0 0.01 inf 6.762428577802188 0.05601835681268155 9.223707159833799
5118 0 0.01 inf 6.66889082633742 0.04647709600160334 9.209081848766195
5119 0 0.01 inf 6.745696453811784 0.045471047998247194 9.34080808687013
5120 0 0.01 inf 6.737720124221549 0.05245074310071504 9.053831065332371
5121 0 0.01 inf 6.704503154278521 0.04739438172525115 9.205792540501093
5122 0 0.01 inf 6.83661334748207 0.05479744616317385 9.198853837004222
5123 0 0.01 151717.81905217675 6.883165224109522 0.04505013972108725 9.144202153076963
5124 0 0.01 inf 6.709004597968511 0.04172871617583692 9.311272163213115
5125 0 0.01 240264861.34769943 6.677596478689171 0.04727815338497177 9.003780618753844
5126 0 0.01 149354.9156473176 6.702739955959253 0.045564325900738216 9.10782372509046
5127 0 0.01 149816.82594677137 6.738172861897314 0.04680142483508743 9.087111303605491
5128 0 0.01 inf 6.737316382617895 0.0403888923160954 9.204481731584263
5129 0 0.01 150007.91351650798 6.712055996225581 0.04560925039366383 9.06766907561785
5130 0 0.01 inf 6.702326382835184 0.053651506262919806 8.945499597464517
5131 0 0.01 inf 6.614465239241018 0.055824428907415465 9.191172902090058
5132 0 0.01 inf 6.688272633555725 0.0525483173454673 9.198793842730145
5133 0 0.01 2230732032.8360047 6.442388283938751 0.04144166133056307 9.107317245595633
5134 0 0.01 inf 6.615160684288488 0.0500041491751867 9.20165278341334
5135 0 0.01 inf 6.669827766412986 0.04666267827886071 9.214170319391028
5136 0 0.01 1447759711.1576302 6.550520254649178 0.04819927911787022 9.191695826855764
5137 0 0.01 inf 6.824062973168876 0.058148751590932024 9.095136417587801
5138 0 0.01 inf 6.785680047704767 0.04854323821328382 9.248303937558466
5139 0 0.01 inf 6.7229559778874854 0.0528432966937094 9.08080232092758
5140 0 0.01 55487372.70698365 6.694136685239549 0.044032432678153495 9.062659496150413
5141 0 0.01 150637.91537353082 6.807314469915863 0.044261193748325316 9.142962496268453
5142 0 0.01 inf 6.602586482187782 0.04853803609968157 9.228300895469053
5143 0 0.01 152983.92721853155 6.912238865857156 0.049586277632513005 9.082903912783756
5144 0 0.01 inf 6.658080414456525 0.05563946378494029 9.10867408007286
5145 0 0.01 inf 6.87912316076975 0.05061435063004195 9.188092277614095
5146 0 0.01 148028.5181829292 6.72657269388379 0.04862254649689972 9.178228886176443
5147 0 0.01 inf 6.540943146216432 0.053840965032435406 9.08636250181249
5148 0 0.01 148447.8898793506 6.73309004537977 0.0487717635213183 9.146902223078811
5149 0 0.01 972836192.2456236 6.605015384257989 0.044060394061473065 9.06103421087443
5150 0 0.01 inf 6.728487656229654 0.05138527226689765 9.32238532470264
5151 0 0.01 150471.43303655324 6.770258941906016 0.043692571616896776 9.12749953500337
5152 0 0.01 inf 6.851937317954059 0.055971936704054454 9.115685264892864
5153 0 0.01 151479.03636356603 6.762786732159785 0.042275979365683836 9.076240549734868
5154 0 0.01 150276.9759389595 6.732755841655948 0.04167557563803484 9.151432196893833
5155 0 0.01 inf 6.786245323808439 0.040741827394886354 9.21461113154449
5156 0 0.01 149782.33827461963 6.820844328737565 0.04768591335933898 9.15879764044096
5157 0 0.01 1058667186.1727461 6.595659492806098 0.04306457788415615 9.145709962437143
5158 0 0.01 519834712.3868283 6.651308372840742 0.04803677334398442 9.129371497932546
5159 0 0.01 inf 6.735381381922273 0.05100930246617182 9.034867382791884
5160 0 0.01 150291.35366598848 6.791071070166626 0.047470558868109886 9.101183893962055
5161 0 0.01 inf 6.798731903531636 0.03957677600960811 9.220542335320117
5162 0 0.01 inf 6.56372982289802 0.05123448394173522 9.176954077454829
5163 0 0.01 inf 6.806644747450147 0.04591665883111159 9.203059652349154
5164 0 0.01 151029.45721789254 6.877136550066821 0.04656282357153732 9.157130750303436
5165 0 0.01 517843287.4360175 6.651501526832639 0.045770551519989544 9.03752500726404
5166 0 0.01 inf 6.796451751969301 0.05110240933544746 9.409024560622523
5167 0 0.01 831288281.2507743 6.620017220022067 0.048325778504478445 9.140524475237287
5168 0 0.01 913950043.1017497 6.611319249050217 0.04964304121010201 9.193438055769441
5169 0 0.01 inf 6.48196475731019 0.05319420927904293 9.337395204210987
5170 0 0.01 inf 6.836259063000323 0.045908125142990946 9.236387393283659
5171 0 0.01 149375.9310483611 6.715800454113054 0.044708778321623815 9.138344777712943
5172 0 0.01 inf 6.740010772624133 0.050603348146709325 9.245109572705434
5173 0 0.01 inf 6.582452189748605 0.04721665752084143 9.236365006906539
5174 0 0.01 inf 6.626515884220107 0.04569111911852319 9.312797497072987
5175 0 0.01 inf 6.891665321400162 0.056383759182906064 9.073213295440159
5176 0 0.01 inf 6.692573679100645 0.04465698523537429 9.206275782291561
5177 0 0.01 inf 6.571240449362337 0.04899425761145606 9.318958477940274
5178 0 0.01 155504.48221553865 6.859833489262789 0.04168258664255222 8.984306407939853
5179 0 0.01 inf 6.687662736303096 0.050963512913076874 9.144405360263665
5180 0 0.01 538678009.2200536 6.649477920300647 0.0499271045436877 9.126741212674998
5181 0 0.01 inf 6.668947858193837 0.04067600953397116 9.275393728819138
5182 0 0.01 inf 6.611337210749911 0.05000973079999866 9.258917861242068
5183 0 0.01 151771.47647295988 6.7825699626256 0.03790341795801143 9.171351356720855
5184 0 0.01 151766.19429406666 6.766959939147401 0.038489718892154946 9.139222595995621
5185 0 0.01 inf 6.856543704732342 0.050878654986567066 9.179529072301188
5186 0 0.01 inf 6.56763661622148 0.04376580506073502 9.211929586843997
5187 0 0.01 inf 6.540507124935623 0.05087787128268751 9.05426047279919
5188 0 0.01 465774155.7313841 6.656517630105442 0.04576206124295343 8.936718226569134
5189 0 0.01 inf 6.697198263459208 0.04980195505953548 9.201066558393082
5190 0 0.01 155260.34228316383 6.822078165279686 0.04976757989534344 8.918889361040465
5191 0 0.01 735057390.6504555 6.629928488737715 0.04082729739786223 9.078729402831692
5192 0 0.01 inf 6.558022863169343 0.05141260282183735 9.22260060158782
5193 0 0.01 inf 6.7241492932873195 0.05491716934001731 9.22951187656495
5194 0 0.01 inf 6.5396512945994125 0.05637847822188411 9.014986659817662
5195 0 0.01 inf 6.699532704512478 0.05036045389149353 9.06693930829437
5196 0 0.01 741065965.295086 6.629316309984134 0.04663315594236104 8.910642764678585
5197 0 0.01 inf 6.811652805390548 0.05619534967721082 9.193933841716538
5198 0 0.01 inf 6.895996585490363 0.05086015152755439 9.166285749818575
5199 0 0.01 251154157.05570132 6.6766018319519205 0.045098812735694965 9.00996882202015
5200 0 0.01 inf 6.718057968821132 0.05436774119482695 9.089768194132738
5201 0 0.01 478654627.3172264 6.655282131203565 0.03925033818882434 9.141228446544817
5202 0 0.01 794792409.3405609 6.623802857311437 0.04964951856882444 8.96578175239704
5203 0 0.01 inf 6.885327324847651 0.05425907298994259 9.207687389683283
5204 0 0.01 149848.3163450563 6.7870918135662075 0.047850413891591205 9.118650792193822
5205 0 0.01 inf 6.570440339610473 0.0525559250277603 9.09652692438259
5206 0 0.01 inf 6.574623053931915 0.05033479214127057 9.103957466188634
5207 0 0.01 152045.70237204555 6.701324671344891 0.0453169165410213 8.942829864350813
5208 0 0.01 inf 6.8134747789068495 0.05096007402416587 9.070474837087266
5209 0 0.01 148352.47504592664 6.762755439616814 0.04863027799646289 9.186836269589866
5210 0 0.01 149952.9169799824 6.763711209372996 0.04623628204670377 9.112615198725937
5211 0 0.01 inf 6.723958758680974 0.05113101723371428 9.087060441190985
5212 0 0.01 inf 6.7145820317391225 0.05197702043362329 9.11058035393947
5213 0 0.01 150562.5459122306 6.733618131006562 0.04293308837743327 9.098970542381885
5214 0 0.01 905808693.6526718 6.612183765919383 0.0478005234700163 9.151352940905424
5215 0 0.01 638397314.8746282 6.639660733767237 0.049291371367904846 9.183547182103393
5216 0 0.01 inf 6.899028342342961 0.043323865474021714 9.234212749357088
5217 0 0.01 inf 6.836958265342634 0.060142718082102684 9.257400334795955
5218 0 0.01 inf 6.850044624828004 0.053887940005296044 9.256208428262768
5219 0 0.01 inf 6.702505554973064 0.053605164677606836 9.134616088541367
5220 0 0.01 inf 6.670975434527432 0.04796940228722429 9.249573622105114
5221 0 0.01 inf 6.701864363642569 0.04713916641407383 9.23844711001102
5222 0 0.01 153382.5905971563 6.733303628309354 0.037344523062992276 9.010117973731367
5223 0 0.01 inf 6.6624178638184 0.04952535990442476 9.214518683407146
5224 0 0.01 inf 6.776745505553389 0.06174968465424927 9.18922199295227
5225 0 0.01 inf 6.619080407037418 0.055963212439693356 9.104347855887026
5226 0 0.01 inf 6.777992153627239 0.05755479082824816 9.051943674340277
5227 0 0.01 310799924.6801213 6.6711126431474215 0.0416453781149668 9.13112610912782
5228 0 0.01 inf 6.5853786350171815 0.051602852985119047 9.111973075832083
5229 0 0.01 1044535408.9493967 6.59721378592744 0.04669980496564705 9.067537267618883
5230 0 0.01 inf 6.759459747912925 0.05587246067609052 9.215558009436895
5231 0 0.01 150875.27703594477 6.764069465559424 0.048094212550956035 9.035429680104649
5232 0 0.01 654859231.3912627 6.638018621476283 0.04936305778221198 9.095166260240422
5233 0 0.01 851604482.8219256 6.617895608695704 0.048823538452218276 9.104483998682234
5234 0 0.01 112710438.68432553 6.689081331837997 0.04514001005598898 9.1137791152206
5235 0 0.01 inf 6.4763848658789085 0.061188208448701445 9.341993369185388
5236 0 0.01 152497.1693286959 6.823878004187811 0.04350206507397746 9.062418196734898
5237 0 0.01 inf 6.595099211988374 0.06110792332919703 9.137313116717639
5238 0 0.01 inf 6.813915978765953 0.057952307578641 9.221145212551656
5239 0 0.01 inf 6.65903560580098 0.054925506593390155 9.3245390595554
5240 0 0.01 inf 6.86688887477217 0.05043633852804582 9.095772750254815
5241 0 0.01 888345628.3097692 6.614032193484644 0.045862255735866275 9.193857313686584
5242 0 0.01 150924.28536964045 6.831281957315457 0.044831305563638575 9.139812289449102
5243 0 0.01 inf 6.655732901276423 0.04555476252915805 9.290479063458564
5244 0 0.01 inf 6.775980880917346 0.04568395791673731 9.2013014208806
5245 0 0.01 inf 6.770009057486502 0.050903209021570174 9.29394709870401
5246 0 0.01 inf 6.660829828670957 0.043626394821017135 9.275492831076223
5247 0 0.01 inf 6.6266349590938 0.05381612568714231 9.24317880037131
5248 0 0.01 inf 6.79725003764022 0.05086672316944495 8.981095223205187
5249 0 0.01 inf 6.829603854148182 0.0550871541659931 9.193266733539183
5250 0 0.01 148917.45691908133 6.725631819149461 0.04710291631055759 9.134362072704034
5251 0 0.01 inf 6.540006920532169 0.05654983816266617 9.208284982765518
5252 0 0.01 inf 6.6270171062927785 0.044507275001761486 9.373139390833984
5253 0 0.01 149059.03251399123 6.713204184626965 0.04357262038114241 9.197952494237276
5254 0 0.01 1194012223.3698242 6.580484657565382 0.036375951375132116 9.082889766419106
5255 0 0.01 inf 6.91622000130798 0.04802523198295516 9.263885189851777
5256 0 0.01 inf 6.6516809468239755 0.05292898984671362 9.311932620067662
5257 0 0.01 inf 6.794238841083148 0.04612311398060946 9.301774409683809
5258 0 0.01 inf 6.676852772227621 0.05206772356198003 9.229455064590173
5259 0 0.01 inf 6.641817028764927 0.04762607814398587 9.291878203953821
5260 0 0.01 899920423.104937 6.612808144916768 0.04059196520243785 9.130801840209198
5261 0 0.01 148281.42500741163 6.705553377968184 0.04822585058109367 9.143752681954846
5262 0 0.01 inf 6.691414541445276 0.05529299849432885 9.287351278081097
5263 0 0.01 350456201.1209981 6.667424384389544 0.045012617067571245 9.011321237280399
5264 0 0.01 inf 6.8002219053749595 0.048291006965365674 9.205153069438929
5265 0 0.01 inf 6.660653003077837 0.04836634631342484 9.267905257925213
5266 0 0.01 inf 6.874022121571694 0.057566032041056946 9.078890410677886
5267 0 0.01 381315070.6873167 6.664532341625652 0.044606247395167525 9.130652108392042
5268 0 0.01 1674428998.5891256 6.521885345763906 0.04884554885436077 9.156855918175795
5269 0 0.01 1196972575.3729873 6.5801462931496175 0.0461327049710912 9.177743867209026
5270 0 0.01 inf 6.749997601438606 0.05446596966179213 9.034166504889301
5271 0 0.01 inf 6.669564249753078 0.045528757300365014 9.222046549664624
5272 0 0.01 inf 6.587397780235428 0.056711027926566876 9.167814015859618
5273 0 0.01 inf 6.80983066879261 0.054504576904116545 9.090797466546935
5274 0 0.01 inf 6.741305110368669 0.04184032794922226 9.201357002088523
5275 0 0.01 151275.46640249898 6.856412069733094 0.046678679818652466 9.122187594181373
5276 0 0.01 352435169.4876342 6.667239394461835 0.047167772313399234 9.05636321606663
5277 0 0.01 151013.28071123417 6.724920298221776 0.03853821258054035 9.169254928674949
5278 0 0.01 inf 6.8870752872038095 0.04861054221333825 9.302267572040279
5279 0 0.01 inf 6.653902350363505 0.05127696108956212 9.207597590709721
5280 0 0.01 1141470690.2764084 6.586438404208174 0.04742578136720335 9.125389636718266
5281 0 0.01 866610168.1072001 6.61632201405291 0.043771960041185304 9.109364049595724
5282 0 0.01 inf 6.753506179341412 0.05126878865753358 9.177900698684011
5283 0 0.01 inf 6.635328145070032 0.049867962436156224 9.296146115558122
5284 0 0.01 inf 6.763266060792029 0.05547763239234024 9.177094132235235
5285 0 0.01 150244.65185428102 6.822485698025081 0.04943989695104948 9.11265383567219
5286 0 0.01 inf 6.499687781418872 0.050066732625957885 9.052698105078434
5287 0 0.01 inf 6.775091088613739 0.047929702740785216 9.215052105364144
5288 0 0.01 inf 6.6327637266977515 0.058014456549194446 9.267010337883574
5289 0 0.01 inf 6.697958926400413 0.04104718553151629 9.215626119038216
5290 0 0.01 inf 6.614470571691643 0.04593812018487837 9.282081028581384
5291 0 0.01 inf 6.772345131038374 0.05200600062544635 9.083592168695198
5292 0 0.01 inf 6.705238442574372 0.05629034330174492 9.168635952823903
5293 0 0.01 356780890.8458837 6.666833008580662 0.04891961197031865 9.126110523268364
5294 0 0.01 inf 6.823256643528627 0.05205305812946775 9.353471720661362
5295 0 0.01 inf 6.667100149171946 0.04007619911188342 9.265499128870376
5296 0 0.01 inf 6.71938250926803 0.051072218503682584 9.115552737286595
5297 0 0.01 150339.47749114985 6.784957035461249 0.04512282767568733 9.126221852409344
5298 0 0.01 inf 6.63470579865354 0.05709589367678785 9.2664015882658
5299 0 0.01 149402.1077817885 6.725445515567497 0.049862578453079696 9.057909850686912
5300 0 0.01 inf 6.64825264253027 0.05306959958956941 9.085809295036766
5301 0 0.01 835745653.8031577 6.619552757424442 0.04360857837496971 9.142914783316225
5302 0 0.01 965094116.6220013 6.605849540246119 0.0407713673763131 9.096711182667587
5303 0 0.01 837175327.5668154 6.619403562679404 0.04737879491575159 9.1012202631184
5304 0 0.01 974541114.9196942 6.604831415387751 0.04768977372803271 9.03634651213164
5305 0 0.01 906558761.9581236 6.6121042837509 0.0446984200939719 9.159857371915516
5306 0 0.01 149379.96286904896 6.737290995105153 0.04346963316604825 9.191770585792796
5307 0 0.01 inf 6.7457202023708955 0.058953683914941726 8.987137935795749
5308 0 0.01 inf 6.6285846592822715 0.055368412346054004 9.1026882989917
5309 0 0.01 149295.93447226888 6.726591337013156 0.043390971498549265 9.19187195733716
5310 0 0.01 inf 6.768399459984818 0.03582937114648218 9.47149538628825
5311 0 0.01 148250.11055337812 6.702709972685074 0.046428628113973594 9.187533954558432
5312 0 0.01 inf 6.733180943726378 0.05361016826604419 9.083820307985972
5313 0 0.01 151563.40253781152 6.795613584872542 0.04591795573450432 9.054904588723096
5314 0 0.01 inf 6.812633760586911 0.04599595949960431 9.313011086208437
5315 0 0.01 149159.92267844625 6.699133631887042 0.04705987124604931 9.09002778328875
5316 0 0.01 inf 6.7391689012063924 0.047826875691336264 9.225629582810578
5317 0 0.01 inf 6.7640928069948085 0.04678574261488271 9.340756384640224
5318 0 0.01 inf 6.6599596092275615 0.059807535065820316 8.959901753285427
5319 0 0.01 inf 6.739442408405793 0.05745597123602585 9.206794601956693
5320 0 0.01 inf 6.814106814211467 0.05733451294088347 9.134303389573864
5321 0 0.01 inf 6.529919852021316 0.042721582547744524 9.408352809495465
5322 0 0.01 inf 6.661743008884494 0.05519314322399554 9.27721004445167
5323 0 0.01 1028760165.2516584 6.598942211401191 0.0480225172412908 9.156667499542689
5324 0 0.01 inf 6.520888996266749 0.05212229855812612 9.076761951775794
5325 0 0.01 151720.86829660137 6.843484452888436 0.04245716281523723 9.138791180052786
5326 0 0.01 152899.73016913614 6.77361633593927 0.045395527369115514 8.975186860779477
5327 0 0.01 inf 6.71050016575206 0.05751761057232677 9.24365811365919
5328 0 0.01 inf 6.834324668727902 0.05007596813122722 9.292045440424724
5329 0 0.01 inf 6.823732665080029 0.045151451740968976 9.265020860584075
5330 0 0.01 858609788.837319 6.61716168316661 0.04841335809619821 9.06706123903137
5331 0 0.01 1248169591.414113 6.574260337321423 0.04468955244496828 9.142531919974298
5332 0 0.01 inf 6.486112639789539 0.060217064397597 9.142898977589606
5333 0 0.01 inf 6.657271463071032 0.042236187340707984 9.28270600546334
5334 0 0.01 1752438598.225445 6.5115772736355915 0.041152058307727 9.145670531635021
5335 0 0.01 inf 6.654113747185368 0.05044353022914682 8.954958011996961
5336 0 0.01 1064849485.3020996 6.594977819783315 0.040779219818202365 9.17480540946294
5337 0 0.01 inf 6.712961124023943 0.04910829897226381 9.257904515524936
5338 0 0.01 inf 6.907094942863135 0.053371075066786615 9.206997535214311
5339 0 0.01 inf 6.604462926079961 0.058588602234807954 9.305768392928462
5340 0 0.01 1182670050.9702156 6.581776604948057 0.04641900431472668 9.033050062960578
5341 0 0.01 inf 6.63771912459206 0.05089801289371696 9.309243588844133
5342 0 0.01 inf 6.863419512209893 0.05021028831894521 9.050337778964694
5343 0 0.01 431462255.18208814 6.659791221037758 0.04807488843721373 9.199210505915442
5344 0 0.01 150239.1613417684 6.707716267810771 0.04072276471747681 9.158752188456662
5345 0 0.01 227946477.71833605 6.6787188720735875 0.04560568547927262 9.107068397578184
5346 0 0.01 inf 6.572633762112729 0.054637108225867495 8.99722628644947
5347 0 0.01 295968532.0440881 6.672484077294559 0.04801341257474157 8.985991976500596
5348 0 0.01 inf 6.810107556420267 0.05277308131951262 9.307805457522571
5349 0 0.01 inf 6.754860609014575 0.05133513362983985 9.188729927804077
5350 0 0.01 439373253.9588166 6.659038553658994 0.049870199084728395 9.152812348526922
5351 0 0.01 1298415976.4656177 6.568404938524525 0.047334051301261504 9.088303691303961
5352 0 0.01 inf 6.783789565085465 0.047679017113164815 9.291783633865883
5353 0 0.01 598348662.7336848 6.643630149707396 0.048650788470334015 9.192916970215672
5354 0 0.01 inf 6.757109948662739 0.05091390404884284 9.237290401513867
5355 0 0.01 inf 6.7450261133678255 0.05542835314687439 9.254256642813814
5356 0 0.01 1330306673.474165 6.564647153132303 0.04810218259042216 9.161989322261771
5357 0 0.01 149511.19547882385 6.744966005475138 0.04366581933315461 9.181444569887159
5358 0 0.01 1184312717.1819317 6.581589711397087 0.04200115717305434 9.166315589936874
5359 0 0.01 565300948.0502961 6.646878919093442 0.04102944029233708 9.037543742096801
5360 0 0.01 inf 6.640384998171699 0.04653608073354134 9.281905487316575
5361 0 0.01 838809138.0385351 6.619233148810644 0.04346670118572323 9.158858058303876
5362 0 0.01 inf 6.793819402750631 0.04737728427258958 9.340927238650465
5363 0 0.01 inf 6.869361103015988 0.04012050223436045 9.233013408949436
5364 0 0.01 839977390.4540815 6.619111359624926 0.04252185206147168 9.03261331223347
5365 0 0.01 inf 6.6670560888787485 0.053782148552788095 9.112841515235061
5366 0 0.01 inf 6.6551725875152306 0.05160067523415264 9.081492781441778
5367 0 0.01 276647371.81899214 6.67426422125899 0.04325091764064536 9.026851334377994
5368 0 0.01 inf 6.603205421148421 0.05938047801527505 9.199438928847412
5369 0 0.01 inf 6.5700801833912585 0.04940855754609633 9.314867398855567
5370 0 0.01 inf 6.754902464087149 0.053213777218561006 9.28014989400069
5371 0 0.01 inf 6.611169306148733 0.04403477212708307 9.315691476377488
5372 0 0.01 149408.99860738803 6.761904608947212 0.049754916459675745 9.095288437611133
5373 0 0.01 inf 6.597548495038669 0.04883353885977155 9.273020950839486
5374 0 0.01 1843008903.8864837 6.499293522565697 0.04890395889563538 9.104872510834495
5375 0 0.01 83663606.67993285 6.69165477523411 0.04521388665907272 9.113320357418441
5376 0 0.01 inf 6.7601486328046 0.05412911674738309 9.184921521173377
5377 0 0.01 inf 6.729896902370296 0.05217605005153373 9.199459125529895
5378 0 0.01 150715.7435370841 6.780270220521714 0.042574167556215174 9.141394938798989
5379 0 0.01 inf 6.672156362621856 0.05066772227252981 9.054021778993423
5380 0 0.01 217917554.71836933 6.67963065839903 0.04507556805144583 9.064120172012094
5381 0 0.01 inf 6.727810711477974 0.04894832733113703 9.23616539258397
5382 0 0.01 inf 6.5883112022756825 0.05477087520479499 9.079566920571223
5383 0 0.01 inf 6.509432606291823 0.050829683081353154 9.170879356563745
5384 0 0.01 inf 6.820781627449304 0.05720557375371416 9.352900611876878
5385 0 0.01 203342999.1339408 6.680952191346918 0.04378406260410539 9.12405525144586
5386 0 0.01 153507.8573672765 6.789525354070309 0.04727630529605061 8.953716877915575
5387 0 0.01 150973.72853322513 6.80358584435768 0.04273267907459365 9.143037316866572
5388 0 0.01 151219.2537443019 6.7945835671436035 0.04465934559917889 9.088004055429646
5389 0 0.01 152629.6364703743 6.890831155864942 0.04478018041454675 9.109843681886996
5390 0 0.01 inf 6.697170676808709 0.05582965044794959 9.116635779332865
5391 0 0.01 inf 6.593807978042306 0.056290023841982305 8.933873411807415
5392 0 0.01 inf 6.6895429015376005 0.04841833911806788 9.341662676110408
5393 0 0.01 inf 6.660142635208433 0.05011687622213531 9.024338348103667
5394 0 0.01 inf 6.421580515708496 0.04461596048711632 9.320598007446025
5395 0 0.01 inf 6.817598108416443 0.05691705646148573 9.10719804663726
5396 0 0.01 876779088.9379542 6.615252206876728 0.04621541695094805 9.118008423097375
5397 0 0.01 inf 6.678493186651623 0.04293652638346521 9.369581258632492
5398 0 0.01 inf 6.716192821403335 0.053364890280874336 9.318328428492357
5399 0 0.01 inf 6.723171926733174 0.051714753960863086 9.236596433331936
5400 0 0.01 inf 6.673602011148398 0.0489747617980621 9.250501800704232
5401 0 0.01 inf 6.781987101981939 0.04175729880828676 9.213602769284684
5402 0 0.01 152126.9387865407 6.898899901583616 0.04172340150148812 9.180699129628229
5403 0 0.01 148914.2666196187 6.731695144362403 0.045477075973229766 9.176965496534049
5404 0 0.01 150193.63833148516 6.764503887141726 0.04498210058191717 9.118084664908865
5405 0 0.01 inf 6.644698398228384 0.06012301816381743 9.286383451012487
5406 0 0.01 inf 6.559465864389381 0.05502038481761747 9.14642432042502
5407 0 0.01 150620.11943730898 6.757680823960051 0.04686785037757816 9.056580769271612
5408 0 0.01 inf 6.810278558659456 0.04334901097211519 9.211847828171468
5409 0 0.01 inf 6.5520836519662895 0.05493588515781636 9.273224810019892
5410 0 0.01 inf 6.737554792804315 0.05265348048033795 9.214972769012723
5411 0 0.01 inf 6.711637432856117 0.0473118063258878 9.41646945170679
5412 0 0.01 inf 6.650051084240794 0.05208905057364694 9.246433911323239
5413 0 0.01 614289182.4041373 6.642054588506428 0.049628441885620475 9.128442385473297
5414 0 0.01 867728177.9437702 6.616204304795655 0.049058231223006864 9.193393042569507
5415 0 0.01 inf 6.743332142052774 0.04827053145196036 9.215617537969251
5416 0 0.01 149996.59057577918 6.80061175843586 0.048978480089923976 9.109277949425726
5417 0 0.01 594849792.3341424 6.643975389684988 0.044271593823544515 9.13654914420345
5418 0 0.01 inf 6.806802343273362 0.04363943387371956 9.214967335669854
5419 0 0.01 inf 6.934871507511689 0.054440367963117776 9.102787390707011
5420 0 0.01 inf 6.891426074609055 0.05036556446645581 9.18067495090901
5421 0 0.01 inf 6.831866773529889 0.05181333182232523 9.151285041520035
5422 0 0.01 149328.64048112306 6.742782243337533 0.04859008667196405 9.09682319078924
5423 0 0.01 956118734.3903654 6.606814356565753 0.045408727992831945 9.08230983116755
5424 0 0.01 151841.16147135 6.714380828507554 0.049655532220494354 8.928631107342248
5425 0 0.01 150735.84012516448 6.749862373733965 0.041784387374634684 9.126416374490333
5426 0 0.01 inf 6.779705546958019 0.05043118641453908 9.161037121275061
5427 0 0.01 inf 6.764625111900914 0.0484609815783911 9.39375751017019
5428 0 0.01 inf 6.564549297873417 0.04962573237754538 9.2369457355748
5429 0 0.01 inf 6.611421150702499 0.052351186228015385 9.154870453348927
5430 0 0.01 inf 6.8046107084378695 0.05250344333137277 9.309760018312616
5431 0 0.01 inf 6.628114205550177 0.04230950030929039 9.214534307885039
5432 0 0.01 inf 6.615239426664473 0.05241381352761756 9.02799637147583
5433 0 0.01 inf 6.732580194961985 0.05240829623676832 9.253254675996436
5434 0 0.01 inf 6.739536483570018 0.04567122559266922 9.241651298309923
5435 0 0.01 inf 6.674843162728734 0.04714599086909114 9.258295279293801
5436 0 0.01 inf 6.719727657623181 0.05119075989700942 9.20811143601289
5437 0 0.01 inf 6.684325579765103 0.05900914391170692 9.111420480396896
5438 0 0.01 inf 6.631747586548213 0.05635139087031931 9.094405509469578
5439 0 0.01 inf 6.687376522022824 0.058747407269094325 9.043867854418707
5440 0 0.01 151880.45337833936 6.86585283111125 0.04774816512922074 9.092731653406329
5441 0 0.01 inf 6.634414165028673 0.05540390721809479 9.187234909816059
5442 0 0.01 inf 6.6611228233458455 0.05643975476777603 8.976480495216261
5443 0 0.01 inf 6.976533741186247 0.05630266354241175 9.26666478625328
5444 0 0.01 586156579.6780251 6.644831652839564 0.045757036281899796 9.018982519788464
5445 0 0.01 inf 6.678994864309485 0.04694759937933884 9.20007098851197
5446 0 0.01 inf 6.7738281206926185 0.050398038694502184 9.113200654924436
5447 0 0.01 1003643013.6148127 6.6016803104339825 0.046826680118546064 9.154078214010125
5448 0 0.01 inf 6.71161212381698 0.05441697763401949 9.196550181217647
5449 0 0.01 inf 6.64727245234414 0.05385103061063615 9.134848967357986
5450 0 0.01 146748943.86592132 6.686046135644169 0.04591247008488807 9.072730520503606
5451 0 0.01 149339.1369716727 6.753032639524462 0.04663619538209468 9.138347633909094
5452 0 0.01 inf 6.732458338916745 0.05266003532148354 9.164513139524104
5453 0 0.01 inf 6.784724826215571 0.0589313039405535 9.020283102132302
5454 0 0.01 inf 6.582066128784031 0.05157418453969272 9.22061450027371
5455 0 0.01 148405.1196826657 6.745281762077573 0.04796339962916776 9.17848614412422
5456 0 0.01 992877512.8677987 6.602848770018372 0.04356330339000126 9.090599693855363
5457 0 0.01 inf 6.619818192369081 0.051499901277458855 9.310523374360981
5458 0 0.01 150825.00998324537 6.771395552593009 0.0481010084887179 9.045243455679188
5459 0 0.01 179103456.33556288 6.683141452033424 0.04002523432196847 9.04555747162754
5460 0 0.01 297666094.7782552 6.672327347874071 0.04150966144172763 9.091032949967873
5461 0 0.01 inf 6.69332332435862 0.04465233507880254 9.209401246043074
5462 0 0.01 inf 6.7395404388692555 0.058703648927837596 9.298505102957408
5463 0 0.01 inf 6.690007595625941 0.05140841876925954 9.364994978586164
5464 0 0.01 148605.33973428217 6.7136740363023835 0.04686156844640274 9.15361816232497
5465 0 0.01 149583.2905615537 6.7725574622742535 0.04764232835387799 9.123940947307185
5466 0 0.01 inf 6.7091483803572585 0.04881798730133144 9.310880206100839
5467 0 0.01 inf 6.726191322505955 0.05029852844308519 9.223530602103674
5468 0 0.01 63342624.49052491 6.693446230344949 0.04404550796509491 9.038976881806501
5469 0 0.01 154343.90645552496 6.995847883413014 0.04354766111786822 9.152047277490635
5470 0 0.01 622285561.6088938 6.641262160224122 0.04588414751489165 9.116156689857299
5471 0 0.01 inf 6.678039706005094 0.054322842977337464 8.999329119890868
5472 0 0.01 inf 6.8067269195548175 0.0584225413655247 9.137546354360586
5473 0 0.01 inf 6.642621534180819 0.054887114276157625 9.071211868020038
5474 0 0.01 816973426.3242196 6.6215063820107005 0.03959285021807283 8.965063501891237
5475 0 0.01 inf 6.621268503645202 0.04983059775803285 9.24167629215855
5476 0 0.01 inf 6.864063552102758 0.04722155131818089 9.220970655931476
5477 0 0.01 inf 6.713964670183603 0.04853945835597159 9.226021178646924
5478 0 0.01 148821.16974155023 6.701519860835809 0.049337015370899774 9.078334300730843
5479 0 0.01 inf 6.56843911725752 0.055325394312562545 8.991628004020702
5480 0 0.01 inf 6.661851028472802 0.04084388777560634 9.230815370412383
5481 0 0.01 637532942.0547997 6.6397469529816195 0.046096105066203034 9.099560250707784
5482 0 0.01 inf 6.844568189374011 0.04945612946870238 9.254332248287977
5483 0 0.01 150438.5502092685 6.862372548710608 0.04653078267797645 9.176232557752884
5484 0 0.01 inf 6.582272821607517 0.0495211363583842 9.372328443884339
5485 0 0.01 151216.17869865487 6.828539115288401 0.04456217092113877 9.123483226862875
5486 0 0.01 inf 6.524259791550636 0.0581370903957623 8.993301641454346
5487 0 0.01 inf 6.652940577562925 0.050068333421100335 8.947766318202593
5488 0 0.01 inf 6.805929102507609 0.046898050098910564 9.257637501389276
5489 0 0.01 inf 6.748707901204508 0.04158628399572244 9.222426280768175
5490 0 0.01 2396309861.5134673 6.41561401664069 0.042205931256646165 9.110285474858319
5491 0 0.01 inf 6.638181636317008 0.05221880411926847 9.181883945142685
5492 0 0.01 150980.19632587535 6.739457160403647 0.04191140603848993 9.09432087073184
5493 0 0.01 inf 6.808574542927459 0.05050742510195747 9.122517310013919
5494 0 0.01 inf 6.702936576465761 0.04541537725930822 9.32358471574647
5495 0 0.01 inf 7.021925036127327 0.05120493549371866 9.193869548072366
5496 0 0.01 inf 6.545588742931435 0.054467965149467605 9.175431356433227
5497 0 0.01 inf 6.641543737074043 0.050340119015404 9.034086151187315
5498 0 0.01 150190.23978487257 6.749667140333061 0.043674405461673206 9.128270443432521
5499 0 0.01 inf 6.567089689860928 0.05001552204403119 8.981141215249954
5500 0 0.01 inf 6.79664469693237 0.03969132201738956 9.216580629368025
5501 0 0.01 151599.05160919554 6.748275344541064 0.04211929462495174 9.056568221342824
5502 0 0.01 152572.53369126623 6.812010843378784 0.046392097618788354 9.019611694132452
5503 0 0.01 442890481.77286696 6.6587035786360875 0.04555391723250505 9.188962055478155
5504 0 0.01 inf 6.780757315174238 0.05159211829286694 9.21477761207611
5505 0 0.01 inf 6.541550288732694 0.05111562629875471 9.226531370127217
5506 0 0.01 1028001181.9772707 6.599025260340613 0.04785366874610231 9.100862883004885
5507 0 0.01 inf 6.680827803469377 0.056217789516842955 9.127965238230752
5508 0 0.01 inf 6.719940023456671 0.04595565799845295 9.296290056437735
5509 0 0.01 inf 6.6932358247279495 0.04360088487749867 9.204348701551169
5510 0 0.01 2314797369.506376 6.429001304574868 0.03730054476145949 9.187192479963574
5511 0 0.01 854067851.3893367 6.617637833772398 0.041540418464066406 9.145169085867824
5512 0 0.01 inf 6.750834399209049 0.0504881887200757 9.030971210766987
5513 0 0.01 inf 6.805042802126179 0.050886278421567815 9.15688466026962
5514 0 0.01 inf 6.655097650035451 0.04238629668723769 9.227301041023317
5515 0 0.01 inf 6.749041366378373 0.050102851895597864 9.097056717028831
5516 0 0.01 153535.89097165543 6.857485855036682 0.03543329830283637 9.166234420766049
5517 0 0.01 inf 6.65929054936417 0.05173723237239893 9.088972808808975
5518 0 0.01 inf 6.646768550926239 0.05422832574475256 9.188162423261186
5519 0 0.01 inf 6.656739943944155 0.05456419016345049 9.354169803708137
5520 0 0.01 899195448.5521762 6.612884736438081 0.047833037555305234 9.09301216357852
5521 0 0.01 inf 6.627782759447314 0.04592931170571184 9.246276175845253
5522 0 0.01 inf 6.664952387375476 0.05408414172664986 9.142593917879001
5523 0 0.01 inf 6.57037436751693 0.05980659214535776 9.159263826876744
5524 0 0.01 inf 6.492206146822505 0.05824410489318879 9.237650827265494
5525 0 0.01 545261987.1280142 6.648836836689445 0.043667907048876055 9.006891560623393
5526 0 0.01 151512.66174467173 6.856213056754028 0.04769560458582479 9.100327936622909
5527 0 0.01 inf 6.650121660158792 0.05144689158701742 9.090284658711507
5528 0 0.01 151293.08324467245 6.799358924562349 0.041027669505774765 9.149092562746262
5529 0 0.01 150848.9414049352 6.75287485595509 0.04396344386415331 9.079531040205197
5530 0 0.01 149999.32048004022 6.716713201795562 0.04595401847897989 9.067117065194122
5531 0 0.01 844827391.9310219 6.618604631938077 0.04509075182621003 9.075182938148483
5532 0 0.01 151121.61523889715 6.783315375868768 0.043339084096201706 9.102431739178709
5533 0 0.01 inf 6.693011889667835 0.051537630266389876 9.137716049374642
5534 0 0.01 inf 6.8527776881910425 0.054386362657839714 9.09471928699158
5535 0 0.01 1243676289.6098192 6.574780118181113 0.04720356308502708 9.067836199744477
5536 0 0.01 150344.95448915465 6.718070219333694 0.04196283291117074 9.123179987180505
5537 0 0.01 inf 6.702510621007529 0.05725021386325367 9.382051376326585
5538 0 0.01 inf 6.597497073949346 0.050694249916987795 9.18559294672737
5539 0 0.01 1308091471.1621864 6.567268359620129 0.04337099273383835 9.187958597745768
5540 0 0.01 676402192.2610761 6.63586015020002 0.04577270316670698 9.174074753675729
5541 0 0.01 153928.43866460034 6.786515156826753 0.045298381465685135 8.94702013302165
5542 0 0.01 inf 6.5084057728415425 0.05816550731635862 9.033177632132894
5543 0 0.01 149042.68869436858 6.732650549210448 0.04594367379515463 9.155422132422496
5544 0 0.01 inf 6.641355498884572 0.05036769702514157 9.251992281361169
5545 0 0.01 inf 6.6985259589731925 0.045886498394973586 9.21479806000884
5546 0 0.01 146308501.32900646 6.68608548930025 0.04646355034581838 9.112039913224654
5547 0 0.01 inf 6.604600363557372 0.04905318506010846 9.201490118680184
5548 0 0.01 inf 6.614639519434614 0.05070993579417313 9.133657465752611
5549 0 0.01 inf 6.789420594537486 0.05303361016070162 9.030911685849372
5550 0 0.01 148553.85514714284 6.7271370095720195 0.048338920393441544 9.140737392314731
5551 0 0.01 inf 6.6974262128646584 0.04537205230522516 9.239464410897236
5552 0 0.01 inf 6.580854685522887 0.051804268223721764 9.269262071534108
5553 0 0.01 inf 6.568037034802324 0.05008409869969914 9.151466682899377
5554 0 0.01 150430.18638460303 6.7711533547198375 0.04271413261885885 9.151405747467896
5555 0 0.01 inf 6.648795159860263 0.05826826489180109 9.261333952702307
5556 0 0.01 inf 6.756148865389115 0.05240021597633572 8.980721663688028
5557 0 0.01 46833536.84571241 6.694896175982799 0.04365646078149692 9.00748195151657
5558 0 0.01 inf 6.7167263493756835 0.05525938435230257 9.2017192964766
5559 0 0.01 1277844438.3700306 6.570811695353988 0.048941070281621965 9.096012574003577
5560 0 0.01 inf 6.76077003326878 0.045122728862611386 9.20680235762236
5561 0 0.01 153232.33935712915 6.921123196500316 0.0411350979129916 9.14964528305248
5562 0 0.01 inf 6.745083456030451 0.052735929511432515 9.160909371205815
5563 0 0.01 inf 6.728548261626599 0.04610533646230666 9.257940144563047
5564 0 0.01 inf 6.562131322492658 0.046983991928692154 9.246045628995978
5565 0 0.01 830466419.460189 6.620103130455398 0.039740770778466966 9.100759313138147
5566 0 0.01 150419.69857120345 6.727155478206679 0.041463673062435966 9.138509373148981
5567 0 0.01 inf 6.729517308076272 0.047824509279232714 9.261399957682285
5568 0 0.01 inf 6.725610791442663 0.051130470152990125 9.124187221349912
5569 0 0.01 inf 6.697995031133244 0.052198565919247576 9.233345676618962
5570 0 0.01 1383782818.6858041 6.558272405955606 0.04172763080374488 9.118166283016098
5571 0 0.01 inf 6.660792408724236 0.048333158143674115 9.253307680801456
5572 0 0.01 903015278.079184 6.6124801060766405 0.045484069177629136 9.07874419486978
5573 0 0.01 inf 6.663833763479406 0.053464669250747665 9.182289343331274
5574 0 0.01 inf 6.86179378718353 0.0504340506870764 9.204186497300613
5575 0 0.01 inf 6.816604771482812 0.05116509059761361 9.131763462804619
5576 0 0.01 153324.0222791803 6.867053282412748 0.041304734163808504 9.08889313297336
5577 0 0.01 inf 6.688634670164806 0.046796558885354105 9.203171379062416
5578 0 0.01 259513029.13650408 6.675836603828347 0.04743540329151116 9.074874655503931
5579 0 0.01 148578.30984477085 6.757676485235737 0.04706451659291863 9.195402582428647
5580 0 0.01 inf 6.72380545910624 0.05265925588370598 8.974299432463368
5581 0 0.01 151721.5567879529 6.825042450246533 0.04018025814586734 9.160673054094733
5582 0 0.01 inf 6.737589233078967 0.05471897230864086 9.157914777209253
5583 0 0.01 inf 6.619350904423668 0.04478270028105609 9.24512187870278
5584 0 0.01 485788424.3066035 6.654596379857855 0.04464636094689307 8.99933684205886
5585 0 0.01 inf 6.7250125611758165 0.04928365584971901 9.313922181768225
5586 0 0.01 398917535.8960642 6.662873994459754 0.048390642230162165 9.114716295761468
5587 0 0.01 151273.5744028457 6.84941600289046 0.04858486907147654 9.096846628152248
5588 0 0.01 inf 6.687559354757092 0.05576727433360137 8.949382792621073
5589 0 0.01 150827.84414580904 6.710745178756255 0.03884343487681208 9.164338451978384
5590 0 0.01 inf 6.729478467415464 0.05358279518661904 9.242176915875653
5591 0 0.01 inf 6.817886007962115 0.05456372598250524 9.282060825265514
5592 0 0.01 inf 6.766900196516374 0.036857753268171395 9.266256764684995
5593 0 0.01 149762.60825471743 6.7234008869168065 0.042729261246372295 9.161481435618553
5594 0 0.01 931196917.6384722 6.609482372803403 0.04789148678344884 9.182252399223522
5595 0 0.01 inf 6.710812319351364 0.047262142125711455 9.35198108808242
5596 0 0.01 inf 6.895563610445691 0.04351324993502248 9.245105923765582
5597 0 0.01 inf 6.812377584281765 0.0519213569974782 9.059839819715247
5598 0 0.01 inf 6.668976218868931 0.05596926445968592 9.394332836845324
5599 0 0.01 151407.74532053815 6.795697250574413 0.048917061053707606 9.034165620849356
5600 0 0.01 inf 6.7827425129159655 0.047623687413957116 9.203230530310758
5601 0 0.01 149141.62106375405 6.713029070486075 0.04432841657856742 9.166825477005116
5602 0 0.01 inf 6.823890892893454 0.05069682145330677 9.194509386782682
5603 0 0.01 inf 6.789283429049316 0.04420485028051063 9.242890396170113
5604 0 0.01 inf 6.74037811421626 0.050343124784985614 9.18064522920245
5605 0 0.01 inf 6.810365686355984 0.050388649546942485 9.31084883733263
5606 0 0.01 inf 6.910908156758877 0.05695690841630024 9.169494176693224
5607 0 0.01 inf 6.747775229138862 0.051805358401029775 9.23830071646967
5608 0 0.01 inf 6.807614814558572 0.05319783869308458 9.354079129421205
5609 0 0.01 150644.44765789047 6.764378992044708 0.04198522945326749 9.143739299865032
5610 0 0.01 inf 6.698360861636377 0.05300824536887316 9.09906444843974
5611 0 0.01 151031.76528328515 6.741877388704855 0.04948638741618023 8.992799811879527
5612 0 0.01 150547.31224216108 6.781453404425445 0.045136423423568564 9.108908570445431
5613 0 0.01 1188351236.2502747 6.581129748169209 0.04383634991109996 9.184930130490173
5614 0 0.01 inf 6.638397504131953 0.049953971105971176 9.207614299333853
5615 0 0.01 150141.73221319934 6.7158579158978915 0.044276627152408196 9.086074988069843
5616 0 0.01 inf 6.558836216963195 0.0517514187058998 9.127667330872182
5617 0 0.01 477642389.73917437 6.655379107094772 0.04818420141151302 9.126638793463677
5618 0 0.01 150103.585398048 6.82212890362948 0.04812233704349883 9.134941165010973
5619 0 0.01 inf 6.746926632234427 0.054410311367307986 9.198497560026782
5620 0 0.01 934762666.2657155 6.6091016036069705 0.048894161456314235 9.166538903350682
5621 0 0.01 inf 6.740053506887091 0.0550555268047925 9.099247921889926
5622 0 0.01 148866.36351657886 6.79922812088823 0.04859873485688009 9.184698851028235
5623 0 0.01 inf 6.771888861042004 0.04940064816414363 9.235068660452912
5624 0 0.01 inf 6.819648906676955 0.04556792987469041 9.20902489938078
5625 0 0.01 inf 6.670334935661923 0.05334681407461761 9.113746708466266
5626 0 0.01 inf 6.672015751608207 0.0494561060515524 9.222564041054214
5627 0 0.01 1118060716.2548301 6.589065361171166 0.047556302177642194 9.015624124812854
5628 0 0.01 1353048204.5273278 6.561947811879933 0.040046890239159666 9.164093689433
5629 0 0.01 148694.99842930955 6.7545618402408945 0.04971548266480821 9.134246111537891
5630 0 0.01 inf 6.792545765372722 0.0458834993489698 9.226874064681288
5631 0 0.01 inf 6.736792004037086 0.053986028183139 9.225072191873448
5632 0 0.01 inf 6.828558383453241 0.043450919354755764 9.427366896879747
5633 0 0.01 149320.38412914658 6.753849769452701 0.047569562254744 9.12417424919788
5634 0 0.01 926032358.7712884 6.610033250006502 0.04822410022656816 9.178367378052704
5635 0 0.01 inf 6.624373299636301 0.05176737647416371 9.278201532554846
5636 0 0.01 inf 6.581924392826567 0.0589757792679014 8.938828039373933
5637 0 0.01 150290.98604173207 6.731559802359138 0.04266937519276675 9.124155223603156
5638 0 0.01 inf 6.704498763890883 0.0501864032654261 9.058616389887966
5639 0 0.01 148119.7921333573 6.725296271032327 0.04808058842660122 9.180901197335176
5640 0 0.01 inf 6.835374748557195 0.05499803359674811 9.162536128045886
5641 0 0.01 inf 6.776599765096083 0.05214621692063832 9.175252645117407
5642 0 0.01 inf 6.692258726039645 0.0478224357917436 9.48734910448967
5643 0 0.01 inf 6.570752122314089 0.048860920458282164 9.298505445294966
5644 0 0.01 inf 6.661539981504888 0.04114743278349739 9.21400577401524
5645 0 0.01 inf 6.74731508154245 0.0474932248756187 9.228965803318067
5646 0 0.01 152021.86762574612 6.916123491984191 0.04995913157643728 9.121065399511826
5647 0 0.01 154858.5838411394 6.859254033045227 0.04279305798367795 9.000734043352306
5648 0 0.01 152293.93008969058 6.787887008362317 0.035876623000341765 9.194117343682754
5649 0 0.01 inf 6.626488159793458 0.044886346537210686 9.321425528308753
5650 0 0.01 inf 6.869066923645438 0.05575520047818435 8.943065283671089
5651 0 0.01 150198.26207509707 6.7450977594345645 0.045544264949141544 9.088867691975482
5652 0 0.01 148608.13488926928 6.712884011582518 0.046389494932686244 9.163786030242576
5653 0 0.01 inf 6.742292113037601 0.05472166332158438 8.954065393009106
5654 0 0.01 inf 6.807090582521613 0.0607646392979495 9.140394691037905
5655 0 0.01 inf 6.628993677206153 0.043819344833257425 9.247083404215235
5656 0 0.01 inf 6.694304324904773 0.04382597666118698 9.301170603005557
5657 0 0.01 151489.6629934482 6.8639582368938985 0.04955025713425857 9.093829470191455
5658 0 0.01 85410957.51883408 6.691500251743051 0.04856251477268873 9.184378741720616
5659 0 0.01 inf 6.695945683756575 0.0536051971055282 9.139410094088655
5660 0 0.01 inf 6.636262006796902 0.051830844182821155 9.162789340980625
5661 0 0.01 inf 6.714600844296671 0.05321476241519738 9.25937184184154
5662 0 0.01 499099109.8369973 6.653313767753103 0.046010606255022894 9.135604532083953
5663 0 0.01 inf 6.700943970599412 0.05495711723370428 9.208074983671457
5664 0 0.01 1105518363.710842 6.590466269715127 0.042146969243110774 9.146270872998757
5665 0 0.01 inf 6.667098405761475 0.0471128734117003 9.244597535977926
5666 0 0.01 149522.29566579754 6.733693061377235 0.044716774411546326 9.143523619202375
5667 0 0.01 inf 6.760389410894549 0.050949128704244374 9.079813417806667
5668 0 0.01 742711492.3378795 6.629148105222019 0.04887245676722433 9.149597470299916
5669 0 0.01 inf 6.635183750159723 0.041195304750893766 9.232248660661792
5670 0 0.01 inf 6.8757043759122585 0.03986813745176461 9.3821103151588
5671 0 0.01 inf 6.553702756343225 0.048018986285412874 9.39406446783015
5672 0 0.01 581807092.5455993 6.645259445938407 0.04401740235368144 9.010272276895392
5673 0 0.01 inf 6.646172700499801 0.04695056636822553 9.226157293127246
5674 0 0.01 150862.91389122058 6.7441637772890894 0.046354298607455116 9.035810947349722
5675 0 0.01 inf 6.721461235242952 0.05418891878347619 9.051261817650175
5676 0 0.01 149663.13616322484 6.747593278956219 0.043539684822315586 9.17340379571119
5677 0 0.01 150237.79572231395 6.7208265597323535 0.04695263364219191 9.040960857817288
5678 0 0.01 inf 6.938184270625057 0.05014024876582865 9.183999755928884
5679 0 0.01 909052541.3276516 6.611839598212111 0.0493280689477757 9.063135101914197
5680 0 0.01 inf 6.780325700386008 0.050448750882584714 9.038455231005095
5681 0 0.01 inf 6.698636686128936 0.05020923229931075 9.112202541352476
5682 0 0.01 inf 6.60243035410403 0.04350777929633007 9.233619978863933
5683 0 0.01 1044409105.991401 6.597227818103232 0.04069796876307635 9.096907960839753
5684 0 0.01 149484.34275499682 6.721818178219928 0.04560029986235535 9.11588973098412
5685 0 0.01 inf 6.6940512058773525 0.0515683511823107 9.230147858378409
5686 0 0.01 1980574283.216491 6.4799456234361 0.044236353496148614 9.094476863648048
5687 0 0.01 417017466.09399915 6.6611623086279454 0.04715439294081649 9.073098206331645
5688 0 0.01 inf 6.811820004723359 0.05298767794209999 9.23641576717894
5689 0 0.01 inf 6.6669355749511245 0.04591118546195496 9.244308612418793
5690 0 0.01 inf 6.799469589463147 0.05901169021695915 9.131112180082523
5691 0 0.01 inf 6.732713712195787 0.043013789221012545 9.279696464715848
5692 0 0.01 inf 6.673729646262381 0.04237236654362792 9.356046723262384
5693 0 0.01 80428268.55562137 6.691940480663509 0.04436011848981656 9.126321644453391
5694 0 0.01 inf 6.7664438806079845 0.05730900976778186 9.05876765762046
5695 0 0.01 inf 6.626057095719313 0.05177129139183255 9.163038698932345
5696 0 0.01 inf 6.764272141761282 0.05706283817306328 9.13441798832338
5697 0 0.01 inf 6.700188733996424 0.0512648065081332 9.153310141341462
5698 0 0.01 inf 6.708745321301477 0.05004917792349779 9.26068849714054
5699 0 0.01 inf 6.725966990657041 0.055541166371010524 9.202790372274842
5700 0 0.01 1096287173.3594716 6.591494314986915 0.046416123238904136 9.115681645048365
5701 0 0.01 inf 6.605803909852408 0.04289942265435149 9.281664114063938
5702 0 0.01 inf 6.661133254075689 0.04723919408377801 9.273896691048687
5703 0 0.01 inf 6.853851159466144 0.05545168087370268 9.098879438797782
5704 0 0.01 inf 6.588940163339347 0.05358284048460454 9.119153750443928
5705 0 0.01 inf 6.8130062107039535 0.04316341095905719 9.259389119152603
5706 0 0.01 151607.01770711847 6.916967031565276 0.045869544338100726 9.174558834947018
5707 0 0.01 inf 6.642063489545328 0.047467230625653216 9.302434612093105
5708 0 0.01 inf 6.574792757560573 0.049446710404230224 9.232547440106556
5709 0 0.01 inf 6.6428998430149715 0.05429610095339481 9.193829182832076
5710 0 0.01 inf 6.505748369914769 0.04445593674821674 9.289176414287194
5711 0 0.01 inf 6.72054721967954 0.05191150018932392 9.069551155808009
5712 0 0.01 inf 6.8381408905046674 0.049179249099608684 9.230297195584436
5713 0 0.01 158007.44313558453 6.912745160643303 0.03953856683408745 8.9636737481043
5714 0 0.01 inf 6.814606789993409 0.051632218573474976 9.121569719084007
5715 0 0.01 inf 6.860169697708021 0.05012110881709891 9.200923026116392
5716 0 0.01 70969723.35532087 6.692774610711498 0.047827542351841924 9.084397043627245
5717 0 0.01 150438.79007060878 6.796713064613308 0.04683470660156436 9.106482328643281
5718 0 0.01 150475.43182575444 6.8084582865599215 0.0473958809654896 9.108981944620703
5719 0 0.01 inf 6.898278638586309 0.06047840186248647 9.21901621064038
5720 0 0.01 inf 6.720048507916588 0.05430180384360082 9.084818091038896
5721 0 0.01 inf 6.848212760743285 0.05151908231289351 9.078124361615547
5722 0 0.01 151281.02438184834 6.800738315588352 0.04022819316137004 9.169429926921573
5723 0 0.01 152233.9535051941 6.847329568362058 0.047256641791863944 9.062641480920567
5724 0 0.01 149998.03321684044 6.702209069560958 0.04725758598049416 9.032747408133309
5725 0 0.01 inf 6.7601776308581325 0.05426273972615258 9.232866018339267
5726 0 0.01 inf 6.5538854991244175 0.050381956748446366 9.296002256486043
5727 0 0.01 inf 6.751284069501393 0.05607824956352985 9.346167799316309
5728 0 0.01 inf 6.736436422868976 0.04744606275536379 9.308912249486152
5729 0 0.01 inf 6.57554461864714 0.055222987543952294 9.126810468553057
5730 0 0.01 1692104072.2664433 6.519571359997288 0.041935643114450125 9.126795617121637
5731 0 0.01 inf 6.557513736690378 0.0473854584832047 9.202386915682121
5732 0 0.01 inf 6.6713929691254465 0.055175845597115074 9.213089927247818
5733 0 0.01 625926577.5906826 6.64090071986956 0.04731951376638386 9.174823522119418
5734 0 0.01 inf 6.65590292143457 0.048263220180135596 9.271933802180675
5735 0 0.01 inf 6.585285365258356 0.04237975421153072 9.203658001308632
5736 0 0.01 inf 6.6833834474869 0.054628425490828095 9.091147706954258
5737 0 0.01 inf 6.7157982063988815 0.053301243115648184 9.090038833450025
5738 0 0.01 inf 6.676753959010045 0.051090293648396144 9.107591875568568
5739 0 0.01 150331.47412674752 6.83739182533402 0.049971961396833686 9.117830301647041
5740 0 0.01 149125.64871289534 6.779341131779094 0.04733174612308703 9.167813525308404
5741 0 0.01 inf 6.710562322373905 0.0577163488215368 9.168135952041654
5742 0 0.01 1360494461.9849846 6.561059912774238 0.04773887998937644 9.170133231806114
5743 0 0.01 inf 6.6780819329683245 0.050562087776571715 8.927763452575105
5744 0 0.01 inf 6.748654538606345 0.05017580979415143 9.219931539928126
5745 0 0.01 inf 6.673723483998003 0.058007309828480104 9.171412809128961
5746 0 0.01 inf 6.683116713856367 0.053615521877779404 9.1438096302493
5747 0 0.01 149845.40547678526 6.722935122926988 0.04302544242590286 9.145419198144891
5748 0 0.01 834567360.9134187 6.619675552027075 0.049553499421113444 9.049890931812467
5749 0 0.01 148583.1311422622 6.781583668609034 0.04799733172370154 9.199431342240368
5750 0 0.01 inf 6.633058306696826 0.046507133692205195 9.22581698036676
5751 0 0.01 inf 6.6096130427734225 0.05615316408169427 9.3632467543641
5752 0 0.01 inf 6.7634575527144385 0.05564269490252362 9.286761733226117
5753 0 0.01 531990636.1164271 6.650128455805015 0.048277734897519305 9.116266159672614
5754 0 0.01 inf 6.838066138678006 0.05479612627431014 9.22648331729142
5755 0 0.01 inf 6.754546329837576 0.05018328762015757 9.171379456049655
5756 0 0.01 inf 6.587526322658812 0.05596816103286881 9.119834552850055
5757 0 0.01 inf 6.7000452531263095 0.048329501187539814 9.224871004948769
5758 0 0.01 inf 6.561801561225045 0.05334586356015568 9.249679691274581
5759 0 0.01 150784.16484723377 6.832259794840382 0.044392804645755415 9.156223081416774
5760 0 0.01 inf 6.734741718198991 0.049320859025748814 9.283455189144425
5761 0 0.01 inf 6.6839292757912405 0.057639386255333186 9.046965294059545
5762 0 0.01 inf 6.642231027269674 0.042643193873519926 9.312103961191665
5763 0 0.01 148692.38497035202 6.773450738638425 0.049093787060122254 9.16322657677396
5764 0 0.01 625011039.6738952 6.640991851939354 0.04037340134901847 9.131669832503158
5765 0 0.01 inf 6.7361314842796665 0.048541714618023264 9.389814777965967
5766 0 0.01 556517915.1727741 6.64773808162779 0.04052670378446712 9.148668636677703
5767 0 0.01 inf 6.774726628739707 0.045247309564527965 9.282340888541691
5768 0 0.01 inf 6.612398315842766 0.053091879660647615 9.125401019603066
5769 0 0.01 inf 6.800929706060385 0.04608425668794259 9.382848532421043
5770 0 0.01 inf 6.711849872918936 0.04849887805475007 9.315617885825928
5771 0 0.01 inf 6.7217093526556715 0.042383560716831775 9.283152469792602
5772 0 0.01 72793684.05060054 6.692614022282102 0.04955115337993239 8.963334545321581
5773 0 0.01 inf 6.697710952846643 0.050909045403538807 9.021843529161796
5774 0 0.01 263975970.50964233 6.675427677608453 0.04265343448269184 9.069412785087236
5775 0 0.01 151160.41185011412 6.803032966055813 0.04237853325184805 9.135988686297743
5776 0 0.01 1620594517.2220192 6.528859601306739 0.03861265579280672 9.084989294191772
5777 0 0.01 810791883.0831133 6.622147402552141 0.04714341282894873 9.009281098098079
5778 0 0.01 149431.75715392383 6.744942349726519 0.045701436990873576 9.141081726845469
5779 0 0.01 955944718.6143857 6.606833269069586 0.04073513467030594 9.010799663563127
5780 0 0.01 inf 6.69429968275649 0.051465813438973475 9.24827295703512
5781 0 0.01 inf 6.6832479863226695 0.05164717771296544 9.13153358954307
5782 0 0.01 149956.82725337782 6.840727936555141 0.04608620143548018 9.191823566394696
5783 0 0.01 inf 6.818351281595757 0.0499361437961393 9.30571350529123
5784 0 0.01 inf 6.706741294419719 0.03614275372272245 9.226429659090487
5785 0 0.01 480768336.96730846 6.6550787802169395 0.04758033448405596 9.186565071793332
5786 0 0.01 154321.89532710338 6.8014806371374625 0.03903218440548784 8.999778682814574
5787 0 0.01 inf 6.593336600608294 0.05214343589070051 9.03661605620941
5788 0 0.01 inf 6.681719767444111 0.04522598498461075 9.280521048525713
5789 0 0.01 435883428.1010348 6.6593708139538625 0.048036357708868035 9.12395160434696
5790 0 0.01 149375.93825801203 6.757665749924403 0.04618142779014368 9.148703073983123
5791 0 0.01 inf 6.692120139935693 0.05368381927145318 9.204338604319384
5792 0 0.01 inf 6.7589499004300855 0.04746965249401481 9.215673457455821
5793 0 0.01 149998.92600181032 6.715187237778013 0.043745423023918636 9.107395188267779
5794 0 0.01 149215.9319951717 6.737452254995538 0.04504276778160067 9.166062154206122
5795 0 0.01 150492.30968787952 6.765432198460699 0.045638020350144595 9.088730059211327
5796 0 0.01 inf 6.676722010593705 0.0539323275637083 9.147796069422242
5797 0 0.01 2158156567.983837 6.453623056886397 0.03954848063556497 8.995547020129191
5798 0 0.01 846734233.4536645 6.618405208584388 0.0460824303916713 9.129661756746563
5799 0 0.01 776994919.3488071 6.625637051468935 0.041072275842318554 9.068127382668848
5800 0 0.01 inf 6.6793507011832505 0.03989431991735963 9.351960607317315
5801 0 0.01 inf 6.704254647580495 0.057185653855623055 9.135957844567823
5802 0 0.01 148759.3645960206 6.753554767093301 0.046484884957007575 9.18857272027062
5803 0 0.01 830960573.3931332 6.620051550517484 0.041665518641345135 9.153308459515413
5804 0 0.01 148789.29560228414 6.709712537078394 0.04697321479720386 9.131469132676216
5805 0 0.01 148784.32774487263 6.7399657781592595 0.04669105794850105 9.168205414010002
5806 0 0.01 1036809004.1369623 6.598061170911316 0.04951976512674473 9.073253167676869
5807 0 0.01 inf 6.624763832505871 0.05069193937446567 9.13387413714752
5808 0 0.01 inf 6.717266753759213 0.056344611260299694 9.142013412432675
5809 0 0.01 inf 6.598923039165756 0.04665563466880567 9.333522656675989
5810 0 0.01 inf 6.810590003195309 0.051198247681505035 9.121344216729295
5811 0 0.01 458906759.8068872 6.6571746184324505 0.04999358308351304 9.04800738147384
5812 0 0.01 inf 6.664889435552496 0.0574133367693349 9.121536290362043
5813 0 0.01 inf 6.870235402612948 0.04437382409352366 9.257373258089908
5814 0 0.01 149766.97135374945 6.782706440021539 0.04526747830560409 9.16174404771763
5815 0 0.01 inf 6.814464330826331 0.05186423304525979 9.090971332275046
5816 0 0.01 inf 6.5914117844601225 0.053771164424619114 9.144896750380768
5817 0 0.01 inf 6.594947143615492 0.05114263822204093 9.079359678883522
5818 0 0.01 155593.86652995704 6.906335485522819 0.044317832218112196 9.013028048619908
5819 0 0.01 inf 6.587292384262343 0.05390343550311776 9.041432045029481
5820 0 0.01 316783616.44730985 6.6705580158587825 0.046110947942444316 9.117746855231937
5821 0 0.01 inf 6.667412279805741 0.05500051651117668 9.210499344492005
5822 0 0.01 inf 6.8074910336060555 0.05336427950623572 9.205501612478049
5823 0 0.01 inf 6.568117593442952 0.053901472405187376 9.07302492082679
5824 0 0.01 inf 6.748999540916822 0.059575153969284485 9.033777465574829
5825 0 0.01 inf 6.648665579138693 0.045944755329825435 9.208149891808757
5826 0 0.01 inf 6.7969318895580235 0.054410465753374194 9.15514670470215
5827 0 0.01 inf 6.619586007251653 0.054382111816285515 9.169749682125396
5828 0 0.01 inf 6.605821597962281 0.050133221495407186 9.180601063317601
5829 0 0.01 150838.84583064963 6.706906605715651 0.048757797897873344 8.973575307960488
5830 0 0.01 148288.28694873012 6.723891332539279 0.047585852789835965 9.175575886890877
5831 0 0.01 148118.86199838558 6.705284525663777 0.04788548935125893 9.16549552102057
5832 0 0.01 inf 6.735311657975003 0.051927967186028184 9.164827160871985
5833 0 0.01 148747.57262796254 6.721787038025992 0.04564917387565234 9.178328193450927
5834 0 0.01 148939.47224732031 6.70146640029849 0.0476079169203778 9.098835805149635
5835 0 0.01 inf 6.9394055141576425 0.05153310583086852 9.133114338793032
5836 0 0.01 800580431.5564669 6.623204616251648 0.04413655096699592 9.165003781446359
5837 0 0.01 668656210.4287131 6.6366378037491565 0.04167212839684402 8.989392420739778
5838 0 0.01 inf 6.689247147918082 0.05094535043482175 9.122424618818313
5839 0 0.01 477581242.57171196 6.655385155206153 0.041185007399527004 9.143793847523654
5840 0 0.01 152755.45086493838 6.802784538939368 0.04708957596473439 8.997419896332431
5841 0 0.01 inf 6.686182563334419 0.044851223554198426 9.211206562833071
5842 0 0.01 inf 6.743099917290897 0.049102264194123 9.30341979145146
5843 0 0.01 inf 6.817665960325668 0.05571296753383846 9.238789521950748
5844 0 0.01 inf 6.7358490501289925 0.050252869639346956 9.017399414663036
5845 0 0.01 inf 6.673258898772348 0.05109094941990913 9.008684796166943
5846 0 0.01 inf 6.620427623814369 0.05140496883515828 9.120490559587887
5847 0 0.01 inf 6.711110084741405 0.05162465615562307 8.93890677963552
5848 0 0.01 inf 6.918351683660263 0.04831797284071123 9.359890108303262
5849 0 0.01 527980227.1085356 6.650518148845797 0.04608411234707716 9.107069395953284
5850 0 0.01 inf 6.6557825110751345 0.05443757492822348 9.19984080919263
5851 0 0.01 149509.42767905624 6.739927950832726 0.043717442365234345 9.175213228805992
5852 0 0.01 inf 6.774853456276534 0.04732447549742562 9.284872158233663
5853 0 0.01 inf 6.677112948908517 0.053361475406564864 9.071067768879212
5854 0 0.01 inf 6.587433085814535 0.045535644278143 9.229867529107961
5855 0 0.01 inf 6.755921527878947 0.053586123823973396 9.056231815622342
5856 0 0.01 inf 6.846223269834213 0.0508897471114264 9.115081858240117
5857 0 0.01 inf 6.674398372844678 0.05404093530234713 9.067735158113841
5858 0 0.01 inf 6.725018935741298 0.041335390432327104 9.205684258915632
5859 0 0.01 inf 6.4030448047529305 0.05436446508347214 9.269092206931218
5860 0 0.01 63647373.30396978 6.693419279335141 0.046614732753345024 9.11012524787751
5861 0 0.01 988280874.9339508 6.603346748671916 0.04425998264648437 8.990627447809736
5862 0 0.01 674274382.23213 6.636073984506256 0.044326121971325835 9.051115771170657
5863 0 0.01 153785.7169163861 6.787311664407007 0.038204234308147386 9.024909818822698
5864 0 0.01 244044073.30493072 6.677251503428526 0.043758861025782636 9.082750533300404
5865 0 0.01 inf 6.817645336000457 0.042564602314000215 9.352322759843563
5866 0 0.01 150038.7547633461 6.70899215457256 0.0437679155249415 9.097513511296762
5867 0 0.01 843167231.7247095 6.618778566382402 0.033567444717176084 9.012187858224289
5868 0 0.01 151668.3988640102 6.759101814000183 0.04447997298578159 9.029565206168398
5869 0 0.01 inf 6.7204753104677 0.06180101403217151 9.030453420489621
5870 0 0.01 inf 6.556319046920107 0.045364952490320416 9.268366734916475
5871 0 0.01 inf 6.800245721607351 0.06099918338359445 9.104033358597995
5872 0 0.01 inf 6.547126203414953 0.04999841770484674 9.223263430548947
5873 0 0.01 inf 6.586713241750446 0.0477850970533551 9.397948977825344
5874 0 0.01 inf 6.618273552567089 0.05340651651080128 9.155105868027482
5875 0 0.01 1482045750.822216 6.546308490591199 0.04264466058118956 9.190627670612253
5876 0 0.01 598846210.0266956 6.643581124982943 0.046622349643299414 9.176813953383668
5877 0 0.01 149615.55063590116 6.724619122161836 0.04647804700071602 9.092702956714687
5878 0 0.01 1130076388.059907 6.587718980577694 0.04806734330766462 9.072611729974582
5879 0 0.01 inf 6.666565887142704 0.050396534024086836 9.131837244974715
5880 0 0.01 inf 6.608482471807496 0.04684278768808763 9.288829670683235
5881 0 0.01 369481090.357654 6.665643635398752 0.04782863596842049 9.055397906525041
5882 0 0.01 inf 6.644179023224256 0.05214894114589149 9.116684047192742
5883 0 0.01 inf 6.821054943768432 0.04598152415325328 9.241752310970309
5884 0 0.01 149104.3060104351 6.747011432288128 0.04966639008465685 9.10031741343289
5885 0 0.01 306301940.79239917 6.671528868867087 0.046972217835876684 9.138134758746013
5886 0 0.01 inf 6.623307903619602 0.04000255940195266 9.28450274652646
5887 0 0.01 150081.68838662337 6.808985754013744 0.04414799902853764 9.186258126314497
5888 0 0.01 148492.07740122898 6.8027316016985795 0.049884517036344875 9.193987561198302
5889 0 0.01 inf 6.588011927448894 0.05297682764904077 9.17196189392465
5890 0 0.01 inf 6.960350189625475 0.03906681227905782 9.248849990755932
5891 0 0.01 inf 6.761772299235288 0.05125119918050343 9.235783495863759
5892 0 0.01 inf 6.700752797899855 0.05541626842129598 9.131939920112407
5893 0 0.01 inf 6.50432149705908 0.052214886584238354 9.295318118740203
5894 0 0.01 151879.35717875336 6.762876355782283 0.04948104893159241 8.97674955998688
5895 0 0.01 515410209.8449308 6.651736966010412 0.04880587951089689 9.197084096723076
5896 0 0.01 inf 6.711762984912707 0.0585663416965853 9.186643005107378
5897 0 0.01 878477345.1651603 6.61507324322236 0.04956926683150336 9.085065102303403
5898 0 0.01 inf 6.598840162668409 0.04995235669180484 9.225815235435748
5899 0 0.01 inf 6.769191320512435 0.0518692430179787 9.236840143446935
5900 0 0.01 inf 6.840841650800611 0.04856907947437642 9.213358508563037
5901 0 0.01 1535146361.3517315 6.539703441100765 0.046424724247541974 9.054501171311186
5902 0 0.01 inf 6.702656323187098 0.045066333227430234 9.202548426456907
5903 0 0.01 150385.22327760307 6.800239576085345 0.04512182142030357 9.138480013042114
5904 0 0.01 inf 6.731835484544228 0.050857406802886966 9.157603109063862
5905 0 0.01 inf 6.735256834836357 0.05080562732416077 9.104540966136312
5906 0 0.01 inf 6.748475759682625 0.04885950841243047 9.427830922660068
5907 0 0.01 inf 6.608709765948159 0.048565302041962986 9.340694470984747
5908 0 0.01 inf 6.712497409747179 0.04544615887981341 9.407193964836354
5909 0 0.01 inf 6.717696388655724 0.05648753553597449 9.24286855042582
5910 0 0.01 1045115704.6031837 6.597150168946573 0.043252634621422426 9.073871723291028
5911 0 0.01 inf 6.76493645021302 0.05174171759507272 9.419227124192057
5912 0 0.01 inf 6.801915558042366 0.05323301066311115 9.276445630599003
5913 0 0.01 inf 6.600584930162537 0.05225281250284743 9.303156478222014
5914 0 0.01 inf 6.90808403033688 0.051299941609027684 9.269401561303098
5915 0 0.01 151558.21869441506 6.709033959053969 0.04070194486028223 9.045875364502235
5916 0 0.01 inf 6.9966963849612025 0.053299626709814744 9.264999551696688
5917 0 0.01 inf 6.820030621668268 0.0586627367951506 9.02461063046824
5918 0 0.01 148741.8966336808 6.74954154850403 0.049595095896183404 9.127842308337042
5919 0 0.01 1072410078.8232278 6.5941425377754115 0.045221553827053736 9.1075868244186
5920 0 0.01 inf 6.666885971983057 0.0536653014607768 9.092005467345299
5921 0 0.01 inf 6.69477046306696 0.05123270843888173 9.275381064889508
5922 0 0.01 inf 6.577675671228514 0.055072614565829806 9.214989813028264
5923 0 0.01 885079391.8502222 6.614377090194665 0.04637774497477927 9.117311993513985
5924 0 0.01 150908.96518732715 6.766562259879691 0.04872175847554884 9.030132558803384
5925 0 0.01 inf 6.676441456148795 0.05592696353467117 9.12379642463845
5926 0 0.01 64238605.31834403 6.6933674043961995 0.04045376366937219 9.120072933109125
5927 0 0.01 150507.01378110974 6.718625377009083 0.04231660651097332 9.101587025787845
5928 0 0.01 inf 6.740010267498242 0.05192034280930536 9.274012124706593
5929 0 0.01 666546685.8981445 6.63684907924908 0.045643655756895045 9.049064030973815
5930 0 0.01 1002331616.457536 6.601822970008308 0.04298924076083055 9.094140622048085
5931 0 0.01 inf 6.566471959653926 0.049599220376264345 9.30447969343077
5932 0 0.01 inf 6.560844110823268 0.043878093849162435 9.467924483232807
5933 0 0.01 inf 6.67762813286289 0.05147841063075193 9.181826479831534
5934 0 0.01 151813090.3479537 6.685592760254704 0.043014797780345865 9.12612914014196
5935 0 0.01 inf 6.923289391686292 0.04712585195265596 9.218216547488113
5936 0 0.01 inf 6.51780944749671 0.06550375230653013 9.068264123074192
5937 0 0.01 838993583.126058 6.619213827043076 0.04548248973900224 9.170016674174557
5938 0 0.01 977554476.8819757 6.604506123565255 0.045204905201458 9.195018476293807
5939 0 0.01 inf 6.696191103725671 0.05257696261591785 9.229154279642042
5940 0 0.01 inf 6.720019851788148 0.044353148343278755 9.237559354772431
5941 0 0.01 inf 6.696842616422943 0.047807544022686166 9.304501549921802
5942 0 0.01 148363.7755137444 6.717714175377132 0.0465350800477904 9.188217096715736
5943 0 0.01 148326.51612329175 6.765818224903251 0.04885849607890613 9.187591798848675
5944 0 0.01 inf 6.850160656164872 0.051219477964754234 9.328052076856924
5945 0 0.01 285305351.97440547 6.673467328043418 0.04470029165481115 9.098097058938075
5946 0 0.01 inf 6.860913559910061 0.04912646497015047 9.367887790739655
5947 0 0.01 inf 6.741666651592052 0.06173753769089744 9.232249221792609
5948 0 0.01 inf 6.73675126264283 0.051112973961244645 9.105168951543726
5949 0 0.01 inf 6.643279206945029 0.04469343138822103 9.255659027626015
5950 0 0.01 inf 6.652277999200337 0.049051955973940124 9.276182906842207
5951 0 0.01 inf 6.78051728376719 0.05333273610173173 9.135449954557526
5952 0 0.01 148816.42856600956 6.809246039210652 0.048835597750342505 9.194372008401102
5953 0 0.01 1470535990.3964076 6.547726913221211 0.0474401278895125 9.079257299337959
5954 0 0.01 inf 6.864377872393343 0.05014074005329205 9.104250282521992
5955 0 0.01 996262104.0603056 6.602481540984195 0.049381483993243526 9.187714273394787
5956 0 0.01 inf 6.665508190414531 0.05046785688341804 9.213330521788015
5957 0 0.01 154239.07546961698 6.837539013865313 0.04699421217303288 8.97709923538016
5958 0 0.01 inf 6.565200147961454 0.050687442532800796 9.025836735707255
5959 0 0.01 inf 6.643562432643763 0.054658208936733496 9.27492361281901
5960 0 0.01 inf 6.712209814044575 0.048292745338542144 9.241972867081488
5961 0 0.01 149763.63356992486 6.8415934614997 0.04875617808798387 9.166389504049741
5962 0 0.01 inf 6.798951421353151 0.052501858236421346 9.181293203241644
5963 0 0.01 inf 6.801151576360333 0.051094364963055236 9.21005943362335
5964 0 0.01 inf 6.718346671271667 0.045395370108817924 9.217180664100814
5965 0 0.01 10157796.785005245 6.698099711554778 0.049524720262465224 9.116347831916682
5966 0 0.01 inf 6.388016929782715 0.05752751584214656 9.117727509867338
5967 0 0.01 inf 6.735406506859117 0.047142574374591684 9.234141010998522
5968 0 0.01 inf 6.740097798008326 0.05564694064137474 9.33626580966448
5969 0 0.01 inf 6.74722812411121 0.04322278100382579 9.245381738009513
5970 0 0.01 inf 6.762977818497939 0.05623695921997831 9.237384853576156
5971 0 0.01 150866.58260814118 6.81494256531184 0.046746642302542836 9.101592283471337
5972 0 0.01 inf 6.626885631116383 0.05306477330088578 9.292862834642472
5973 0 0.01 149605.37259762056 6.807662079994478 0.04529117760966077 9.198547972917883
5974 0 0.01 150490.83434229257 6.704639279237137 0.039587530114573645 9.168334851029531
5975 0 0.01 inf 6.598953603046833 0.057109101068892915 9.099372017971438
5976 0 0.01 152242.46352528894 6.808507538576161 0.040777998362530765 9.097962530065452
5977 0 0.01 inf 6.686163102592343 0.05036177804785615 9.262017736514204
5978 0 0.01 149211.1698293478 6.737367382555253 0.04509422544006625 9.16516254103011
5979 0 0.01 inf 6.6227539097619585 0.052045673857813245 9.116637688473647
5980 0 0.01 149792.35538381786 6.74662016669324 0.04302860515965499 9.173853625317681
5981 0 0.01 inf 6.774436880525377 0.04137068828488535 9.27828020988262
5982 0 0.01 568198443.176772 6.646594955997784 0.04174569819646425 9.144498822058207
5983 0 0.01 149276.77079503512 6.725527676544379 0.046577830564116886 9.116591176991914
5984 0 0.01 inf 6.919885754363136 0.05139639581185482 9.173016399923085
5985 0 0.01 870308767.2025838 6.615933409345512 0.038215103117317496 9.140031977063503
5986 0 0.01 inf 6.697401926314207 0.05022854774826072 9.346279801013825
5987 0 0.01 554869698.8384385 6.647898943949968 0.04617155824429194 9.182178893559744
5988 0 0.01 inf 6.731195552563286 0.050973619270492286 9.162668953312057
5989 0 0.01 inf 6.6778505729832105 0.05031868254601973 8.996688197672114
5990 0 0.01 inf 6.691352162047002 0.052155716019562925 9.217842484112847
5991 0 0.01 269945396.69998246 6.674879881790072 0.04721974274086267 9.037548475043321
5992 0 0.01 151037.1645611523 6.800037857998334 0.0439362617952748 9.115085662097295
5993 0 0.01 inf 6.749178058330839 0.04651734128378568 9.300193670044798
5994 0 0.01 328143812.5096658 6.669503170141994 0.04898731825989026 9.169761920495262
5995 0 0.01 inf 6.800261515834228 0.04595089844917708 9.27936235664329
5996 0 0.01 303532633.8820878 6.671785048617304 0.044064670468552745 9.19497437904763
5997 0 0.01 inf 6.717645081861466 0.049115089069610485 9.423587756268665
5998 0 0.01 inf 6.669990944507851 0.053688709763083445 9.175411078875552
5999 0 0.01 151932.18030504632 6.872320492704946 0.0436448173284496 9.138821210446505
6000 0 0.01 inf 6.60603637892884 0.05007750209205274 9.20968915058057
6001 0 0.01 inf 6.726424163373041 0.04727151340608758 9.308494277747005
6002 0 0.01 inf 6.638184378346456 0.03999993448725088 9.336317058203132
6003 0 0.01 inf 6.911628158244849 0.04362780483936172 9.241405611120475
6004 0 0.01 152129.1001412201 6.826297545559899 0.03810480551096188 9.17814451018202
6005 0 0.01 151310.61692917388 6.809326506841453 0.04214271431605628 9.136240998604801
6006 0 0.01 1246257940.2746875 6.574481407376535 0.04788743339417433 9.196135367224052
6007 0 0.01 inf 6.468891692637998 0.03893150243616112 9.340630673793157
6008 0 0.01 149618.0419043951 6.793720123197366 0.04724806467492422 9.148883591161761
6009 0 0.01 823229037.7487936 6.620856189126138 0.04277870577515861 9.100332504269147
6010 0 0.01 inf 6.784493518740364 0.05698018376193083 9.316785670085942
6011 0 0.01 80794566.58516721 6.6919081579080935 0.04222720228869296 9.172910515335927
6012 0 0.01 inf 6.610434203531555 0.051859874482361866 9.350006351976598
6013 0 0.01 20171541.96166916 6.697227432943257 0.046871060066546476 9.05680528785837
6014 0 0.01 inf 6.734976462295926 0.051243950732376906 9.155551074577158
6015 0 0.01 149440.79810421355 6.726273940788605 0.044839352522941724 9.140187176441085
6016 0 0.01 149915.92136968387 6.765760909427647 0.04521412678992082 9.134838641061533
6017 0 0.01 inf 6.591505216748367 0.03979446185232729 9.266686624415296
6018 0 0.01 inf 6.7117525584924485 0.04971948500399911 9.213072306602824
6019 0 0.01 inf 6.70828020894354 0.053151460797183865 9.22366837260477
6020 0 0.01 inf 6.799751078894077 0.034027636417807317 9.348545916320305
6021 0 0.01 inf 6.838387887986845 0.05142814881726952 9.054150939763069
6022 0 0.01 inf 6.508252662802781 0.052437735663679 9.077993628908745
6023 0 0.01 inf 6.8455748783485255 0.03771186505278631 9.27375096931179
6024 0 0.01 inf 6.736154883249647 0.05142404793910789 8.969044680884961
6025 0 0.01 154795.1399187613 6.79495691721805 0.04648590007294175 8.918093244108185
6026 0 0.01 inf 6.4181331462686995 0.04558683167784132 9.383778313959864
6027 0 0.01 inf 6.838007089197628 0.04593837361198432 9.263833231990036
6028 0 0.01 149786.72445653216 6.771060144346784 0.04764708891326009 9.10928697316887
6029 0 0.01 inf 6.626501159998827 0.05072763543598886 9.203369486581758
6030 0 0.01 inf 6.757048558576916 0.04343766069029191 9.226723021403386
6031 0 0.01 inf 6.787439357231947 0.05254598471484698 9.109573769029474
6032 0 0.01 1042282443.7658353 6.597461016486987 0.04540351817404409 9.171140413591496
6033 0 0.01 386217015.08716375 6.664071229665799 0.04721574570998924 9.031900957826636
6034 0 0.01 inf 6.669776792012297 0.05338866421901423 9.23100345783603
6035 0 0.01 inf 6.700029540505773 0.05288952696436286 9.133057995839218
6036 0 0.01 inf 6.830488655632021 0.0531378438537556 9.152152442207939
6037 0 0.01 inf 6.7301046625231535 0.0583545397413385 9.196999418791503
6038 0 0.01 inf 6.70846675187504 0.053545583469487804 9.212055003047684
6039 0 0.01 inf 6.747829009024156 0.051562603371615785 9.290871592386509
6040 0 0.01 inf 6.845647448092087 0.05348195068392417 9.059069686289805
6041 0 0.01 inf 6.653682604237967 0.050101525272604405 9.15272210234126
6042 0 0.01 inf 6.7952304601570654 0.053124268011480597 9.16560094537673
6043 0 0.01 inf 6.626472730578205 0.04726715766355399 9.22507714953467
6044 0 0.01 151055.2402235533 6.772291131348766 0.04363360061639281 9.090938053458233
6045 0 0.01 150147.3248503452 6.706804808065479 0.04596490114714575 9.047176073273722
6046 0 0.01 inf 6.751182334143312 0.052135710319604185 9.093040590833832
6047 0 0.01 inf 6.5315734478932 0.05133407253854293 9.085895909596381
6048 0 0.01 inf 6.6672895183212155 0.05074264211660895 9.143653888502744
6049 0 0.01 148403.52224616855 6.7192122140558705 0.04848094269748058 9.142077145133973
6050 0 0.01 inf 6.683604896151998 0.054126191597708456 9.191959131053288
6051 0 0.01 149330.23443026555 6.751296170759204 0.04969740220293037 9.090150513714764
6052 0 0.01 inf 6.85438078035471 0.047812660625460086 9.26422834300502
6053 0 0.01 inf 6.720036581619646 0.05378990820597432 9.155411813892819
6054 0 0.01 inf 6.672423022483434 0.0421500704947832 9.383018665772353
6055 0 0.01 inf 6.5756290909310735 0.05181006250165086 9.266056849751436
6056 0 0.01 153803.2401755932 6.857110979222745 0.043882253498910465 9.03258720370293
6057 0 0.01 inf 6.5766280339323675 0.051262645380419906 9.184524390859767
6058 0 0.01 inf 6.732895475812926 0.04994321484964921 9.27821475876604
6059 0 0.01 149406.16924546653 6.742358919833437 0.04422389328967718 9.1741276820542
6060 0 0.01 inf 6.724436246163239 0.04811644375964084 9.265885591853564
6061 0 0.01 inf 6.684831140023346 0.05150455527945683 9.216066092334936
6062 0 0.01 inf 6.6382334589055105 0.051408531354879196 9.312177905289852
6063 0 0.01 544584194.1177423 6.648902750217031 0.04888572714588877 9.030817671016214
6064 0 0.01 inf 6.778738341002474 0.051617835402189303 9.2675488654369
6065 0 0.01 inf 6.667944500639266 0.054976420565127214 9.0780192759095
6066 0 0.01 149573.8473497902 6.7720299516820335 0.047187295764294014 9.131146561655923
6067 0 0.01 inf 6.468753906589 0.055118344044922815 9.04024114566316
6068 0 0.01 149348.89608805772 6.768395176395945 0.04548942489240662 9.175562749737814
6069 0 0.01 inf 6.770372285273715 0.0476167519312533 9.264158514913145
6070 0 0.01 835088662.8967938 6.619621272965456 0.04587960328852349 9.06838236051245
6071 0 0.01 152689.82052101972 6.782474790801823 0.042696954763851824 9.020384656540257
6072 0 0.01 inf 6.874422959322361 0.05586467911635436 9.12659995758825
6073 0 0.01 inf 6.673706340350675 0.04897410244386937 9.273404343975544
6074 0 0.01 inf 6.781459933437057 0.056739558525951216 9.254508011867253
6075 0 0.01 inf 6.742238994831406 0.048749058109869244 9.375290036186623
6076 0 0.01 inf 6.777266617763317 0.05631814252441052 9.083742436746617
6077 0 0.01 inf 6.6321320740166305 0.05136082107106934 9.167424528809201
6078 0 0.01 inf 6.751142966376485 0.04706042938719615 9.258951851325259
6079 0 0.01 1315903396.2145386 6.566348377111659 0.046948709924025465 9.143924737309247
6080 0 0.01 150246.14263336262 6.713213147774541 0.04666124077262926 9.036909698718471
6081 0 0.01 inf 6.6656021125907605 0.0393584269728427 9.278148968394637
6082 0 0.01 inf 6.739132637229048 0.047377921669953305 9.215951056943847
6083 0 0.01 inf 6.913085610933269 0.03934528053064363 9.24984255570395
6084 0 0.01 inf 6.646153053714403 0.04760304047894034 9.31354179663766
6085 0 0.01 148796.29110408822 6.815959827642698 0.04917976688424009 9.196957180763373
6086 0 0.01 inf 6.640597127015895 0.05198176834151667 9.186278365657015
6087 0 0.01 150762.79195959656 6.76269591744312 0.04633322051000501 9.060260457103501
6088 0 0.01 inf 6.667160750121417 0.043680879867338526 9.286747037047093
6089 0 0.01 inf 6.721035581617972 0.05022223987564344 9.181308172005059
6090 0 0.01 inf 6.7603591785255945 0.051959598778732005 9.082409878962432
6091 0 0.01 inf 6.791973702513859 0.05001440119447389 9.154945576259909
6092 0 0.01 inf 6.5377746053699966 0.053686755651086916 9.29077181620714
6093 0 0.01 inf 6.628419849779938 0.05378988552712705 9.177267595740522
6094 0 0.01 150951.37610229608 6.791330175134064 0.04820086263193463 9.057807868654795
6095 0 0.01 inf 6.84607127581545 0.047347651989649034 9.241276666587646
6096 0 0.01 390431507.2175204 6.663674205466001 0.04845748093866257 9.132065790760038
6097 0 0.01 inf 6.850209537247979 0.051363162925114406 9.182322906607954
6098 0 0.01 inf 6.8052077590890026 0.05815622505132655 9.060947070048298
6099 0 0.01 inf 6.876859501461118 0.042599922995003155 9.308150255857171
6100 0 0.01 830240101.0680583 6.620126901549733 0.03418474621782248 9.121224661656708
6101 0 0.01 inf 6.598109982428361 0.05662077586648056 9.191926398900534
6102 0 0.01 inf 6.801007761191842 0.05681643737288202 9.110778111729976
6103 0 0.01 inf 6.585601396252815 0.04877801458148088 9.278788908377798
6104 0 0.01 inf 6.696149047638706 0.044664241587613424 9.275719422750704
6105 0 0.01 inf 6.5604317536775785 0.04181908983288933 9.23482635637061
6106 0 0.01 inf 6.47315203760731 0.04307403275403421 9.243824740234992
6107 0 0.01 inf 6.741942483526226 0.051179826641759754 9.356109024429589
6108 0 0.01 148971.84792756021 6.761387156096496 0.04767348504273845 9.155120047559757
6109 0 0.01 inf 6.656431016155033 0.040215760384390675 9.211737903429407
6110 0 0.01 210405854.96881595 6.680312078461532 0.0494314053317465 9.173086449000303
6111 0 0.01 inf 6.7194712848188765 0.0512023797668973 9.343424824318209
6112 0 0.01 269218496.6990976 6.674946488494301 0.049451506121256775 9.101181508564451
6113 0 0.01 1402827563.1529539 6.555979006814397 0.04785458055998673 9.141273803032957
6114 0 0.01 inf 6.625701920007098 0.05355990050826505 9.17157224833279
6115 0 0.01 inf 6.718357631028595 0.036676222879217485 9.227891947641565
6116 0 0.01 148892.74481133127 6.763184394308133 0.04691615375144361 9.17764506018135
6117 0 0.01 151732.91590338683 6.791115065732644 0.04981516954256571 9.00874673140805
6118 0 0.01 inf 6.716445675648598 0.05202783624558965 9.060806347143997
6119 0 0.01 inf 6.545889791994696 0.046266347066087704 9.342629231338424
6120 0 0.01 inf 6.570030943237822 0.055646969857381025 9.074398444891328
6121 0 0.01 inf 6.532009032541564 0.04438613167417174 9.224280101708015
6122 0 0.01 148793.01111196302 6.730742105320841 0.04672259465566797 9.157552791709431
6123 0 0.01 151569.70305643464 6.710821376846638 0.036266271605109146 9.186385392565912
6124 0 0.01 inf 6.805774838012722 0.05267793194419093 9.12024754005927
6125 0 0.01 153465.3072878877 6.984949587557467 0.048470956490192646 9.144146526600199
6126 0 0.01 inf 6.679838246801159 0.05791661933194912 9.073893683520756
6127 0 0.01 inf 6.788128426256442 0.05856828144230522 9.100640850494635
6128 0 0.01 inf 6.704955967262624 0.05322101550214764 9.064200863962325
6129 0 0.01 119278313.6314383 6.688497348777789 0.04993344505310791 9.012620575948798
6130 0 0.01 150186.85334932106 6.764932061224407 0.04277478855222262 9.163778440865894
6131 0 0.01 inf 6.782780809488986 0.046694723581476645 9.213825793217548
6132 0 0.01 inf 6.62922398128167 0.04492042556495909 9.380481243938368
6133 0 0.01 inf 6.591274534109831 0.04804890795399132 9.24460102825336
6134 0 0.01 inf 6.8588676927201435 0.05276883339810662 9.069143625442386
6135 0 0.01 inf 6.795495505203474 0.04765405664863129 9.280061891534569
6136 0 0.01 inf 6.835049526990458 0.055820229296567776 9.194179988589198
6137 0 0.01 inf 6.74481468957625 0.06120818617309649 9.082828685527627
6138 0 0.01 150064.3391782025 6.707965428678072 0.04186790891164551 9.1412828155019
6139 0 0.01 inf 6.709741373038087 0.04897654733405301 9.250401385340837
6140 0 0.01 150384.7984642567 6.77856945127418 0.04245593065730392 9.168345454638704
6141 0 0.01 445378269.833354 6.658466728130932 0.04259086263132588 8.986959016675534
6142 0 0.01 149374.78074423166 6.75265614061855 0.04792326454303444 9.113601229487635
6143 0 0.01 151873.58351098082 6.9264442990323305 0.04517008952351676 9.17810725170834
6144 0 0.01 149756.16967724852 6.739645914633393 0.04344218537599717 9.159583018370444
6145 0 0.01 inf 6.701651992936824 0.047108417186355174 9.290814732733358
6146 0 0.01 921877248.8431722 6.6104760188738325 0.048507774543667725 9.099178148059039
6147 0 0.01 152358.63392125792 6.831697200767227 0.04593549218670675 9.052572377030478
6148 0 0.01 inf 6.801274875715079 0.03960909486728911 9.349007040488509
6149 0 0.01 inf 6.692947278840759 0.054305284202556876 9.10946962918967
6150 0 0.01 149035.85905993878 6.7132941706861775 0.04595853344071391 9.136315073785426
6151 0 0.01 inf 6.621071952768079 0.0489006700197396 9.213025394581944
6152 0 0.01 737198341.6081274 6.629710508736553 0.038074705770873185 9.095374357282056
6153 0 0.01 inf 6.5026813069242095 0.05081312010104479 9.187965825778226
6154 0 0.01 inf 6.65559858056428 0.0512361093393304 9.095060709356412
6155 0 0.01 150514.58743008348 6.844026766016192 0.0454828031488508 9.168250701387846
6156 0 0.01 371093780.37363416 6.665492461270622 0.046989588940219255 8.995779980616808
6157 0 0.01 inf 6.672588412603048 0.0537368086456043 9.20178105767483
6158 0 0.01 inf 6.823238835959946 0.05621146416643987 8.991753098730959
6159 0 0.01 148735.3213159043 6.730876589663774 0.04707013850968597 9.155075177129723
6160 0 0.01 inf 6.730467785017223 0.05440727476353688 9.170396756499033
6161 0 0.01 inf 6.60730494149959 0.055591328982646626 9.209241360527061
6162 0 0.01 inf 6.782263684959959 0.050750579844509015 9.200078647473399
6163 0 0.01 inf 6.9683230549796376 0.05617708421315616 9.2671216938631
6164 0 0.01 inf 6.997632362591519 0.04592596179289164 9.2478175993552
6165 0 0.01 inf 6.772613908605329 0.049277157486703756 9.27777114167448
6166 0 0.01 inf 6.547110396542853 0.05477689724331999 9.125978463198352
6167 0 0.01 inf 6.6564444869245945 0.05181791656746574 9.214867247463816
6168 0 0.01 inf 6.711997534185845 0.039886074200020265 9.211367155865808
6169 0 0.01 151481.94706449256 6.736130399371888 0.04507084526673134 9.009496535524795
6170 0 0.01 inf 6.658211578769188 0.04491326730150997 9.22462481855286
6171 0 0.01 395176604.1067539 6.6632269579154295 0.04835664960874524 9.103663241838591
6172 0 0.01 inf 6.691884214816455 0.05042777535137353 9.325636879146305
6173 0 0.01 inf 6.671777319907203 0.05325484963265876 9.268765771334648
6174 0 0.01 inf 6.724273488663082 0.044202445913647005 9.22176308205454
6175 0 0.01 160510.83949608443 6.951572470689249 0.04856606674148016 8.923114684382622
6176 0 0.01 inf 6.753506503811254 0.04825569120751998 9.258856838820636
6177 0 0.01 151249.3361789139 6.828388891738972 0.04103386725493834 9.181296248097633
6178 0 0.01 inf 6.64395380175039 0.05571998967404255 9.189035898075616
6179 0 0.01 156703.3879328979 7.0115186273516 0.04841160661823213 9.071868905577713
6180 0 0.01 inf 6.828166001144674 0.05340969935058237 9.195060377331552
6181 0 0.01 inf 6.624558923067227 0.05015661172473847 9.20643064262187
6182 0 0.01 38133122.35939192 6.695658206700839 0.044102568607465836 9.10863415173792
6183 0 0.01 inf 6.833472665852369 0.05078025835623292 9.279826988484187
6184 0 0.01 inf 6.608971195629477 0.051015939437721584 9.069264329256479
6185 0 0.01 inf 6.86577599018878 0.05413267229555012 9.142130372412327
6186 0 0.01 inf 6.692119642508859 0.040497794018699976 9.208633596496895
6187 0 0.01 inf 6.703818946750974 0.05223496264791015 9.287973669851432
6188 0 0.01 150002.9083961285 6.790141765438464 0.04506063932893646 9.155760902365692
6189 0 0.01 150105.80500649373 6.707579878713663 0.04465869167283836 9.073178372920768
6190 0 0.01 150272.74773348798 6.8430200648403625 0.04838079455206418 9.143185859729098
6191 0 0.01 inf 6.7022209562716 0.0510831100755313 9.146226982804507
6192 0 0.01 714969041.1418561 6.631969086596439 0.04542388600875142 9.052014201731772
6193 0 0.01 309449002.0027471 6.671237717110603 0.04335357374472783 9.1038927363883
6194 0 0.01 148792.6090743629 6.704211934676452 0.04444990923488425 9.19016805456966
6195 0 0.01 inf 6.734395451849064 0.054494293225464015 9.205401603198506
6196 0 0.01 inf 6.584992376835063 0.0455351712347051 9.218494009267188
6197 0 0.01 152543.86216544348 6.855126652739172 0.04476608990822541 9.078259227754787
6198 0 0.01 inf 6.7080745699109015 0.0570998431439418 9.052406025766313
6199 0 0.01 150022.9614076874 6.779023272188644 0.04816781532713092 9.095960612993963
6200 0 0.01 149549.5141921366 6.707536277556837 0.04241890356098105 9.176359830549217
6201 0 0.01 inf 6.7072138223725375 0.049339047072594865 9.265437071916864
6202 0 0.01 inf 6.760494555999765 0.05210771069332843 9.237280038161542
6203 0 0.01 292125783.685021 6.67283866972108 0.0485422781491906 8.99810410171706
6204 0 0.01 inf 6.681786060736696 0.055118675615169296 9.289291963262471
6205 0 0.01 inf 6.770925350573066 0.043155749439057985 9.208933123054953
6206 0 0.01 831951773.8182716 6.619948215439949 0.044251430707038776 9.137988738645408
6207 0 0.01 inf 6.625073599832897 0.05059324033574895 9.220474805984512
6208 0 0.01 1031803321.528812 6.59860957370454 0.039366253583565665 9.185657435886526
6209 0 0.01 inf 6.640601096623948 0.05242843096502057 9.073776500961657
6210 0 0.01 inf 6.759667753258249 0.053673127021336815 9.108833855187342
6211 0 0.01 inf 6.6957264486752885 0.04967693518190339 9.363355743806057
6212 0 0.01 inf 6.672363598452209 0.05166563486356443 9.30772693815917
6213 0 0.01 inf 6.5999319585509415 0.05151212427821349 9.158746378418629
6214 0 0.01 inf 6.691295303132646 0.05492195630709696 8.91572509227807
6215 0 0.01 inf 6.61877722944677 0.05561814217275137 9.22173813666895
6216 0 0.01 inf 6.594858196077757 0.04731355194899125 9.264467984387299
6217 0 0.01 inf 6.7654789899137455 0.05352547615507578 9.117759869395464
6218 0 0.01 inf 6.536476679055102 0.05250781764202341 9.165368637563589
6219 0 0.01 inf 6.607280405575992 0.04568142642869661 9.244090262915241
6220 0 0.01 148121.46707318389 6.730568488006492 0.04843256543742036 9.178180837785245
6221 0 0.01 152785.44067050115 6.829594733843608 0.048735025722545164 9.012328773856497
6222 0 0.01 inf 6.890590153254908 0.05492645890555066 9.219007906592982
6223 0 0.01 151067.95842211117 6.832962017264084 0.04633428680281346 9.113570506576782
6224 0 0.01 149573.97490880464 6.758218271829453 0.04665000479578219 9.126279243007705
6225 0 0.01 inf 6.629785560601482 0.05632838408247896 9.171810205139199
6226 0 0.01 148709.09434404343 6.699732739237758 0.049301285458716974 9.08492868190111
6227 0 0.01 151325.30502460105 6.894056001846329 0.04501662249071822 9.17670921935258
6228 0 0.01 594619085.243037 6.643998330129713 0.04030484655891956 9.05405475667462
6229 0 0.01 inf 6.641705254211307 0.045712942407593986 9.233608963978671
6230 0 0.01 inf 6.725473545784734 0.0552672339876971 9.244400656794529
6231 0 0.01 inf 6.608897380287719 0.05472679681270519 9.142395449494787
6232 0 0.01 514110798.5690775 6.651862963042093 0.04469749983350633 9.11393275204098
6233 0 0.01 149494.38309992448 6.77236468375882 0.04625872071944735 9.15309341237105
6234 0 0.01 726739363.244393 6.630774489580825 0.04414997455729476 9.142660136157469
6235 0 0.01 inf 6.591181132361221 0.05260298862501802 8.968436306424245
6236 0 0.01 148143.98885531837 6.720965004679376 0.049560765777815444 9.144016011136026
6237 0 0.01 inf 6.792971649970708 0.05426147365025848 9.297746366018835
6238 0 0.01 451777031.65656567 6.657855882110567 0.045623627083421485 9.192481121729102
6239 0 0.01 151299.40171045432 6.857462758222988 0.04314583965531948 9.168313305303002
6240 0 0.01 inf 6.70123665911607 0.049816832866111584 9.27258103388653
6241 0 0.01 inf 6.622952874733467 0.057788020508407756 9.172837789671446
6242 0 0.01 148860.2827957052 6.811440888089692 0.04876332876209809 9.19462366971552
6243 0 0.01 950592925.427666 6.60740749935061 0.04491712927277445 8.993293366104016
6244 0 0.01 150754.34465359684 6.796782978924418 0.04144659346998739 9.179668613952325
6245 0 0.01 inf 6.6041827538791775 0.0470128726083785 9.220497848022603
6246 0 0.01 150479.44295925685 6.768200108666727 0.04214127887792781 9.157478742542263
6247 0 0.01 inf 6.674326859300738 0.05702563930079977 9.121575896093917
6248 0 0.01 inf 6.692463173451663 0.038461708275493056 9.257321509566719
6249 0 0.01 inf 6.6664676683247475 0.04267294123134833 9.26264721187774
6250 0 0.01 inf 6.597386910688389 0.055085550106592926 9.121190634190652
6251 0 0.01 795954446.7639427 6.623682694108965 0.04664277609248197 9.13730431464002
6252 0 0.01 151084.83647791273 6.898009759300536 0.04468257824125338 9.199023492432632
6253 0 0.01 104261536.3185417 6.689831327355095 0.04745116322523576 9.184480720631077
6254 0 0.01 inf 6.820213223417715 0.04886428629667702 9.221268978895246
6255 0 0.01 inf 6.6883932716994705 0.05165474927698914 9.163875434357374
6256 0 0.01 150536.04986257677 6.741458243605551 0.045186901972468115 9.068849850216193
6257 0 0.01 149930.4261125457 6.773677593237238 0.04360890620119826 9.17457851790828
6258 0 0.01 inf 6.8642319614558875 0.050205147683599564 9.095452536880707
6259 0 0.01 inf 6.78177293090628 0.050607074263466986 9.016139300577265
6260 0 0.01 inf 6.753435728219111 0.05915905590653899 9.201133493124773
6261 0 0.01 149334.05406215106 6.764046293599959 0.048891404133287096 9.113440975109908
6262 0 0.01 inf 6.689149033836702 0.05486268916728755 8.932155132197868
6263 0 0.01 inf 6.796978759891989 0.05071315569621881 9.238551238201328
6264 0 0.01 111907450.95519793 6.689152688955758 0.04360377633250005 9.143060009513126
6265 0 0.01 150575.2432618296 6.801954576595105 0.045961048571272464 9.115500868898552
6266 0 0.01 inf 6.574978929221116 0.05476779242704622 9.145759514039518
6267 0 0.01 inf 6.865203104835319 0.0444035516789582 9.286682758413626
6268 0 0.01 inf 6.6176343943450435 0.052102341364756354 9.26299882245793
6269 0 0.01 1290853304.7534738 6.569291207905335 0.04753483125195998 9.189139536284967
6270 0 0.01 149755.0388072471 6.749643290044348 0.046632054569639876 9.105441740343496
6271 0 0.01 inf 6.7478911048979615 0.05069587085601337 9.102448643215862
6272 0 0.01 inf 6.555279909065648 0.0455174368761478 9.369489613933228
6273 0 0.01 inf 6.602430671718052 0.05392700275801914 9.14284224309787
6274 0 0.01 683310975.2805983 6.635165742726645 0.04338296931846011 9.145406071608104
6275 0 0.01 151084.37943567146 6.769710412730155 0.04869922383815371 9.025030218405737
6276 0 0.01 inf 6.615571442399571 0.048615539511748324 9.2644096472205
6277 0 0.01 1522448963.586014 6.541292045580597 0.0430292515933001 9.136912906432807
6278 0 0.01 332718991.01950073 6.6690778433415945 0.043674859386076036 9.124259251022739
6279 0 0.01 inf 6.734475292381822 0.04974997453006547 9.24077188870133
6280 0 0.01 inf 6.719116775740593 0.055815121162367164 9.140915377410963
6281 0 0.01 inf 6.678144265776898 0.05333772666338901 9.094455438298873
6282 0 0.01 inf 6.7041105083673544 0.04546120330076941 9.276244211492767
6283 0 0.01 inf 6.715015955741493 0.04460492712673609 9.29529697357863
6284 0 0.01 inf 6.840595447842121 0.05397906570305492 9.220844934252046
6285 0 0.01 inf 6.684383476025232 0.04053598645488997 9.293373830816838
6286 0 0.01 150265.3323212543 6.834242794040534 0.04980199396455858 9.119682536236514
6287 0 0.01 150683.33194720992 6.756189184944513 0.048871251736046256 9.029512101063949
6288 0 0.01 149145.34147769236 6.787810586560615 0.04606736371397189 9.199339801976128
6289 0 0.01 inf 6.589665141414617 0.04020440437218439 9.230076466775223
6290 0 0.01 inf 6.576421495220737 0.05352403312212732 9.119588794686855
6291 0 0.01 4910526.694942119 6.6985560807074735 0.049704979169160834 9.190881696935337
6292 0 0.01 inf 6.722117024523552 0.05707947267460622 9.24847096964753
6293 0 0.01 inf 6.683869677775431 0.05217148498245742 9.240724414988254
6294 0 0.01 inf 6.741311864074976 0.05359196954103921 9.191589606943204
6295 0 0.01 791778858.585956 6.624113759126688 0.04817276230980079 9.157466425512713
6296 0 0.01 inf 6.6964346255373375 0.048498576284225076 9.336878314941154
6297 0 0.01 inf 6.723417949511274 0.05309772350924273 9.072468838000843
6298 0 0.01 135961649.45973077 6.687010291535085 0.04859454587280528 9.065012438624597
6299 0 0.01 inf 6.725928327274076 0.045211422316232 9.390520697126618
6300 0 0.01 inf 6.634857143848123 0.05404531279849318 9.162353050680903
6301 0 0.01 inf 6.793489558644311 0.05125425035951246 9.2936880492791
6302 0 0.01 inf 6.7087953511271055 0.05420101279250833 9.201256493927211
6303 0 0.01 inf 6.478055439828006 0.05155725024605715 9.174126116201515
6304 0 0.01 inf 6.610648104482651 0.052148121714861995 9.066248494425754
6305 0 0.01 inf 6.702887830190482 0.048679626489033984 9.252395256945594
6306 0 0.01 inf 6.796964201926336 0.05293847760772179 9.113274811791936
6307 0 0.01 inf 6.793889965637011 0.052753340968642176 9.295578319895242
6308 0 0.01 149173.3457279318 6.764583579477196 0.04998204703158221 9.10937524813225
6309 0 0.01 153421.2833178853 6.7582690688834655 0.044450693193587194 8.945215480519371
6310 0 0.01 inf 6.628558579787615 0.051753690104230136 9.240368893750361
6311 0 0.01 inf 6.764450371232891 0.05155619759563621 9.054394657613622
6312 0 0.01 inf 6.72001495624743 0.04300374609654776 9.240054952044582
6313 0 0.01 595918024.3270594 6.6438701807830185 0.043910286279867754 9.036380812109044
6314 0 0.01 inf 6.728205014426019 0.05022292303191382 9.327582706723447
6315 0 0.01 1164079894.5288205 6.583886279463986 0.04592258147174671 9.145640532296426
6316 0 0.01 inf 6.7480756503745285 0.05177682212658858 9.355841033349249
6317 0 0.01 729963343.8046377 6.630446675192062 0.04738925363013172 9.0957765512103
6318 0 0.01 inf 6.828289216482628 0.05256867867786787 9.098096311439727
6319 0 0.01 inf 6.643465738644697 0.05198641156036197 9.219722567853852
6320 0 0.01 inf 6.667187523941958 0.05082103012099973 8.96926333369677
6321 0 0.01 inf 6.57961439179914 0.03815911979208948 9.240980363096353
6322 0 0.01 149347.46956311143 6.826843154642301 0.04756531353091444 9.195350500339416
6323 0 0.01 149245.25912762032 6.792577031593272 0.04910154883949032 9.144704390676605
6324 0 0.01 inf 6.801703322732985 0.04260926350511595 9.253104827778442
6325 0 0.01 1712934640.44322 6.516827973089635 0.04220297854696889 9.125318573400774
6326 0 0.01 inf 6.6159777692697554 0.054644066293519505 9.157239657903352
6327 0 0.01 1594291716.3320563 6.5322263926996085 0.04155781839884011 9.188535435640535
6328 0 0.01 inf 6.69456163038248 0.04645586267188988 9.321731351869694
6329 0 0.01 inf 6.681084295191478 0.050340711082683225 9.177964622718951
6330 0 0.01 149937.45189482535 6.738048439034644 0.04505528710701034 9.108503582707685
6331 0 0.01 inf 6.612201091666507 0.0488031577058108 9.28784237308898
6332 0 0.01 inf 6.569422873020598 0.05125971822309318 9.27831614333567
6333 0 0.01 inf 6.5100366990655285 0.04609677992961214 9.330273718372045
6334 0 0.01 inf 6.723815752322603 0.04976963035355971 9.252339658183846
6335 0 0.01 1426455904.4032974 6.553117222913899 0.04450180059338635 9.041900598124586
6336 0 0.01 150703.9544606366 6.705001473218342 0.04732379864562073 8.993730985378518
6337 0 0.01 inf 6.8803467852177445 0.05269124774998837 9.071750577099166
6338 0 0.01 inf 6.6830822734258515 0.05165489871179534 9.167993090683668
6339 0 0.01 936868262.9941628 6.608876871731665 0.040841235162951114 9.161942285409488
6340 0 0.01 148365.78320437664 6.719910750090118 0.047956014126631856 9.156611420689764
6341 0 0.01 150937.64716822276 6.798964474050106 0.041564636997226095 9.164423312093867
6342 0 0.01 1198552920.2261727 6.579965695484827 0.049025188144057326 9.181304170778272
6343 0 0.01 inf 6.772672907841652 0.053502402898453844 9.112079133948969
6344 0 0.01 inf 6.604124522228855 0.05615810384425785 9.099579569110961
6345 0 0.01 inf 6.351537816141286 0.042577314715843424 9.22866438957041
6346 0 0.01 149258.15366332323 6.739580780343293 0.04475999282077684 9.171322290500251
6347 0 0.01 inf 6.744242423138486 0.03887297034574294 9.274184340048272
6348 0 0.01 inf 6.702082602006413 0.0518301966403139 9.176824873871764
6349 0 0.01 inf 6.694632926310983 0.054204234603825334 9.205178655611808
6350 0 0.01 inf 6.851354148808435 0.038400472992544774 9.248252934488148
6351 0 0.01 inf 6.734978376316603 0.05404463010016036 9.206718887795269
6352 0 0.01 742455201.327398 6.629174322339897 0.04662052819917261 9.135738611706577
6353 0 0.01 7219166.790379218 6.698355448063494 0.0459154482790945 9.140493380415927
6354 0 0.01 inf 6.68416431411747 0.04090231595996146 9.266317441610072
6355 0 0.01 152860.83674010914 6.824557875108735 0.047741369589361204 9.010542366309194
6356 0 0.01 inf 6.53996525447247 0.04992954287685899 9.245859408942858
6357 0 0.01 inf 6.62155173214677 0.05010584327352328 9.285395528598464
6358 0 0.01 inf 6.689355207971069 0.04454823498305577 9.20773822641306
6359 0 0.01 inf 6.784519538685153 0.0539756841923053 9.207540765326463
6360 0 0.01 150255.32789181182 6.863787730351525 0.048339812593158026 9.165392071523884
6361 0 0.01 inf 6.69907057054043 0.050078323341711535 9.135713791279013
6362 0 0.01 inf 6.737382284748431 0.05096104911910161 9.117473337688171
6363 0 0.01 inf 6.423857299787088 0.05606159740745681 9.16115709236133
6364 0 0.01 148330.1778739898 6.720910555468826 0.04832145424888885 9.152993120520845
6365 0 0.01 inf 6.540061192436038 0.055877881625469694 9.314419656344324
6366 0 0.01 inf 6.787023752017042 0.04523051946468973 9.292492772797946
6367 0 0.01 inf 6.662804866104512 0.05839829215710782 9.158611252132614
6368 0 0.01 inf 6.618051120381631 0.05014153410248281 9.338201764605747
6369 0 0.01 inf 6.707965029507077 0.05425818883139493 9.281984479496849
6370 0 0.01 149448.67884704284 6.832670305151771 0.04801956043182354 9.187248805501666
6371 0 0.01 151661.2725257347 6.732389263463279 0.045003876451344675 8.996940885056256
6372 0 0.01 inf 6.593955418422212 0.04373343791295285 9.428825170155982
6373 0 0.01 149558.51593252667 6.769271154524165 0.04481658133786845 9.173880859561027
6374 0 0.01 149208.22750069905 6.7014692220098135 0.0453138306835808 9.124350917826979
6375 0 0.01 inf 6.630897636087733 0.055562880932568864 9.197348092980453
6376 0 0.01 151085.72260832632 6.770990978516687 0.043193121514778485 9.094857185627657
6377 0 0.01 318730083.91655904 6.670377549971217 0.049730044458620226 8.999982829620052
6378 0 0.01 320087287.4438401 6.670251496822262 0.046197249108892335 9.177373543079616
6379 0 0.01 151074.2035907489 6.776537159906014 0.047476422745830874 9.044124663842497
6380 0 0.01 345839130.8892863 6.667855123865382 0.049929184925453826 9.169322161348063
6381 0 0.01 inf 6.705202582418951 0.053503972297864626 9.181343155323821
6382 0 0.01 150863.61749821214 6.738068672823293 0.04153124270227756 9.110109165386726
6383 0 0.01 149285.74200193823 6.811275914350648 0.0486491367434098 9.167256606188733
6384 0 0.01 inf 6.629515469987684 0.05143297461461961 8.952254865009987
6385 0 0.01 inf 6.664753661081668 0.048215140461665265 9.237451730798824
6386 0 0.01 150176.28830396978 6.7598191441900015 0.04894066208971253 9.058971837973623
6387 0 0.01 809652854.3379782 6.622265461539905 0.0412149660392986 9.193588753601045
6388 0 0.01 1239172508.7351432 6.575300750301833 0.044219147156080885 8.946846646948506
6389 0 0.01 inf 6.503225912539027 0.05344700478490268 9.26854303216344
6390 0 0.01 inf 6.829356563250245 0.041890836139210116 9.203046180088776
6391 0 0.01 149995.94494905666 6.855606385240512 0.04960267848941211 9.15732842021794
6392 0 0.01 1616611220.2980633 6.529370824406397 0.04768709603784054 9.071239467029283
6393 0 0.01 151554.43692235777 6.751845429274371 0.0437864449028722 9.037801030461154
6394 0 0.01 inf 6.765366028760294 0.050216776893268505 9.221219241095758
6395 0 0.01 inf 6.765365735798154 0.057144967053554444 9.117726535195388
6396 0 0.01 1428699920.8276486 6.552844409055118 0.045272638846538586 9.038589138163657
6397 0 0.01 inf 6.617598720204939 0.05085731548833577 9.158240148416505
6398 0 0.01 447196573.7747553 6.658293019250829 0.04915182028418393 9.09916973407303
6399 0 0.01 inf 6.727250225135745 0.05290715134834598 9.0915011310041
6400 0 0.01 inf 6.744942967586463 0.05297851329342033 9.001401708144705
6401 0 0.01 inf 6.793741802403765 0.052490306043620934 9.091025997120076
6402 0 0.01 672006346.4659114 6.636301523321879 0.04568785947151104 9.109207508371023
6403 0 0.01 inf 6.572714443927638 0.051602157659420216 9.334680321623518
6404 0 0.01 inf 6.665937577214316 0.050622580480815166 9.166574902969085
6405 0 0.01 150254.70941954537 6.715946000732299 0.046906519100631726 9.0356939393335
6406 0 0.01 inf 6.561568550254706 0.060702327319663595 9.345954092540728
6407 0 0.01 inf 6.808746053686452 0.049076952752134674 9.220058191685267
6408 0 0.01 inf 6.588937112987452 0.051575968866126316 9.143653703298114
6409 0 0.01 inf 6.777772842702877 0.05045310018209534 9.327066982948216
6410 0 0.01 149287.57724564086 6.714675538979893 0.045589152558773306 9.124724293677222
6411 0 0.01 inf 6.916701434874168 0.05192206899906813 9.004201731075954
6412 0 0.01 inf 6.761185933867427 0.05167223414819847 9.315061140926035
6413 0 0.01 inf 6.64411791828284 0.05700771533879249 9.239300258549665
6414 0 0.01 475220161.92034864 6.655611718835988 0.044954161340139936 9.142754745937902
6415 0 0.01 inf 6.7593745396067275 0.052252426545637276 9.150843761402948
6416 0 0.01 inf 6.64122429072057 0.059920439611792095 9.276645128415653
6417 0 0.01 inf 6.489666958009348 0.05143143570429413 9.02355315489762
6418 0 0.01 inf 6.557222096084692 0.05730746892059113 8.948722463301374
6419 0 0.01 inf 6.832069238635541 0.04123514774365059 9.342077953108983
6420 0 0.01 inf 6.745626959510349 0.03775359999634174 9.282169772031335
6421 0 0.01 inf 6.538979870030524 0.051412677662668646 9.22023046164684
6422 0 0.01 151499.07450310973 6.79469088955291 0.042788746478829874 9.098606215808898
6423 0 0.01 inf 6.570586085337874 0.05403607535858809 9.194548972289255
6424 0 0.01 818040017.5161686 6.621395269921791 0.04691845382639351 9.091349174519214
6425 0 0.01 inf 6.76347950675644 0.051167434818946596 9.079007028711622
6426 0 0.01 inf 6.672760150653506 0.055477229035418164 9.34925063080145
6427 0 0.01 172430306.60611767 6.683741907213599 0.047619481655792786 9.119971858430585
6428 0 0.01 inf 6.7285067940898875 0.0456825660305753 9.200709164472013
6429 0 0.01 inf 6.5467417967474235 0.04261645692623793 9.227575627047594
6430 0 0.01 inf 6.735272203905199 0.05749242392167113 9.121306869684952
6431 0 0.01 inf 6.745519771077786 0.05115930758232513 9.06459462404032
6432 0 0.01 inf 6.780138165630976 0.05734255096366895 9.067791805251677
6433 0 0.01 2111073922.1052759 6.460758408386619 0.04818419826704531 9.173661608010526
6434 0 0.01 152298.7066691005 6.899109085400917 0.047720646721155176 9.108089285998952
6435 0 0.01 inf 6.5730264187699925 0.059442643497544065 9.105718789475157
6436 0 0.01 inf 6.708054008810868 0.0519241350598192 9.106587665548386
6437 0 0.01 149466.8466824165 6.72058857477708 0.04549740278942249 9.118123264022238
6438 0 0.01 1085450909.4782557 6.592698140142738 0.04934927704195608 9.04935105018105
6439 0 0.01 inf 6.7491396190056445 0.053465242985501295 9.343031733010417
6440 0 0.01 inf 6.798280211664008 0.047438577795737555 9.203524297839968
6441 0 0.01 inf 6.65841649349247 0.05146476158455912 9.259691685258206
6442 0 0.01 inf 6.711812859487066 0.05593869205136645 9.208460202588062
6443 0 0.01 inf 6.56746018215446 0.05548509628097031 9.230004805698046
6444 0 0.01 inf 6.667576131695872 0.05022462716079055 9.047674596337421
6445 0 0.01 718220119.8583027 6.631639446904591 0.042361060207227255 9.173374680269294
6446 0 0.01 inf 6.724290152326606 0.050124143836727315 9.218859397243984
6447 0 0.01 149655.94940997107 6.716096231784663 0.04724852893384519 9.068720034945473
6448 0 0.01 inf 6.621082762762689 0.05656065731549001 9.205578716115452
6449 0 0.01 148837.27336853778 6.772463208326856 0.04716758775668369 9.186300012918885
6450 0 0.01 inf 6.810809329103959 0.040984964703123045 9.217265280421925
6451 0 0.01 inf 6.715641273076732 0.05734951474321801 9.1633487551516
6452 0 0.01 inf 6.68002604622268 0.04570417925247704 9.24097558082739
6453 0 0.01 inf 6.764922077378686 0.05057071464849586 9.096405069516395
6454 0 0.01 inf 6.805943932523441 0.04706115598756652 9.319697247236968
6455 0 0.01 150695.34370394272 6.7046181162413445 0.040929431460982386 9.105450960083402
6456 0 0.01 154685.5126194643 6.8739478745025835 0.04300258291011426 9.020640319800533
6457 0 0.01 383961010.9909895 6.664283454379125 0.047894774977004874 9.078225854789597
6458 0 0.01 inf 6.724289563301888 0.058674560273359634 9.19403699354415
6459 0 0.01 inf 6.808271399162358 0.04647779230450506 9.280743414425455
6460 0 0.01 941461804.6551067 6.608385460117514 0.045015062947338 9.190555224575496
6461 0 0.01 inf 6.7722078420601575 0.06456848255664827 9.087035257452113
6462 0 0.01 inf 6.685438192209183 0.04757244168390066 9.349405103863363
6463 0 0.01 inf 6.659814522776452 0.05169108637575699 9.132041386769979
6464 0 0.01 inf 6.713529839908983 0.04081129391547111 9.201594287992068
6465 0 0.01 inf 6.769309220991288 0.04555760793087659 9.22733802985142
6466 0 0.01 150517.06899931814 6.8878128316188425 0.04634876972559682 9.19947733376025
6467 0 0.01 inf 6.6173219430021915 0.05014770632803196 9.148749643422057
6468 0 0.01 152335.5204243131 6.79117622512109 0.04087293890686621 9.073386468369975
6469 0 0.01 149197.33851147784 6.712587991526274 0.04790309470438672 9.086037891804981
6470 0 0.01 inf 6.868091747837068 0.050753744514425415 9.156085175783758
6471 0 0.01 inf 6.804600375664482 0.0409211249512006 9.254424960729715
6472 0 0.01 inf 6.629988330370567 0.048736017860011104 9.230358469306314
6473 0 0.01 inf 6.594465253238833 0.05692483144493704 9.151123312406408
6474 0 0.01 inf 6.755881037388778 0.05188696242979152 9.020061209899435
6475 0 0.01 inf 6.769507079389202 0.052623231751094915 9.066619997989608
6476 0 0.01 890882971.0519204 6.613764134495268 0.046660872404188605 9.137355855668513
6477 0 0.01 202690341.11406153 6.681011242719696 0.04860540161498654 9.05556383773797
6478 0 0.01 inf 6.832234604024387 0.04404278284494933 9.237552765992632
6479 0 0.01 150504.77824472604 6.7125394388074096 0.03975335668524982 9.168475213568914
6480 0 0.01 inf 6.7820951932547935 0.05585703647652572 9.187680685764295
6481 0 0.01 inf 6.84358875551404 0.05233976591154974 9.174968817873937
6482 0 0.01 inf 6.790071689661164 0.04651876545675058 9.27625826619955
6483 0 0.01 140045935.01384926 6.686645549995183 0.047194260608401414 9.031115853250332
6484 0 0.01 inf 6.6459152405573665 0.054159825261511675 9.263048027204505
6485 0 0.01 inf 6.6699061004664415 0.04446044410930621 9.25109424003834
6486 0 0.01 584131558.7627217 6.645030759969457 0.04924060242212304 9.025058076759962
6487 0 0.01 153256.48406790962 6.798782660751169 0.04953284133232907 8.960038927155775
6488 0 0.01 631030904.9961481 6.640393781575003 0.04692088476466128 9.047829974252505
6489 0 0.01 inf 6.741909090452151 0.05200699666405301 9.242584944975093
6490 0 0.01 inf 6.572321655645947 0.04903977239945344 9.248653417652418
6491 0 0.01 inf 6.508988142519505 0.05062602819039286 9.23315745394975
6492 0 0.01 171541965.80688578 6.6838217811281355 0.047178761809703616 9.16417957490267
6493 0 0.01 inf 6.755842876428048 0.04119204795780949 9.28506228662772
6494 0 0.01 22072385.96819078 6.6970616399320795 0.04325694544989942 9.124044668722153
6495 0 0.01 inf 6.6548660812443785 0.05125498045741553 9.08652643113175
6496 0 0.01 inf 6.7990007527112715 0.05257106615449448 9.2524753912268
6497 0 0.01 148651.6542136161 6.752299455818424 0.04843089440557211 9.156617377195412
6498 0 0.01 inf 6.509186624769387 0.05272356064220455 9.218384088876105
6499 0 0.01 1164706697.7139208 6.583815356350579 0.04648764693362279 9.078635400333841
6500 0 0.01 inf 6.655230194460158 0.04604223618153786 9.239754355428797
6501 0 0.01 153038.33935500222 6.892621366515778 0.04954660581107367 9.061536003625648
6502 0 0.01 1819238708.2351127 6.502551189569119 0.04712555227326363 9.076949203248034
6503 0 0.01 150496.957021239 6.736555071826008 0.04190224424934381 9.130080754939327
6504 0 0.01 inf 6.672475928757 0.0565681990827385 9.159250140777612
6505 0 0.01 inf 6.893366579112475 0.04430504689718517 9.260497431307382
6506 0 0.01 148461.79323863873 6.776754357006763 0.04861618456683114 9.192381817902167
6507 0 0.01 inf 6.632009486700232 0.044997405860120965 9.206477395517645
6508 0 0.01 inf 6.868368050039317 0.06307518272480533 9.23377549777516
6509 0 0.01 inf 6.691584203614968 0.0497778255529669 9.207236612713034
6510 0 0.01 149255.90940331668 6.7519555083221565 0.04691757233028263 9.138306582927262
6511 0 0.01 inf 6.661587597836529 0.044629430621844164 9.336319530722218
6512 0 0.01 156375.270859264 6.900621379108781 0.04245681172009151 8.990388744218622
6513 0 0.01 inf 6.602607588522514 0.04274479137251879 9.200161688041062
6514 0 0.01 150464.73604580775 6.762968590135291 0.04502026531903102 9.09761765595161
6515 0 0.01 inf 6.755525124421703 0.051054000612694626 9.274986572434301
6516 0 0.01 inf 6.703767096437025 0.05047950024870567 9.072312484137052
6517 0 0.01 inf 6.729124735474952 0.05281180142634483 9.200125558571873
6518 0 0.01 1422897975.939773 6.553549334000037 0.043786953928752745 9.124672689654675
6519 0 0.01 inf 6.734543801675882 0.05499655914325863 9.343525248756508
6520 0 0.01 inf 6.78446139840034 0.059281721869193844 8.923991799109322
6521 0 0.01 819272971.806275 6.62126719066937 0.04732712403048682 9.1026278708051
6522 0 0.01 inf 6.899798029279211 0.04584936042532625 9.325759196502739
6523 0 0.01 inf 6.616765052745575 0.04894577782681865 9.407909100527391
6524 0 0.01 inf 6.554979964865407 0.0429656052278983 9.323827606281885
6525 0 0.01 inf 6.507993208805683 0.0431296025093516 9.362715607813206
6526 0 0.01 152767.48042848858 6.8351799409329095 0.03882622617745078 9.124652465868078
6527 0 0.01 inf 6.85474700811165 0.05671580485318758 9.09302527845967
6528 0 0.01 150275.27241117813 6.734349341300885 0.04840430573892017 9.034106169821413
6529 0 0.01 153651.72262263746 6.8550679420832275 0.03915204298278267 9.086583990574951
6530 0 0.01 22013134.184931602 6.697066811622223 0.04732038888144435 9.041841106360234
6531 0 0.01 inf 6.608017689544198 0.044244945735072025 9.260843842257064
6532 0 0.01 126694499.88713655 6.687837028563955 0.044226400670819385 9.049891343754748
6533 0 0.01 inf 6.59989011465565 0.05702417623824663 9.169325925858685
6534 0 0.01 inf 6.783872997136403 0.0590723402597784 9.228596816104526
6535 0 0.01 inf 6.739404695190467 0.046343852405302796 9.218374959174465
6536 0 0.01 inf 6.50123713724407 0.03688528025135722 9.246148175103409
6537 0 0.01 inf 6.7107083813146815 0.050783490346373576 9.237143340462747
6538 0 0.01 inf 6.88794370117082 0.05052452174296436 9.183993781195873
6539 0 0.01 inf 6.720456780815958 0.06120155048428563 9.16550807648907
6540 0 0.01 inf 6.817638474435321 0.0551528177638417 9.189163215211515
6541 0 0.01 inf 6.532122913281013 0.049438245874812714 9.210550141883692
6542 0 0.01 151371.14792922453 6.782917885075688 0.04809914818334205 9.030063288226035
6543 0 0.01 inf 6.760329834987339 0.05446482418811076 9.14051774043906
6544 0 0.01 150285.04136799928 6.723188447442647 0.046281380628000024 9.04994227675339
6545 0 0.01 inf 6.578212117198453 0.036753152831258226 9.22915514949219
6546 0 0.01 152032.08478007617 6.793736969141609 0.040688601159545174 9.098152576849653
6547 0 0.01 148564.93343580392 6.707042305732967 0.048705264155032964 9.113025343033044
6548 0 0.01 214470387.28688455 6.679943613723447 0.04700925663598094 9.018649023495174
6549 0 0.01 inf 6.598205193949397 0.05765941641903878 9.207036339246997
6550 0 0.01 150333.17005365135 6.718347243630726 0.0444814349678821 9.071024440940192
6551 0 0.01 1026789655.3070198 6.599157796801503 0.043570551064323754 9.143624450096105
6552 0 0.01 inf 6.97555390646134 0.0508966008179052 9.262212124941165
6553 0 0.01 inf 6.59635521492465 0.053119740219814485 9.145129865452558
6554 0 0.01 inf 6.679209549172832 0.04988626057942624 9.208204528214857
6555 0 0.01 1331699617.1595929 6.564482680122931 0.04979176915925775 8.850347197508958
6556 0 0.01 654987379.6296101 6.638005892368278 0.046749916618551525 9.083278833789455
6557 0 0.01 inf 6.759182792928667 0.047099966488504785 9.22885331849694
6558 0 0.01 1307614324.1711497 6.567324371716352 0.04617867186812895 9.199527363167348
6559 0 0.01 inf 6.521766756554857 0.04163805592297161 9.249473285867248
6560 0 0.01 763983159.606213 6.626973064464246 0.03958155759845686 9.143388662752738
6561 0 0.01 150511.60519707983 6.8405616282712085 0.04587693840092039 9.159171182028649
6562 0 0.01 inf 6.832464638417924 0.05371022321469907 8.989665832616263
6563 0 0.01 inf 6.6700951720988915 0.04071967760152557 9.27442824169432
6564 0 0.01 inf 6.585352950482225 0.05328295033885073 9.268145824847874
6565 0 0.01 654423414.0335617 6.638062315920863 0.046302838151033275 9.042805484104894
6566 0 0.01 inf 6.6654392886738565 0.05043152553352365 9.214289523037717
6567 0 0.01 inf 6.754665036138471 0.055490454712868835 9.140621913552918
6568 0 0.01 677013314.7011323 6.635798845235682 0.04570792800382614 9.086931655409833
6569 0 0.01 inf 6.7767025488445425 0.05303233386737048 9.14765920009764
6570 0 0.01 151596.22471654078 6.810990254247407 0.04232045023339995 9.116198217924264
6571 0 0.01 inf 6.633392665498024 0.05498360977166051 9.220777285530456
6572 0 0.01 106853789.4878445 6.689601385941028 0.04952854088995501 9.075623942697602
6573 0 0.01 861160978.7196468 6.616894056029484 0.04606134117442948 9.150367749550453
6574 0 0.01 inf 6.805211748316887 0.044716921051148856 9.246665235608422
6575 0 0.01 inf 6.658138400319452 0.0578677234351893 9.148624235232932
6576 0 0.01 inf 6.601917148400643 0.05194985461120765 9.06168707899851
6577 0 0.01 inf 6.604184512933929 0.04235431136064604 9.243514827314268
6578 0 0.01 148121.79969414324 6.7419223131716155 0.04959498349054819 9.166096100443147
6579 0 0.01 151287.01287366945 6.904896502587323 0.049584453797909135 9.143410026459296
6580 0 0.01 inf 6.581830496756442 0.055098644585621824 9.118716220817642
6581 0 0.01 1458306142.6753285 6.549229266592279 0.042058908663667065 9.129018293409816
6582 0 0.01 inf 6.809943917589526 0.05140994607824877 9.29762266684885
6583 0 0.01 1191473511.6999784 6.5807740283533525 0.04050705996396081 9.134949602465186
6584 0 0.01 inf 6.831751119799981 0.05063455704304395 9.127869212516519
6585 0 0.01 inf 6.729528098057796 0.04586391607143085 9.239479568588555
6586 0 0.01 inf 6.77527314316909 0.046804644315940745 9.233476665131342
6587 0 0.01 inf 6.751243058569078 0.05285254730269868 9.160628045871622
6588 0 0.01 149983.4941929561 6.743494720141368 0.04405688182693943 9.130243514122322
6589 0 0.01 148074.02310230467 6.729284128968607 0.04943616758568142 9.160329467545802
6590 0 0.01 inf 6.644152889856209 0.05069446756984151 9.196323187048613
6591 0 0.01 inf 6.71664183811013 0.04681036970364582 9.243079159774732
6592 0 0.01 inf 6.709486698647048 0.05293977981430788 9.260908025543083
6593 0 0.01 inf 6.542193072454339 0.05127328996769104 9.258256034911582
6594 0 0.01 inf 6.773918542090948 0.054672135033255 9.070079979783785
6595 0 0.01 151379.23209105065 6.759548037857309 0.03938285815609582 9.141249567474734
6596 0 0.01 148939.36015287 6.708448360377823 0.047215757267886384 9.113246117294711
6597 0 0.01 148578.94576591047 6.764531477668959 0.048866492892686096 9.166578184817865
6598 0 0.01 1732903616.5114777 6.514181422331849 0.047593092001942165 9.199193114900684
6599 0 0.01 347229586.51490486 6.667725442355693 0.04882488480143391 9.112934829426761
6600 0 0.01 inf 6.71302298660714 0.055242110761969984 8.896685176741764
6601 0 0.01 inf 6.828191829660391 0.05107180392858551 9.164379806409714
6602 0 0.01 738832384.6186517 6.629543589046187 0.049210999360044735 9.182871873363526
6603 0 0.01 152937.85737367105 6.765193912596095 0.042033715190157195 8.998132708083672
6604 0 0.01 149890.19957107323 6.721926788448351 0.04889725051688522 9.03758759991622
6605 0 0.01 321504927.8985818 6.670120069028538 0.04380977864376257 9.089218412856175
6606 0 0.01 inf 6.642432116811642 0.051747795599559346 9.26953335199499
6607 0 0.01 inf 6.667972351284247 0.05066487029474783 9.135748475895532
6608 0 0.01 153191.8651329478 6.800468866895799 0.043355717868482455 9.00706680510564
6609 0 0.01 149200.61033679248 6.769063024399635 0.04753557495136742 9.148456400288389
6610 0 0.01 inf 6.791822671252606 0.05039692691463484 9.072524068930232
6611 0 0.01 573628453.8319838 6.646062487922586 0.049255291600616764 9.009615082910125
6612 0 0.01 inf 6.604104528131219 0.06317984260503753 9.188560528441387
6613 0 0.01 inf 6.558736431523027 0.042780063509483116 9.240862117592448
6614 0 0.01 inf 6.882516884914479 0.03811666139659006 9.29080892708002
6615 0 0.01 159001.720972605 6.90156188895049 0.03648989175203356 8.935563611921742
6616 0 0.01 inf 6.790990377896545 0.05647152839909709 9.127101088186118
6617 0 0.01 149611.27564749354 6.707740273471724 0.04366340677888844 9.13509588208563
6618 0 0.01 inf 6.675223631450167 0.05728741799779436 9.010322298114756
6619 0 0.01 1061544254.0558367 6.595342270077119 0.04664253708911676 9.12068147694137
6620 0 0.01 inf 6.847116852321514 0.05230368461506083 9.050330981105093
6621 0 0.01 inf 6.817051934677762 0.050510809472893915 9.148939697996664
6622 0 0.01 152537.0139829238 6.817282887300473 0.040997477586309186 9.085594856114463
6623 0 0.01 inf 6.61707214320481 0.05091321483262971 9.106357276681663
6624 0 0.01 inf 6.665100417848555 0.052752998617888514 9.272866865500257
6625 0 0.01 1492034477.884182 6.545073423433712 0.04920909334232332 9.190176190480964
6626 0 0.01 151640.6578545996 6.72617995737086 0.04169311533771119 9.038916194939034
6627 0 0.01 988270952.4522226 6.60334769026789 0.042530278524863005 9.177780434330035
6628 0 0.01 inf 6.781050345799928 0.05208783489290027 9.260252290820299
6629 0 0.01 inf 6.937328690901994 0.050922146757327244 9.11147667496253
6630 0 0.01 149263.94614721852 6.734358230437405 0.04824416256231251 9.097814007602127
6631 0 0.01 148722.89620569436 6.7836384969087185 0.049890854666060455 9.158770237047666
6632 0 0.01 inf 6.754706550640617 0.042351556474477046 9.269086944609374
6633 0 0.01 inf 6.599753307730141 0.05298759212932883 9.160672071936968
6634 0 0.01 1720971436.2450595 6.515764647951378 0.04695326418243962 9.173049033033315
6635 0 0.01 989653612.9111351 6.603198189001901 0.04216725398606595 8.986063313262852
6636 0 0.01 inf 6.617289292434077 0.054371936223140224 9.4485806369956
6637 0 0.01 inf 6.699023892782366 0.05212970090654347 9.202177695262073
6638 0 0.01 inf 6.460458291197648 0.05101443217850964 9.221422407918197
6639 0 0.01 inf 6.811291962638161 0.0539318432048214 9.006189600294952
6640 0 0.01 inf 6.702522476882868 0.05544996491553052 9.159269439081939
6641 0 0.01 150134.49350554915 6.782851737790924 0.04307511826706677 9.179050672185195
6642 0 0.01 39456526.53394049 6.695542334243795 0.04539033771546216 9.105886922994893
6643 0 0.01 inf 6.613695621608315 0.0503590781894743 8.95892385765806
6644 0 0.01 149609.5860190465 6.729283206464074 0.04832665799168387 9.069121010834758
6645 0 0.01 inf 6.539467313026992 0.04971549124373739 9.236722633533459
6646 0 0.01 inf 6.65898210292739 0.05847032832600889 9.140484034322398
6647 0 0.01 inf 6.574599339877892 0.05698703934012495 9.177560086059543
6648 0 0.01 inf 6.687371970400845 0.0446049100787059 9.331640177141962
6649 0 0.01 151700.06819361745 6.764933976543972 0.04312736682899206 9.051653333022532
6650 0 0.01 inf 6.691668077259071 0.05003678287720117 9.227275147020572
6651 0 0.01 inf 6.74113160985656 0.05093180359287741 9.194365360144943
6652 0 0.01 1337212776.491622 6.56382928629418 0.04499010003785699 9.076089854493882
6653 0 0.01 inf 6.6117445909961585 0.057214843167922864 9.234090410781546
6654 0 0.01 inf 6.73458268430921 0.04992758573996176 9.320510743105148
6655 0 0.01 inf 6.728724090207993 0.05828741438485346 9.109752719951828
6656 0 0.01 inf 6.574360102102657 0.04767294452313729 9.338051298912593
6657 0 0.01 inf 6.734832707972866 0.04474682278347274 9.327975060555886
6658 0 0.01 1464282991.4284768 6.548495731780663 0.046989368625574526 8.999247576500395
6659 0 0.01 555161107.9589708 6.647870514348825 0.04662562964858323 9.121832856066264
6660 0 0.01 inf 6.735062644158067 0.051917178874571895 9.22042825588391
6661 0 0.01 inf 6.5945526455077275 0.05438720664253477 9.22362939975756
6662 0 0.01 inf 6.8868245547171 0.056457343587049874 9.093465897969457
6663 0 0.01 689547460.6566892 6.634537714884608 0.04771265251217468 9.17963461168669
6664 0 0.01 inf 6.7904422361432015 0.057188275929450305 9.223702359177448
6665 0 0.01 inf 6.710405117987399 0.04770790667718226 9.262818486720683
6666 0 0.01 416105023.1642912 6.66124882144293 0.046899864762316966 9.031216645058693
6667 0 0.01 1745277797.9505475 6.512533556454991 0.04957507917635893 9.029810249691185
6668 0 0.01 inf 6.6168644542176445 0.04661484549676999 9.242250403281103
6669 0 0.01 inf 6.626018875568123 0.04599911232503587 9.27326885724789
6670 0 0.01 inf 6.765490242022451 0.04342523028317635 9.22936291239
6671 0 0.01 inf 6.6081199699083495 0.04716820437131243 9.261809992551498
6672 0 0.01 inf 6.858875523307057 0.04460824360618151 9.201367732592644
6673 0 0.01 inf 6.718874207237462 0.049985829343250174 9.366540536308054
6674 0 0.01 156838.63087302475 6.8822151632731545 0.040326479021484854 8.967360538895727
6675 0 0.01 153087.6903027533 6.814847208517043 0.0475991779791051 8.992937895193263
6676 0 0.01 inf 6.680944236174945 0.056670770580946585 9.33896655850058
6677 0 0.01 inf 6.780253688278704 0.0540727821737403 9.148520360370863
6678 0 0.01 inf 6.677141381969692 0.05018267155104474 9.100767480563126
6679 0 0.01 152467.26287155732 6.793911725398699 0.04969377683002052 8.983117564112062
6680 0 0.01 inf 6.462185750686363 0.05253007654322766 9.161312596139998
6681 0 0.01 76348224.34851293 6.692300559523499 0.047699269198995586 9.017393565694936
6682 0 0.01 1417589912.4164214 6.554193209113745 0.04619977558386754 9.105363950912714
6683 0 0.01 151663.00862486882 6.86106779421374 0.04415885664107996 9.135864632631257
6684 0 0.01 150405.76322616477 6.711480986867703 0.041459038084655016 9.124218853556025
6685 0 0.01 inf 6.735671199725224 0.05140528007613314 9.050105395910848
6686 0 0.01 128740716.54005685 6.687654727902144 0.037502259043404526 9.150486814489122
6687 0 0.01 151046.0381320233 6.826950406126529 0.047067652949361195 9.100353839168681
6688 0 0.01 inf 6.841554150725728 0.05034214564763859 9.148865965018144
6689 0 0.01 inf 6.704470252677458 0.045371021947088995 9.27383777847045
6690 0 0.01 inf 6.7023065450953085 0.05609447958165488 9.192174156841986
6691 0 0.01 inf 6.755584732054014 0.054199042150902696 9.338857440366708
6692 0 0.01 152330.33422279317 6.74573349372545 0.045112516460545315 8.975568697168631
6693 0 0.01 inf 6.7049309606006675 0.040959451358868186 9.332747665018701
6694 0 0.01 inf 6.8047517115036324 0.06156473510568717 9.252727890835732
6695 0 0.01 inf 6.642922628098838 0.04431727635749195 9.250710921969139
6696 0 0.01 inf 6.640443400565396 0.051052337155585895 9.194537865492867
6697 0 0.01 399720070.7388442 6.662798529811114 0.043022817596783045 8.984557325326435
6698 0 0.01 148283.79060665154 6.778061544238596 0.049629102396569404 9.188996405131885
6699 0 0.01 inf 6.644978365497951 0.05008432983713394 8.93397500266511
6700 0 0.01 inf 6.763020498139825 0.049446456965646465 9.212069418827289
6701 0 0.01 inf 7.025111255459288 0.054677490461172935 9.286721351017553
6702 0 0.01 inf 6.74071946623332 0.045995971168600144 9.39906949378919
6703 0 0.01 inf 6.633427320732697 0.041964899978281525 9.336798442894667
6704 0 0.01 150335.62925229158 6.826312815047694 0.046696772595160106 9.14407025290877
6705 0 0.01 inf 6.571745212622345 0.048576129461436995 9.264746452090982
6706 0 0.01 149307.87007839975 6.748020447545924 0.044914953698120784 9.171602733895625
6707 0 0.01 1065871940.0533217 6.594864815858013 0.046908308165498715 9.106392545446523
6708 0 0.01 inf 6.8180549603434 0.057507995701385706 9.081798353139382
6709 0 0.01 149649.93874340566 6.81168070291763 0.04840983928257157 9.14787239745838
6710 0 0.01 394321257.7123947 6.6633077563474945 0.041246059873181994 9.157914124768492
6711 0 0.01 inf 6.649104191020179 0.04847559530222819 9.265925204771248
6712 0 0.01 inf 6.685669844381635 0.04969471481953627 9.216989174232284
6713 0 0.01 150360.0905203367 6.785754162065279 0.04465669401828302 9.133491702957317
6714 0 0.01 inf 6.605577781327296 0.04068303508158358 9.355534367637876
6715 0 0.01 inf 6.541699362339488 0.04343832385582283 9.228137612033406
6716 0 0.01 inf 6.686746424779776 0.04706136504417439 9.251549041144024
6717 0 0.01 822777697.7634798 6.620903005893301 0.046936741751837145 9.087439324558732
6718 0 0.01 inf 6.807529008663755 0.052676520709450086 9.045333988725984
6719 0 0.01 inf 6.5510619198723115 0.04684618325165716 9.25788058265591
6720 0 0.01 12224449.944782857 6.6979199266400435 0.047482525512140855 9.051460295136833
6721 0 0.01 inf 6.642161675966736 0.051495754244881536 9.172705890909041
6722 0 0.01 inf 6.7290378263541655 0.05412037873676825 9.115267697479394
6723 0 0.01 inf 6.65797652377635 0.05448441838167441 9.247526412640447
6724 0 0.01 41192415.967040434 6.695390287666095 0.045444359311522145 9.153194832083878
6725 0 0.01 inf 6.634987317601699 0.05307459340297411 9.165684724790895
6726 0 0.01 inf 6.768718699048651 0.05013167016021981 9.185815528991599
6727 0 0.01 inf 6.721094836511874 0.05265362226959982 9.168139749957321
6728 0 0.01 inf 6.726704224236193 0.05019889533256289 9.07660179684454
6729 0 0.01 inf 6.529663337213348 0.05505661170344397 9.158971210241127
6730 0 0.01 inf 6.6908809508054965 0.055676375547171836 9.139250969156718
6731 0 0.01 inf 6.832862634810186 0.0538484073364702 9.209068890540141
6732 0 0.01 inf 6.595532406629052 0.06102361085869369 9.16385557840719
6733 0 0.01 inf 6.723650216807474 0.05017551728659838 9.196185325136303
6734 0 0.01 inf 6.705045844342781 0.051961057273467254 9.058517306106852
6735 0 0.01 1193173624.6661735 6.58057992395943 0.04545248519820661 9.161906367814623
6736 0 0.01 inf 6.553600349371833 0.05609576974012984 9.022921084777126
6737 0 0.01 150580.0646468181 6.7519003561244855 0.042565915336217015 9.123563310322545
6738 0 0.01 inf 6.688181418433596 0.04350493147092197 9.235027689328053
6739 0 0.01 288116709.66479534 6.673208240732601 0.04437612265693912 9.159171111086366
6740 0 0.01 2208717.860095053 6.698791152977577 0.046200105477539756 9.042525263454426
6741 0 0.01 inf 6.595005126768119 0.05226802174608265 9.243152511225459
6742 0 0.01 inf 6.729643802539991 0.05294519022733073 9.03083234908473
6743 0 0.01 150770.78939001996 6.776892231686861 0.04220950669484395 9.14140697730781
6744 0 0.01 150662.25803342878 6.7674132239093625 0.046609986531571286 9.067177119110202
6745 0 0.01 150830.071991675 6.802276614016524 0.04286059858452239 9.149470075863944
6746 0 0.01 inf 6.643959432692858 0.046464000079283724 9.227979337673682
6747 0 0.01 1873746342.2068784 6.495044593000965 0.04756580567310871 9.143410806356394
6748 0 0.01 inf 6.782057575545672 0.043048506033405605 9.297382362735862
6749 0 0.01 inf 6.929117654874789 0.0518961964099759 9.13399632098851
6750 0 0.01 inf 6.680814420454921 0.047054004718386104 9.316382208694991
6751 0 0.01 31229068.460152496 6.696262065053393 0.045730952343553545 9.067224909815495
6752 0 0.01 inf 6.788268166433353 0.05306880142558249 9.100041302210151
6753 0 0.01 inf 6.544298081755102 0.05641067415849603 9.226135662558342
6754 0 0.01 inf 6.839465980581894 0.05545971171617544 9.194341351970156
6755 0 0.01 inf 6.718370491958917 0.04678294830127282 9.215238901060385
6756 0 0.01 inf 6.726278457766117 0.050744830325282236 9.328212292650393
6757 0 0.01 488616668.63921154 6.654324112514282 0.046582784098831334 9.036138709927652
6758 0 0.01 1220688381.6853366 6.577429614530649 0.047898329565746314 9.140297748242652
6759 0 0.01 149243.81587110244 6.764471473476743 0.04825488982546474 9.129121051524239
6760 0 0.01 inf 6.5866367282170835 0.04002376438449558 9.243152232515753
6761 0 0.01 151743.00447572314 6.895300567770643 0.04324722613442035 9.177808018013408
6762 0 0.01 inf 6.696909463112328 0.06058514904301143 9.029121696312949
6763 0 0.01 inf 6.630772533865194 0.05652411532794902 9.079354950422776
6764 0 0.01 inf 6.851608565876075 0.047960179250872585 9.230965488971973
6765 0 0.01 inf 6.875156205023288 0.04724542012641311 9.336276658099196
6766 0 0.01 inf 6.679061444383234 0.0504620550534595 9.260724014450581
6767 0 0.01 150818.1635141645 6.8419536981672024 0.04604391063929039 9.140081550236888
6768 0 0.01 150432.99587254165 6.757795613298608 0.04522444988456894 9.091249808837645
6769 0 0.01 inf 6.82907469977373 0.04970366512250986 9.256508924839602
6770 0 0.01 394120437.01800007 6.663326574898476 0.0484783782824518 9.082533144632054
6771 0 0.01 773788141.9204953 6.625966521552232 0.04385498762162549 9.17153768413907
6772 0 0.01 inf 6.757854900416399 0.052000104664754965 9.130574377023281
6773 0 0.01 inf 6.781555073778619 0.05484953647932977 9.127451898453016
6774 0 0.01 inf 6.686693514841691 0.05157121626622696 9.026986734638253
6775 0 0.01 inf 6.725709924599721 0.05750637808569768 9.265189363752718
6776 0 0.01 inf 6.611075529305363 0.06252626656317295 9.251248777238153
6777 0 0.01 inf 6.900166244175202 0.04224811666481827 9.309700885322469
6778 0 0.01 359562337.2916104 6.666572955772868 0.04316457548546384 9.096025176627867
6779 0 0.01 151300.2658723577 6.878063853149006 0.04897499583620446 9.120923684522877
6780 0 0.01 inf 6.66633075438388 0.051939870946918404 9.204898091621361
6781 0 0.01 148187.00612235157 6.725674865868263 0.047321207397921124 9.193151189828107
6782 0 0.01 inf 6.626643121483581 0.05607909075445303 9.06368329070837
6783 0 0.01 inf 6.672419395716667 0.04594928732688613 9.249784985381012
6784 0 0.01 149141.9559195782 6.76146517004971 0.04574472011249659 9.180251914841074
6785 0 0.01 inf 6.852654979414326 0.05599336312102312 9.127107159173159
6786 0 0.01 inf 6.736386181378033 0.04786944295453844 9.24692574906869
6787 0 0.01 148748.02359354246 6.779304061897285 0.04860104538798313 9.17337013122287
6788 0 0.01 inf 6.622770649762268 0.052740196324961554 9.247762891072243
6789 0 0.01 inf 6.55576032231627 0.05357140263859966 9.16859172254222
6790 0 0.01 inf 6.689617667154639 0.047660269328334705 9.227805053433435
6791 0 0.01 148595.3637708242 6.75922587326321 0.049651531395293685 9.146868160949301
6792 0 0.01 425397335.29527646 6.6603675996464045 0.041024609670147 9.150388340022795
6793 0 0.01 1118474519.759708 6.589018851195068 0.049451404970607654 9.163580562802377
6794 0 0.01 inf 6.810993979916509 0.05434502011171063 8.935966189095696
6795 0 0.01 149943.402506171 6.789229475599543 0.043605454719906296 9.189128005930987
6796 0 0.01 inf 6.752826840887979 0.04600742272662129 9.291046080676233
6797 0 0.01 inf 6.511832021164732 0.04215975586311029 9.212829076739173
6798 0 0.01 inf 6.658968307395086 0.057908716266302576 9.087741517412823
6799 0 0.01 inf 6.690918156849836 0.06047364551788872 9.259378893651224
6800 0 0.01 inf 6.782150106232305 0.05387924623148122 9.00720347083626
6801 0 0.01 inf 6.737349047331204 0.049513404626380514 9.310244007626087
6802 0 0.01 inf 6.755888773614726 0.05088369365934793 9.241755869322079
6803 0 0.01 inf 6.915695296225928 0.05041027728287799 9.32745688660581
6804 0 0.01 inf 6.770191276632388 0.0572551243204872 9.116749882619752
6805 0 0.01 inf 6.751110447449248 0.051494865916777814 9.213016970887843
6806 0 0.01 inf 6.859895542342121 0.05172927124809132 9.18580219161393
6807 0 0.01 158152.56881481048 6.90987413467124 0.04752371444086677 8.934981924808211
6808 0 0.01 inf 6.608401589797451 0.05292860544691965 9.320622265372261
6809 0 0.01 inf 6.550095967431886 0.05118505102892683 9.044713289518066
6810 0 0.01 inf 6.708075719372949 0.050563971515170766 9.30327187082477
6811 0 0.01 149266.09884194477 6.7830944849574335 0.045407986496950235 9.198904837222042
6812 0 0.01 inf 6.7243667182035045 0.047207771362643675 9.258641926861717
6813 0 0.01 inf 6.753442504895547 0.05456938747402426 9.064559864655175
6814 0 0.01 inf 6.540759057137675 0.05266123771956548 9.302861662117994
6815 0 0.01 inf 6.509502027586288 0.05923758763969192 8.928743242951082
6816 0 0.01 148904.61546524125 6.760619886575926 0.04928844795803143 9.13247565761168
6817 0 0.01 inf 6.767557513392523 0.049539160297152336 9.340811964418455
6818 0 0.01 inf 6.828697096305162 0.05314036618074839 9.200180041288613
6819 0 0.01 inf 6.861187407564098 0.051122967440478506 8.995385162015129
6820 0 0.01 1350626387.984515 6.562235956421709 0.04638203986164274 9.06003463672371
6821 0 0.01 inf 6.5429773327441945 0.040288049700081395 9.240029979963309
6822 0 0.01 1517213445.950051 6.541945344724789 0.04936089314655881 8.960589532924503
6823 0 0.01 inf 6.551649424744241 0.046047565976366375 9.276349328520546
6824 0 0.01 663337452.8120998 6.637170507707765 0.04351122227374392 9.184020854379225
6825 0 0.01 inf 6.647218978192697 0.06383017389046858 9.041327493386094
6826 0 0.01 inf 6.832182396333813 0.04295331353904141 9.291864346073922
6827 0 0.01 inf 6.885561863716225 0.05058384298594739 9.137808319760516
6828 0 0.01 149673.51229131274 6.725643076132485 0.0470359689010078 9.080444040607162
6829 0 0.01 inf 6.881608758999673 0.05498574021723015 9.169430338227771
6830 0 0.01 inf 6.61599429197494 0.051972291732714164 9.257843465976132
6831 0 0.01 150861.8137035356 6.741406489649414 0.04902336628397198 9.004461349682725
6832 0 0.01 inf 6.828418018264391 0.05238132074685312 9.113135213283039
6833 0 0.01 inf 6.758052687409894 0.05104557150031431 9.077064251952335
6834 0 0.01 154286.6830780365 6.83400857773766 0.03761736218658441 9.052341881771923
6835 0 0.01 inf 6.733590199832682 0.05116597121778012 9.282448108720653
6836 0 0.01 inf 6.722707297951332 0.05234995588025521 9.122926893204223
6837 0 0.01 inf 6.5919831417146435 0.050680634573440075 9.23750174856016
6838 0 0.01 inf 6.815533523878653 0.05075372515152168 9.05824492445403
6839 0 0.01 176579159.73987707 6.683368638638112 0.04483558037570969 9.072187062084907
6840 0 0.01 inf 6.8180924871187605 0.04687718166364845 9.229356244182396
6841 0 0.01 966694306.4726425 6.605677088986592 0.0469588297641745 9.088520373291272
6842 0 0.01 152522.96080780955 6.885344400916036 0.04430474379545684 9.11403925592427
6843 0 0.01 inf 6.7122397073385995 0.05043787217330929 9.287987192257043
6844 0 0.01 inf 6.824233014960624 0.050832544122751545 9.033071159304054
6845 0 0.01 1626897899.9108078 6.528048329713237 0.04945135986364771 9.147311955562044
6846 0 0.01 inf 6.689270246204904 0.04469386320363627 9.21547499484166
6847 0 0.01 inf 6.556936753713627 0.05257900143387132 9.048987437405792
6848 0 0.01 149475.63564154305 6.751391284331665 0.04611655356635951 9.136123834359385
6849 0 0.01 152855.81246163347 6.8724323670502185 0.04254310005274825 9.103679059979005
6850 0 0.01 151847.1776105133 6.7838357086447285 0.04001363340448009 9.113742055505663
6851 0 0.01 inf 6.684469189548448 0.0518047891404648 9.254035823555377
6852 0 0.01 544836973.5698733 6.648878034944975 0.04508112952551763 9.198570519564758
6853 0 0.01 inf 6.486357533407854 0.04704991554437776 9.31233892906339
6854 0 0.01 inf 6.764355225774665 0.06328074743769978 9.387320212735576
6855 0 0.01 153296.4309559102 6.848303660590955 0.04978816967163961 9.006954700235408
6856 0 0.01 1329925419.497679 6.5646923311772944 0.047561612835564634 9.111168861137479
6857 0 0.01 151492.30745421656 6.698984089711796 0.04630362782839477 8.957734452413968
6858 0 0.01 inf 6.51428666035443 0.03966596541069286 9.245883330955216
6859 0 0.01 40872782.28040699 6.695418268031635 0.04526636354089449 9.17120076769921
6860 0 0.01 inf 6.629167373827731 0.046072659984079556 9.25051138182756
6861 0 0.01 962366010.4662905 6.60614315469529 0.03860940074255953 9.087323536247656
6862 0 0.01 inf 6.753717069794434 0.04554367100539487 9.40023245325046
6863 0 0.01 inf 6.665376075993766 0.05661477555477553 9.121293741134446
6864 0 0.01 150292.48571590058 6.7180324455162435 0.040318970499687495 9.177203375948897
6865 0 0.01 inf 6.669029863001002 0.050934824440899466 9.271555699937446
6866 0 0.01 627342914.7498223 6.640760049654634 0.048181806644408125 9.178623794190369
6867 0 0.01 inf 6.680709489043361 0.052878226758511865 9.12570420578966
6868 0 0.01 inf 6.62090619084202 0.048916525553729946 9.37665736488326
6869 0 0.01 inf 6.6881245961952285 0.05349624052006897 9.070502789357652
6870 0 0.01 inf 6.681736610831046 0.0646704899537855 9.384653282624846
6871 0 0.01 inf 6.797580514865422 0.052976348704851114 9.062643272769325
6872 0 0.01 inf 6.696332816453137 0.05683512160557797 9.1158276803428
6873 0 0.01 inf 6.6569752670274855 0.0539933041848989 9.098028713874902
6874 0 0.01 inf 6.711188691960667 0.04681156110998984 9.30925347031327
6875 0 0.01 inf 6.712220729823228 0.04992224159818715 9.301421091210248
6876 0 0.01 inf 6.887242810981035 0.05472098039936763 9.253812436314327
6877 0 0.01 inf 6.5800870635526225 0.0472875581876272 9.221013702282118
6878 0 0.01 149490.81977240025 6.763513234880908 0.04869692848608872 9.105689266294531
6879 0 0.01 422756412.6512931 6.660618282285636 0.04677462500434365 8.981387988133594
6880 0 0.01 inf 6.777852441023226 0.048368006903392644 9.310979467852729
6881 0 0.01 inf 6.714981518357022 0.0439861518672509 9.212977381017245
6882 0 0.01 inf 6.773818067269041 0.05115806942064241 9.426738978430045
6883 0 0.01 inf 6.828644026254978 0.0486213380112395 9.359912326489885
6884 0 0.01 inf 6.591926004629297 0.043536937549464735 9.238815618895668
6885 0 0.01 149655.6198449334 6.719532088676184 0.045550519822658786 9.101493747818354
6886 0 0.01 151234.98570732787 6.80067479850641 0.04222477846393346 9.131278133172236
6887 0 0.01 inf 6.526964867148752 0.05193447578595298 9.180695916745423
6888 0 0.01 inf 6.644975685976955 0.038268190539477574 9.275538532847905
6889 0 0.01 inf 6.599841642297665 0.040882114974949826 9.27997778869286
6890 0 0.01 875083080.7196159 6.61543101454248 0.04456799892367739 8.979226569904917
6891 0 0.01 5731472.788314491 6.69848482372514 0.04984622225430342 9.07288082910249
6892 0 0.01 420045222.3725826 6.6608751861563835 0.04901043740315118 9.142869458163032
6893 0 0.01 inf 6.563962067484762 0.05254633484601731 9.235913621442878
6894 0 0.01 inf 6.601588300701484 0.047401021169002897 9.282679617449197
6895 0 0.01 inf 6.558860664611187 0.039122532770498666 9.208581864516399
6896 0 0.01 149381.39946063462 6.797197432195252 0.04654644924898575 9.181020660636605
6897 0 0.01 inf 6.705775563330786 0.0576077829517448 9.237536744461725
6898 0 0.01 inf 6.775182948017038 0.056839868596804094 9.210432398861384
6899 0 0.01 151021.59620131622 6.708056524089491 0.03857299680173039 9.150179458106232
6900 0 0.01 inf 6.860687146321025 0.05363900435042054 9.02625288683866
6901 0 0.01 963239011.8610401 6.606048966277658 0.04411638406939665 9.19934088488076
6902 0 0.01 1694049948.1774728 6.519316051405091 0.03845025793956264 9.039427614549226
6903 0 0.01 193629055.11334926 6.6818308404587174 0.04073747963435478 9.157201675535552
6904 0 0.01 inf 6.73176539993839 0.05413599542589362 9.134560223052683
6905 0 0.01 1005340732.8740941 6.601495831055838 0.04456849409554564 9.184499594976325
6906 0 0.01 inf 6.693325095628723 0.046091101664916145 9.207217031654853
6907 0 0.01 1769073075.6668627 6.509347267494141 0.04437665139828973 8.905860718170645
6908 0 0.01 1113344855.5612025 6.589592630422268 0.042486212233342605 9.156540310986284
6909 0 0.01 148690.6487676604 6.707869671709646 0.048378227385916676 9.110168411663812
6910 0 0.01 inf 6.7260755492255715 0.04528204158430645 9.28982566957988
6911 0 0.01 1753422345.2329257 6.5114454783928615 0.04547086364995877 9.199704830930271
6912 0 0.01 inf 6.711862165309556 0.041610966281128085 9.326166639475328
6913 0 0.01 inf 6.613942266342901 0.054338366729808615 9.2116791235808
6914 0 0.01 inf 6.71581746341023 0.04978369093936699 9.306340026384309
6915 0 0.01 inf 6.906529822023684 0.045848794603790474 9.205954159468748
6916 0 0.01 454184344.71277684 6.657626156024744 0.03918080776059535 9.197142924025878
6917 0 0.01 148969.04122331418 6.717505743559913 0.049925257950978776 9.075904746373952
6918 0 0.01 149588.1042083101 6.8314812628463235 0.049092849370217795 9.162480275526514
6919 0 0.01 inf 6.576508493981706 0.043390433316278065 9.337302464537185
6920 0 0.01 151017.63231414466 6.737348690149218 0.041701017443911206 9.093752149702334
6921 0 0.01 inf 6.609039733155107 0.042582354655078265 9.27635243597923
6922 0 0.01 inf 6.754657848678265 0.050536837204471254 8.939823790910848
6923 0 0.01 inf 6.760743740306151 0.04900122992121173 9.233604355932131
6924 0 0.01 150405.180738209 6.768493317400637 0.046571835225887856 9.083789092300954
6925 0 0.01 inf 6.536127610820125 0.05422076889475241 9.158374569683488
6926 0 0.01 449789938.2129082 6.658045755627589 0.039698212362528726 9.19094536047582
6927 0 0.01 150875.67930201895 6.805382770013487 0.044292617624360896 9.125083975512565
6928 0 0.01 149810.38916963583 6.720102823637832 0.04253182026383689 9.15911066098949
6929 0 0.01 inf 6.712067584908568 0.04556425513930328 9.253475415493398
6930 0 0.01 inf 6.7182553385242185 0.04312359283547225 9.239714777334765
6931 0 0.01 inf 6.717014877419858 0.0471057827158662 9.33985668326721
6932 0 0.01 1175706869.7636008 6.582567960027991 0.04850916748458592 9.05575583763176
6933 0 0.01 inf 6.67326708907603 0.04973634463418682 9.2970699934834
6934 0 0.01 inf 6.550545324797451 0.05850279422534898 9.273922801124732
6935 0 0.01 151089.20643005602 6.730078833881633 0.04151637643913637 9.0849348806074
6936 0 0.01 inf 6.623572585623059 0.04175952466986781 9.24125857818522
6937 0 0.01 1088095577.7912169 6.5924045674826415 0.0485404340074233 9.14079822726792
6938 0 0.01 inf 6.761051136318085 0.05217716702533777 9.200922323588607
6939 0 0.01 inf 6.87175678702622 0.05231308169374037 9.00236884621393
6940 0 0.01 149555.52569287503 6.714834074111011 0.04353938673537369 9.150523636560065
6941 0 0.01 651389397.8023361 6.638365430718635 0.04519799881809473 9.055985272434802
6942 0 0.01 inf 6.770947831693421 0.04307717492484484 9.204269389360254
6943 0 0.01 inf 6.84454763452563 0.05332029894848411 9.21779441752838
6944 0 0.01 804853261.2149024 6.622762583318398 0.041541645110351536 9.19756212690967
6945 0 0.01 inf 6.789853838067804 0.058182982863254636 9.126876612597258
6946 0 0.01 inf 6.748049690904954 0.05474488911123778 9.142503512371938
6947 0 0.01 inf 6.620117171411956 0.05324890861027354 9.148478194178884
6948 0 0.01 inf 6.790094366937395 0.05207558013301712 9.105562910540883
6949 0 0.01 inf 6.630378775877056 0.050848125795213854 9.24663559902612
6950 0 0.01 inf 6.956954948258083 0.04902586721894619 9.28498740656346
6951 0 0.01 inf 6.539847779700231 0.048743161132635035 9.282126311694512
6952 0 0.01 inf 6.610669998282677 0.052330425877859896 9.12233477777778
6953 0 0.01 inf 6.58259582676829 0.054690084435056414 9.361103875844158
6954 0 0.01 155218.6013480596 6.986695649249702 0.04671689123587055 9.095124923160792
6955 0 0.01 inf 6.7030130879054175 0.053937254777356856 9.198228198131764
6956 0 0.01 inf 6.620818292975056 0.052758459576137555 9.182462144536064
6957 0 0.01 1130154423.909133 6.587710139496123 0.04722310707800882 9.192618102429346
6958 0 0.01 212097202.45926768 6.680158966253 0.045942919612590255 9.005210415752085
6959 0 0.01 inf 6.639519798106109 0.04209494594626264 9.224352100587858
6960 0 0.01 153783.4662277355 6.922421056198462 0.042750583138022415 9.108054382671044
6961 0 0.01 inf 6.673255240011595 0.04496052848228057 9.20548347337625
6962 0 0.01 inf 6.680682844459688 0.050668776105653845 9.129045340615095
6963 0 0.01 inf 6.85589911178617 0.051820642845775755 9.210219179239129
6964 0 0.01 inf 6.742459386118415 0.05060703067585655 9.177347328117898
6965 0 0.01 155328.03078919396 6.861545509949567 0.04682961166876602 8.96610747922613
6966 0 0.01 inf 6.9175718570170535 0.05412235865656431 9.15354150267121
6967 0 0.01 inf 6.822778750707571 0.050263976286112254 9.120120848098932
6968 0 0.01 inf 6.741462947401956 0.049874412506008416 9.269215927984257
6969 0 0.01 150889.08156761862 6.826445137342076 0.04912268196971812 9.087275930312678
6970 0 0.01 inf 6.771077821773087 0.05095885814989754 9.144504807093584
6971 0 0.01 inf 6.790187535434752 0.05626389217607601 8.97559577511406
6972 0 0.01 inf 6.619356543810751 0.052434545097692 9.233124810888036
6973 0 0.01 956670586.7847595 6.606755278883038 0.04229508296778864 8.999334943131503
6974 0 0.01 170870015.6800022 6.683882340874496 0.04818354857458042 9.03208465150181
6975 0 0.01 995116657.4950941 6.602605783617491 0.0487413290973464 9.191646521053352
6976 0 0.01 48091940.40239109 6.694785718511246 0.04843863345278773 9.015917027457078
6977 0 0.01 inf 6.895315290227253 0.04370583544010133 9.323397445022895
6978 0 0.01 inf 6.618958405670058 0.041710327500149226 9.214065732132878
6979 0 0.01 inf 6.521590459018667 0.05636304537041482 9.25026952090421
6980 0 0.01 inf 6.666532645574141 0.047698611453102245 9.213791230883109
6981 0 0.01 inf 6.642726341023138 0.05154889652124689 9.08484164882961
6982 0 0.01 inf 6.778971055933526 0.047743746581512404 9.25140220605635
6983 0 0.01 inf 6.661793805603696 0.05469914782097089 9.406979056460228
6984 0 0.01 inf 6.50579072188862 0.05065295513579843 9.24034655597669
6985 0 0.01 inf 6.716537015477765 0.05371205230047701 9.332776614539812
6986 0 0.01 inf 6.809727108708047 0.0556688497118297 9.201907733381338
6987 0 0.01 inf 6.643329068184297 0.04560718178184583 9.266233304837652
6988 0 0.01 inf 6.551294428313066 0.05215226955039755 9.214282636630855
6989 0 0.01 42454360.81645841 6.695279920288889 0.04434969705559982 9.027061284315916
6990 0 0.01 1117502313.685923 6.589127714103885 0.049883466602348644 9.05277493107235
6991 0 0.01 150653.93447114102 6.813848298045232 0.042215032384877366 9.18732540399604
6992 0 0.01 inf 6.6496619944374515 0.04711942316914572 9.355213076627106
6993 0 0.01 inf 6.8389247759383105 0.048177930687905955 9.329545625821407
6994 0 0.01 inf 6.728851163266501 0.053776040319987395 9.32788367320177
6995 0 0.01 inf 6.606566805844005 0.04576376194578988 9.211996191030384
6996 0 0.01 inf 6.598034984137114 0.04451753576009997 9.471128896704146
6997 0 0.01 inf 6.786609215755195 0.054392681717830044 9.06489716419036
6998 0 0.01 1463910435.2643733 6.548541249145181 0.04839729076467799 9.191691614567008
6999 0 0.01 321897955.52735734 6.670083602693919 0.04061108805124888 9.169797781139163
7000 0 0.01 148484.15623824208 6.7083030571878615 0.04762365902530794 9.141956102161009
7001 0 0.01 inf 6.698310384088042 0.0627682906109515 9.212986897795972
7002 0 0.01 inf 6.735055798208228 0.05624080589653956 9.173718992752972
7003 0 0.01 inf 6.626702400202158 0.054841378981913186 9.255457323919636
7004 0 0.01 591035529.6116474 6.6443513259044735 0.04431223079959014 9.064717397391453
7005 0 0.01 inf 6.5645209417276496 0.05732963894717303 9.180839842283806
7006 0 0.01 inf 6.677766966447526 0.05172838185915252 9.217447176043176
7007 0 0.01 149269.88896192866 6.778064795827389 0.046809714564838296 9.165350124617424
7008 0 0.01 inf 6.654286857920739 0.05902090283816795 9.473953004682597
7009 0 0.01 inf 6.7270208894493315 0.054553247627940435 9.066954328155365
7010 0 0.01 inf 6.861171357286664 0.05525438036516331 9.076117032068462
7011 0 0.01 inf 6.870243480145475 0.04080486589227073 9.43317689598997
7012 0 0.01 729077780.553036 6.630536688875748 0.04658201998668181 9.163412292987102
7013 0 0.01 inf 6.663693779200723 0.052344139564398956 9.088458009544281
7014 0 0.01 inf 6.701383905418602 0.05065813058824005 9.057095657197921
7015 0 0.01 inf 6.683274766736782 0.049177157746227426 9.290276923164173
7016 0 0.01 1006226100.5257665 6.601399744731558 0.04029953859934271 9.147934855222514
7017 0 0.01 inf 6.861620499503504 0.04951330192051573 9.201417801397536
7018 0 0.01 inf 6.519472373435659 0.04923240611553809 9.226695310923658
7019 0 0.01 inf 6.637012641341811 0.04547910801739787 9.252804976948996
7020 0 0.01 inf 6.765691010799184 0.04251908091315738 9.205301477409972
7021 0 0.01 708479047.4756309 6.63262621931923 0.04595595250208779 9.15394893510514
7022 0 0.01 inf 6.702150564318755 0.04328648320653131 9.242691375207555
7023 0 0.01 inf 6.702773880388087 0.051138513995028986 8.993095835449422
7024 0 0.01 inf 6.7554803643353765 0.058096541720741954 9.058183592647708
7025 0 0.01 1451339074.5183501 6.550082489632006 0.04911125553971403 9.098707853332215
7026 0 0.01 980289348.0941293 6.604210796520666 0.047462438598273524 9.073652452837464
7027 0 0.01 287785446.2174737 6.67323879359792 0.04601579874896309 9.093274524136326
7028 0 0.01 inf 6.733849690238559 0.04493905403394964 9.290678836541115
7029 0 0.01 inf 6.617250608089156 0.04790596690852034 9.244046661164793
7030 0 0.01 149623.2628082455 6.750720475503514 0.04478285454874659 9.150783578803496
7031 0 0.01 inf 6.717732990991345 0.04603262627007579 9.235979012735578
7032 0 0.01 inf 6.690351257489127 0.052001259933653114 9.15447731288785
7033 0 0.01 152916.03001443777 6.790803196631854 0.04771033242927664 8.974830437008418
7034 0 0.01 inf 6.74318668754987 0.052917121845625234 9.152234829650679
7035 0 0.01 inf 6.688632339259099 0.05224843145382076 9.330868548147789
7036 0 0.01 960505834.743575 6.606342824214749 0.046592034319470135 9.199450938455746
7037 0 0.01 152021.4003461225 6.7695503704228575 0.046229314358444226 9.003282260153505
7038 0 0.01 inf 6.618964456887415 0.05095511701693742 9.029232722560918
7039 0 0.01 inf 6.714044759723833 0.05362216547402007 9.084680109282063
7040 0 0.01 inf 6.467802334718119 0.05134355199386076 9.140782976980192
7041 0 0.01 148812.27557581014 6.758442337186911 0.048425260095678005 9.150806396994497
7042 0 0.01 inf 6.644409517134078 0.060810718688973864 9.102855994973998
7043 0 0.01 149892.40083088912 6.757255991094989 0.044198652377853004 9.148213670697576
7044 0 0.01 704903666.8083197 6.632988033092483 0.04274745697172431 9.088705271501329
7045 0 0.01 149259.36881824877 6.7294106456163805 0.04464956090493843 9.163799671063353
7046 0 0.01 inf 6.768199275015217 0.05099656670133491 9.147318163643332
7047 0 0.01 151929.157932125 6.739113170060206 0.048855893636884 8.95533397213873
7048 0 0.01 inf 6.724310380875109 0.04731693755705158 9.270101127051737
7049 0 0.01 inf 6.663529482580072 0.051427681721006986 9.277854463209874
7050 0 0.01 inf 6.66146576835763 0.04409364859788266 9.324726019623547
7051 0 0.01 768191834.5620822 6.626541111152362 0.049283835932425656 9.110249544111127
7052 0 0.01 inf 6.661608270264086 0.058809371084752066 9.225379053856626
7053 0 0.01 inf 6.554508572182337 0.04872713123826794 9.2218244398196
7054 0 0.01 inf 6.805005355276025 0.04147532702124356 9.300088197762884
7055 0 0.01 inf 6.83901173630744 0.04275197465761567 9.30829663307635
7056 0 0.01 153550.2914094517 6.920835560700274 0.04400186685313726 9.105938474139954
7057 0 0.01 inf 6.7541506550663915 0.048784074746509226 9.279823835896728
7058 0 0.01 inf 6.65198579072982 0.054134973901608235 9.211656276192748
7059 0 0.01 1520957874.832073 6.541478577393683 0.04188894999515255 8.871805700598916
7060 0 0.01 inf 6.594930354545057 0.055475626201615676 9.157343044652142
7061 0 0.01 1274204189.1264083 6.571236518119026 0.03871767320021056 9.17462239713988
7062 0 0.01 inf 6.584581951693865 0.04793069158827292 9.245202612197215
7063 0 0.01 1961600395.421035 6.482666177122023 0.04199759984265991 9.048790608643491
7064 0 0.01 inf 6.880302394605261 0.05201266609145618 9.343849586216072
7065 0 0.01 inf 6.682215162764041 0.055995491585469404 8.990409331987664
7066 0 0.01 572774075.9619515 6.646146183875793 0.047520338068825524 9.146731225826331
7067 0 0.01 148808.13064167224 6.745051208475717 0.04866422520631662 9.133632610230693
7068 0 0.01 inf 6.5324697718998 0.050428059486922194 9.184080179946324
7069 0 0.01 inf 6.733665017098479 0.05833904564279679 9.202280946933588
7070 0 0.01 150804.36586841277 6.766225159004487 0.044846883463269524 9.081890337621285
7071 0 0.01 inf 6.716407117279578 0.061502593103393205 9.208622235321002
7072 0 0.01 inf 6.679074539766945 0.04602699496209574 9.244741780901554
7073 0 0.01 inf 6.595273572087468 0.05726172667352989 9.18375123207178
7074 0 0.01 inf 6.551927560066375 0.050345893269328444 9.162453186815277
7075 0 0.01 inf 6.605120606979247 0.04098835614260216 9.366565323988794
7076 0 0.01 156863207.67585495 6.685140051594138 0.04962782254548267 9.080155383573235
7077 0 0.01 inf 6.7600219788976466 0.05531467757652914 9.019168619968658
7078 0 0.01 inf 6.72308198889342 0.05368476495769379 9.102074772800334
7079 0 0.01 149942.15364015917 6.725535612197419 0.045795520637995454 9.08250879315788
7080 0 0.01 inf 6.726976393172263 0.05119077486662095 9.30564627003689
7081 0 0.01 inf 6.6266889387957235 0.05282647051890406 8.943809283825425
7082 0 0.01 inf 6.723777698026127 0.05123075201483322 9.005568095075798
7083 0 0.01 inf 6.585586379471403 0.055360910538249694 9.12419728233965
7084 0 0.01 inf 6.664793190183588 0.04308428246301745 9.27234670685369
7085 0 0.01 inf 6.762058303938447 0.049086610016791446 9.29168799404845
7086 0 0.01 inf 6.565493278667734 0.054371221118143395 9.21482506194207
7087 0 0.01 inf 6.639112074396607 0.044578859450951795 9.233121454129787
7088 0 0.01 inf 6.843283151973476 0.05252808135363328 9.078822276948125
7089 0 0.01 inf 6.733292976100341 0.05401819062011985 9.211015248376604
7090 0 0.01 inf 6.741159833715916 0.054910870341753126 9.372441880101984
7091 0 0.01 150309.6681800267 6.72074106502719 0.04104343264061039 9.154303369921113
7092 0 0.01 713503332.7701459 6.63211743265097 0.04928123970492206 9.119302886991132
7093 0 0.01 153731.2242816254 6.757935747120365 0.04222303976546051 8.950717674165713
7094 0 0.01 153513.75174418173 6.857512871788509 0.04762323544710481 9.019523898142403
7095 0 0.01 inf 6.644242711906739 0.05112585490193984 9.20947741755194
7096 0 0.01 911813145.0206217 6.611546405298123 0.04619933697339886 9.197206878347757
7097 0 0.01 inf 6.441068632879789 0.057259555382568696 9.14431614010895
7098 0 0.01 148838.13918654312 6.720579555256903 0.04685096579053031 9.140862337186384
7099 0 0.01 inf 6.781658471125977 0.05040910733751957 9.270422775597154
7100 0 0.01 151994.17127548344 6.855582524923942 0.04996912573927005 9.061564998071319
7101 0 0.01 inf 6.571116292379495 0.05058317113104927 9.117116175541263
7102 0 0.01 inf 6.674499567568724 0.05615852251151486 9.238489658707612
7103 0 0.01 inf 6.7306446783614815 0.05995780054974458 9.34330301041611
7104 0 0.01 193437630.73061836 6.681848014452896 0.046110945887160935 9.134300747548277
7105 0 0.01 inf 6.70274620036624 0.04781920557798036 9.310828066848774
7106 0 0.01 inf 6.704674911625691 0.0533326066869946 9.18498291211426
7107 0 0.01 152835.4750374193 6.855131968907102 0.04720680348471244 9.045698777141453
7108 0 0.01 inf 6.875146378957963 0.05687751438913626 9.076593998346185
7109 0 0.01 inf 6.641496495751042 0.0514602616648506 9.114968701463372
7110 0 0.01 inf 6.622076217723983 0.04947023417405853 9.30766117546902
7111 0 0.01 inf 6.57616088470276 0.05018623494471961 9.133500756571172
7112 0 0.01 inf 6.680085964992284 0.04758474069980386 9.225224353162563
7113 0 0.01 inf 6.654745022711198 0.04053209297988551 9.317257294229256
7114 0 0.01 53347550.70336114 6.6943243836931865 0.047072136770761754 9.196588740358099
7115 0 0.01 237829464.6229436 6.677818438358638 0.047636426130008104 9.157849579298688
7116 0 0.01 inf 6.764265754081289 0.05073206924986282 9.188059726805406
7117 0 0.01 inf 6.610909768850646 0.03392137704232183 9.274171558505738
7118 0 0.01 148985.1579757807 6.744762511630347 0.04570750410543979 9.177957974310113
7119 0 0.01 150096.24929663978 6.806032263925916 0.049846789872008385 9.099821286151613
7120 0 0.01 inf 6.846999309522745 0.04613967837766314 9.213214229895119
7121 0 0.01 inf 6.626670717816335 0.05305441266451768 9.278430019000508
7122 0 0.01 inf 6.749125254211975 0.05143299045953578 9.1475766133861
7123 0 0.01 inf 6.572961212667555 0.03941828141311415 9.310656844926578
7124 0 0.01 inf 6.69595242332831 0.05430779058950852 8.99553953233486
7125 0 0.01 inf 6.60704260733705 0.042962064330563626 9.284464182212664
7126 0 0.01 inf 6.7740606764205 0.05292268907264805 9.172861686932563
7127 0 0.01 149805.96810203453 6.699277498831783 0.04283613635517301 9.130357110355234
7128 0 0.01 151600.32102439972 6.748988581020085 0.04566384112934496 9.009190452227875
7129 0 0.01 1699406926.090643 6.518611244199843 0.04926461902866577 9.141694023072892
7130 0 0.01 1334000124.2308037 6.564209970403083 0.04658511271056962 9.078755062513402
7131 0 0.01 149405.99666147432 6.778580205932426 0.047726301899014466 9.140492733910072
7132 0 0.01 inf 6.7224494208399275 0.045903813910063825 9.222440644838368
7133 0 0.01 104541794.7694849 6.689806766959179 0.043427017497411964 8.997929727427175
7134 0 0.01 inf 6.5746984189005175 0.04292508734292695 9.269332473845575
7135 0 0.01 inf 6.707995708367179 0.05579566987904926 9.083686427413527
7136 0 0.01 inf 6.780240105274114 0.04486947568482184 9.226283841640608
7137 0 0.01 956104028.0889039 6.606815814602812 0.04980563063850489 9.080702713760626
7138 0 0.01 inf 6.86361134939169 0.04445999362371331 9.244669539569093
7139 0 0.01 148818.48974414595 6.797863217849934 0.04912890187849508 9.178112999763028
7140 0 0.01 inf 6.744777890870443 0.049758440726853516 9.211011382512314
7141 0 0.01 inf 6.7557564111737305 0.05177563835734844 9.286206109343969
7142 0 0.01 inf 6.9432280791893906 0.05000491875004042 9.26640631673178
7143 0 0.01 262661321.56641588 6.675547968478108 0.04743391291730109 9.197317614009346
7144 0 0.01 752772465.3826534 6.62812069063403 0.04641632720642079 9.109348479160195
7145 0 0.01 148677.11287397976 6.713294646631497 0.045832204509291596 9.171813601802588
7146 0 0.01 1575634893.799825 6.53459897467937 0.04108097418549508 9.11921723371548
7147 0 0.01 inf 6.696891709615852 0.04507118005365668 9.221766256641727
7148 0 0.01 150061.89660221635 6.706448464036294 0.04602921549981254 9.051429674091734
7149 0 0.01 972463306.0275924 6.605055612702255 0.04695523884236745 8.982135493926206
7150 0 0.01 inf 6.86641300213867 0.05301373899775173 9.15198996563467
7151 0 0.01 149237.20190133434 6.7578450730080295 0.045538604826372814 9.173184146288627
7152 0 0.01 inf 6.8063980220238465 0.04200738792752879 9.43014344184164
7153 0 0.01 150091.5221728834 6.757498970612583 0.04461816776263391 9.12489376468923
7154 0 0.01 152002.97710178583 6.791108799598238 0.045104014471913506 9.03696235922214
7155 0 0.01 inf 6.717236289711624 0.05410459032413662 8.98939582087801
7156 0 0.01 inf 6.6239352153908175 0.053099214947473744 9.023014406658984
7157 0 0.01 inf 6.859331943498693 0.05440323333016089 9.158109846734142
7158 0 0.01 inf 6.628685772966563 0.04504033339342956 9.331156075557677
7159 0 0.01 inf 6.780737757929293 0.051098264815309116 9.202256068962397
7160 0 0.01 inf 6.7932098322542975 0.05416542477254063 9.402431235726594
7161 0 0.01 441126213.3202607 6.658871662904543 0.04683797900571508 9.163654175333912
7162 0 0.01 1688338605.833484 6.5200653088496585 0.043563347870465174 9.196856952716354
7163 0 0.01 149467.02464179887 6.729742251311874 0.04474383999030225 9.143619857358793
7164 0 0.01 38084198.75854047 6.695662621944919 0.04220019887371485 9.030842245399624
7165 0 0.01 inf 6.7586578485639395 0.050721745872586564 9.233381772142586
7166 0 0.01 149595.30617679254 6.740873788472979 0.043064389422598104 9.185721466754618
7167 0 0.01 inf 6.787550809558874 0.052867229682256614 9.207110225476004
7168 0 0.01 914664526.0761267 6.611243379329577 0.04930356840812309 9.12062994817912
7169 0 0.01 inf 6.815871975769735 0.04907184300426241 9.280019385321463
7170 0 0.01 149996.3921035432 6.813958891006254 0.04876777394585853 9.125099188410159
7171 0 0.01 1206016781.5976455 6.579112310158028 0.04841070968620193 9.068629611729634
7172 0 0.01 inf 6.723316436983638 0.05270592354156088 9.06195698581112
7173 0 0.01 inf 6.680472790991726 0.049794910605175456 9.228238699520283
7174 0 0.01 inf 6.678134273272539 0.05510874190575475 9.289301122141715
7175 0 0.01 148122.55560695525 6.729117604930492 0.04826894085366142 9.1802265738225
7176 0 0.01 154178.96601883214 6.8038666450395535 0.0398412714040758 9.00007489728658
7177 0 0.01 inf 6.767816854443972 0.05019811357577818 9.005871655791086
7178 0 0.01 149543.64821035299 6.771183849879282 0.047392336163187776 9.129066117333872
7179 0 0.01 inf 6.794487562585227 0.04926721024233508 9.292000184711085
7180 0 0.01 151974.08778180595 6.855979372944337 0.04423007574790075 9.113109484415403
7181 0 0.01 inf 6.622832036487939 0.05095099354995099 9.186187674048812
7182 0 0.01 inf 6.884725846043886 0.058515928358266536 9.197395148319043
7183 0 0.01 inf 6.887199314967268 0.05125673325656893 9.099657452705392
7184 0 0.01 inf 6.593546690405717 0.04505969957044103 9.201632543765388
7185 0 0.01 inf 6.750077521990025 0.05797999374617284 9.172420944551046
7186 0 0.01 149727.43092805153 6.796248928561102 0.04682141298885249 9.150845964502457
7187 0 0.01 inf 6.636816616080157 0.05232895879915439 9.220970100464962
7188 0 0.01 inf 6.56384215094025 0.06221353770617345 9.08946974537197
7189 0 0.01 inf 6.690816076593172 0.04865200079969371 9.265968785701101
7190 0 0.01 inf 6.686793373401375 0.04547242902505549 9.258981564240639
7191 0 0.01 528371828.64950514 6.650479983217613 0.04947542049537561 9.15770891362604
7192 0 0.01 inf 6.603630578109064 0.05217699354681701 9.130865718108575
7193 0 0.01 825020002.5439187 6.6206698485003335 0.04862427949423733 9.031469991086528
7194 0 0.01 inf 6.796246929685883 0.05040907068170115 9.136649064688985
7195 0 0.01 inf 6.86151073588137 0.04541140662013463 9.252939825140711
7196 0 0.01 289209220.09546673 6.673107550584027 0.048087898858548646 9.059175057225616
7197 0 0.01 inf 6.759954393449453 0.05237584927748832 9.289328150989345
7198 0 0.01 148372.21260581975 6.702840128556764 0.04971927930181857 9.105539839164374
7199 0 0.01 inf 6.713331945014035 0.051287688973646176 9.203916204121832
7200 0 0.01 inf 6.793388419280082 0.05682191847974005 9.142876870353385
7201 0 0.01 1773413333.7664797 6.50876316470454 0.04568017717417294 9.146645651725505
7202 0 0.01 971792708.2101852 6.605127943934526 0.045016463150052574 8.999086375950789
7203 0 0.01 inf 6.697599562104685 0.05114992814962759 9.196817615168555
7204 0 0.01 inf 6.5076219090825 0.054282886706098675 9.20877028296089
7205 0 0.01 inf 6.957528383757479 0.04311309615756053 9.340951538187754
7206 0 0.01 339134667.4750848 6.668480431579832 0.047728365607105666 9.064593940098534
7207 0 0.01 152534.8118191417 6.802383296306 0.044020017981001455 9.033448926061945
7208 0 0.01 inf 6.639489613373403 0.04706593107378209 9.224795529623538
7209 0 0.01 153140.19846819737 6.783117252311554 0.04344382743452049 8.991251108052417
7210 0 0.01 152789.9224661074 6.847013658260661 0.043030592351422606 9.076128531115879
7211 0 0.01 inf 6.694218753477204 0.04265173329188517 9.2556171549959
7212 0 0.01 inf 6.80705533000982 0.04708080928831942 9.245151038305355
7213 0 0.01 1481144967.7084243 6.54641971451228 0.04605713519233684 9.006950712271923
7214 0 0.01 149509.75745429937 6.807417905676219 0.04655920953527047 9.181653315352696
7215 0 0.01 inf 6.796291879410211 0.05067698207533087 9.109046430436422
7216 0 0.01 151403.9191725973 6.723857290410873 0.04444947642135646 9.00945612387522
7217 0 0.01 inf 6.6064802455529605 0.04672215536607027 9.31020482149412
7218 0 0.01 inf 6.740977602795351 0.04348605701819428 9.383129586030224
7219 0 0.01 inf 7.005427237411475 0.04972194489943104 9.225231699830648
7220 0 0.01 inf 6.645829591113869 0.05458178615849805 9.161451238849335
7221 0 0.01 inf 6.588981134994222 0.05605744738429114 9.368164563268056
7222 0 0.01 425854626.52261424 6.660324285379939 0.03969388367665656 9.082046041886544
7223 0 0.01 inf 6.493126267178082 0.05052717975607641 8.975309124779807
7224 0 0.01 inf 6.765908863556866 0.04624244801286914 9.33918024715418
7225 0 0.01 inf 6.652766955826213 0.05536073922483385 9.054499376902601
7226 0 0.01 inf 6.778276931712988 0.04471744374072328 9.239616242485475
7227 0 0.01 1262194654.9451559 6.572633911418144 0.04344463726745828 9.163468516324093
7228 0 0.01 inf 6.686633326600663 0.04744251610226126 9.224061025452086
7229 0 0.01 552226049.4497044 6.648157256130195 0.049210054055895014 9.014372977529584
7230 0 0.01 inf 6.598046157657511 0.059240258895358486 9.029278400168778
7231 0 0.01 inf 6.655724160661493 0.044108763719170906 9.2729830706766
7232 0 0.01 inf 6.827537077772907 0.056121990915105474 9.021382606089901
7233 0 0.01 149588.7039697484 6.714522218358591 0.044364952184906915 9.126795371799092
7234 0 0.01 inf 6.580307827024948 0.05613080891300995 9.370437253741642
7235 0 0.01 inf 6.726807359353909 0.04661543338594154 9.390551474835256
7236 0 0.01 89636460.87410127 6.691126954925621 0.04144704975621613 9.09785317302229
7237 0 0.01 inf 6.645433270538306 0.05357591233767297 9.453394936020363
7238 0 0.01 inf 6.574420315341244 0.05060473511777673 9.051168883387328
7239 0 0.01 inf 6.664162271766559 0.05307711989880326 9.096284897133929
7240 0 0.01 inf 6.676305823571355 0.050880344337842165 9.118725647937218
7241 0 0.01 84384495.85483426 6.691591076193053 0.04548012205376668 9.121952083410871
7242 0 0.01 inf 6.868100210205641 0.04368986886333397 9.235524670287585
7243 0 0.01 783129538.6657608 6.625005457662698 0.04741869791409141 9.155371967693666
7244 0 0.01 inf 6.589324765715474 0.05072447260784691 9.074427403915895
7245 0 0.01 1239086192.7104723 6.575310569343165 0.04167320788522205 9.170641763074645
7246 0 0.01 inf 6.672010365592135 0.05400140301128604 9.18347359829195
7247 0 0.01 inf 6.7277613134824605 0.050084711978076284 9.187354512753842
7248 0 0.01 135446094.01119068 6.68705626160397 0.045940188461298395 9.178746980250802
7249 0 0.01 inf 6.6052424839546475 0.055407498234125455 9.1210134044018
7250 0 0.01 149871.42813229596 6.845327637237115 0.04741162853103582 9.181582556528657
7251 0 0.01 inf 6.612289479098559 0.04302903043756197 9.204415187540697
7252 0 0.01 inf 6.734115975095813 0.05405399874920403 9.166090377778147
7253 0 0.01 149260.4745513713 6.720096747237689 0.04339750274446332 9.188847114236086
7254 0 0.01 149235.0332013472 6.706877705962986 0.04758380851467817 9.082982562790107
7255 0 0.01 829236941.4932541 6.620230908313233 0.04628586794268834 9.160256741385322
7256 0 0.01 inf 6.514982611020557 0.05580747154800498 9.157117931077437
7257 0 0.01 149817.28192546061 6.700958887255806 0.04585240973121502 9.065693327615527
7258 0 0.01 inf 6.742403290723941 0.0549173703871769 9.17216071830148
7259 0 0.01 inf 6.417304482882649 0.05044319673522732 9.202394169125755
7260 0 0.01 inf 6.509058259380048 0.05314995793118399 9.175272428080392
7261 0 0.01 inf 6.488790288519072 0.04714267996210109 9.226344781604581
7262 0 0.01 inf 6.686850261980686 0.04486481984337703 9.213172079874667
7263 0 0.01 151416.35607041809 6.84199248171804 0.045370052268964775 9.115292426050939
7264 0 0.01 414610323.20773876 6.661390461628023 0.04689640265364327 8.992999697192754
7265 0 0.01 inf 6.685339636987795 0.046675545031727245 9.206993912483814
7266 0 0.01 inf 6.529903042379347 0.0499983605033916 9.222016712850754
7267 0 0.01 786480611.1836842 6.6246603026330035 0.04574602111661498 9.102969584965997
7268 0 0.01 inf 6.486302529320418 0.04406703129119706 9.233901555667861
7269 0 0.01 inf 6.629751687793744 0.05087323574330463 9.317178631330805
7270 0 0.01 inf 6.829800699798253 0.04880474468269577 9.283373554616402
7271 0 0.01 inf 6.8553248845223855 0.041989040595751335 9.255737696390552
7272 0 0.01 inf 6.892435352152199 0.051369306706719464 9.184647064049845
7273 0 0.01 inf 6.7799692163844085 0.05348404408018696 9.166072287616421
7274 0 0.01 inf 6.6933982837679356 0.05144015859139734 9.244736911533144
7275 0 0.01 inf 6.904344433406764 0.0518272279356595 9.169813144476429
7276 0 0.01 148978.63085106885 6.742242544088871 0.0477702580505653 9.133740664584337
7277 0 0.01 152779.60569221963 6.8910693341642375 0.04511548842816762 9.100255058017373
7278 0 0.01 inf 6.603017324099592 0.042647909082699706 9.213705630136886
7279 0 0.01 1223425566.7073243 6.577114993648847 0.047708143847964325 9.123646258292762
7280 0 0.01 inf 6.65564384111003 0.054006362842923386 9.059951836011944
7281 0 0.01 inf 6.658320229291109 0.04944115230828495 9.27800531914685
7282 0 0.01 111336241.58035627 6.68920339017433 0.04449586352726079 9.168339731771436
7283 0 0.01 inf 6.631662858488553 0.039719987269870624 9.311736771379838
7284 0 0.01 149579.27705090537 6.806942606285673 0.0474200601280506 9.16199720018108
7285 0 0.01 152175.78028807935 6.826936005672213 0.041782055109751456 9.104983197516836
7286 0 0.01 149514.44250320763 6.735581817582276 0.047590875553010906 9.092303623544497
7287 0 0.01 inf 6.743303069780598 0.04949522052952318 9.278403487524566
7288 0 0.01 inf 6.776467213831886 0.05510396553948979 9.16939677800011
7289 0 0.01 inf 6.715406920643436 0.05099051620461692 9.279247517859126
7290 0 0.01 inf 6.9239652655258155 0.050877202252507976 9.169470020746308
7291 0 0.01 inf 6.767662200691292 0.055569605366839143 9.262333905317641
7292 0 0.01 inf 6.7121475319734065 0.04622617703272006 9.266557285353649
7293 0 0.01 inf 6.7437078531932055 0.05307245017028126 9.210374048745972
7294 0 0.01 inf 6.661547945486264 0.046807296634441886 9.22779241221888
7295 0 0.01 150944.42386110028 6.768370071027786 0.039674714170349776 9.1815248676643
7296 0 0.01 inf 6.607994592592331 0.052637533441403 9.071954109789589
7297 0 0.01 inf 6.657671026614818 0.05545291678536793 9.050724005766627
7298 0 0.01 inf 6.8137539705261725 0.05328278137845529 9.299398379698218
7299 0 0.01 inf 6.680163358315736 0.04988228397502137 9.271533196931477
7300 0 0.01 inf 6.818909873743423 0.04727117389201616 9.210873776172487
7301 0 0.01 205843428.36384144 6.680725939802307 0.04363462277844547 8.970438533558202
7302 0 0.01 835315874.6251462 6.619597579290103 0.04261598541709341 9.181284520185585
7303 0 0.01 inf 6.726424033900036 0.05145284044133147 9.180907729245584
7304 0 0.01 646341648.8713984 6.638869095752592 0.0455961745528656 9.195523952240645
7305 0 0.01 inf 6.675066855505681 0.056156898197863674 9.051879069107493
7306 0 0.01 inf 6.746723594388791 0.051685702248001224 9.237317747850591
7307 0 0.01 inf 6.479573263532346 0.055526626789047406 9.160525833636989
7308 0 0.01 150701.9346026879 6.715517386281794 0.03968181614473019 9.152718949471724
7309 0 0.01 inf 6.578991222968391 0.055379348961932195 9.131828046304015
7310 0 0.01 150213.35488745372 6.7517917317018235 0.04315912383089516 9.139616711968412
7311 0 0.01 inf 6.814145391754423 0.051662284473603576 9.202851424752334
7312 0 0.01 902646693.2715987 6.612519292004436 0.03952746250813279 9.173209436212833
7313 0 0.01 inf 6.632680260144848 0.05016198995388467 9.027429005758428
7314 0 0.01 inf 6.677995248436389 0.052031550684518896 9.139497977550695
7315 0 0.01 151298.40942353447 6.786737516455742 0.043195882330166815 9.096864590798805
7316 0 0.01 inf 6.68972317199278 0.04632466196972144 9.226808830638323
7317 0 0.01 529630672.4541648 6.650357782127809 0.045471777018308 9.195421383325106
7318 0 0.01 151025.85102944664 6.8193898730778635 0.04171922135813962 9.174793946722643
7319 0 0.01 inf 6.744052827426839 0.06240445534006227 9.152369491780636
7320 0 0.01 inf 6.664170728194093 0.0542983604615733 9.039192127516475
7321 0 0.01 inf 6.80713528337657 0.04776813143041905 9.326444688202566
7322 0 0.01 inf 6.595715082082569 0.052085989174162184 9.194535492931248
7323 0 0.01 462192897.0864636 6.6568605092716995 0.04294710709394993 8.971755067971648
7324 0 0.01 inf 6.606118239792727 0.05291179828467214 9.1481770729693
7325 0 0.01 814278409.9966913 6.62178572627503 0.04586983853187724 9.116187494115817
7326 0 0.01 inf 6.712879903388415 0.05570323768344333 9.175113162151016
7327 0 0.01 inf 6.717212664213611 0.05519682335169112 9.138021740090055
7328 0 0.01 inf 6.704042287910542 0.05005633835133611 9.308558551314032
7329 0 0.01 inf 6.800216298604313 0.04141276706647752 9.241325838662696
7330 0 0.01 inf 6.805302095171125 0.061851553939037476 9.300193687087331
7331 0 0.01 inf 6.655239186004694 0.05162571435205944 9.15405513044426
7332 0 0.01 149000.39354762537 6.746657656386164 0.046551735395445666 9.159885521166505
7333 0 0.01 149299.38542392518 6.824383128135078 0.04738020110621627 9.199386304736079
7334 0 0.01 inf 6.785773017649125 0.05321401588040827 9.144798230877964
7335 0 0.01 inf 6.5535310151150705 0.05443181167467261 9.33574956486365
7336 0 0.01 inf 6.881344535492389 0.05038497773981581 9.125494160691865
7337 0 0.01 inf 6.641853756175769 0.0506794973482112 9.192058525690054
7338 0 0.01 inf 6.555229046416145 0.054269010743246256 9.139331412218874
7339 0 0.01 150117.2097621687 6.741968757810654 0.04683380115714456 9.071162640795768
7340 0 0.01 inf 6.849406065531593 0.04812641849554816 9.23095557576993
7341 0 0.01 877528444.608239 6.615173453799066 0.04760721445149597 8.950026721523685
7342 0 0.01 148819.14904101208 6.748455003282249 0.046876148334628304 9.169780746599773
7343 0 0.01 148861.28461674455 6.78994792065306 0.04775343728086017 9.190606204586473
7344 0 0.01 151235.92708546814 6.74975505582857 0.042341887716109486 9.078207194551485
7345 0 0.01 inf 6.818143666009775 0.04282152516332459 9.35497489874024
7346 0 0.01 151288.40270652273 6.763497664917256 0.04556904259968571 9.041332503953488
7347 0 0.01 150704.35076764526 6.870196826340089 0.04635157041784414 9.170869124552512
7348 0 0.01 inf 6.8979768053516475 0.04858944073827965 9.231220247247313
7349 0 0.01 inf 6.563813744051078 0.0521451646281237 8.958955991630708
7350 0 0.01 inf 6.7353069802137595 0.0451538067182687 9.203192715137266
7351 0 0.01 inf 6.768689842212929 0.05706977797203114 9.091235403559535
7352 0 0.01 inf 6.7849797660128734 0.05205513384312338 9.25208453552064
7353 0 0.01 inf 6.781155245671191 0.05152567467376056 9.040768327931222
7354 0 0.01 154188.35569497856 6.888051234971425 0.04437642997515306 9.044641798696924
7355 0 0.01 inf 6.7616329737924366 0.051796545609622505 9.168036404395906
7356 0 0.01 inf 6.68138969751885 0.058735624254874885 9.115434052860136
7357 0 0.01 583008156.4562366 6.645141078641845 0.04985743939660821 9.137682211058504
7358 0 0.01 inf 6.75806994183955 0.045027620028946315 9.215637381608039
7359 0 0.01 inf 6.718871736031602 0.044194100612344286 9.299387040528144
7360 0 0.01 182213188.91120288 6.682860996777439 0.04679266898068091 9.10278069340712
7361 0 0.01 inf 6.81182751571348 0.05824864986929727 9.12731454426979
7362 0 0.01 149685.3832850325 6.781574320586137 0.04653369572899521 9.143802686583324
7363 0 0.01 151953.3670938962 6.873662993202843 0.04644816122272927 9.10855047341847
7364 0 0.01 151019.61510290828 6.727189392045421 0.046054815409016056 9.013833526994212
7365 0 0.01 inf 6.841169207495591 0.04461188097727164 9.250577292201951
7366 0 0.01 inf 6.4911547384430595 0.05147737760642187 9.138201661611236
7367 0 0.01 150010.38196255086 6.846596279152531 0.047919162063224274 9.167439760825168
7368 0 0.01 inf 6.789315411425922 0.04655777734412552 9.229760893666406
7369 0 0.01 644426222.5140467 6.639060167231756 0.04807544391183425 9.073734351020217
7370 0 0.01 inf 6.62455321272845 0.05523783293762776 9.233067729807992
7371 0 0.01 inf 6.702229557561243 0.050629522413414424 9.329913677146312
7372 0 0.01 inf 6.778100863598218 0.051459498501026255 9.304076608954047
7373 0 0.01 inf 6.701352363305917 0.05301713579727648 9.32669617613213
7374 0 0.01 inf 6.810975822813482 0.03786801165563826 9.284064770287905
7375 0 0.01 inf 6.8009914031216425 0.052214701531435835 9.200259802631013
7376 0 0.01 inf 6.616505084016528 0.05125307498620251 9.344712095841526
7377 0 0.01 156048.34023202013 6.912017636991077 0.04377058396625988 9.00635246368325
7378 0 0.01 inf 6.785177453508561 0.05198181636890257 8.972094221666408
7379 0 0.01 inf 6.649551684672922 0.05224417999689772 9.309704279199186
7380 0 0.01 inf 6.757735102251967 0.0555738945875641 9.24602175053273
7381 0 0.01 9987227.148711659 6.698114634814749 0.04749382688864148 9.084594164677641
7382 0 0.01 inf 6.552035489343322 0.05534267135286177 8.981674271182005
7383 0 0.01 152254.45526523975 6.853585753674425 0.04533240779107261 9.084877141118529
7384 0 0.01 inf 6.789807314684427 0.0502531538442762 9.052410493120517
7385 0 0.01 inf 6.650481489407725 0.05495053422224432 9.065822270971152
7386 0 0.01 inf 6.711384484067828 0.05297520489066854 9.247036616160281
7387 0 0.01 inf 6.854427324854226 0.05399424812806705 8.9981264386579
7388 0 0.01 inf 6.599344448940242 0.04740079334350248 9.239214559289579
7389 0 0.01 inf 6.737020572324319 0.048415705206223604 9.261794796259247
7390 0 0.01 1407611536.5167367 6.555401384391532 0.04638746778756813 8.922558121998707
7391 0 0.01 966557204.6407462 6.605691995930759 0.04170780959117589 9.108661178411657
7392 0 0.01 inf 6.734909531552332 0.05192704363750202 9.223521614745497
7393 0 0.01 468929736.7671774 6.65621504538859 0.04425364548787339 9.163455308430068
7394 0 0.01 inf 6.691372105922995 0.04706415844421395 9.247213066640949
7395 0 0.01 789965903.5384306 6.6243008607125216 0.04864958890101983 9.095109699691074
7396 0 0.01 442808085.29604137 6.65871172632963 0.045135044294568265 8.947357462558605
7397 0 0.01 inf 6.641087189116955 0.05522320378957439 9.267465242492275
7398 0 0.01 148496.8757862267 6.7159627210809765 0.04814116834588858 9.137947918680846
7399 0 0.01 150189.96028686606 6.785236916659829 0.04554965178246254 9.129472961856115
7400 0 0.01 412388772.20173436 6.661600631889188 0.048027713265683454 9.115428570817285
7401 0 0.01 inf 6.592436605816248 0.042609301438374825 9.227097704164112
7402 0 0.01 inf 6.799636654142552 0.05169110942916503 9.407194501984584
7403 0 0.01 53742113.061155915 6.694289800595884 0.047244245690602656 9.128576223732122
7404 0 0.01 inf 6.559370600899549 0.050332331331047336 9.070316521339958
7405 0 0.01 inf 6.379934499423931 0.04855224047340838 9.242121796081438
7406 0 0.01 inf 6.757444708235727 0.05418567987760244 9.256111089028298
7407 0 0.01 148103.66372897022 6.7075402435914215 0.04806907431923475 9.164876714069905
7408 0 0.01 inf 6.757234529137344 0.04519942208597169 9.203268635131147
7409 0 0.01 inf 6.724996064656903 0.05004436878924098 9.120944050920238
7410 0 0.01 511353998.6025051 6.6521298018680906 0.0424647664838473 9.146428578628932
7411 0 0.01 inf 6.785100708936005 0.04936524942198457 9.329236792680575
7412 0 0.01 inf 6.6644269601253905 0.05181813180952103 9.046654932876825
7413 0 0.01 inf 6.6691734953561665 0.056062655395761225 9.141992654203019
7414 0 0.01 inf 6.733091901707166 0.053595704869940954 9.133999184626767
7415 0 0.01 inf 6.7555751707292195 0.03978634424765734 9.202347060302303
7416 0 0.01 inf 6.690112001450042 0.050226862027868725 9.273751334418167
7417 0 0.01 inf 6.689019838232486 0.050642922955064784 9.312534082332164
7418 0 0.01 inf 6.714938016007087 0.05339163856920101 9.118683537396194
7419 0 0.01 inf 6.59557893087242 0.05452455612560351 9.089156807895478
7420 0 0.01 inf 6.627943219252934 0.05544447575841709 8.989797650491392
7421 0 0.01 152774.50356335615 6.750861104360035 0.03893148177210957 9.037973668993889
7422 0 0.01 inf 6.774899280414778 0.04887382067991101 9.358259097642888
7423 0 0.01 inf 6.680381623879936 0.04101550897335471 9.251196387437579
7424 0 0.01 inf 6.825017763991043 0.05403493711007374 9.037903247900235
7425 0 0.01 148784.4275166255 6.7713302140846094 0.048632556805267034 9.162176041977963
7426 0 0.01 inf 6.697431525840879 0.05349799046146675 9.187075868763047
7427 0 0.01 inf 6.733572651910898 0.05177501132601689 9.12292860901004
7428 0 0.01 157121.82429339923 6.832702128237257 0.04560704978775977 8.888600685819299
7429 0 0.01 149143.62480965897 6.717401544565282 0.04941509059166267 9.071667151372882
7430 0 0.01 1001486445.3887984 6.60191459731754 0.04707027265654534 9.146999857114443
7431 0 0.01 150569.68555158557 6.741303361398579 0.04655342918861899 9.047128571548514
7432 0 0.01 inf 6.611803707217667 0.04633563821589428 9.25207110235624
7433 0 0.01 inf 6.690407686465364 0.05207453683641294 9.055942842750834
7434 0 0.01 inf 6.6946785689293735 0.04479709123470341 9.275727263652833
7435 0 0.01 149753.60666218775 6.7316689465248425 0.04908004878923014 9.053019853554346
7436 0 0.01 1512265129.405711 6.5425618491405055 0.0468309870313105 9.081787754168406
7437 0 0.01 149337.4438935013 6.742604911742874 0.04852324359046539 9.097040414697725
7438 0 0.01 147687.80299386164 6.71536700757792 0.049198687659258264 9.184955456989139
7439 0 0.01 148429.16815894743 6.714474720487656 0.04588299088274218 9.19622408756569
7440 0 0.01 inf 6.767753775767206 0.04710328928270469 9.287424322672532
7441 0 0.01 inf 6.637551714100971 0.050527813371666154 9.229162935744458
7442 0 0.01 inf 6.686760928623638 0.048599134880593226 9.329566217859163
7443 0 0.01 inf 6.687958981538314 0.03714054390344638 9.261298388114385
7444 0 0.01 inf 6.524885943284263 0.04902154729795831 9.245270454299709
7445 0 0.01 inf 6.6187720097366665 0.05141144921079477 9.136937895715894
7446 0 0.01 inf 6.709157294035372 0.05226978632352566 9.115191097751014
7447 0 0.01 inf 6.534874936470127 0.04828500654725596 9.257548448580701
7448 0 0.01 149005.51586424143 6.700959625250543 0.047468688641677116 9.095904779483666
7449 0 0.01 331359823.2385588 6.669204215608302 0.047094823444465715 9.114410456095468
7450 0 0.01 inf 6.692756440733581 0.04051179266590704 9.217955128556392
7451 0 0.01 inf 6.753791655820503 0.048806718969321164 9.23908663115341
7452 0 0.01 inf 6.808903919429049 0.043214966977434766 9.323805379217387
7453 0 0.01 inf 6.663565881548057 0.04820536881968267 9.26744963465314
7454 0 0.01 inf 6.800646439306372 0.045715978127473446 9.357296291269419
7455 0 0.01 inf 6.573804381708195 0.05291220896028222 9.354423268626658
7456 0 0.01 inf 6.735008484726291 0.05802635885298604 9.129725348973778
7457 0 0.01 inf 6.73799160527655 0.05185506653411081 9.346927183840931
7458 0 0.01 inf 6.66116108334087 0.047879847690773254 9.241203977144883
7459 0 0.01 1548970650.2612255 6.537967274344321 0.043497397244685064 9.184217825621506
7460 0 0.01 inf 6.8717678379472575 0.053978558791657444 9.235864259652937
7461 0 0.01 inf 6.623286891345976 0.04751080642668073 9.280512114436474
7462 0 0.01 inf 6.620329226635484 0.04642070764436183 9.339297200927808
7463 0 0.01 inf 6.794592904111647 0.04806131222102515 9.202829510705724
7464 0 0.01 inf 6.703513865715067 0.052318459225920357 9.312251357939846
7465 0 0.01 inf 6.641940609229109 0.05069006484324596 9.125918734529046
7466 0 0.01 151990.59860590563 6.805066125731873 0.04428249712480979 9.060713883928036
7467 0 0.01 inf 6.656003620180526 0.05113032408262554 9.224732568529957
7468 0 0.01 inf 6.759749052746192 0.055935301477583244 9.183257283121323
7469 0 0.01 inf 6.589569035141367 0.04256285627982498 9.47574713033384
7470 0 0.01 inf 6.777791565641559 0.05077014339513671 9.121205009930309
7471 0 0.01 422878677.5670929 6.660606848542679 0.04598268097241415 8.896515760570379
7472 0 0.01 147473.09949348628 6.7008443188609155 0.048985630287100124 9.19649694676532
7473 0 0.01 inf 6.663714361690335 0.052233923820532865 9.23913149789278
7474 0 0.01 inf 6.852632106472208 0.05412128894396483 9.175155093222026
7475 0 0.01 inf 6.807241015795647 0.04913846039818057 9.37653877979364
7476 0 0.01 155750668.01831612 6.685239742835842 0.049032905908772684 9.143757014073861
7477 0 0.01 inf 6.745513633425666 0.05467192966880827 9.193072019678402
7478 0 0.01 inf 6.85024571581571 0.048302462536091974 9.309122415362438
7479 0 0.01 inf 6.5382220658289665 0.051446259321760175 9.447550256934889
7480 0 0.01 149984.2736324644 6.733531923541479 0.04391392348955771 9.123255762678031
7481 0 0.01 inf 6.980223902489531 0.051135008662285375 9.049086342707145
7482 0 0.01 inf 6.733520243584773 0.04846797997312672 9.272388200738616
7483 0 0.01 147775.91624119072 6.707222418450334 0.048031705387764786 9.197005247975785
7484 0 0.01 inf 6.521901467944618 0.05632686287812985 9.17336252936821
7485 0 0.01 inf 6.620236182072772 0.05616693267058903 9.07087377478296
7486 0 0.01 inf 6.479923787690732 0.06330086621325443 9.2902497206814
7487 0 0.01 inf 6.657974983205796 0.05269779347565993 8.926973282402185
7488 0 0.01 6912208.996484341 6.698382378710553 0.04007214557835484 9.053676888912216
7489 0 0.01 inf 6.767428084358015 0.047545150282346474 9.310472094475097
7490 0 0.01 inf 6.92895337381527 0.0533240351235032 9.175852008703698
7491 0 0.01 inf 6.659585508482635 0.04473832485836645 9.383707266516529
7492 0 0.01 inf 6.757145118905492 0.053918771601904704 9.08543531931284
7493 0 0.01 inf 6.602758566914366 0.04764161279834677 9.38474466475198
7494 0 0.01 inf 6.798527195504989 0.052242017847605716 9.215530998994552
7495 0 0.01 149115.5121467223 6.7052722713828485 0.04690089768145132 9.102504272911554
7496 0 0.01 148206.46010880094 6.7469036875668476 0.048318172817430005 9.189581109174615
7497 0 0.01 inf 6.500341420978091 0.043335106460391744 9.386835656159857
7498 0 0.01 inf 7.039346656477775 0.03729098746242205 9.23336632248588
7499 0 0.01 inf 6.75249983865783 0.05493705452089323 9.309096110276426
7500 0 0.01 483797228.5958079 6.654787806992092 0.047433238270811987 9.016497974730049
7501 0 0.01 inf 6.765467535704174 0.05739466108437365 9.03228036119517
7502 0 0.01 inf 6.7698613185770915 0.04205390347255238 9.284846990078002
7503 0 0.01 338137425.7452678 6.66857338786159 0.04687202968531681 9.042727639076134
7504 0 0.01 151721.0298347642 6.893077222967034 0.04516929153171821 9.15258852225552
7505 0 0.01 inf 6.604856180307879 0.05449791374564329 9.279638061123627
7506 0 0.01 inf 6.703547403152431 0.045258180326446205 9.283444971174175
7507 0 0.01 inf 6.783820440796682 0.045695028777053885 9.286770548347029
7508 0 0.01 inf 6.660299012106756 0.053747843307837606 9.250873406024041
7509 0 0.01 inf 6.733459561241662 0.05675219389445345 8.981167976746823
7510 0 0.01 inf 6.752827146597289 0.047993726858157275 9.289366545686395
7511 0 0.01 inf 6.9010505679142735 0.06218759545024002 8.997244258351126
7512 0 0.01 inf 6.608656330967604 0.052095037673082996 9.323935405152769
7513 0 0.01 inf 6.69193323025882 0.05031414041018624 9.1203982703949
7514 0 0.01 54515441.97125151 6.694221880089688 0.04797634778763972 9.129331123607443
7515 0 0.01 inf 6.743364949175497 0.04342733431208124 9.326654580065737
7516 0 0.01 inf 6.855473037374195 0.0503871868541635 9.187080972271865
7517 0 0.01 inf 6.5621225731595825 0.05365394029957545 9.218288690733793
7518 0 0.01 464291156.35670155 6.656659290024077 0.04893479132490848 9.152396435585104
7519 0 0.01 inf 6.734554461584315 0.03967290557655635 9.276174997039929
7520 0 0.01 inf 6.663037898770687 0.04504049809411006 9.216420126043893
7521 0 0.01 inf 6.911617560823946 0.050090042213483454 9.096811708255975
7522 0 0.01 1527450124.652577 6.540666916499751 0.04546147564998321 9.192976877487087
7523 0 0.01 inf 6.612992516559532 0.05143454177322089 9.41891337813461
7524 0 0.01 inf 6.563657415027942 0.05174763471510601 9.284607293891503
7525 0 0.01 inf 6.572929891081506 0.05088021233582428 9.158550287914611
7526 0 0.01 1590921240.939892 6.532655704881264 0.04962651271171697 9.115355523502775
7527 0 0.01 inf 6.725440042043208 0.05345305743598411 9.189815463854327
7528 0 0.01 inf 6.931573014445963 0.05846445249906813 9.139980926156287
7529 0 0.01 inf 6.756684455894082 0.05362895878984277 8.993666175900666
7530 0 0.01 inf 6.814068937366095 0.05132705829906537 9.03999366875975
7531 0 0.01 inf 6.519128932009931 0.04905323618105914 9.222544839947084
7532 0 0.01 inf 6.774345077574877 0.051001395611411496 8.993533617150552
7533 0 0.01 386195069.5692984 6.66407314609455 0.04963826077195952 9.109300442600516
7534 0 0.01 inf 6.672700097019318 0.050178917136260416 9.213158504788279
7535 0 0.01 151015.60494908248 6.7091227662531265 0.04086972123283016 9.084205596515972
7536 0 0.01 715540793.1639568 6.631910971261374 0.048805937323172094 9.12151418412447
7537 0 0.01 inf 6.572328390202555 0.056817208453556145 9.260579954095814
7538 0 0.01 185471460.14539033 6.682567267165479 0.04186490536487795 9.1555573212987
7539 0 0.01 149472.69272845748 6.804992663633644 0.04821345870255079 9.155148683203189
7540 0 0.01 151693.1377893737 6.81087726290549 0.049658262783031745 9.031268946744296
7541 0 0.01 inf 6.685836013191349 0.04405372472352438 9.384497288048381
7542 0 0.01 inf 6.608837920331122 0.04161307383650169 9.263366087122979
7543 0 0.01 151281.60007601493 6.756910646268574 0.041972354733663536 9.088888297654066
7544 0 0.01 inf 6.609101876221369 0.05312240438276307 9.427020443386512
7545 0 0.01 inf 6.704709531481497 0.04828480471261386 9.245774947640463
7546 0 0.01 inf 6.720179250782564 0.04976138027187464 9.208971485433095
7547 0 0.01 1249715202.7756987 6.574081318594911 0.049112331006863956 9.073730034856313
7548 0 0.01 inf 6.654098451307162 0.05016034211016784 9.216518742458899
7549 0 0.01 inf 6.761541470261143 0.05163729517665017 9.003638020478448
7550 0 0.01 1131587130.55482 6.58754952007639 0.04548847348225511 9.046980720563015
7551 0 0.01 693038604.9446307 6.634185824143449 0.048194697119837426 9.180566588641193
7552 0 0.01 inf 6.567905406137614 0.04524334528055874 9.342199880129153
7553 0 0.01 331110388.26780885 6.669227501484529 0.045166761551176424 9.080258398109764
7554 0 0.01 inf 6.625130502728667 0.04856681236253292 9.285082520357307
7555 0 0.01 151869.41235965115 6.8080216150071635 0.0427332698378864 9.09040408053144
7556 0 0.01 inf 6.837902869365239 0.05026696973733106 9.3144835927589
7557 0 0.01 inf 6.522950346624728 0.04089465170875611 9.208073101373627
7558 0 0.01 inf 6.600714031305823 0.05121294134921146 9.103471163285912
7559 0 0.01 1650124360.4712038 6.525047941187074 0.04539750844666375 9.009697262277678
7560 0 0.01 inf 6.739421079343992 0.05152217270013753 9.114914617215714
7561 0 0.01 inf 6.597507386018122 0.04678070722646989 9.364218795561113
7562 0 0.01 inf 6.605918089952215 0.041524859204723055 9.242460276049178
7563 0 0.01 inf 6.739196756395972 0.05224311088757754 9.146765099231175
7564 0 0.01 inf 6.792035461208218 0.05035820037924482 9.245743450178479
7565 0 0.01 264556244.3049471 6.6753742243244085 0.04731993851024141 9.198418803730567
7566 0 0.01 inf 6.6419275632150505 0.044500492763595335 9.217140695874225
7567 0 0.01 inf 6.546561884140411 0.057282812499334756 9.265660361858602
7568 0 0.01 547893019.9449216 6.64858004125187 0.04596253421095584 9.160101218894688
7569 0 0.01 inf 6.712827663964479 0.0502863674140987 9.281434937398748
7570 0 0.01 151410.48189930798 6.843704764566686 0.042542470639357656 9.157187246872187
7571 0 0.01 inf 6.491650013241886 0.04845000702177644 9.279533553073678
7572 0 0.01 inf 6.667444622599316 0.046773808286197274 9.216969416328105
7573 0 0.01 inf 6.899738832591411 0.05515616596713812 9.094108616375788
7574 0 0.01 149661.65142665707 6.840425241217895 0.046823155400520435 9.199467894866935
7575 0 0.01 inf 6.414156851024154 0.04656638536077697 9.316239867690857
7576 0 0.01 inf 6.587080446815433 0.04641065548020389 9.284612732315555
7577 0 0.01 inf 6.760378286281402 0.041124900608734576 9.23440979017288
7578 0 0.01 inf 6.641312429587981 0.04679617997022674 9.270551788780862
7579 0 0.01 inf 6.645990812526544 0.05367654502359132 9.378995817259227
7580 0 0.01 496979285.3843374 6.653518316512552 0.0425028975893401 9.182758336281205
7581 0 0.01 inf 6.603502073910176 0.04366762742926422 9.297129625782306
7582 0 0.01 inf 6.673468671238672 0.05227136799864125 9.300200292308224
7583 0 0.01 inf 6.627579539687014 0.059236445051992714 9.219129233887827
7584 0 0.01 150969.57958759123 6.836171979711205 0.047889249452804095 9.104837353010042
7585 0 0.01 152221.84407791405 6.948561432382629 0.0454374106159551 9.180378520865384
7586 0 0.01 152097.65843616644 6.826666211257884 0.04547691591587799 9.0640267687335
7587 0 0.01 inf 6.553033419648309 0.05026688375715358 9.067745924484706
7588 0 0.01 inf 6.621021520805854 0.05033974934655358 9.370751833021385
7589 0 0.01 150792.7081147849 6.70677445176448 0.04502519949970066 9.020506906202327
7590 0 0.01 inf 6.708787136070251 0.045060112030190815 9.336597797411997
7591 0 0.01 150148.3885940779 6.755663690596759 0.04201812540445548 9.17696311018449
7592 0 0.01 inf 6.6626913920145086 0.04811967718331832 9.205250779540885
7593 0 0.01 inf 6.68400165602526 0.04367934645800703 9.203088506096632
7594 0 0.01 152476.10130283586 6.7643280050165995 0.03815071262522255 9.087819336870696
7595 0 0.01 inf 6.61740776592492 0.05287180282878386 8.969988471336944
7596 0 0.01 821144336.1945437 6.621072801513599 0.04658894853024387 9.079248158022901
7597 0 0.01 inf 6.748726992558438 0.052597593551068744 9.225047287265317
7598 0 0.01 inf 6.706781334693176 0.05285238219925864 9.049944118109138
7599 0 0.01 inf 6.5781574097233335 0.060008132427751326 9.278325090528611
7600 0 0.01 148983.30727535364 6.745393963934748 0.048717130493439204 9.120670679549027
7601 0 0.01 316246043.5954941 6.6706078274045275 0.0451764950363877 9.183869441575409
7602 0 0.01 215606948.26553398 6.679840284119449 0.04646073043096002 9.191951053687292
7603 0 0.01 148788.6225912284 6.752207333512609 0.04643409411014246 9.18582438149413
7604 0 0.01 inf 6.8067730913868365 0.046496474632578104 9.206788794495568
7605 0 0.01 1166308102.81377 6.583633884604926 0.04811977794195799 9.13254092556881
7606 0 0.01 inf 6.889001864683946 0.049865670223230164 9.437763911472446
7607 0 0.01 inf 6.92133975111377 0.05480071182066912 8.969649722933115
7608 0 0.01 inf 6.621929630987021 0.05504380090451666 9.025012211642904
7609 0 0.01 inf 6.7257634792868055 0.04904353953642913 9.218793009234313
7610 0 0.01 inf 6.890407919692801 0.05094876681620006 9.355649150494145
7611 0 0.01 234516485.97337338 6.678120536731252 0.04476511574850989 9.148345087343317
7612 0 0.01 inf 6.702869901069099 0.042184724257375635 9.307026900703681
7613 0 0.01 inf 6.657798621751868 0.04810680646479768 9.300047023083343
7614 0 0.01 inf 6.804094954633151 0.044941192612287004 9.328021973057936
7615 0 0.01 inf 6.681916470341293 0.05506138678843249 9.127379004386803
7616 0 0.01 inf 6.856532531279367 0.04918743089483927 9.310532662934738
7617 0 0.01 149954.20468967705 6.725594720927019 0.042134861419869746 9.161946362097316
7618 0 0.01 inf 6.732914759756551 0.05716761437746427 9.20576503517629
7619 0 0.01 inf 6.614153783729236 0.05100739683344264 9.190236825973328
7620 0 0.01 inf 6.753800988018728 0.05305629680437447 9.059983980308598
7621 0 0.01 inf 6.632860449781645 0.06017610464230927 9.058117497288597
7622 0 0.01 inf 6.545835524875361 0.03837374553665961 9.21418805897025
7623 0 0.01 inf 6.7335991925151415 0.04420374278120783 9.350003664523687
7624 0 0.01 151079.18671510823 6.800137580598923 0.04970008430932513 9.047107562892402
7625 0 0.01 inf 6.759843253430984 0.05098923438010788 9.218608511134526
7626 0 0.01 inf 6.821470553546209 0.04270384163215929 9.264207347597553
7627 0 0.01 247897573.02074564 6.676899350691588 0.047895031707733876 9.11594613365685
7628 0 0.01 inf 6.8060693162756065 0.04954893508194845 9.242351523735147
7629 0 0.01 149687.93584169552 6.783626329936825 0.04569788444484473 9.160419503092523
7630 0 0.01 inf 6.763025473915589 0.05826819397700944 9.174438103770683
7631 0 0.01 inf 6.695607010724167 0.051380298865579245 9.16529422358886
7632 0 0.01 150076.77947513238 6.856662796347505 0.04845800645414903 9.166922045753616
7633 0 0.01 inf 6.6546690997030975 0.05403888575147655 9.29018516383312
7634 0 0.01 148891.361403082 6.805333528472044 0.04931143305139008 9.177740942948367
7635 0 0.01 149513.93169463734 6.760562717932193 0.04799968799440728 9.111168775097187
7636 0 0.01 inf 6.778804444194254 0.04279166966631198 9.231883455640212
7637 0 0.01 155360.14166477232 7.029097963702365 0.04564173963075329 9.13746936059928
7638 0 0.01 inf 6.5985630431462186 0.05666396055896885 9.289875177525639
7639 0 0.01 inf 6.78333341502563 0.05155191810858786 9.156014801998642
7640 0 0.01 inf 6.7225427469497445 0.052425921385384384 9.145651007841577
7641 0 0.01 inf 6.789977867352109 0.04953618594482119 9.29411624620318
7642 0 0.01 inf 6.652396723153399 0.0502132936160189 9.308170975755685
7643 0 0.01 inf 6.650022456704966 0.058555511438280264 9.241126511368366
7644 0 0.01 inf 6.749566927427464 0.041429439410257514 9.301653625651664
7645 0 0.01 inf 6.818435006760709 0.05502679938388059 9.212479762234397
7646 0 0.01 inf 6.613589199083037 0.044691234173760724 9.24227405130166
7647 0 0.01 inf 6.6029509996549365 0.05667875499908526 9.259423493213502
7648 0 0.01 inf 6.6942111794479775 0.04910109027547004 9.257307899011815
7649 0 0.01 748417682.1586344 6.628565704814057 0.04858267134340197 9.088177186500534
7650 0 0.01 732707837.8484575 6.6301676000535945 0.0409784758101831 9.151605501983658
7651 0 0.01 inf 6.6981871359679905 0.05077372780227428 9.23582722320219
7652 0 0.01 inf 6.726495241355389 0.050441932551270045 9.219814549856748
7653 0 0.01 149021.00782041167 6.771855588046421 0.047607975306237726 9.163102334068055
7654 0 0.01 inf 6.609545026398617 0.052495025707653444 9.070716244972921
7655 0 0.01 148966.33139399596 6.72026452072666 0.04447865312431473 9.187194454931495
7656 0 0.01 inf 6.706721419724535 0.04671062512419105 9.35353709645138
7657 0 0.01 inf 6.643775558859426 0.042030582013363516 9.204416366979972
7658 0 0.01 inf 6.789875100785489 0.053766990468697526 9.223051673568634
7659 0 0.01 151091.55023338855 6.786582638412536 0.04907842078374126 9.038201631135898
7660 0 0.01 inf 6.724920492195618 0.04726964542802236 9.303978986739022
7661 0 0.01 inf 6.810011664761395 0.05350547226453756 9.089924706696486
7662 0 0.01 inf 6.822656926891744 0.06208095546563343 9.305387494482659
7663 0 0.01 inf 6.739005558331253 0.05011043372155885 9.20873442257229
7664 0 0.01 inf 6.516794691335877 0.05766778358232161 9.152423072375333
7665 0 0.01 inf 6.690339713874491 0.049451500939128534 9.373395552945844
7666 0 0.01 inf 6.633041605378982 0.05237224510540187 9.230273322748404
7667 0 0.01 151505.41268137784 6.868957053931811 0.045657706516344466 9.134161001752158
7668 0 0.01 463993647.5116445 6.656687820817432 0.048827406458217065 9.10927507497302
7669 0 0.01 inf 6.575062266112007 0.04395417833558596 9.478084944864824
7670 0 0.01 inf 6.67142704516778 0.05072194693501125 9.056689005522358
7671 0 0.01 inf 6.5631475984288326 0.05435991097891896 9.037374191140197
7672 0 0.01 751438268.9127927 6.628257025738359 0.047085253154337016 9.159436494501001
7673 0 0.01 inf 6.478993099723509 0.054376674997917075 9.232094883928896
7674 0 0.01 150059.08795889321 6.7592346728307815 0.04387184053939457 9.143935851878439
7675 0 0.01 149867.567179374 6.723288722518835 0.04729329332255315 9.061493410413084
7676 0 0.01 inf 6.761573552669733 0.04599801995624249 9.413022104580712
7677 0 0.01 inf 6.7717366878456655 0.03285181969759236 9.213677764345793
7678 0 0.01 204671839.76236472 6.680831775456741 0.04757424143650489 9.120026780426372
7679 0 0.01 inf 6.634399822570695 0.05531132920371557 9.056928679866248
7680 0 0.01 inf 6.6473396049471285 0.05414930966707225 9.072814740307438
7681 0 0.01 inf 6.821330785602772 0.05794202291307577 9.017683941542737
7682 0 0.01 inf 6.757495139430016 0.055148163191909294 9.247779802747935
7683 0 0.01 inf 6.5783505397560464 0.046264748530832046 9.2209405987168
7684 0 0.01 inf 6.685847893269258 0.04460894335694861 9.387268602816915
7685 0 0.01 150252.3780591372 6.832072003180311 0.045999398782605644 9.165106872238066
7686 0 0.01 174969549.90037978 6.683513364911111 0.047409862364313785 9.183919378726243
7687 0 0.01 inf 6.6977458625036315 0.045357282809831964 9.307342205637804
7688 0 0.01 858646918.9546133 6.617157942713286 0.041077756954971865 9.135534222848694
7689 0 0.01 inf 6.592405789687137 0.05107619812428538 9.175429740058908
7690 0 0.01 149326.5521165126 6.719946803145139 0.04648394134090564 9.109012335257178
7691 0 0.01 244147883.2728542 6.677241967830637 0.04397782322443863 9.133289473916223
7692 0 0.01 inf 6.6890478223226335 0.05175462792231725 9.212044897048145
7693 0 0.01 inf 6.67105812003191 0.05278196004730512 9.113983706962781
7694 0 0.01 inf 6.489656437235804 0.04611018376550045 9.287071324985865
7695 0 0.01 inf 6.647451680288198 0.04646583981530504 9.500799278625703
7696 0 0.01 1442775698.229679 6.551129517716736 0.03986644545317232 9.121688383643436
7697 0 0.01 inf 6.421796944322245 0.04594931158506847 9.228861720471706
7698 0 0.01 inf 6.705978509405754 0.046574180423187526 9.282401842928225
7699 0 0.01 inf 6.752854868757242 0.04260768854633639 9.290857333536628
7700 0 0.01 150463.33390857317 6.773921960269917 0.047107619689999235 9.078745764310002
7701 0 0.01 inf 6.809754821029373 0.05649150912163542 9.14500004796131
7702 0 0.01 inf 6.7949727453177315 0.055073458551452896 9.398861796657657
7703 0 0.01 inf 6.6809625966242505 0.044066565208476564 9.275300243055554
7704 0 0.01 inf 6.6282874275426495 0.0506685625518825 9.201469302515394
7705 0 0.01 11861294.850203486 6.697951415000102 0.04708185755242799 9.180870938747713
7706 0 0.01 inf 6.818165755130277 0.05284225026926982 9.414232967609298
7707 0 0.01 inf 6.4053075332036515 0.04821970888207504 9.227916465629749
7708 0 0.01 inf 6.7315347170763395 0.043437759395241596 9.23844705738918
7709 0 0.01 inf 6.7236560189926555 0.04663076555361615 9.210118289390115
7710 0 0.01 inf 6.6429471155515145 0.05057484175710915 9.2113458697454
7711 0 0.01 inf 6.645298932252408 0.05011289218106396 9.348860305221313
7712 0 0.01 149085.94641523535 6.705862967508988 0.0443029337424925 9.16581171804196
7713 0 0.01 150266.22319172183 6.706129836121978 0.039526345513268175 9.19995248483798
7714 0 0.01 inf 6.708603496841969 0.04211784030249497 9.200689790152255
7715 0 0.01 inf 6.824236387678561 0.045377103565119696 9.229784663476092
7716 0 0.01 inf 6.702104385229086 0.052229921120203554 9.155167851280163
7717 0 0.01 inf 6.8120456510401635 0.04875586564780222 9.401500525404233
7718 0 0.01 inf 6.739597160546327 0.054396873623263876 9.120846967305772
7719 0 0.01 150412.3631573992 6.758981437771532 0.04542646449491557 9.090583901118181
7720 0 0.01 inf 6.8038288964326155 0.054764867947563016 9.230660704360043
7721 0 0.01 inf 6.847436071131605 0.04932636337581568 9.23713126187628
7722 0 0.01 inf 6.666134415354659 0.05727619151382771 8.958462222025254
7723 0 0.01 981858076.2653688 6.604041168903982 0.048487967881057255 9.158445033261112
7724 0 0.01 inf 6.560837816428274 0.0524933564170589 9.152375621278239
7725 0 0.01 inf 6.841847486563829 0.05090213179431637 9.026630658423612
7726 0 0.01 inf 6.77069865264469 0.04631353881697774 9.238906347129266
7727 0 0.01 inf 6.7293436180528925 0.05276755174079561 9.009810290010757
7728 0 0.01 inf 6.446180852972269 0.05591769375275587 9.059800836460969
7729 0 0.01 inf 6.76606707987995 0.05035404335089071 9.1938440288872
7730 0 0.01 inf 6.706256951674872 0.04485898158494617 9.402768950897682
7731 0 0.01 inf 6.747379206778555 0.044039185492865826 9.21171374608148
7732 0 0.01 154718.61538638873 6.863109150788651 0.04187856148362708 9.01664619109563
7733 0 0.01 inf 6.767871829373794 0.03881808938971272 9.292582861285634
7734 0 0.01 inf 6.5110619501910305 0.051331165894536096 9.151314697391262
7735 0 0.01 174817625.60650083 6.68352710231819 0.045821924313332194 9.155387133574683
7736 0 0.01 inf 6.762813617635388 0.05009459828167675 9.214031080890656
7737 0 0.01 inf 6.759545809661239 0.05325762966609 9.259145975325342
7738 0 0.01 inf 6.756702988309277 0.05091004200785021 9.390209675223012
7739 0 0.01 613609528.0853733 6.642122040099416 0.04289674228133021 9.159499754867836
7740 0 0.01 1352765979.0252738 6.561981375758648 0.04489699502572839 9.011184291443497
7741 0 0.01 inf 6.684397482563859 0.04535679456781609 9.274853736017395
7742 0 0.01 inf 6.74545058675958 0.050003003959083636 9.178080743718427
7743 0 0.01 inf 6.648548278720538 0.0578594763011758 9.33738550332507
7744 0 0.01 inf 6.716989479393779 0.04508934594776902 9.269192495318423
7745 0 0.01 inf 6.738478952470091 0.05700642125048624 9.081481086459954
7746 0 0.01 inf 6.743913552721362 0.04329186484242815 9.337636042442417
7747 0 0.01 949147139.9960799 6.607562173774989 0.049715343461375495 9.195955059970087
7748 0 0.01 inf 6.710181225941243 0.05053568247269675 9.02226203906197
7749 0 0.01 inf 6.681830650172765 0.052513153310057334 9.007498420714247
7750 0 0.01 inf 6.605225532195928 0.05562655496754917 9.233252015120232
7751 0 0.01 inf 6.795885140894259 0.04881712684503862 9.250249791731262
7752 0 0.01 inf 6.707111530141662 0.048708336137133094 9.274378001415018
7753 0 0.01 inf 6.660808163923153 0.04418564560703111 9.300667944191131
7754 0 0.01 275678493.1442016 6.674353159566556 0.04290331586590793 9.166889790312029
7755 0 0.01 inf 6.715176690758817 0.04532018072968031 9.224596332574055
7756 0 0.01 inf 6.702746213798573 0.048513295290968816 9.237244171478391
7757 0 0.01 286579531.9276747 6.6733499261677505 0.044333261427084505 9.125891529224408
7758 0 0.01 inf 6.5082187121200334 0.0461637214316948 9.200676672473579
7759 0 0.01 151990.51766715472 6.768667418692896 0.04934235803067058 8.978918763805394
7760 0 0.01 inf 6.8212304010523495 0.051065913138060526 9.05716620082413
7761 0 0.01 150390.92474342702 6.713992101623118 0.04095949819998987 9.142094263234831
7762 0 0.01 1211925659.5601583 6.578435380849169 0.04676937470631466 9.16755305060365
7763 0 0.01 inf 6.744976373553368 0.05036522983304678 9.268980195770581
7764 0 0.01 149725.7904502929 6.8265424571892215 0.048739939365891195 9.153800778373146
7765 0 0.01 inf 6.54775180615055 0.053674909276326864 9.304592838775092
7766 0 0.01 inf 6.775977194115837 0.056136222652494225 9.203061809674944
7767 0 0.01 inf 6.7113057911473835 0.054138218207516506 9.132042780962582
7768 0 0.01 285712602.89062774 6.673429887221137 0.03917355463723279 9.199372499769455
7769 0 0.01 inf 6.709650513613905 0.054814143584287725 9.182243884156808
7770 0 0.01 inf 6.692478917082994 0.04232481657666486 9.389898809776916
7771 0 0.01 150205.47988973407 6.727132041955057 0.0410719213132847 9.17029905378754
7772 0 0.01 inf 6.714477174412905 0.05399134991513212 8.964376616515851
7773 0 0.01 inf 6.716553765026101 0.05126846702762645 9.1588327189137
7774 0 0.01 inf 6.616854049968794 0.04736933450976412 9.226370466299876
7775 0 0.01 inf 6.824872674700116 0.048125611356121256 9.337845687695166
7776 0 0.01 inf 6.741663441791897 0.05167625978231465 9.17714071721178
7777 0 0.01 926846715.6522696 6.609946637783658 0.04225759883448805 9.156548853379938
7778 0 0.01 151089.40329759705 6.851787282017824 0.04618344815620737 9.133030271587655
7779 0 0.01 inf 6.615330458555022 0.04345635523775338 9.467511758763068
7780 0 0.01 inf 6.724471011675161 0.05276475372372315 9.26271593376708
7781 0 0.01 150346.41538421993 6.773183915191853 0.04511967068364759 9.114037739427927
7782 0 0.01 151027.0099773867 6.754573824376536 0.04230013674923142 9.098321141724586
7783 0 0.01 1512001359.544019 6.54259469831401 0.04528882652758922 9.135939621209644
7784 0 0.01 inf 6.667500935681239 0.051779118877436095 9.164020859111115
7785 0 0.01 inf 6.692452029013949 0.053220024728088386 9.085807174213624
7786 0 0.01 152575.26908210872 6.958049783352546 0.04803666889801503 9.153412095765978
7787 0 0.01 inf 6.534567487501273 0.056456715091510935 8.91132260802239
7788 0 0.01 inf 6.715718278203319 0.055586874056248764 9.104947189233155
7789 0 0.01 440978970.3160899 6.658885926761752 0.04347774315341258 9.02215361381707
7790 0 0.01 inf 6.722924425942722 0.051997002485353605 9.08832133893567
7791 0 0.01 inf 6.835961424883169 0.047589696193441326 9.445179524151808
7792 0 0.01 inf 6.78593026999504 0.05511768197691086 9.262686515215053
7793 0 0.01 inf 6.6730213537306975 0.043191327428717244 9.323619001318704
7794 0 0.01 inf 6.810821289465643 0.05149293528483261 9.223853072040923
7795 0 0.01 inf 6.630263619282581 0.052083198520813355 9.186277863678843
7796 0 0.01 225360739.07652077 6.6789541477365395 0.04418679253961114 9.118382873555651
7797 0 0.01 585607876.449282 6.644885526472058 0.04351337227320199 9.189101392186387
7798 0 0.01 inf 6.636350167547995 0.05107558773427964 9.108922477331259
7799 0 0.01 811045550.1609523 6.622120894323225 0.047907033181961156 9.18686953196046
7800 0 0.01 150250.16538348817 6.776072486472177 0.043693673884732456 9.149686103881539
7801 0 0.01 inf 6.778422426228238 0.05027537970892791 9.19636935113304
7802 0 0.01 inf 6.633591212373079 0.05003558230715026 9.03656321197815
7803 0 0.01 inf 6.646292232080234 0.05683859790431429 9.131830120951784
7804 0 0.01 inf 6.828192090542903 0.052004863501395326 9.145333015086418
7805 0 0.01 148109.15886828557 6.732168866244698 0.04833890242755982 9.182918936135405
7806 0 0.01 inf 6.758361594629346 0.05684430518772644 9.21500759425276
7807 0 0.01 inf 6.704456702776207 0.05126950237374202 9.262137717184705
7808 0 0.01 155602.48182355735 6.948122455468487 0.04190255650701424 9.067614190464615
7809 0 0.01 inf 6.644424981953531 0.05233928542722428 8.987689537521405
7810 0 0.01 inf 6.66908609469159 0.04124678450075074 9.211114732052323
7811 0 0.01 152859.61861269263 6.850349886362956 0.04677816832545709 9.0429704692721
7812 0 0.01 inf 6.460564065931564 0.05171123110713655 9.255066873146104
7813 0 0.01 inf 6.752459752555892 0.04772117944573727 9.343657536139734
7814 0 0.01 inf 6.68161325713983 0.05084719119501861 9.35257999753127
7815 0 0.01 150450.5045826772 6.760160852459052 0.04414356869423016 9.11065714681047
7816 0 0.01 149024.80199446972 6.745386600061042 0.04524566140447188 9.186269585312719
7817 0 0.01 inf 6.7640047872763125 0.057582572166597124 9.103037756728435
7818 0 0.01 inf 6.80022401644631 0.05093091222538235 9.202026020323519
7819 0 0.01 inf 6.833779665298555 0.05290577321451978 9.091929412847879
7820 0 0.01 inf 6.604023064505115 0.0581246269905064 9.24368303416336
7821 0 0.01 1081166387.163928 6.593173527193732 0.03878772500187608 9.061754043457709
7822 0 0.01 inf 6.80881195438147 0.041487698633075866 9.243300427680367
7823 0 0.01 inf 6.600599466730399 0.05065570119031429 9.121006152603936
7824 0 0.01 inf 6.565301381517917 0.04795933321628426 9.216750322842225
7825 0 0.01 1517503378.239632 6.541909716225588 0.03361698885278146 9.04143862797853
7826 0 0.01 154330.2600978173 6.777836350986345 0.03920902563616968 8.973695244028006
7827 0 0.01 151361.50253508022 6.713103857339666 0.042652417055751485 9.02794440103322
7828 0 0.01 inf 6.719266519447313 0.052729023738615696 9.038844150023758
7829 0 0.01 inf 6.741795527119139 0.05525208414683817 9.249532224049439
7830 0 0.01 150185.20210032773 6.752448053424818 0.043580894879632355 9.133390916445096
7831 0 0.01 inf 6.80626796514964 0.050080573679666694 9.058006649896384
7832 0 0.01 inf 6.58383604352662 0.046092486389555036 9.366804091785587
7833 0 0.01 inf 6.621610767548612 0.058113499527096046 9.11481633652137
7834 0 0.01 153649.54156322047 6.703326088615571 0.03285604807880413 9.086453948780177
7835 0 0.01 395905136.6884672 6.663158281436937 0.04506149761174829 9.149687881215847
7836 0 0.01 inf 6.766979958552001 0.05747675221022462 9.160875762679753
7837 0 0.01 inf 6.628970821343906 0.049780195455115396 9.349413508602737
7838 0 0.01 150976.18209389993 6.878897070773976 0.04406984326391071 9.195716279451599
7839 0 0.01 inf 6.872311316917619 0.05028456160476147 9.245025823861766
7840 0 0.01 inf 6.571620437340247 0.055547411344488026 9.423385798857158
7841 0 0.01 151657.22570055333 6.78264189313946 0.039924739651827884 9.128586127953051
7842 0 0.01 inf 6.681408432634695 0.05260224094003281 9.37762344796211
7843 0 0.01 inf 6.7748601102392785 0.058198443567294755 9.244352706702921
7844 0 0.01 1060191021.2271755 6.595491641489501 0.042045039512837674 9.086340374603502
7845 0 0.01 inf 6.766178619817875 0.05259043386892619 9.289504490283978
7846 0 0.01 151240.17933321884 6.7091427887495385 0.0393316992683959 9.104684447914568
7847 0 0.01 inf 6.487537553391142 0.04459045007823589 9.289321555374256
7848 0 0.01 148613.62596124745 6.806796411443176 0.04935934879277532 9.197860261218993
7849 0 0.01 149688.5179096104 6.757442204563225 0.04510726163955955 9.14558895150156
7850 0 0.01 150166.20867913525 6.87705126683675 0.04816625091689754 9.185727717570291
7851 0 0.01 inf 6.749621671073159 0.05285431536621299 9.129658594107395
7852 0 0.01 inf 6.932360876798562 0.05223538010733695 9.203169370954349
7853 0 0.01 inf 6.670186739590212 0.04551324965931872 9.28748427411288
7854 0 0.01 inf 6.597602935087776 0.051070162012417625 9.122098890363535
7855 0 0.01 1992936079.8072126 6.47816416525962 0.040196108787716026 9.176788820843312
7856 0 0.01 inf 6.614529462648846 0.05444041048701478 9.196892465050954
7857 0 0.01 834025197.5231769 6.619732064330324 0.04743506344863477 9.105475772476948
7858 0 0.01 inf 6.610978074111079 0.05054607171524416 9.236545328205844
7859 0 0.01 149361.67817203334 6.756358900769035 0.04560123788613425 9.160119663362538
7860 0 0.01 inf 6.803844986566331 0.057566143669282324 9.147579678528125
7861 0 0.01 inf 6.75612653026961 0.05093242767315828 9.40358301223473
7862 0 0.01 inf 6.737433807539147 0.052860700526328956 9.245516574092125
7863 0 0.01 149315.14250595565 6.71554694128559 0.04624913660801783 9.109939740286563
7864 0 0.01 inf 6.749450924638187 0.05060573636714976 9.271926506150926
7865 0 0.01 inf 6.714974043635081 0.04696947956552922 9.26314117358481
7866 0 0.01 149896.412693901 6.743048790093161 0.04508756689704572 9.11590339874459
7867 0 0.01 inf 6.564961973651146 0.043909544319317595 9.29004021132929
7868 0 0.01 inf 6.839360235531006 0.058469482170056784 9.047710440527817
7869 0 0.01 inf 6.693431287360973 0.048152015105854054 9.260874248814565
7870 0 0.01 151470.42122421614 6.775326246763927 0.048311368065274064 9.016018839258379
7871 0 0.01 46503017.058222875 6.694924884168447 0.04724226762515071 9.176339679472731
7872 0 0.01 inf 6.926123299907947 0.054242258656697864 9.224659213699288
7873 0 0.01 49066315.85510359 6.694700417903212 0.03933421272522268 9.049170030251819
7874 0 0.01 150373.3803407072 6.830350540026505 0.04559635308982478 9.161818723043005
7875 0 0.01 444328876.85515887 6.658566502673937 0.04614751699408067 9.145225323962814
7876 0 0.01 inf 6.842939122132594 0.05247207496661766 9.257530226377725
7877 0 0.01 inf 6.646312065221958 0.04442981226677914 9.249928860277631
7878 0 0.01 148182.08387779084 6.702415072230912 0.047997253821920105 9.154294740528382
7879 0 0.01 150166.81528027065 6.722399321885798 0.04380050071999943 9.100212891410903
7880 0 0.01 inf 6.713500142880816 0.047876628048035594 9.266893596913603
7881 0 0.01 inf 6.591795488441348 0.0504054719832998 9.14944196810318
7882 0 0.01 inf 6.714421013682826 0.05859822318532798 9.117714591557052
7883 0 0.01 inf 6.785103576083922 0.04693700929868408 9.278836987941666
7884 0 0.01 129604156.21224116 6.687577493794807 0.04852639601284631 9.10895075581358
7885 0 0.01 inf 6.691070687698654 0.05422632143529657 9.202843621136703
7886 0 0.01 151156.20962688132 6.806057727525762 0.04506320730571397 9.097674774091363
7887 0 0.01 inf 6.865380952301523 0.058359157999852335 9.168567316957756
7888 0 0.01 inf 6.841932969737753 0.05288828222656286 9.082098105562691
7889 0 0.01 inf 6.664169647263877 0.04822917874533019 9.241478021157555
7890 0 0.01 inf 6.778373677838342 0.050318472557514114 9.185265159779528
7891 0 0.01 inf 6.661333575740367 0.04384133840549941 9.28797038256219
7892 0 0.01 inf 6.794567412121346 0.047819830350151235 9.285169045606102
7893 0 0.01 inf 6.686799790487736 0.055058344868297485 9.267363332258533
7894 0 0.01 950551812.0743476 6.607411937308421 0.04583824597962444 8.957269930819471
7895 0 0.01 356833040.0312321 6.666828420213588 0.042171886046898394 9.017814960863365
7896 0 0.01 155987.01322139805 6.943116486154331 0.04674220534560195 9.028042731698152
7897 0 0.01 inf 6.711233979358911 0.04231987458553871 9.355065842808246
7898 0 0.01 inf 6.817968856850786 0.040240570065363024 9.269854699496634
7899 0 0.01 130263155.80882469 6.687518756547583 0.04950338105487987 9.068320091615337
7900 0 0.01 inf 6.707816533188946 0.05397241609846541 8.961657200568048
7901 0 0.01 inf 6.700174988579401 0.041875508874125444 9.200865733367253
7902 0 0.01 1846431820.7742486 6.498822715929767 0.04254518427010902 9.05740965022423
7903 0 0.01 inf 6.639442712216776 0.04965289287990702 9.385238697084558
7904 0 0.01 inf 6.803408118733245 0.05311137002392292 9.275055078441993
7905 0 0.01 inf 6.737934314718928 0.04410227559154435 9.347385401162882
7906 0 0.01 inf 6.732920363591867 0.05302383303785094 9.123958840867575
7907 0 0.01 inf 6.731844665120851 0.037785950720894634 9.419559108215651
7908 0 0.01 inf 6.713285697210383 0.04673499666943043 9.326059305068261
7909 0 0.01 1700946940.2534392 6.518408605471129 0.048826496251892476 9.118421856594896
7910 0 0.01 153508.56010883756 6.876645549720422 0.039931780907294295 9.105583232967607
7911 0 0.01 inf 6.810376601739585 0.050120620654770576 9.103936181769535
7912 0 0.01 inf 6.702838033771152 0.04859316800964406 9.220143349399835
7913 0 0.01 inf 6.822530171386252 0.04548252048087163 9.255842848246493
7914 0 0.01 inf 6.822024710442175 0.03769626091023983 9.326375004216779
7915 0 0.01 inf 6.7842795583506135 0.05303766742247249 9.289470324794339
7916 0 0.01 inf 6.800297898706008 0.05153139451045329 9.08335062544472
7917 0 0.01 inf 6.588333174649506 0.05741563526391705 9.340144547638571
7918 0 0.01 inf 6.687907741665527 0.05189754797711459 9.141879499806045
7919 0 0.01 inf 6.651333401037203 0.05137032997041924 9.23517547278158
7920 0 0.01 150021.07746708437 6.750012854838045 0.042670795441393246 9.16580215651926
7921 0 0.01 413329772.5733194 6.661511487593572 0.04910907245756539 9.145816826176572
7922 0 0.01 inf 6.542401167062295 0.056493304944825636 9.337074975402775
7923 0 0.01 inf 6.8523947794532765 0.06166473976141638 9.245520744098755
7924 0 0.01 inf 6.595674566922778 0.052166321888196886 9.08886338773208
7925 0 0.01 inf 6.754847086663364 0.05147548391145117 9.240793063247379
7926 0 0.01 147894.21051724692 6.711697744607543 0.04967035937611305 9.152990877276263
7927 0 0.01 inf 6.684460418180061 0.05203683571903014 9.224834930401386
7928 0 0.01 149040.42838088452 6.743251980050655 0.04937917582590329 9.104714068841488
7929 0 0.01 150092.29387172547 6.718928187782159 0.043455857725871974 9.109969842746905
7930 0 0.01 inf 6.736285450323518 0.053395678099033374 9.201163493906067
7931 0 0.01 821564238.294471 6.621029130767174 0.04787493088223358 9.076032652258254
7932 0 0.01 inf 6.686137490830914 0.05565236631596626 9.26929206354148
7933 0 0.01 inf 6.738565797713367 0.04784622352578095 9.353358665621714
7934 0 0.01 inf 6.604070850843873 0.048452082223640114 9.234030070444856
7935 0 0.01 149407.50098020243 6.750339520374596 0.046103151302503115 9.140467346771885
7936 0 0.01 inf 6.756467779395849 0.03892861192047365 9.27595520433557
7937 0 0.01 149594.87788495986 6.810980610499866 0.046028612942273645 9.18852644974926
7938 0 0.01 191523107.23888892 6.682021059660744 0.042264270283084146 9.133316110689643
7939 0 0.01 439749304.6313156 6.659002842386277 0.04804236729741465 9.098553596199306
7940 0 0.01 inf 6.596939755116726 0.06069495200304458 9.363017557523783
7941 0 0.01 inf 6.743266890761855 0.05011300731460538 9.109353683574263
7942 0 0.01 inf 6.575781865732437 0.05367963025361332 9.32280616667256
7943 0 0.01 149044.96178043532 6.762700420810699 0.04793427855878209 9.146483092956027
7944 0 0.01 inf 6.754891659594435 0.055864072112592984 9.362305059847374
7945 0 0.01 inf 6.645089118732182 0.044334063395408664 9.3404042797234
7946 0 0.01 inf 6.690715246431853 0.05148768907362357 9.061539475943041
7947 0 0.01 inf 6.742458059527722 0.050563075076311505 9.215821652059926
7948 0 0.01 inf 6.695421554888758 0.04956608906115072 9.242233860213588
7949 0 0.01 151075.71537766454 6.873060775819209 0.04824717905353477 9.132972834054803
7950 0 0.01 inf 6.631402809827354 0.054235021406195655 9.282346869069077
7951 0 0.01 inf 6.6402236706003315 0.05533321886155297 9.057768033595831
7952 0 0.01 inf 6.708922355203197 0.055988119737251055 9.144595570246652
7953 0 0.01 4210334.8377485685 6.6986170333503905 0.04717255172940084 9.163096074669697
7954 0 0.01 inf 6.587543682411527 0.056823769135170225 9.222455010694128
7955 0 0.01 inf 6.727110880539758 0.04352604173068808 9.453653102510215
7956 0 0.01 inf 6.744073124891609 0.0471960888925368 9.293631739375376
7957 0 0.01 149131.00199161144 6.753825058812255 0.04488766441941146 9.193945754485215
7958 0 0.01 inf 6.715520311535879 0.04766393027871586 9.201040656833326
7959 0 0.01 inf 6.670214863231705 0.04572710038173283 9.303362101289101
7960 0 0.01 inf 6.743908689574934 0.04496759965565273 9.22311599716629
7961 0 0.01 inf 6.816129878813103 0.05710540073210871 9.307212715203
7962 0 0.01 inf 6.59749045659908 0.05473974882890649 9.26552530707171
7963 0 0.01 inf 6.598646374204087 0.05144070772527377 9.104867107309916
7964 0 0.01 inf 6.637796404166182 0.051016592280212714 9.131096290826278
7965 0 0.01 inf 6.49339215815605 0.05374084846916467 9.3143961427598
7966 0 0.01 inf 6.649710511680487 0.060796478467450184 9.109704989931608
7967 0 0.01 150051.33287333892 6.8480979504581105 0.04902640956932227 9.153159903582003
7968 0 0.01 150878.276724564 6.775046278668989 0.03992698152922386 9.18697545901933
7969 0 0.01 inf 6.794988476951313 0.04113620781390248 9.31628585930743
7970 0 0.01 inf 6.685442213806968 0.0499326751064052 9.201981386253427
7971 0 0.01 1334453752.8707366 6.564156308880421 0.0454172117027326 9.041758023004922
7972 0 0.01 979868029.9861819 6.604256297528672 0.04934366895570862 9.043721161675148
7973 0 0.01 inf 6.596344730741817 0.05017965889111667 9.136756321012578
7974 0 0.01 inf 6.635282125470691 0.052804957681008693 9.137163240830043
7975 0 0.01 inf 6.746262155891098 0.05021294742845937 9.294179884466887
7976 0 0.01 2142331928.5333793 6.456034180038057 0.046114993384876186 9.062604414628897
7977 0 0.01 inf 6.780819073775649 0.05572288740969552 9.301760203828842
7978 0 0.01 inf 6.924810541609348 0.04586508744743536 9.264651448300663
7979 0 0.01 148653.95021148535 6.702148206279472 0.04646964657230611 9.146912795782802
7980 0 0.01 623946841.1332738 6.641097248384941 0.04695170822192721 9.169211681262484
7981 0 0.01 inf 6.854735226405898 0.051032682575661695 9.346010987478158
7982 0 0.01 inf 6.786950431326493 0.053184268116264796 9.287821325519998
7983 0 0.01 589452055.4426992 6.644507200491333 0.04505885991172287 9.11038652767508
7984 0 0.01 inf 6.497630934659889 0.03716605994827156 9.288656263076877
7985 0 0.01 inf 6.559936129682975 0.04899480781509803 9.359396525796608
7986 0 0.01 inf 6.945099815352572 0.06061854903281985 9.208706166943049
7987 0 0.01 inf 6.697148700914532 0.048981147738550265 9.322035656893886
7988 0 0.01 inf 6.673781364891483 0.04061495528337621 9.344305763097417
7989 0 0.01 150538.11639231912 6.787098923938573 0.048918256903409396 9.067338710055845
7990 0 0.01 148489.4985042502 6.718340064013955 0.04647626830481614 9.178216856426127
7991 0 0.01 inf 6.811705779999557 0.056149306384509 9.059184606111215
7992 0 0.01 inf 6.826793320073923 0.0495195816509762 9.267490527184652
7993 0 0.01 inf 6.70368743848824 0.044974771651101114 9.241505764518577
7994 0 0.01 inf 6.738905661626506 0.050783194811443014 9.292823219554421
7995 0 0.01 147450.69041117452 6.7068924324482175 0.049415318348466276 9.193949936601888
7996 0 0.01 inf 6.625300756351524 0.04547213880984043 9.34518458514724
7997 0 0.01 inf 6.651941523064262 0.052916273298664246 8.965280735574963
7998 0 0.01 1449214160.6595364 6.550342382118248 0.04939073854509081 9.168285981709914
7999 0 0.01 1282213436.5910897 6.570301616759733 0.048821624597557386 9.132431230273982
8000 0 0.01 inf 6.8254200200412045 0.06287131315400901 9.137110662674134
8001 0 0.01 inf 6.637531876123089 0.05416546984847773 9.222934342551138
8002 0 0.01 150594.61203667024 6.812837262762742 0.046806260330335116 9.113968430331955
8003 0 0.01 inf 6.851892414573145 0.050178774035533336 9.116016154721153
8004 0 0.01 inf 6.638898885420932 0.04467706303699144 9.37193150370327
8005 0 0.01 inf 6.734149509686237 0.05179749626793966 9.03507716575179
8006 0 0.01 inf 6.677443592126209 0.058740805603344604 9.115166879397941
8007 0 0.01 149915.31291044608 6.70865232937094 0.04408502855397384 9.100210542708757
8008 0 0.01 inf 6.677172035568187 0.05622386586791301 9.1974442888159
8009 0 0.01 151087.77815384875 6.867131613216313 0.043167703468841606 9.191286953516729
8010 0 0.01 inf 6.816298898070687 0.054743468724067 8.904699145205473
8011 0 0.01 150842.9864185443 6.705001976523559 0.04645783941847965 8.996473315854258
8012 0 0.01 inf 6.66901643632368 0.045568735522970714 9.22949789744846
8013 0 0.01 inf 6.727673092817385 0.050076482250571666 9.081425882030635
8014 0 0.01 150231.2792423957 6.745980383894257 0.047343000602180434 9.061255549208322
8015 0 0.01 inf 6.597618020214791 0.04790667713208783 9.21360223377372
8016 0 0.01 481267346.8360917 6.655030904767734 0.048250580358130936 9.087197693084551
8017 0 0.01 270477502.0067335 6.674830934215925 0.049615887909948087 9.067907177508026
8018 0 0.01 inf 6.7617479368181375 0.05820171623832 9.36782570113833
8019 0 0.01 inf 6.63304903590805 0.05026015055903403 9.153939615651637
8020 0 0.01 150775.39195321169 6.816302652229473 0.04241174178870483 9.176264178472088
8021 0 0.01 inf 6.687481395169006 0.05122136708505161 9.108393453724457
8022 0 0.01 inf 6.768853173361354 0.0512521611375318 9.21474683410233
8023 0 0.01 inf 6.620489963727239 0.05080332638893906 9.332889159026548
8024 0 0.01 inf 6.694768956135647 0.058289410587673285 9.250711339919432
8025 0 0.01 inf 6.783577683793982 0.05179299322491755 9.17857926336243
8026 0 0.01 inf 6.7960423775091146 0.04693757623136614 9.31947457335029
8027 0 0.01 inf 6.902025640451996 0.04762871560131003 9.225570561231502
8028 0 0.01 inf 6.6751983343061125 0.058524796948786616 9.171453853672665
8029 0 0.01 inf 6.617468065850008 0.046097216960116864 9.314093314130373
8030 0 0.01 inf 6.778798192582825 0.05033918460698171 9.20631339756259
8031 0 0.01 inf 6.72679587812143 0.05429910035166958 9.292668460058199
8032 0 0.01 inf 6.735820040582177 0.05276420706029003 9.251015277690943
8033 0 0.01 inf 6.786130591571701 0.05487081949768524 9.17876549999341
8034 0 0.01 inf 6.900427132231749 0.05850894463026557 9.266282667866907
8035 0 0.01 inf 6.590112579397891 0.04917171307312478 9.204119036761709
8036 0 0.01 inf 6.743749439319737 0.04806850855032256 9.313131778131853
8037 0 0.01 inf 6.744145616308509 0.04239492068436342 9.318742251133434
8038 0 0.01 inf 6.753272274996602 0.05556833852819685 9.357046850609839
8039 0 0.01 inf 6.472887366238875 0.04966007333033591 9.317782003402277
8040 0 0.01 inf 6.727511323530088 0.04979057049725438 9.403842247922642
8041 0 0.01 inf 6.685809844194674 0.05280435658773103 9.277707098104854
8042 0 0.01 inf 6.674002994699308 0.05418320469733005 9.243248773082739
8043 0 0.01 inf 6.584833369396619 0.05186153479899533 9.247648359578358
8044 0 0.01 inf 6.70446851978238 0.05302187025973345 9.193954008186834
8045 0 0.01 inf 6.813177039029732 0.05082112518089206 9.387657096114264
8046 0 0.01 35973191.51531088 6.695847059007204 0.0471429359174396 9.195464668811006
8047 0 0.01 inf 6.639102117179627 0.04939408776794666 9.205159215162608
8048 0 0.01 inf 6.816403022531995 0.05183823038669775 9.107744444496051
8049 0 0.01 2443675481.026775 6.4076416183021045 0.03565263244653098 9.055754996273793
8050 0 0.01 inf 6.729969074719549 0.0428939941919994 9.20758356061095
8051 0 0.01 inf 6.833278148941658 0.05135516054802478 9.177678331874029
8052 0 0.01 inf 6.829874883517969 0.0543601955032177 9.088813073277459
8053 0 0.01 inf 6.602476046185886 0.05627373337329096 9.214580990717431
8054 0 0.01 inf 6.783772227637339 0.04475725875473457 9.280124123117375
8055 0 0.01 inf 6.874406217343219 0.051192425218380605 9.252653764667741
8056 0 0.01 152025.21114073345 6.904406897282242 0.04542278210139302 9.145831153915864
8057 0 0.01 149308.73041197515 6.76095518051629 0.04761363755752296 9.131367426007301
8058 0 0.01 inf 6.779748929281519 0.05487695117852362 9.267511812659379
8059 0 0.01 inf 6.71753278919737 0.0483295369537086 9.240665590521038
8060 0 0.01 inf 6.847912109249402 0.05064688027451622 9.268788641662786
8061 0 0.01 inf 6.718994558405524 0.04602907636947759 9.304661477741934
8062 0 0.01 inf 6.671978694795785 0.051634449563175804 9.088169986629225
8063 0 0.01 inf 6.7564976473654745 0.05440406489440271 9.244445101392934
8064 0 0.01 inf 6.564810892238576 0.04116537418782023 9.369888754065208
8065 0 0.01 inf 6.660790496996881 0.05592479810715162 9.2358293829707
8066 0 0.01 inf 6.620932125428036 0.047072288066269646 9.370182597745082
8067 0 0.01 inf 6.743972821032254 0.05091592558254068 9.247329376773035
8068 0 0.01 inf 6.850558612992635 0.05164616530898294 9.228718936280561
8069 0 0.01 inf 6.937367819305086 0.05187779031309817 9.137169075352325
8070 0 0.01 567987932.0833338 6.646615356551976 0.049814710075452275 9.150497978029632
8071 0 0.01 inf 6.575581137253463 0.052992980883974396 9.260751479848027
8072 0 0.01 808558002.1915078 6.622378808938031 0.04533210215729504 9.155424170226492
8073 0 0.01 inf 6.821828774701011 0.053978718219834985 9.110258646181583
8074 0 0.01 148485.12455680475 6.7757059974205776 0.049466094165061834 9.174356989170548
8075 0 0.01 inf 6.54315631147371 0.051350350892766135 9.10442843083835
8076 0 0.01 inf 6.584019318578207 0.04643328963064642 9.410006278168042
8077 0 0.01 inf 6.5551931348114305 0.05495368068940817 9.004577190269073
8078 0 0.01 inf 6.95321136008422 0.054768027458486156 9.286998506207285
8079 0 0.01 inf 6.856199948884358 0.04542254658915037 9.212784354733078
8080 0 0.01 inf 6.7330251501430505 0.04689565274804943 9.234351932882685
8081 0 0.01 inf 6.823021964893141 0.047588005505687085 9.2072309490857
8082 0 0.01 inf 6.555628956566129 0.053338304785811495 9.083328942362026
8083 0 0.01 inf 6.666772283290284 0.04270533231680909 9.241050694170504
8084 0 0.01 inf 6.697574121628371 0.05551711351777536 8.997546629430262
8085 0 0.01 inf 6.561348743545975 0.04416333641672092 9.275004307580677
8086 0 0.01 inf 6.766759430427681 0.045874559189187765 9.35176695061068
8087 0 0.01 inf 6.810960226973782 0.05532857476380991 9.20522713180219
8088 0 0.01 743165238.8024744 6.629101846419071 0.04654728211728671 9.190970987131811
8089 0 0.01 150415.58463081767 6.801979635888065 0.04610270703082805 9.123234432693646
8090 0 0.01 inf 6.709137894641382 0.05741618046168485 9.093724107769452
8091 0 0.01 1123004750.6204293 6.588511977662144 0.0408378034294695 9.18006631460114
8092 0 0.01 inf 6.5782608971133225 0.04179459359479821 9.379629823506166
8093 0 0.01 inf 6.697050920177782 0.05157038130891412 9.11322539015437
8094 0 0.01 inf 6.719363362420273 0.04892007068320418 9.243307477036236
8095 0 0.01 inf 6.756928218136382 0.05280699644166552 9.055265766387445
8096 0 0.01 inf 6.70423241393806 0.056013142104535556 9.091300647931199
8097 0 0.01 inf 6.643299207036139 0.04359869177549013 9.214154692856447
8098 0 0.01 inf 6.595766907504873 0.0518035451944495 9.139800215275802
8099 0 0.01 inf 6.749856717962907 0.04758775232374143 9.402096279148187
8100 0 0.01 inf 6.740084839368238 0.049710197220913695 9.332752796699308
8101 0 0.01 inf 6.790811509882944 0.04279752810439255 9.295983664032514
8102 0 0.01 inf 6.626793700495223 0.03905868941162767 9.230031083442281
8103 0 0.01 inf 6.680648288031193 0.051211642698538375 9.04494899628552
8104 0 0.01 inf 6.643161074436408 0.054537148444789366 9.21085114564571
8105 0 0.01 inf 6.9177619300191635 0.048060762524480764 9.2161744320789
8106 0 0.01 inf 6.750100945638606 0.05705547106321423 9.151234052413395
8107 0 0.01 inf 6.675926360820816 0.050779919285041775 9.310323439420836
8108 0 0.01 inf 6.575753045018758 0.051935181425556996 9.30639923156766
8109 0 0.01 inf 6.709686292772287 0.05093272077060383 9.096742718111829
8110 0 0.01 inf 6.698437403629973 0.046375653610539365 9.330923474006381
8111 0 0.01 inf 6.6657486471989 0.049956537367048325 9.229800524304961
8112 0 0.01 inf 6.874764791322674 0.047454174983364614 9.324806448273684
8113 0 0.01 1106051216.8674877 6.590406916947431 0.03974202276711323 9.177300835446683
8114 0 0.01 inf 6.657529872182395 0.052840221617666064 9.095128689231093
8115 0 0.01 301691205.85126096 6.671955166145101 0.049039610829457556 9.192039495033287
8116 0 0.01 inf 6.621234200583411 0.045474802421576775 9.200212527670002
8117 0 0.01 inf 6.565848129088922 0.048044347288967185 9.204557320367519
8118 0 0.01 inf 6.766715848146669 0.05249642693790278 9.163351635732075
8119 0 0.01 inf 6.689701234703077 0.05620272148419061 9.27455244867799
8120 0 0.01 inf 6.831616113035494 0.0500306574974876 9.167452460658701
8121 0 0.01 272414227.8892011 6.674653068532218 0.04497347560531824 9.164310129125365
8122 0 0.01 1533173820.3329284 6.53995067315408 0.041766266679892916 9.193137646407123
8123 0 0.01 627586378.1070508 6.640735967564126 0.04452746461504071 9.183582595055668
8124 0 0.01 inf 6.763020322701818 0.04213274991512196 9.255581015605312
8125 0 0.01 inf 6.5940518464562015 0.05322551197136247 9.010325218853414
8126 0 0.01 inf 6.806034721286122 0.052435781562623775 9.185894618017123
8127 0 0.01 inf 6.527126500818318 0.05517785804747228 9.345933711954368
8128 0 0.01 inf 6.834972108325357 0.05114246329162493 9.082471451198709
8129 0 0.01 inf 6.66077578664735 0.05774984523122925 9.022155756524546
8130 0 0.01 inf 6.7146183165128415 0.050216033741741266 9.083389274995158
8131 0 0.01 inf 6.6980024934208435 0.05224768405374397 9.23313397806619
8132 0 0.01 inf 6.979099701517357 0.045726267445417815 9.244896746564297
8133 0 0.01 109997477.33699436 6.689322322719236 0.045443271730515884 9.120841168808541
8134 0 0.01 561939305.6970315 6.647207694495172 0.04736916368428987 9.159266322291593
8135 0 0.01 148105.4849540902 6.734132830406229 0.04821262078578714 9.18803069616326
8136 0 0.01 inf 6.747989667548462 0.04531548724384638 9.268313652258952
8137 0 0.01 inf 6.65982962674486 0.05482143912832918 9.204523593005892
8138 0 0.01 inf 6.834273318880053 0.052818781620994654 9.20483715873456
8139 0 0.01 inf 6.67275463211581 0.04171217621057658 9.414231558710993
8140 0 0.01 inf 6.776299765532556 0.04466299877948785 9.213466273108976
8141 0 0.01 711548877.9772832 6.632315420622062 0.04748010669090082 9.147064326236668
8142 0 0.01 inf 6.5839738240493535 0.05087603769345808 9.147528559529997
8143 0 0.01 inf 6.740652485342988 0.04752435155484961 9.386982997604164
8144 0 0.01 inf 6.724726040788885 0.050053738980538595 9.240110449219074
8145 0 0.01 inf 6.552393533759178 0.04481610287986497 9.312587141066102
8146 0 0.01 150041.7954906231 6.771706895717036 0.046585021095884964 9.109333254811277
8147 0 0.01 1387698330.283955 6.557801658217464 0.0483873594042384 9.156711277269054
8148 0 0.01 inf 6.738130592334255 0.04548586959598712 9.248547567399141
8149 0 0.01 129297202.6821001 6.687605035740424 0.038935959531546126 9.197966135333141
8150 0 0.01 inf 6.648998327052782 0.054239648644092094 9.37228277084319
8151 0 0.01 inf 6.865222644926206 0.042003603352884396 9.277585006011698
8152 0 0.01 inf 6.628750995044978 0.056571513348875176 9.098467442816977
8153 0 0.01 inf 6.996649987080445 0.043523877774822826 9.22506876474314
8154 0 0.01 inf 6.854095463701198 0.04042782270747977 9.347431199785165
8155 0 0.01 inf 6.759233325153657 0.054127507575114 9.115310325059149
8156 0 0.01 inf 6.660394700231855 0.051047062102429284 9.036575422013389
8157 0 0.01 152145.53074788148 6.872971343325315 0.04509196888291587 9.11190199810758
8158 0 0.01 149277.46544925674 6.704773802093344 0.043923375281685155 9.156528586435337
8159 0 0.01 inf 6.570928809198187 0.04727088284839481 9.281046463694961
8160 0 0.01 inf 6.526642270835484 0.05384789076778404 9.177092869168959
8161 0 0.01 152626.0615247462 6.825720743559794 0.045251731195875 9.040582506193223
8162 0 0.01 inf 6.666215039594352 0.04523986375739636 9.323897839748183
8163 0 0.01 inf 6.846930039323282 0.048180041762889925 9.210122037128237
8164 0 0.01 inf 6.736084361946906 0.04953541872775775 9.257231982428483
8165 0 0.01 inf 6.860162595582384 0.05642525465033796 9.11365268053072
8166 0 0.01 inf 6.806997053316652 0.03500841976949341 9.270657150451719
8167 0 0.01 inf 6.6881438163548514 0.055088273261251056 9.110421746251856
8168 0 0.01 inf 6.6503807881999135 0.05514189884089883 9.178314949606627
8169 0 0.01 inf 6.775951847564694 0.050073677846157405 9.34564061427683
8170 0 0.01 inf 6.828147715580467 0.054923957513640244 8.989241237036133
8171 0 0.01 149168.23644634205 6.707091150392529 0.04301123160654826 9.198294522204089
8172 0 0.01 inf 6.714660782152548 0.04375931586126909 9.279889267009047
8173 0 0.01 147805.59448261643 6.705707507398005 0.04902285613808814 9.168476283358357
8174 0 0.01 inf 6.699735133173578 0.04474830373225306 9.317298825491196
8175 0 0.01 149171.0847345148 6.811122028674673 0.04993776966920611 9.156628411378222
8176 0 0.01 2061686587.9227836 6.468119988937504 0.04248023831106018 9.196299270308348
8177 0 0.01 802258169.1035961 6.623031094411941 0.04980938133085299 9.010888298699381
8178 0 0.01 inf 6.787788144689305 0.044989937321959265 9.41614732430311
8179 0 0.01 150027.6103902327 6.809735033379645 0.047645957962780434 9.133123474392649
8180 0 0.01 inf 6.605912328018228 0.046093165675853816 9.296193791555506
8181 0 0.01 680984751.7393608 6.6353995712808835 0.04720040179201173 9.178054836356871
8182 0 0.01 inf 6.59515572210512 0.05041891793243745 9.28636942929782
8183 0 0.01 inf 6.623597421389247 0.05117988202651992 9.235007803014701
8184 0 0.01 inf 6.470127934836503 0.05671057020947964 8.933193806458474
8185 0 0.01 inf 6.701997520774116 0.04859002062932704 9.242407602263352
8186 0 0.01 151123.5160421881 6.8023867720464795 0.04148477235898699 9.15531736528574
8187 0 0.01 inf 6.479337017432946 0.05409639297760842 9.160320228253148
8188 0 0.01 inf 6.81273050592278 0.054036719038112205 9.437227628835625
8189 0 0.01 inf 6.7669778081564935 0.05568256571392013 9.166647267073294
8190 0 0.01 inf 6.6609104659769525 0.05235919245736952 9.145619339270379
8191 0 0.01 inf 6.777884303254332 0.05152925158225207 9.22642795896004
8192 0 0.01 inf 6.638304558349482 0.0545118831789151 9.105294343214789
8193 0 0.01 150163.2582825588 6.798940713159433 0.04309512882458823 9.19229474411522
8194 0 0.01 inf 6.804981154313547 0.06092228196046881 9.286092018057545
8195 0 0.01 inf 6.756700842378295 0.040346732522015025 9.20117635745759
8196 0 0.01 58086608.37537862 6.693908184732952 0.047461290206130574 9.125045488803051
8197 0 0.01 inf 6.916491530716854 0.05289512927037528 9.139747249007558
8198 0 0.01 456469060.6260383 6.657407676076086 0.04518151472845482 9.161628499548783
8199 0 0.01 inf 6.677925621718659 0.04686825532022204 9.328221873502923
8200 0 0.01 inf 6.803110004102867 0.05644648232915446 9.192060026331049
8201 0 0.01 150146.82711678976 6.730856763945223 0.04402609955461678 9.105627867995832
8202 0 0.01 471292981.17916226 6.655988444644368 0.04712543391480499 9.119609281089328
8203 0 0.01 inf 6.723910745479862 0.04995846761449516 9.448347055383756
8204 0 0.01 inf 6.598373632688998 0.04552723649879083 9.243342132769502
8205 0 0.01 197572792.71111488 6.681474203151773 0.04705367472573196 9.143288652425074
8206 0 0.01 inf 6.717320781646092 0.05448025575811643 9.106706937358764
8207 0 0.01 inf 6.514283598448138 0.05218185618952175 9.123414463321547
8208 0 0.01 inf 6.7426078775739136 0.054680619062528496 9.151180653779653
8209 0 0.01 inf 6.791397774594246 0.047849997842482735 9.222332272702054
8210 0 0.01 inf 6.73480489473852 0.05678969104152389 9.126449259239639
8211 0 0.01 151870.36859633247 6.913219035996193 0.049135085831420865 9.129900367426998
8212 0 0.01 inf 6.793413399466778 0.045077587325030775 9.277871419307617
8213 0 0.01 150176.34340438416 6.819078303030021 0.04456491659776916 9.181323954319511
8214 0 0.01 inf 6.777192182002143 0.04858251402181739 9.288938157649357
8215 0 0.01 1212296223.4616365 6.578392900800639 0.048085348918897264 9.113987633652068
8216 0 0.01 inf 6.722713102361134 0.05349469790354402 9.170423063872974
8217 0 0.01 inf 6.709315654867982 0.038297695087947024 9.246785391302371
8218 0 0.01 inf 6.570801342779563 0.05350618886991513 9.222659134920086
8219 0 0.01 inf 6.739781377930888 0.05255967332507296 9.210002546656733
8220 0 0.01 inf 6.576373888457501 0.058275639458818015 9.249651986324212
8221 0 0.01 inf 6.472968142757328 0.05185387011212491 9.335220114847658
8222 0 0.01 inf 6.691392712914365 0.048318268991304064 9.261268658737349
8223 0 0.01 inf 6.735228625033854 0.05142252712678311 9.16997468731513
8224 0 0.01 149959.48697659193 6.7164208513559025 0.04582206437468632 9.071745648520746
8225 0 0.01 694755507.6689852 6.634012741204211 0.04973907827046922 9.071712111176884
8226 0 0.01 inf 6.8177978097759855 0.05060803303531282 9.20589667981022
8227 0 0.01 997271282.1899476 6.602372207058852 0.04453010781829155 9.198144076303752
8228 0 0.01 inf 6.74263325279736 0.047700087675007295 9.306712936106242
8229 0 0.01 inf 6.804646503844658 0.06137249459749643 8.984179227464193
8230 0 0.01 inf 6.756177169677587 0.05091943428180897 9.066474723643768
8231 0 0.01 inf 6.677568484616372 0.048137819767238854 9.23252136734201
8232 0 0.01 inf 6.667231454718105 0.05453166983394939 9.19114144565649
8233 0 0.01 inf 6.743845037159913 0.044868727838278964 9.381936226525466
8234 0 0.01 237733833.34428805 6.677827220124478 0.04680584404767809 9.11567386346212
8235 0 0.01 149915.26788130376 6.755942038223025 0.04427941431349359 9.143390236164722
8236 0 0.01 inf 6.635557085166395 0.05066817865448026 9.197885427966193
8237 0 0.01 inf 6.749419597362719 0.04759949414586158 9.272593105512835
8238 0 0.01 inf 6.7008149605514795 0.04816377711581085 9.212619177476201
8239 0 0.01 inf 6.735546651569826 0.04932127904241773 9.293105498523389
8240 0 0.01 inf 6.664412198625674 0.053563872512738496 9.288259995072162
8241 0 0.01 1130219327.13208 6.5877030571988335 0.042580091893161934 9.135275939174191
8242 0 0.01 inf 6.729660058259537 0.051655824607409535 9.103818667220875
8243 0 0.01 inf 6.776954955708787 0.04665145074866811 9.306957625237185
8244 0 0.01 150432.25205123867 6.7572336318111645 0.045905115477672426 9.080333230802298
8245 0 0.01 inf 6.709611209890783 0.052377474768434136 9.188988899279003
8246 0 0.01 353134911.8468134 6.6671740688214065 0.0423058840933665 9.108473184806778
8247 0 0.01 inf 6.652800699256681 0.051248299562014536 9.267332359688446
8248 0 0.01 inf 6.790231477180279 0.05340632567576128 9.163780228215604
8249 0 0.01 inf 6.497302137549977 0.04873128960018909 9.21719836574247
8250 0 0.01 inf 6.8171200075161345 0.050649218022839324 9.22514422170212
8251 0 0.01 inf 6.726573486781101 0.05502228660534138 9.219557434047628
8252 0 0.01 inf 6.729756413270351 0.044181751729362895 9.232612940015848
8253 0 0.01 inf 6.7343334838589355 0.061586403238259424 9.293074902607325
8254 0 0.01 inf 6.708749755382932 0.05361085613960327 9.237105151550782
8255 0 0.01 inf 6.653240454994064 0.05136227948025867 9.224095859967676
8256 0 0.01 inf 6.700805982088068 0.05206945733609182 9.220064458741316
8257 0 0.01 inf 6.693371370646542 0.04586863108954643 9.287013712538819
8258 0 0.01 58808259.3767157 6.693844859665213 0.044036517169355985 9.108667980149404
8259 0 0.01 inf 6.793492553213152 0.046886710352885524 9.28094621833926
8260 0 0.01 inf 6.532790490603172 0.05133038866387924 9.28092382974105
8261 0 0.01 564317975.7937039 6.646975020080476 0.04822404847925741 9.010608931668003
8262 0 0.01 inf 6.714534953445213 0.05414496359772462 9.419255334185438
8263 0 0.01 inf 6.684338669636889 0.05295256664801752 9.313799155400009
8264 0 0.01 inf 6.618320993104023 0.05157673395986505 9.233777771557595
8265 0 0.01 inf 6.780621568789032 0.05024321988348751 9.186571865358504
8266 0 0.01 inf 6.652348873464536 0.05035043573347381 9.161875764500566
8267 0 0.01 inf 6.645098639428882 0.05335461549932814 9.107461222637275
8268 0 0.01 inf 6.686536158732092 0.04448593524167182 9.210442806347235
8269 0 0.01 954903173.540478 6.606944859488583 0.04434748228833563 9.136230461915652
8270 0 0.01 150065.01194072986 6.730750840377162 0.04967624644990669 9.027970328499187
8271 0 0.01 inf 6.69087430116673 0.050173863753709975 9.161839816618237
8272 0 0.01 150599.51196663178 6.834792224099532 0.04771861770116274 9.124640885826128
8273 0 0.01 974383767.2153747 6.604848410524174 0.04368542542832306 9.129981418148946
8274 0 0.01 inf 6.794956379001659 0.055267055785082 9.411452371932185
8275 0 0.01 inf 6.643598629411864 0.04791628458408154 9.255663789400096
8276 0 0.01 inf 6.651827463731322 0.05166548883493592 8.995238786040195
8277 0 0.01 inf 6.610075653641969 0.05808527518034877 9.194416675073443
8278 0 0.01 inf 6.769546249046267 0.04947957701049101 9.44349187237329
8279 0 0.01 inf 6.652463200018424 0.04956459564429283 9.256554565483384
8280 0 0.01 inf 6.842079345414039 0.04206635837917741 9.302580434050856
8281 0 0.01 inf 6.71081929516476 0.04512121225141005 9.345223614189113
8282 0 0.01 150074.25675022 6.765271755991456 0.04629143809338736 9.105294676775847
8283 0 0.01 inf 6.856642266655932 0.05254713449292092 9.111628535765547
8284 0 0.01 inf 6.6809154810223195 0.05474244901463812 9.412941985000723
8285 0 0.01 inf 6.7636946020323405 0.044803436415147155 9.296036478360914
8286 0 0.01 inf 6.644067468203916 0.05663605656624111 9.104209257664664
8287 0 0.01 inf 6.677778723219062 0.04305036733886504 9.213884879778279
8288 0 0.01 inf 6.656431353027354 0.04951963058125467 9.23681117462684
8289 0 0.01 inf 6.783818409135611 0.04123101903338951 9.292920712799612
8290 0 0.01 inf 6.70125788930953 0.04176618673444705 9.284634985256373
8291 0 0.01 1038047458.6304849 6.597925512818054 0.046049718015006166 9.100132714232371
8292 0 0.01 inf 6.627150656558583 0.0505487801099912 9.041387497985221
8293 0 0.01 149496.66788724292 6.745042919662707 0.047395485994130904 9.106057159164454
8294 0 0.01 inf 6.657612595409669 0.06036369099383193 9.164566831196948
8295 0 0.01 inf 6.726263165156184 0.05237260541823636 9.115665251713898
8296 0 0.01 inf 6.700172694687005 0.051427521669455405 9.114387926375777
8297 0 0.01 inf 6.523949869132989 0.054813563764705295 9.1487277754565
8298 0 0.01 inf 6.7767960339633815 0.05328874524103962 9.290933200084792
8299 0 0.01 inf 6.789853947246996 0.05421250967416027 9.255357398971992
8300 0 0.01 inf 6.694919480646296 0.04691767018692093 9.206113078863
8301 0 0.01 149201.32045551942 6.74581569518445 0.045837899254910795 9.157624731613081
8302 0 0.01 993181805.7267367 6.602815620467683 0.04807391581755 9.12461010435162
8303 0 0.01 inf 6.665341998588054 0.0533855994144341 9.401764156864521
8304 0 0.01 149953.2370672379 6.6994844093680275 0.04057263537429467 9.188550073268907
8305 0 0.01 inf 6.772601401049101 0.053542909626282977 9.192479012968398
8306 0 0.01 inf 6.693058971698042 0.0514756263279972 9.328874655785702
8307 0 0.01 inf 6.550995996137705 0.05112122615169073 9.29022006826694
8308 0 0.01 inf 6.581471495919926 0.04616926387448686 9.229686426764488
8309 0 0.01 inf 6.556920844535689 0.0421346663380647 9.22538096013351
8310 0 0.01 inf 6.822941884728516 0.04065028099095211 9.290397141529434
8311 0 0.01 inf 6.836823653637057 0.049205101379175185 9.313191048392484
8312 0 0.01 inf 6.847671864611467 0.05331773627791882 9.266804920637625
8313 0 0.01 478167270.78738415 6.655328919675616 0.043728886670923436 9.031138751721594
8314 0 0.01 1854749949.6619182 6.497675381782572 0.04989758326913936 9.103115536659118
8315 0 0.01 151098.55650277023 6.701892759712545 0.03781672789739743 9.16549683657782
8316 0 0.01 149406.28924008476 6.734578044876871 0.04431137171555188 9.164144911154239
8317 0 0.01 148090.7059104706 6.710682201242982 0.04921104305455858 9.144760311267735
8318 0 0.01 725270637.4203479 6.630923590344819 0.04751695312620978 9.189442132050354
8319 0 0.01 inf 6.597252718076853 0.051880003063167764 9.115458733463775
8320 0 0.01 148788.87072705472 6.757086352107835 0.04643888167445509 9.190572673224253
8321 0 0.01 inf 6.730085913223549 0.03620394155447239 9.323988558433163
8322 0 0.01 636720164.349219 6.639827844534877 0.046885035997258774 9.091469193579302
8323 0 0.01 inf 6.695903383129777 0.05356248252926348 9.331901667155227
8324 0 0.01 inf 6.944784047555166 0.04199559892307179 9.21413868044817
8325 0 0.01 inf 6.622893857584507 0.05169505552351789 9.252166218453691
8326 0 0.01 inf 6.762182043610251 0.05133887386591923 9.233845585463886
8327 0 0.01 inf 6.721217952895063 0.05809935943629197 9.380156225293415
8328 0 0.01 inf 6.814534574737601 0.051229421226930194 9.218499790799148
8329 0 0.01 inf 6.763276460400501 0.049662137896684784 9.277916246813483
8330 0 0.01 inf 6.886655988630606 0.05037325999510304 9.3026626043292
8331 0 0.01 inf 6.884758846994023 0.0568236935911341 9.50529948381302
8332 0 0.01 inf 6.790668791429486 0.06070273162476607 8.990514739422089
8333 0 0.01 inf 6.802302400553889 0.051259619987444945 9.11542698085329
8334 0 0.01 inf 6.849784099782682 0.059073981929807534 9.11901883605862
8335 0 0.01 inf 6.86057230248729 0.05097812297730918 9.200899728288224
8336 0 0.01 inf 6.694067939063996 0.04870731581636101 9.346711500981773
8337 0 0.01 inf 6.738939248968261 0.053455368522545586 9.186274323654962
8338 0 0.01 inf 6.5790882006052245 0.05652311938789252 9.233900230686892
8339 0 0.01 inf 6.62049129574627 0.053712430487404046 9.346004261503948
8340 0 0.01 151709.11057349743 6.8150466095975455 0.042538744973990586 9.109835270152603
8341 0 0.01 1255086389.800119 6.573458909145778 0.04581375276629684 9.174655182289422
8342 0 0.01 inf 6.685561323219185 0.04284083872137299 9.494356751254557
8343 0 0.01 296062908.98353916 6.6724752506940455 0.047862354898382725 9.069334574100457
8344 0 0.01 inf 6.510415795839819 0.05503499692284177 9.040626334433862
8345 0 0.01 152432.54016669872 6.936692472470164 0.048275690911815564 9.136188183490233
8346 0 0.01 12509985.930793524 6.697894937794865 0.04899029870583194 9.132965504619257
8347 0 0.01 inf 6.734548513437361 0.046004168031840806 9.379589015402146
8348 0 0.01 149502.5643285246 6.752189735230357 0.04935937272600878 9.084934130071902
8349 0 0.01 564754325.142658 6.646932341480944 0.04117890373947282 9.14012371775804
8350 0 0.01 inf 6.852297316854108 0.044722853290726575 9.281647388891406
8351 0 0.01 inf 6.654531921647822 0.054453788054216606 9.168353545573332
8352 0 0.01 149733.62584736725 6.818069116355546 0.046664453443044054 9.17479175233105
8353 0 0.01 inf 6.758399312925491 0.04850977818757758 9.278076642181885
8354 0 0.01 150711.12720146065 6.714758874708544 0.04680374340453618 9.009323822354666
8355 0 0.01 inf 6.642851121944174 0.049678612281144396 9.371437901269662
8356 0 0.01 151383.56714433667 6.863422008000612 0.042240583871748595 9.183753235198129
8357 0 0.01 150394.20622118775 6.863191774625287 0.04844529626266863 9.155990840366066
8358 0 0.01 1423101158.134075 6.553524715792003 0.0451291319632862 9.026046492959484
8359 0 0.01 151315.152582908 6.7150925286547025 0.040129337641203425 9.083369576051359
8360 0 0.01 1154088229.088307 6.585016141841538 0.0468272867486411 8.99290837883687
8361 0 0.01 inf 6.814759416312075 0.05009817934565065 9.29785826219547
8362 0 0.01 inf 6.880884601589243 0.05370971305247331 9.163004576373739
8363 0 0.01 inf 6.691332705877204 0.05057210227276722 9.147441504779794
8364 0 0.01 149482.21863310752 6.759167401909886 0.043973550892810784 9.19035813877408
8365 0 0.01 inf 6.914642902919704 0.05472880692635617 9.248156977364822
8366 0 0.01 150112.67385543103 6.705581236242403 0.04479337213691206 9.0682046545091
8367 0 0.01 inf 6.807535541666485 0.043638797357528916 9.286620975123942
8368 0 0.01 inf 6.664114814592073 0.053389139219556556 9.258234442569806
8369 0 0.01 152078.21352842922 6.83653749870077 0.04056502372108954 9.14006225865049
8370 0 0.01 inf 6.708285583980079 0.05350280515915154 9.15246484117004
8371 0 0.01 inf 6.755236822728975 0.04446709167270796 9.28344370320755
8372 0 0.01 149325.21341228895 6.776844730613852 0.046347222243445674 9.168586459743851
8373 0 0.01 150269.3445745733 6.704044035338417 0.04622159025217811 9.032662152105228
8374 0 0.01 inf 6.725416539916915 0.05543826753056642 9.176635910212578
8375 0 0.01 inf 6.672292828141435 0.05110182609010589 9.277291634697244
8376 0 0.01 175419249.16350392 6.683472911405324 0.04893434502446664 9.122027629294129
8377 0 0.01 inf 6.6682346430668185 0.05716770033769597 9.308017309946905
8378 0 0.01 202755967.43354842 6.681005665284746 0.03478498905968916 9.052128999769629
8379 0 0.01 691721199.8283267 6.6343186197718005 0.04876223899685061 9.187262702215476
8380 0 0.01 inf 6.710770705074146 0.04645126693931164 9.207105489605866
8381 0 0.01 inf 6.509199784535236 0.0468892534190268 9.407249416541017
8382 0 0.01 inf 6.666801431894059 0.04417713990469844 9.314764237225573
8383 0 0.01 inf 6.719240886066882 0.05110642717533666 9.161864847045958
8384 0 0.01 inf 6.750273745126705 0.05107744720134839 9.301154720343009
8385 0 0.01 inf 6.694509302435228 0.0511015308696163 9.293460456987416
8386 0 0.01 inf 6.746963188188667 0.04946002461188714 9.306510540961067
8387 0 0.01 inf 6.409830628718702 0.05437608646116007 9.05826920598931
8388 0 0.01 inf 6.764550735930985 0.03937171621872647 9.345202644149085
8389 0 0.01 inf 6.648785769545889 0.0514343545995053 9.333801742679052
8390 0 0.01 inf 6.779887981808142 0.05437085968015436 9.26437503734587
8391 0 0.01 149311.2284663638 6.785167160095892 0.04892870692353117 9.135496701141115
8392 0 0.01 1322432674.2826564 6.565577979901218 0.047529096214031515 9.182933462971379
8393 0 0.01 149577.87854928564 6.729563906778191 0.04483016412706245 9.132292603612353
8394 0 0.01 inf 6.867556801064302 0.05613369397141625 9.238585997400428
8395 0 0.01 inf 6.725067455249145 0.0504724265840966 9.141812727928363
8396 0 0.01 inf 6.63648020884095 0.044951601452154655 9.236033716330809
8397 0 0.01 inf 6.746169732602114 0.046654539588953284 9.213235086134624
8398 0 0.01 inf 6.696780372018402 0.04869961297568565 9.253714792474797
8399 0 0.01 inf 6.7260660826719265 0.050552024636399115 9.128736391366312
8400 0 0.01 inf 6.664585981858301 0.04120243484156798 9.329116770417814
8401 0 0.01 inf 6.803044916120962 0.0602222143805908 9.103219307926931
8402 0 0.01 inf 6.69879019154146 0.05393111402031214 9.465890166256926
8403 0 0.01 inf 6.616152674924518 0.05068122924166053 9.199362723838282
8404 0 0.01 357456859.2943134 6.666769750506903 0.04771091490295122 9.190162209568983
8405 0 0.01 839077660.7654799 6.619205165017191 0.04583753915585874 9.045217485184782
8406 0 0.01 1771715390.583091 6.508991532963891 0.04876409294519718 9.123736536992359
8407 0 0.01 inf 6.6231887191037195 0.043311410516865 9.32263558414557
8408 0 0.01 150638.06765758502 6.825528541069262 0.04732060472277355 9.117899780489761
8409 0 0.01 inf 6.697156866125629 0.04314191826433251 9.279793025160396
8410 0 0.01 inf 6.636757989621718 0.04774390066139539 9.215438100614296
8411 0 0.01 inf 6.552555930277275 0.053997632703509116 9.317574952528782
8412 0 0.01 inf 6.593799932285811 0.05504456948637694 9.112164194820007
8413 0 0.01 inf 6.718770696988293 0.05432963018883914 9.318471677919883
8414 0 0.01 inf 6.846142085892601 0.04746323562944419 9.250624817627283
8415 0 0.01 inf 6.809909064344487 0.04881203980128568 9.217494937673568
8416 0 0.01 inf 6.685904878890955 0.05104339465873209 9.255895327556145
8417 0 0.01 587495394.898584 6.644699807316632 0.04339475970322505 9.178462256086144
8418 0 0.01 inf 6.743963196105087 0.05425284512926576 9.1481724451345
8419 0 0.01 inf 6.5447448806672845 0.053418886171848715 9.23654507404245
8420 0 0.01 1500750443.5371745 6.543993177181194 0.04990450953606253 9.050273303257265
8421 0 0.01 inf 6.632975428583917 0.045971959449407 9.45915816280006
8422 0 0.01 inf 6.613901248155012 0.05462540535463427 9.297807126680418
8423 0 0.01 inf 6.748686316768571 0.04686657832528075 9.355356056277685
8424 0 0.01 inf 6.690856600761944 0.04636644811008575 9.38752418870376
8425 0 0.01 inf 6.765562048289112 0.04282789087289397 9.261282385193258
8426 0 0.01 inf 6.707532327145688 0.05159797651170665 9.267897413012646
8427 0 0.01 148837.09380562158 6.756411571422202 0.046111427987692924 9.193215984411863
8428 0 0.01 inf 6.736643410853935 0.04851189478535981 9.336790168169419
8429 0 0.01 147701.33848405466 6.718537441993429 0.04895977632371816 9.19243554651072
8430 0 0.01 148399.2740932463 6.740743320632895 0.047700431055040834 9.180040580031863
8431 0 0.01 151717.035920816 6.831606051269436 0.04127646055592072 9.146512890361336
8432 0 0.01 inf 6.729565821158233 0.05155117941636566 9.203633150435795
8433 0 0.01 inf 6.704971174382887 0.05621932221554128 9.20100884841222
8434 0 0.01 inf 6.463118980261134 0.053302896456754345 9.198828415793972
8435 0 0.01 inf 6.622978031794655 0.05168587801737387 9.307286858690288
8436 0 0.01 135480042.45789003 6.6870533637569896 0.04435991073893177 9.081394375516876
8437 0 0.01 inf 6.798945474052377 0.055196956639706286 9.20825322680045
8438 0 0.01 inf 6.672895477696954 0.04298593356315747 9.230012795687841
8439 0 0.01 150614.45793554327 6.792356922697772 0.04906749751336513 9.067233935007177
8440 0 0.01 423115304.79006106 6.660584307463638 0.04216432110008037 9.00278298992058
8441 0 0.01 inf 6.802369473702809 0.04380410946968448 9.311568450610238
8442 0 0.01 1992314147.4839897 6.478253772412767 0.0445543545906656 9.149923166349483
8443 0 0.01 1230286795.9917529 6.576325255057247 0.04753794435576393 9.1657633788083
8444 0 0.01 inf 6.748346995078439 0.05061232814907823 9.124122475052252
8445 0 0.01 420562981.58000565 6.660826227519619 0.045040807227197284 9.102613910020475
8446 0 0.01 inf 6.8305520477342725 0.04650475914736849 9.200874312805391
8447 0 0.01 inf 6.735424683426337 0.05591114857452229 9.100490860589701
8448 0 0.01 inf 6.630079574350184 0.050580697543634354 9.436855188142845
8449 0 0.01 149445.24427127233 6.749712373521308 0.046420460721296755 9.131118315329063
8450 0 0.01 inf 6.619010792372199 0.0540946899072693 9.047930354008662
8451 0 0.01 149682.94711693717 6.751717596930487 0.04513304433792963 9.139776934996247
8452 0 0.01 inf 6.755522623195254 0.04852593384432699 9.298453823207304
8453 0 0.01 inf 6.747583591691687 0.055363277139755765 8.98744018351568
8454 0 0.01 inf 6.711813755353019 0.04785490645805221 9.330011788121439
8455 0 0.01 inf 6.614873235251533 0.04288391949101587 9.214398188026554
8456 0 0.01 inf 6.520031460654314 0.05125407284464809 9.234609332004998
8457 0 0.01 inf 6.661889205826781 0.052575070659505986 9.127003952535581
8458 0 0.01 inf 6.781402424428634 0.05461848858987526 9.265038517538702
8459 0 0.01 149609.96993531025 6.809771880292482 0.04964694117173125 9.13265359393957
8460 0 0.01 inf 6.656153000823709 0.048689789425313434 9.32105990281239
8461 0 0.01 inf 6.749029383969986 0.05056532207529924 9.169080122855492
8462 0 0.01 inf 6.580545163617253 0.053474570296868994 9.31092740871165
8463 0 0.01 inf 6.737687794398774 0.05237092767882728 9.214756167549789
8464 0 0.01 inf 6.493057011398423 0.05575846023436581 9.328651642244088
8465 0 0.01 150079.52378918836 6.723057677808308 0.04725843910950471 9.048576826276197
8466 0 0.01 inf 6.702783680905892 0.049037548806607476 9.259399916402984
8467 0 0.01 375365238.8526125 6.665091324837385 0.04798584255096204 9.147179438679753
8468 0 0.01 inf 6.73645975528181 0.04400335897504376 9.2586378948304
8469 0 0.01 inf 6.76080854141131 0.0433404959252635 9.20886511918992
8470 0 0.01 inf 6.627485726868308 0.0512445145949964 9.252300567261189
8471 0 0.01 inf 6.692007344922802 0.05915422101845533 9.254265795018288
8472 0 0.01 inf 6.615711018321809 0.05608942856073919 9.238970373477219
8473 0 0.01 inf 6.55912019470546 0.05332312769741087 9.13532098886981
8474 0 0.01 332135043.582696 6.669131997975084 0.0499643090410466 9.147010483192144
8475 0 0.01 inf 6.651673197220055 0.04342495725408206 9.24125626617485
8476 0 0.01 inf 6.619868110263199 0.050403466069314694 9.216935769893414
8477 0 0.01 inf 6.698001187532079 0.05150669851636171 9.098932873939905
8478 0 0.01 inf 6.87794815499595 0.05450886459968034 9.413869315517298
8479 0 0.01 inf 6.68558638617773 0.04376934069273296 9.256783941363647
8480 0 0.01 1188980714.6691494 6.581057826974535 0.0496529840044281 9.188213707920378
8481 0 0.01 151419.31668175737 6.892411066521563 0.04597775735202676 9.158483033847427
8482 0 0.01 150989.33809378737 6.769671656183484 0.04696784024248582 9.047165206489332
8483 0 0.01 inf 6.595894245728639 0.043592900771837806 9.208122787927342
8484 0 0.01 152819.10482054084 6.9405108907723525 0.04516404136306973 9.147527334527387
8485 0 0.01 inf 6.814029125647128 0.056276934009006775 9.199000133637359
8486 0 0.01 148934.33254755955 6.733718766721899 0.04625439658487659 9.15880786936195
8487 0 0.01 inf 6.675520076361809 0.05002253253948875 9.385782274122969
8488 0 0.01 inf 6.814081170947644 0.05321488258358265 9.120832192939762
8489 0 0.01 inf 6.812685496960765 0.048375964344708415 9.280027551533717
8490 0 0.01 149043.9841678312 6.702791027305714 0.04606616296064017 9.122746641005827
8491 0 0.01 inf 6.686205583839592 0.04554110941302471 9.272237347133533
8492 0 0.01 151423.88267394778 6.726697285622656 0.040026730124012116 9.088603159310747
8493 0 0.01 inf 6.904928518791904 0.044255036294452293 9.226532085594526
8494 0 0.01 inf 6.7860806397802 0.051914953991390456 9.124669255440487
8495 0 0.01 inf 6.540929712449822 0.05129321264531479 8.950980837501042
8496 0 0.01 inf 6.698120529404057 0.050778287779775534 9.29130175154616
8497 0 0.01 inf 6.660792078427969 0.046342302265725964 9.208901089515543
8498 0 0.01 inf 6.551997310449368 0.06152307827795919 9.162202520240132
8499 0 0.01 inf 6.740919308114606 0.05384564728633691 9.198235635841458
8500 0 0.01 inf 6.806393554942445 0.044496676638174026 9.331999998675906
8501 0 0.01 inf 6.601719612901198 0.05381156141065931 9.265638204272825
8502 0 0.01 936196869.4269854 6.608948384507912 0.04851913502176079 9.155459526945227
8503 0 0.01 684086886.2111382 6.635087570512861 0.047517076729392815 9.131051436244638
8504 0 0.01 inf 6.756888385745943 0.05728958132928975 9.22664784608628
8505 0 0.01 2115822763.697873 6.460044297407455 0.04183587695449577 9.125030500289688
8506 0 0.01 151315.1213164308 6.880496577126977 0.04552212930530762 9.157446106801824
8507 0 0.01 inf 6.828661363845854 0.04938738394397654 9.261880988019316
8508 0 0.01 inf 6.547995109403072 0.06009289599589383 9.348153713176622
8509 0 0.01 150676.21614835452 6.867318520642603 0.045195407668452287 9.185732362456749
8510 0 0.01 388961334.55604947 6.6638127235314695 0.047273676595644014 9.129758806621906
8511 0 0.01 inf 6.730825289254101 0.052616679634840215 9.230579095844133
8512 0 0.01 inf 6.6283767103463616 0.053633230342312335 9.343695596588073
8513 0 0.01 5992958.795896199 6.698462082043624 0.044493575599099014 9.192593905628158
8514 0 0.01 148291.8644902092 6.752005570703077 0.04988070647041236 9.157937894492324
8515 0 0.01 148526.91050197728 6.79650856765539 0.04931257015931252 9.19468847604566
8516 0 0.01 inf 6.5841439125030625 0.05973248784134958 9.172105860285845
8517 0 0.01 inf 6.750646036676414 0.04842382045091325 9.2645809213535
8518 0 0.01 649660413.9972432 6.638538119811195 0.041785707937612805 9.09433391981201
8519 0 0.01 inf 6.766640786333984 0.04517979539165277 9.236619581469382
8520 0 0.01 inf 6.723468434820704 0.04747797874218166 9.285996335469349
8521 0 0.01 inf 6.5127693180762805 0.05594729060107818 9.095547606101912
8522 0 0.01 148570.06060084677 6.759807416066433 0.04971453413266571 9.148236849106103
8523 0 0.01 1330554180.082313 6.564617976889348 0.04609795081016956 9.10645010559085
8524 0 0.01 inf 6.649976528204458 0.044686234099084066 9.229182712208896
8525 0 0.01 inf 6.612479232728112 0.05037317609885521 9.22076165892688
8526 0 0.01 149544.07446654397 6.766854897673847 0.047781545521235654 9.118726747906964
8527 0 0.01 973787062.0174184 6.6049130688211335 0.03871746401667657 9.00546419975513
8528 0 0.01 inf 6.688671691458018 0.040789161825429285 9.340752752300148
8529 0 0.01 18747451.435746938 6.6973514724394105 0.04693501554772286 9.184182739369005
8530 0 0.01 1862825483.6476912 6.496559246400517 0.043160192019697015 9.05845139089048
8531 0 0.01 152136.89515343035 6.79030012842509 0.04149431232326546 9.074957019206915
8532 0 0.01 inf 6.70426353133191 0.052957496105899796 9.293729697638113
8533 0 0.01 151038.77075383934 6.863745433917894 0.0495374094399825 9.113915296982391
8534 0 0.01 293306006.3574528 6.6727297422414695 0.04581854729552068 9.074505828331263
8535 0 0.01 inf 6.6833761523657245 0.05229371175056524 9.227375720813258
8536 0 0.01 2234574815.0786834 6.441785239864353 0.040948637023581896 9.168216724181258
8537 0 0.01 inf 6.713431342448396 0.0548184875539194 9.197604041046105
8538 0 0.01 1422694896.7192345 6.553573830452609 0.04734604651745754 9.160312697371497
8539 0 0.01 inf 6.761845894462533 0.04885377814029368 9.249088866794052
8540 0 0.01 inf 6.604514004031919 0.051194766313116515 9.224210059779248
8541 0 0.01 inf 6.725631838965405 0.05046078309215445 9.131340107232583
8542 0 0.01 inf 6.893057646427773 0.04558973977587773 9.39256590000999
8543 0 0.01 inf 6.686849394760945 0.060026875902960145 9.205541695217292
8544 0 0.01 inf 6.79296284157537 0.04535481941866099 9.279132432247557
8545 0 0.01 inf 6.624274038692529 0.06048235838867595 9.317773255742253
8546 0 0.01 inf 6.655428276297155 0.048378233696507573 9.3502213140945
8547 0 0.01 151629.33631139935 6.897075530162991 0.046835878246962004 9.143670035747128
8548 0 0.01 inf 6.747742408142345 0.04815493482059125 9.254330003407812
8549 0 0.01 98101454.70253982 6.690377600356352 0.0430952691202334 9.104801245510913
8550 0 0.01 inf 6.842541771839122 0.055392500772180435 9.33716352012663
8551 0 0.01 150985.90387447388 6.705722118549072 0.04177629445680242 9.062952870540428
8552 0 0.01 inf 6.593089619689945 0.0485917005710821 9.297453551886212
8553 0 0.01 inf 6.569268587108989 0.05538095357104737 9.030614939282069
8554 0 0.01 1380224386.70995 6.55869928185284 0.0485385951217197 9.126321576033066
8555 0 0.01 inf 6.581663737297156 0.06090735225781406 9.050719410567766
8556 0 0.01 inf 6.684618239318427 0.04497258645943197 9.207679430018995
8557 0 0.01 inf 6.6364129788196395 0.04854935993739547 9.27687739650266
8558 0 0.01 inf 6.501181972145162 0.05182791879516783 9.292393799181243
8559 0 0.01 inf 6.73939395856131 0.05227342154462351 9.272413895550724
8560 0 0.01 151025.70318892767 6.795088730240927 0.04652007899991194 9.07578562064819
8561 0 0.01 151650.00753638998 6.833377322023041 0.043400660862399444 9.11915230518096
8562 0 0.01 inf 6.633778299287072 0.05405586232554301 9.265650983726468
8563 0 0.01 inf 6.740189402193645 0.05261243559308722 9.17539778761385
8564 0 0.01 19545161.310750343 6.6972819831900985 0.04603394907760616 9.137535885427374
8565 0 0.01 inf 6.561509635454746 0.05674378224595248 9.106238386160452
8566 0 0.01 inf 6.648247830491389 0.04358449831465305 9.231540974505817
8567 0 0.01 inf 6.602290715641637 0.055627151653519266 9.339955786929487
8568 0 0.01 151386.67939769846 6.856115012508749 0.04613762658562265 9.12209037819481
8569 0 0.01 inf 6.608330506597994 0.04884733117874143 9.213914201113418
8570 0 0.01 1171148696.5205045 6.583085429939192 0.040598477016560386 9.172949480530027
8571 0 0.01 inf 6.661715822238039 0.058150822954496584 9.103953155327105
8572 0 0.01 inf 6.706279549666071 0.05341658198046981 9.181036922522223
8573 0 0.01 53434253.24650893 6.694316827315119 0.044961511110065695 9.19153908516873
8574 0 0.01 1979357676.1992748 6.480120525858974 0.04595308635432825 9.05831165754135
8575 0 0.01 inf 6.77332189858628 0.04947667916059941 9.228727398526905
8576 0 0.01 inf 6.685876283148063 0.0506107501464849 9.22532442251821
8577 0 0.01 inf 6.885927059989514 0.0513410374008836 9.183959787536583
8578 0 0.01 1541948721.6787143 6.538849936101102 0.04697350951614728 9.110561589112745
8579 0 0.01 inf 6.668645791345687 0.05253845035463539 9.240851548988212
8580 0 0.01 inf 6.8698107311456855 0.05380555805298892 9.044226676022127
8581 0 0.01 inf 6.991036306133209 0.06059618823005326 9.146772885817379
8582 0 0.01 inf 6.765814732956221 0.04491410988868476 9.31046821038335
8583 0 0.01 inf 6.70159313878888 0.04474666930352041 9.201468997353265
8584 0 0.01 inf 6.789982819360856 0.050081359538028856 9.038415796951169
8585 0 0.01 inf 6.714972209655472 0.05308779350609689 8.94077001520433
8586 0 0.01 148868.1093258671 6.721223239291638 0.04910096162333203 9.098460222422277
8587 0 0.01 inf 6.671250498160443 0.05150802743127418 9.101684222161452
8588 0 0.01 inf 6.713381407695354 0.054668651995076104 9.143023049076271
8589 0 0.01 inf 6.6763461949035 0.04965683502308603 9.345638628478682
8590 0 0.01 inf 6.586483263832715 0.05009358296837117 9.071944039968306
8591 0 0.01 inf 6.707629717290235 0.050557271772133754 9.108668153608964
8592 0 0.01 inf 6.721188073641791 0.05224624227185921 9.241695465655138
8593 0 0.01 inf 6.80897935073798 0.05318974450171704 9.27787396528176
8594 0 0.01 inf 6.781200799699039 0.054131865286869515 9.16666006802245
8595 0 0.01 474104041.25814205 6.655718948171722 0.04030842747697766 9.165420008898229
8596 0 0.01 inf 6.528981351905494 0.05107406944002733 8.994734719377597
8597 0 0.01 inf 6.8459256599239815 0.04327910855450508 9.222858149892511
8598 0 0.01 649342445.8618866 6.638569655276307 0.04633532008005696 9.175878712110414
8599 0 0.01 inf 6.684302174449198 0.054724619602065296 9.300827481696722
8600 0 0.01 151252.23642674956 6.869545687579706 0.043875702523145835 9.172189079573295
8601 0 0.01 inf 6.775345350533756 0.04981230748630491 9.203301838954214
8602 0 0.01 inf 6.583796940912432 0.05419229707939052 9.260437821647983
8603 0 0.01 405038824.00067294 6.6622962886909525 0.0328375158402681 9.159139756346526
8604 0 0.01 inf 6.889288078874755 0.044211427456985065 9.229473847141477
8605 0 0.01 inf 6.763289718434931 0.05362149345235885 9.341668600864157
8606 0 0.01 inf 6.873067154578737 0.05172996021062451 9.371764883772428
8607 0 0.01 inf 6.517209539721741 0.04347923030872188 9.281690477022007
8608 0 0.01 inf 6.654830772704423 0.050200713949148885 9.143864208529457
8609 0 0.01 152009.55240440293 6.911843712379426 0.046463623002903395 9.143973713424348
8610 0 0.01 inf 6.842441540067972 0.04551046521421801 9.211601568663122
8611 0 0.01 1927239709.6539047 6.487549404339307 0.04851413585825854 9.105089064788219
8612 0 0.01 2355443588.349125 6.422377910038474 0.03187307912618327 9.043366930987476
8613 0 0.01 1266993483.4414096 6.572076025547944 0.04943967065885272 8.96914138956435
8614 0 0.01 inf 6.573153946814549 0.04855602765230236 9.32003618867622
8615 0 0.01 616298833.1841345 6.641855847984012 0.03949101701030629 9.111583819223451
8616 0 0.01 inf 6.780712462584627 0.05063508711879214 9.118547352547395
8617 0 0.01 inf 6.797079427250147 0.05307818208563945 9.12179374734294
8618 0 0.01 inf 6.677740869190207 0.052809251243959014 9.21626501443635
8619 0 0.01 705808918.5398713 6.632896338841763 0.045066324843621434 9.185986668967756
8620 0 0.01 inf 6.797674333831522 0.05260706394653866 9.28217653996358
8621 0 0.01 inf 6.730844989293861 0.04406778150822306 9.247751789232392
8622 0 0.01 inf 6.586272358844039 0.05331187052253935 9.191356524111086
8623 0 0.01 inf 6.877068881522865 0.04611876717460611 9.264874243730388
8624 0 0.01 inf 6.6546623455525244 0.0485780820154813 9.266947296430075
8625 0 0.01 8086252.429116121 6.6982801134994645 0.04321802533391178 9.111443138045637
8626 0 0.01 150981.72318683157 6.866107246402431 0.04785288925519511 9.134526695353154
8627 0 0.01 1167735880.236024 6.58347244123429 0.04281471885474092 8.990048051398126
8628 0 0.01 inf 6.805464133862577 0.0558454776518004 9.30479057494919
8629 0 0.01 inf 6.775379320609661 0.05423481296196548 9.197043775322404
8630 0 0.01 inf 6.697657156134034 0.04589118731715243 9.295488435770002
8631 0 0.01 inf 6.71076758116441 0.0548006480098127 9.297925729110126
8632 0 0.01 inf 6.7024980847438185 0.04165185802124056 9.271507401510808
8633 0 0.01 150524.9112538837 6.74179255176847 0.04607315081761263 9.05680565754396
8634 0 0.01 inf 6.623503113599903 0.05315496053114984 9.295744949939758
8635 0 0.01 inf 6.555722121545551 0.04879076057373466 9.279463922812615
8636 0 0.01 inf 6.646499185197247 0.05336831642938582 9.291853129633555
8637 0 0.01 148528.55404631034 6.7500237548728075 0.048284292914141574 9.16666784935953
8638 0 0.01 inf 6.416715975177263 0.04034911733178595 9.30024060680055
8639 0 0.01 inf 6.792231185827312 0.04103828762318577 9.345496405179286
8640 0 0.01 inf 6.6593787675934655 0.059599942380836754 9.182053865004598
8641 0 0.01 inf 6.7588174952647275 0.043131124912879994 9.314323670159583
8642 0 0.01 149237.44685672503 6.727457094991754 0.04925967937308167 9.077891581049812
8643 0 0.01 inf 6.737747953984138 0.04910409543381311 9.241369958439389
8644 0 0.01 149917.73514188125 6.8276860193430995 0.04662623488888348 9.172721764791117
8645 0 0.01 inf 6.630283148930344 0.043374439131594944 9.224079868741093
8646 0 0.01 inf 6.753296219786511 0.04743041294395337 9.20255958788583
8647 0 0.01 inf 6.711523960830366 0.049311561277469246 9.229561482780076
8648 0 0.01 149978.35423245165 6.799766502933427 0.04777649484602439 9.124394263218157
8649 0 0.01 inf 6.565625932082195 0.05195888471125322 9.206875699642733
8650 0 0.01 inf 6.6510629760829785 0.044972441397530705 9.261029706039817
8651 0 0.01 inf 6.645086589547668 0.04958267383417636 9.205991799706549
8652 0 0.01 inf 6.737472923587883 0.05563468808924915 9.06752797203464
8653 0 0.01 inf 6.610076104044911 0.04776450872457549 9.222755056768321
8654 0 0.01 inf 6.648265753853434 0.0469381376099682 9.30592290196523
8655 0 0.01 152947.77052210295 6.809591915840739 0.048712778690746396 8.986334653531669
8656 0 0.01 inf 6.78404818686647 0.04697820611364707 9.241500248036964
8657 0 0.01 inf 6.968148992522186 0.0456355525755217 9.230519807136037
8658 0 0.01 inf 6.710509964241075 0.051238161064999795 9.254494923203383
8659 0 0.01 inf 6.67630207965238 0.05017410388403592 9.171638090647875
8660 0 0.01 inf 6.7710794331717485 0.05612260719127851 9.144439301297233
8661 0 0.01 inf 6.7675176617678 0.05721213218260235 9.095859668427847
8662 0 0.01 inf 6.68045474716379 0.05379616377041986 9.094888086951302
8663 0 0.01 inf 6.682241069398658 0.05147812304476395 9.186635011871338
8664 0 0.01 inf 6.659891942811268 0.059512731765714984 9.391470096484593
8665 0 0.01 inf 6.646469630639814 0.06002797065097937 9.277278611633118
8666 0 0.01 inf 6.581702041800349 0.04946100650913744 9.239012759884613
8667 0 0.01 inf 6.585779920089802 0.054170015240178684 9.213474068559005
8668 0 0.01 inf 6.767189581679008 0.051799881456961745 9.254642051926636
8669 0 0.01 inf 6.785019837261108 0.052232489056507125 9.189329817787097
8670 0 0.01 inf 6.57844362975976 0.05482990302486472 9.262097222050524
8671 0 0.01 inf 6.605718838130309 0.052579964139725224 9.127447093213261
8672 0 0.01 150960.53819580792 6.774162681793416 0.04843666841962685 9.03790813037242
8673 0 0.01 inf 6.672620494213502 0.04815004933890362 9.233296280941934
8674 0 0.01 inf 6.61933622135497 0.04555085440405991 9.241793798011432
8675 0 0.01 inf 6.833974231096879 0.036045360165764276 9.259768519437234
8676 0 0.01 inf 6.830246392354874 0.04896234719307824 9.29303841732311
8677 0 0.01 inf 6.835021427109261 0.0507755984543268 9.153463723752035
8678 0 0.01 inf 6.597124214088706 0.052113523399789106 9.266681618354008
8679 0 0.01 1409483754.7632635 6.555174800641332 0.04389657928281332 9.16755493921992
8680 0 0.01 148570.79795540066 6.704495324651159 0.04805396716101697 9.122226995151154
8681 0 0.01 149260.70898725494 6.762931855765713 0.04994604457338296 9.102843559999036
8682 0 0.01 inf 6.865670944816533 0.05394931310061241 9.286197373677691
8683 0 0.01 inf 6.6970195421258145 0.05262481913318202 9.128749184923581
8684 0 0.01 inf 6.73850152130787 0.051964852381867085 9.245115002624908
8685 0 0.01 inf 6.6734659983630875 0.04679278165501189 9.234948643507753
8686 0 0.01 77042712.89791544 6.692239235061806 0.0463181653415087 9.089483456035392
8687 0 0.01 inf 6.5789288546248486 0.04870152251974701 9.29331245710593
8688 0 0.01 inf 6.922970612593179 0.05414108824126994 9.148860660565092
8689 0 0.01 151954.70164343974 6.835476849278125 0.04563047899546678 9.078231967103006
8690 0 0.01 inf 6.816622864641077 0.0449622297715718 9.215834125108373
8691 0 0.01 540012817.3847532 6.649348076856501 0.04448341985803556 9.160024616561705
8692 0 0.01 147931.41112401648 6.744659270789852 0.049296358723126855 9.19040407606963
8693 0 0.01 inf 6.687851337659033 0.05178574115533269 9.076901557108418
8694 0 0.01 128597263.31629851 6.687667264605506 0.04814980520677857 9.118466802884972
8695 0 0.01 inf 6.69240025322401 0.052122958360991546 9.124671696548141
8696 0 0.01 inf 6.536133167404249 0.05181287268991468 9.255853298076257
8697 0 0.01 inf 6.782745595672206 0.05869019587505306 9.248206241841944
8698 0 0.01 150591.05129347314 6.773311645383511 0.04394612503200595 9.11754348716043
8699 0 0.01 inf 6.776626646574201 0.06142697718822238 9.12566172599953
8700 0 0.01 inf 6.72201750622539 0.04097562819783461 9.283165348551735
8701 0 0.01 949768185.4416848 6.60749568907697 0.04700543392896147 9.169050158742772
8702 0 0.01 inf 6.523277311583942 0.055178112196442884 9.281533643021366
8703 0 0.01 inf 6.63068527886092 0.050961964323815306 9.283315819327068
8704 0 0.01 inf 6.5625209283530115 0.05181186066887592 9.218711952597907
8705 0 0.01 inf 6.635291451661864 0.05196930198853548 9.25499730710596
8706 0 0.01 inf 6.779950904130583 0.04946087131139479 9.219504787583018
8707 0 0.01 inf 6.712312015345238 0.05482501841483276 9.248334359353171
8708 0 0.01 inf 6.89490928868296 0.05619235195373811 9.27266241911997
8709 0 0.01 inf 6.777961770246026 0.052100572750359855 9.1859925976026
8710 0 0.01 inf 6.929557382111046 0.05482308730149659 9.295133777751222
8711 0 0.01 inf 6.46378096402255 0.056558870192602397 9.338432388572363
8712 0 0.01 inf 6.765172649976828 0.049018675502082706 9.284815486031082
8713 0 0.01 inf 6.555718822829513 0.05127494689490921 9.357830353205658
8714 0 0.01 149476.6835294171 6.775638327078269 0.0453647040562517 9.175141020865007
8715 0 0.01 inf 6.704595479625226 0.05044403967494518 9.243192384914245
8716 0 0.01 151123.85602026794 6.834830708540542 0.04754253217543703 9.099241346005954
8717 0 0.01 inf 6.758044440428728 0.05807545895395587 9.461499999361918
8718 0 0.01 inf 6.836723233193177 0.04673578537146207 9.263237337216756
8719 0 0.01 149532.82695425197 6.804233036038265 0.04738381099658254 9.162981243059178
8720 0 0.01 inf 6.697454435902239 0.05513517461197266 9.18618784304859
8721 0 0.01 inf 6.805539064320745 0.05525455979200122 9.101894212478378
8722 0 0.01 inf 6.733576411787617 0.05341966242857457 9.266081008967301
8723 0 0.01 inf 6.5836193883161584 0.051028223841210606 9.05129686890006
8724 0 0.01 1439242198.1658046 6.551560759325597 0.03878709102245402 9.083775905370889
8725 0 0.01 149700.73467315588 6.778322997883135 0.0437301592005277 9.196041301616694
8726 0 0.01 inf 6.759145610289526 0.05538077622779626 9.169685452392427
8727 0 0.01 inf 6.8066310905624565 0.04557636350802175 9.394853643870698
8728 0 0.01 12182252.180581078 6.697923556879567 0.04547334126261448 9.127960949177398
8729 0 0.01 inf 6.656006897506508 0.050432809339393904 9.120966815098075
8730 0 0.01 inf 6.796061665792439 0.04141950873810844 9.208577355334814
8731 0 0.01 inf 6.69108844987358 0.05045524836532198 9.129453882381318
8732 0 0.01 inf 6.676611007233815 0.05071919190199975 9.085586352818872
8733 0 0.01 inf 6.67488560863801 0.050022292736720556 9.122892402282382
8734 0 0.01 inf 6.785453394025015 0.047677637625452865 9.294809067876509
8735 0 0.01 inf 6.737382994108937 0.05141560685069842 9.320766332188455
8736 0 0.01 inf 6.7471366534781145 0.05818053423012797 9.158327062544982
8737 0 0.01 944232695.9203895 6.608088759511043 0.04873035414648364 9.17738559438455
8738 0 0.01 inf 6.88621719622325 0.04898817843530891 9.217386049472312
8739 0 0.01 inf 6.576454123558884 0.051018863037652996 9.087620533322669
8740 0 0.01 148418.8321523366 6.7299715868288965 0.04872915180715023 9.146864893768972
8741 0 0.01 676918813.7592629 6.635808170909049 0.04806896613578658 9.199560563132474
8742 0 0.01 inf 6.717575513331798 0.05313434230381767 9.25915459745437
8743 0 0.01 inf 6.62338573986688 0.057515000457987686 9.155266405925476
8744 0 0.01 inf 6.611150535343112 0.050993229585574756 9.291482669556357
8745 0 0.01 938865229.8950479 6.608663180487576 0.048011327016395385 9.122914780526168
8746 0 0.01 149971.29513763168 6.745530963678294 0.047651316569359094 9.072257931661106
8747 0 0.01 inf 6.733199627260263 0.05022566767194668 9.312809024086901
8748 0 0.01 149154.12213181375 6.754347865238761 0.04742552373258671 9.139043506507587
8749 0 0.01 150095.87616374096 6.754397041417469 0.0429895237475498 9.155847301218401
8750 0 0.01 1013826468.8834251 6.60057219980092 0.0490324386706863 9.16599334050741
8751 0 0.01 inf 6.743440035759883 0.050317469354301085 9.219760899073245
8752 0 0.01 inf 6.766024205624464 0.05022807667393275 9.08478876844852
8753 0 0.01 inf 6.8522328463247515 0.04088924386210243 9.25934131811503
8754 0 0.01 310043361.59766936 6.671182579955268 0.044160266071541956 9.199173095712093
8755 0 0.01 inf 6.887708248002975 0.05783402205587148 9.075649254539412
8756 0 0.01 1616644627.595055 6.529366560959465 0.04896680741956203 9.013895660474354
8757 0 0.01 inf 6.619110462719232 0.052833567800543754 9.115669738088075
8758 0 0.01 inf 6.526355380826821 0.05531210512732671 8.99003028189306
8759 0 0.01 inf 6.651935871503809 0.05051556408615277 9.203303495688319
8760 0 0.01 148053.98764631263 6.711433905822216 0.04929489986010509 9.146889029002153
8761 0 0.01 530847571.409081 6.650239777560473 0.043809239707843194 9.014050681962468
8762 0 0.01 inf 6.815936471886236 0.05111821841401792 9.13276761134532
8763 0 0.01 151537.96714129907 6.862267256259933 0.04305010376646258 9.159802371478879
8764 0 0.01 149652.00239967325 6.798791632474324 0.04744233686507863 9.148687459311345
8765 0 0.01 inf 6.865127382478315 0.04682911138198115 9.21550671727778
8766 0 0.01 inf 6.6048429717780515 0.052731179547206554 9.24654528102999
8767 0 0.01 151797.38892729243 6.878424006865094 0.046875751907870626 9.116668431653084
8768 0 0.01 inf 6.682324574210089 0.047829507869173546 9.203578443789464
8769 0 0.01 inf 6.804134301119103 0.054434247454124646 9.005519999611984
8770 0 0.01 inf 6.627626043525736 0.05275913267351269 9.036606575463503
8771 0 0.01 inf 6.817475460999463 0.0617853640358975 9.462346241392007
8772 0 0.01 inf 6.716054974929613 0.0520768508751576 9.003340505911964
8773 0 0.01 149522.83164571662 6.744034456952129 0.04806469277234561 9.09311296440167
8774 0 0.01 inf 6.588890524500852 0.04877293884825748 9.210331910147767
8775 0 0.01 inf 6.708203017385799 0.058437308424990175 9.077253112203222
8776 0 0.01 inf 6.682837580140221 0.04262298327935814 9.425458845300422
8777 0 0.01 149629.89219603917 6.774949930736911 0.04516977868550229 9.16638569345111
8778 0 0.01 inf 6.89450751528411 0.05048210406436216 9.20681552424497
8779 0 0.01 inf 6.686659301628534 0.0495077705028186 9.215425274882236
8780 0 0.01 inf 6.665446567792861 0.052922309394438864 9.343279104032103
8781 0 0.01 inf 6.65618964564663 0.05395007307664349 9.147041318230167
8782 0 0.01 inf 6.669379808079911 0.05160605296744572 9.090373584276797
8783 0 0.01 inf 6.938678585805585 0.057485015813050266 9.390025737523269
8784 0 0.01 inf 6.443756976010617 0.044815410136249956 9.20462743718319
8785 0 0.01 inf 6.6291763074705194 0.044966344565048014 9.212737970025076
8786 0 0.01 589496499.7250625 6.6445029587423 0.04014607957022786 9.123088487543866
8787 0 0.01 inf 6.762595880607076 0.04348531904582573 9.274016233918584
8788 0 0.01 inf 6.916190337995915 0.057447469985428136 9.199646126054423
8789 0 0.01 1800988538.8594592 6.505035897969085 0.04599900741031316 9.022047875465212
8790 0 0.01 inf 6.596266650712081 0.04448161324541424 9.311152600971676
8791 0 0.01 inf 6.828413870353848 0.05532595557264835 9.246143561047164
8792 0 0.01 inf 6.556015163611626 0.057068717232781965 9.263104156584541
8793 0 0.01 inf 6.632170487041929 0.04733011491286122 9.323086149164842
8794 0 0.01 1872717156.4422352 6.495187897290472 0.04139197672830085 9.033586727511903
8795 0 0.01 inf 6.727925090763543 0.057376851963116 9.345431644468391
8796 0 0.01 inf 6.701366606679638 0.053045610657775 9.155790323426123
8797 0 0.01 inf 6.599105828657172 0.04727531520866015 9.282293379496354
8798 0 0.01 330139840.2849381 6.669317575146038 0.04903982066495581 9.180552727149133
8799 0 0.01 149378.8235235727 6.718925379757593 0.04643473196712006 9.104990914939552
8800 0 0.01 148533.840636493 6.7204675157550895 0.0492228744386861 9.119672826823587
8801 0 0.01 150674.34273008016 6.747179537984358 0.047947301921656575 9.030478061865624
8802 0 0.01 563533228.2764217 6.647051602528776 0.049829109920450816 9.193615132283302
8803 0 0.01 inf 6.928502484877295 0.04294259453432378 9.298368829045508
8804 0 0.01 inf 6.650154385086804 0.051369392577912586 9.14215550212515
8805 0 0.01 189650540.8158132 6.682190276479748 0.04073382611219843 9.047341834221575
8806 0 0.01 148829.71341137378 6.757055945899464 0.04632758488673923 9.189512592545666
8807 0 0.01 inf 6.618945116588497 0.062127973312460526 9.33584888731663
8808 0 0.01 inf 6.650484430273459 0.04285878905639045 9.273297358306722
8809 0 0.01 727926015.539089 6.630653753947459 0.04921958947824001 9.123308313647117
8810 0 0.01 inf 6.653099886642753 0.04657968014786205 9.392366288796826
8811 0 0.01 inf 6.570144964681352 0.05308167999190172 9.256297660867906
8812 0 0.01 inf 6.742600952322021 0.06518093316807073 9.248984750263006
8813 0 0.01 148316.8829525045 6.70102779514475 0.04941542910439849 9.113238138768727
8814 0 0.01 inf 6.814782493570729 0.053178737953785554 9.192976117777421
8815 0 0.01 inf 6.873649597671608 0.05638286974133709 9.240448748895297
8816 0 0.01 inf 6.779623449919965 0.060887970010430524 8.94936660334356
8817 0 0.01 271980909.3511009 6.674693011488386 0.042419093423037894 9.0872135235739
8818 0 0.01 inf 6.722025228784937 0.051636686695593834 9.27256737384505
8819 0 0.01 115431737.2788104 6.688839383051371 0.045110300137815064 9.190461204470454
8820 0 0.01 inf 6.587162841574547 0.057356240091745295 9.133735947721247
8821 0 0.01 inf 6.697544147529641 0.06087534499363112 9.201864403422825
8822 0 0.01 inf 6.61987859539465 0.05076012990871848 9.14039901896221
8823 0 0.01 inf 6.726461589354974 0.04512120458009371 9.351225846511944
8824 0 0.01 inf 6.816966696508081 0.054277057228144826 9.122846137379634
8825 0 0.01 inf 6.694989468740243 0.05757358605563333 9.197001618653479
8826 0 0.01 153163.06048847781 6.874950234097107 0.04480811564378095 9.069989833498731
8827 0 0.01 inf 6.668359778969264 0.04613449794565888 9.240781270790912
8828 0 0.01 inf 6.742085651043397 0.05285023736175656 9.149094575630473
8829 0 0.01 61702079.58565934 6.69359041150389 0.04687079413963467 9.081839684570792
8830 0 0.01 1380528977.9441788 6.558662915299686 0.0428224854074115 9.158928675415451
8831 0 0.01 inf 6.747189106902759 0.05355399560021694 9.169043748014118
8832 0 0.01 154195.30034444324 6.880051172551837 0.04989837358489488 9.008588616722768
8833 0 0.01 inf 6.729812104817571 0.06208161120267668 9.258249380086786
8834 0 0.01 inf 6.723536196182489 0.057098920908049126 9.329606946272126
8835 0 0.01 inf 6.608532165811626 0.049725916896510514 9.222287468078743
8836 0 0.01 inf 6.59049503270996 0.04828699059370753 9.234045809250524
8837 0 0.01 inf 6.677968812482097 0.0461768716142907 9.275627115395727
8838 0 0.01 inf 6.749599750766185 0.055274362346953224 9.104695873202518
8839 0 0.01 inf 6.684184674023681 0.04976026178672686 9.325634759309578
8840 0 0.01 151024.19401651018 6.840185228750739 0.048175910733890936 9.103302138997215
8841 0 0.01 inf 6.814753984754978 0.05303406320969732 9.18348930105858
8842 0 0.01 149875.897578357 6.749496166009702 0.044425574655860105 9.13698816211404
8843 0 0.01 inf 6.822742461516346 0.05461526757163953 9.117482027335582
8844 0 0.01 148926.36283876913 6.727462192961162 0.04490885946002681 9.186395496217946
8845 0 0.01 inf 6.764319927841936 0.05060275580307939 9.324930276113841
8846 0 0.01 inf 6.566684993775847 0.05265144794143836 9.176473270677414
8847 0 0.01 149880.35464460717 6.737019794679838 0.04585934336945373 9.097194121503287
8848 0 0.01 inf 6.788922565989893 0.04654966270617244 9.281247545920042
8849 0 0.01 inf 6.774556404650566 0.05298149990120451 9.240405188802137
8850 0 0.01 150214.22325924624 6.735046126795051 0.04788963064052941 9.044351266649102
8851 0 0.01 147970.29192477415 6.740069575441235 0.04897081575892385 9.189297432603379
8852 0 0.01 inf 6.60554020766889 0.052553353287546914 9.39508139759215
8853 0 0.01 inf 6.782838996959023 0.050795363135695104 9.250109768529752
8854 0 0.01 inf 6.651927076387942 0.04277073745340802 9.215769709262407
8855 0 0.01 152418.2088192446 6.9015713809910375 0.048009097786414545 9.103489437787706
8856 0 0.01 inf 6.891666632289412 0.04916683088498956 9.290137084564533
8857 0 0.01 inf 6.633024489168192 0.052696949701668494 9.282728434896882
8858 0 0.01 152012.0875870061 6.759632182242855 0.0446015675592493 9.010522925780336
8859 0 0.01 inf 6.528956697468144 0.05058465807365809 9.050717978516156
8860 0 0.01 inf 6.64095710422614 0.04829227002377198 9.239606333449398
8861 0 0.01 inf 6.670914806413997 0.04982003753139721 9.220847459141416
8862 0 0.01 inf 6.675281988454342 0.05045450547312789 9.194775471798302
8863 0 0.01 1888057901.8631306 6.493051867891124 0.04988699014849607 9.170432424405476
8864 0 0.01 inf 6.592783845984642 0.05157442427024073 9.115011313314477
8865 0 0.01 inf 6.773742898365989 0.04661215092320759 9.227100222218494
8866 0 0.01 inf 6.771750634247126 0.044141263769639644 9.217239080018741
8867 0 0.01 1493510573.570074 6.544890852346082 0.04502221212143624 9.120540974616109
8868 0 0.01 739363726.0034541 6.629489662366976 0.049645966030679944 8.980816168642221
8869 0 0.01 inf 6.7625020207082525 0.04767359882941716 9.27714710648684
8870 0 0.01 152467.40430489602 6.821800099495959 0.04024951576804257 9.105843820546674
8871 0 0.01 inf 6.632995991428651 0.04809114025672949 9.368247664257662
8872 0 0.01 inf 6.672431561791298 0.05154605486823448 9.21430065716448
8873 0 0.01 inf 6.609075749880584 0.04931253349741145 9.321349724171082
8874 0 0.01 inf 6.756256561380426 0.04641398538117111 9.252988458126266
8875 0 0.01 inf 6.749613319472588 0.05504264743930684 9.235531366505226
8876 0 0.01 inf 6.775410849461779 0.05492661201576157 9.296254391450068
8877 0 0.01 1579848586.0422652 6.534063930387285 0.04960672397533863 9.131110894432338
8878 0 0.01 inf 6.652392444470985 0.05130939147566149 9.316151173020074
8879 0 0.01 1095479086.9481413 6.591584274408204 0.0497814316590703 8.981383678697654
8880 0 0.01 150801.97391617665 6.787723987466833 0.04455835196947256 9.10795401813183
8881 0 0.01 inf 6.790327273469498 0.04873383517865065 9.230630889423372
8882 0 0.01 inf 6.79963116464044 0.047853712233892134 9.328137092146083
8883 0 0.01 149334.06877161423 6.800915440919119 0.04967627991953854 9.139807818228096
8884 0 0.01 inf 6.722813293561556 0.055745298718925605 9.088053644025587
8885 0 0.01 inf 6.773363434575467 0.046607567607295695 9.32984691153553
8886 0 0.01 153517.1615120182 6.924769917043496 0.0469674168453136 9.090428505712199
8887 0 0.01 inf 6.481891162855905 0.04743776381325343 9.216078643789634
8888 0 0.01 inf 6.588276331595338 0.046152316300840254 9.273412702275895
8889 0 0.01 inf 6.600730104814268 0.04857815219799618 9.21910900241689
8890 0 0.01 inf 6.58047973615286 0.05128323460532409 8.955545352137113
8891 0 0.01 inf 6.670363161259452 0.05306791459242257 9.099812650083823
8892 0 0.01 inf 6.784691917154537 0.03673645321030249 9.237739311575183
8893 0 0.01 150828.3995511423 6.8995193772018215 0.0494787652294577 9.160084118565909
8894 0 0.01 inf 6.627310866887467 0.05799201036841457 9.183894884169936
8895 0 0.01 inf 6.688574920807388 0.0539857887204877 9.059715075275609
8896 0 0.01 inf 6.632087388869247 0.04637572951596564 9.314509974502277
8897 0 0.01 inf 6.747814406091463 0.05399188521796835 9.159331972528808
8898 0 0.01 149483.26487145468 6.7052575140212545 0.049135970329295564 9.042056194635954
8899 0 0.01 inf 6.574380069536574 0.05063729398243928 9.019099551695069
8900 0 0.01 inf 6.718987461616799 0.05226782084347405 9.189909120559038
8901 0 0.01 inf 6.66266134739796 0.05369688190583826 9.191148556264983
8902 0 0.01 inf 6.774447248672409 0.05203394414323466 9.138698511321246
8903 0 0.01 inf 6.715437148239002 0.05363231512853134 9.159753813763416
8904 0 0.01 inf 6.80310868478671 0.05222693472269109 9.398490662628108
8905 0 0.01 inf 6.692783820183518 0.05487275098153869 9.265448921890473
8906 0 0.01 383118623.57825077 6.664362865944467 0.03886332890423254 9.167303054192702
8907 0 0.01 inf 6.673509303462571 0.051353247592091485 9.09146518299542
8908 0 0.01 inf 6.616496372616913 0.050348144283844626 9.240869605949829
8909 0 0.01 148659.69934032278 6.796677023060133 0.04848424817119674 9.199419812176279
8910 0 0.01 149198.56786855892 6.757662804465455 0.04722615023025763 9.142658819673219
8911 0 0.01 inf 6.694131563149808 0.056212645059984384 9.249200196867378
8912 0 0.01 1029852026.2885543 6.598822867873853 0.04537820371327761 9.166134899737704
8913 0 0.01 inf 6.756127482870372 0.05394615901143256 9.05888261333679
8914 0 0.01 inf 6.686534525559391 0.04472216621456433 9.279996293446834
8915 0 0.01 inf 6.800609865015712 0.0563594164774763 9.06383529632346
8916 0 0.01 inf 6.82714107691748 0.04641999152631777 9.20689779405787
8917 0 0.01 inf 6.793432504456966 0.052310700805761876 9.180745630766008
8918 0 0.01 inf 6.877603550289804 0.052758929900409895 9.15268916240792
8919 0 0.01 inf 6.832282066233751 0.05304642425579442 9.313906752731118
8920 0 0.01 inf 6.622953106974379 0.04677176281365633 9.39968599554159
8921 0 0.01 1231602482.139578 6.576173659085975 0.047169686122479994 9.181678427800584
8922 0 0.01 inf 6.73592626435242 0.05230086960999054 9.20959622113179
8923 0 0.01 150522.7214467922 6.78384701020948 0.049715240810416596 9.057140031728366
8924 0 0.01 inf 6.6610593107918294 0.044763905615024135 9.23273687111421
8925 0 0.01 149366.83422825334 6.752400983399099 0.049264773704683816 9.09465915030508
8926 0 0.01 inf 6.750144154275263 0.055163397851291325 9.325725867196976
8927 0 0.01 inf 6.452696353039284 0.04240114809062253 9.28324103190496
8928 0 0.01 inf 6.603913179255346 0.05352034787159232 9.070258795004408
8929 0 0.01 1344718088.8920405 6.562938268513682 0.049093550017561466 9.193776410870088
8930 0 0.01 150123.6737543821 6.8055419560524735 0.04432387164529812 9.176184249414346
8931 0 0.01 inf 6.767085600650117 0.051339528301713795 9.257347795932226
8932 0 0.01 147948.9686061497 6.703723658032442 0.04864782093504196 9.161933376748115
8933 0 0.01 1120671371.8535113 6.588773135242683 0.044384611178514694 9.187025773039268
8934 0 0.01 inf 6.801750834663449 0.05023366011386172 8.854790998281663
8935 0 0.01 30342897.814792454 6.696339330284057 0.048279776489478066 9.18858692311565
8936 0 0.01 inf 6.481766751976574 0.04301596534943084 9.278107838199052
8937 0 0.01 inf 6.693893183448541 0.05083650746068071 9.105487506646925
8938 0 0.01 inf 6.590419893380797 0.050975930477044976 8.959551142607804
8939 0 0.01 inf 6.514085401235748 0.043995273719301974 9.246630588763974
8940 0 0.01 inf 6.797567411584432 0.05702589323420514 9.217618572479386
8941 0 0.01 149464.093922704 6.777697052818244 0.04629888463669483 9.15992769579588
8942 0 0.01 inf 6.756846238094174 0.05160884279323141 9.108957996958424
8943 0 0.01 inf 6.753526073461364 0.05603511735855149 9.139747956685781
8944 0 0.01 149113.2458310455 6.733462928575596 0.04560063328473369 9.157950826453463
8945 0 0.01 inf 6.624041383095472 0.05548530829601327 9.050347095266398
8946 0 0.01 inf 6.9384620488560715 0.05557982533409585 9.41159730911629
8947 0 0.01 inf 6.688306905659852 0.04681060861140826 9.428513224216415
8948 0 0.01 inf 6.6801182710051075 0.05448586599499872 9.16589051254454
8949 0 0.01 inf 6.594527853535426 0.04423986336383287 9.22223615746715
8950 0 0.01 inf 6.733105137832562 0.06048872949347989 9.253639692687386
8951 0 0.01 149862.85915246178 6.785893823682496 0.049766405398760344 9.093116850146737
8952 0 0.01 inf 6.605007544880519 0.0509749337416288 9.266517919479123
8953 0 0.01 1826987479.271559 6.501492035083928 0.043377265337566986 9.161703415936135
8954 0 0.01 inf 6.8142832382910274 0.0466344468868975 9.216161123454029
8955 0 0.01 148765.0744992051 6.702881262316981 0.045381659122898814 9.16479789176413
8956 0 0.01 1279921307.2826302 6.570569433209604 0.04394904439601921 9.145094831024398
8957 0 0.01 inf 6.716067567424672 0.05386687419594122 9.308043156299064
8958 0 0.01 149521.09919180672 6.738387120291083 0.046900864981931585 9.105886431155675
8959 0 0.01 60972052.994512275 6.693654493619349 0.047743153458169416 9.172614109095203
8960 0 0.01 inf 6.564274042772445 0.05728950232633882 9.354797659700571
8961 0 0.01 inf 6.749803065959147 0.05006619877298563 9.035866615832893
8962 0 0.01 inf 6.762891691451773 0.054357278802971344 9.125262575984161
8963 0 0.01 inf 6.579402229016597 0.05367640884888544 9.083951379659682
8964 0 0.01 inf 6.849513388951071 0.059097911647405424 9.25780848150109
8965 0 0.01 inf 6.819200771092313 0.053771708060559316 9.206279014153232
8966 0 0.01 755511711.0100459 6.627840402372405 0.0496814187980368 9.131890546887476
8967 0 0.01 900756338.067624 6.612719418444478 0.047841843839771206 9.080682084233684
8968 0 0.01 inf 6.564833012475287 0.05078052056853611 9.132711883786634
8969 0 0.01 inf 6.735344925603293 0.050386526492225976 9.296196890936924
8970 0 0.01 inf 6.795163699782616 0.05780723488202893 9.409750386972528
8971 0 0.01 inf 6.613854784197968 0.04363607445157306 9.40565806336115
8972 0 0.01 149831.18819402027 6.795873420712542 0.04517384714421432 9.171912933199158
8973 0 0.01 inf 6.753461636152296 0.04714462885120815 9.220725233450326
8974 0 0.01 inf 6.713346480540359 0.053928094184534474 9.111921064452323
8975 0 0.01 732419033.3711337 6.630197030847566 0.04345113717338681 9.031624577762805
8976 0 0.01 579022489.2719926 6.645532786349883 0.04896874490195768 9.147981978187477
8977 0 0.01 inf 6.869931440144562 0.05320746129387386 9.10224865976381
8978 0 0.01 inf 6.737475897894225 0.05341526715454283 9.165860176234615
8979 0 0.01 inf 6.636624183642862 0.05240681662787687 9.197584475412151
8980 0 0.01 inf 6.748673623699882 0.0534946329396286 8.956278964293434
8981 0 0.01 inf 6.597363606059829 0.05902333987100588 9.076987154388629
8982 0 0.01 2071539717.871898 6.466661205544397 0.04453232538712986 9.152232179882391
8983 0 0.01 inf 6.859062524285212 0.05021317251486423 9.103093031269166
8984 0 0.01 inf 6.987307855953447 0.049976967224552575 9.397565321062613
8985 0 0.01 inf 6.722071633910816 0.054626046734100105 9.202623819397944
8986 0 0.01 150148.77230267154 6.7731723356476845 0.0468904886626907 9.099601941431708
8987 0 0.01 inf 6.580234409042507 0.04632605979947005 9.230885629419506
8988 0 0.01 inf 6.706437230964635 0.05199925131480794 9.216406205358892
8989 0 0.01 inf 6.719726516514987 0.04526174760735601 9.286292127810974
8990 0 0.01 inf 6.747571361027409 0.053463974148856765 9.318156381967103
8991 0 0.01 inf 6.6419961144910795 0.05829683301045026 9.275187523341648
8992 0 0.01 148303.47705853253 6.7169206985407675 0.046366345763173826 9.198004007946189
8993 0 0.01 inf 6.613472737726184 0.04258649544815829 9.32095967202131
8994 0 0.01 inf 6.891532018830888 0.04423979948410124 9.325370201092285
8995 0 0.01 inf 6.665459079333301 0.05779169183643727 9.186911842766511
8996 0 0.01 inf 6.674472658298267 0.053642750857223254 9.229058048306578
8997 0 0.01 inf 6.6782420482929785 0.051761673660925794 9.137095464206027
8998 0 0.01 148023.24292551226 6.70783172216202 0.04853963299921679 9.161786159003615
8999 0 0.01 150751.47042357412 6.763562685710985 0.04676816381187461 9.05630998325153
9000 0 0.01 inf 6.805668857561575 0.057306800860616375 9.124385447096753
9001 0 0.01 inf 6.639021082762895 0.0511305738671156 9.147637290716846
9002 0 0.01 inf 6.594353489077735 0.054294758405148094 9.300715390478175
9003 0 0.01 inf 6.6847332055493105 0.052162963696285654 9.27417680167496
9004 0 0.01 890294368.6625563 6.613826502367214 0.04231163709233366 9.103690128813371
9005 0 0.01 565401173.6270229 6.646868871319644 0.046801301592147244 9.106521683307246
9006 0 0.01 inf 6.598634644717274 0.05324500784281206 9.198042079828388
9007 0 0.01 inf 6.601431902739673 0.05725059479813697 9.060838846874033
9008 0 0.01 inf 6.735063710644611 0.05220904416486186 9.228828570245915
9009 0 0.01 inf 6.527273440655964 0.0489574257337204 9.328681925765322
9010 0 0.01 inf 6.7080626648961195 0.05115997090052459 9.097842352781779
9011 0 0.01 566407575.5931716 6.646770260056284 0.04698017273813379 9.145887044217433
9012 0 0.01 inf 6.693799838689614 0.045996787124076 9.323449007183301
9013 0 0.01 inf 6.541996427856257 0.051581057683407365 9.297119811877085
9014 0 0.01 inf 6.828342747472007 0.05495595665597021 9.096429251592907
9015 0 0.01 inf 6.58753749508044 0.04522264587685187 9.236322346470041
9016 0 0.01 inf 6.695532512848446 0.058890736556212936 9.154434027696048
9017 0 0.01 inf 6.648986549200367 0.05235623770113208 9.173103806957748
9018 0 0.01 inf 6.656295845781586 0.05291904124022556 9.255685181452547
9019 0 0.01 inf 6.699544654240459 0.052948594961720656 9.21252962687441
9020 0 0.01 inf 6.6531341008625375 0.0509172279255238 9.26774996764409
9021 0 0.01 inf 6.716355672241762 0.0538743873687091 9.023558560153612
9022 0 0.01 inf 6.777067209262766 0.04849520317326566 9.305571142452166
9023 0 0.01 150330.53541463174 6.769981814814363 0.0435995172771315 9.139407532105412
9024 0 0.01 inf 6.545336079916632 0.04964867676763242 9.413592235129467
9025 0 0.01 inf 6.648371553494234 0.05000905293158434 9.08260605781081
9026 0 0.01 inf 6.439484966223434 0.05361031764118796 9.23427697300237
9027 0 0.01 150010.2994006583 6.8596707071936915 0.04952991273675576 9.161398726233262
9028 0 0.01 inf 6.634685381636044 0.055865745126169014 9.202704345295047
9029 0 0.01 inf 6.765159871623555 0.043234321256758135 9.344046276497144
9030 0 0.01 220999012.4679072 6.679350656744173 0.04584614276837715 9.111636118208322
9031 0 0.01 149857.57655957754 6.749834818806904 0.04890303001077945 9.067304993179222
9032 0 0.01 inf 6.744747271997876 0.05399074627561481 9.145184487285654
9033 0 0.01 154295.77943252015 6.856186670027367 0.04819994918003648 8.988267726227242
9034 0 0.01 inf 6.670752041702785 0.042196009599667614 9.259230809707695
9035 0 0.01 inf 6.831215347215637 0.05010137916498199 9.255731451848984
9036 0 0.01 inf 6.781831257639312 0.05488764024206987 9.201164842581774
9037 0 0.01 inf 6.757043216249108 0.05868342368489496 9.363146414326817
9038 0 0.01 inf 6.707109509601462 0.05305349428246277 9.242745739305034
9039 0 0.01 inf 6.746230499710791 0.05103466037760177 9.183090784018257
9040 0 0.01 150435.23752247615 6.813621773948567 0.046237510411058565 9.131756850620942
9041 0 0.01 inf 6.493512333634721 0.05050880703314063 9.203535122360464
9042 0 0.01 inf 6.722164019599591 0.04408578876563615 9.238980578941515
9043 0 0.01 1221816091.5491316 6.577300065472116 0.04552046129812645 9.169657936966948
9044 0 0.01 inf 6.737373889389943 0.04536245993121487 9.282237263815162
9045 0 0.01 inf 6.745627279830076 0.050229673095991294 9.199293390049066
9046 0 0.01 inf 6.621300558571711 0.05241970458146739 9.210188712001761
9047 0 0.01 152251.8270468801 6.792651208773111 0.03982484853361786 9.098017919459078
9048 0 0.01 550678527.4511977 6.6483084038809865 0.045746676767192206 9.018509276607894
9049 0 0.01 inf 6.7397340924744835 0.0543528359748788 9.185499090043034
9050 0 0.01 inf 6.543495844249676 0.0525665377013807 9.1701436904446
9051 0 0.01 inf 6.797400444620498 0.049777504292377636 9.32569467180637
9052 0 0.01 inf 6.669148640338514 0.051857440751528136 9.22352558429205
9053 0 0.01 inf 6.464577727302878 0.047409804421312096 9.31944100181904
9054 0 0.01 405449765.3533109 6.662257180220282 0.0442606345571371 9.04545210209367
9055 0 0.01 190125265.3102627 6.682147125904692 0.04971473874870678 9.116721460233753
9056 0 0.01 inf 6.672516873690704 0.05887623147243219 9.204048833676913
9057 0 0.01 inf 6.637433930244043 0.03397712545239685 9.331930700727451
9058 0 0.01 153795342.3641915 6.6854151603831635 0.04505083764246256 9.078596063968648
9059 0 0.01 185117783.25835657 6.682599207654605 0.043464867047457265 9.071602424969475
9060 0 0.01 inf 6.508336032645889 0.0530652974189422 9.218893820717833
9061 0 0.01 inf 6.8562606296580055 0.04655898324633032 9.22933791954546
9062 0 0.01 148729.70403339417 6.815491349314896 0.0498188881672349 9.191234236100268
9063 0 0.01 inf 6.787093072389479 0.04919296835456826 9.2388942499834
9064 0 0.01 87159589.00227222 6.6913458720717935 0.04951199332558655 9.022475644628553
9065 0 0.01 inf 6.546165115797318 0.04266503004352963 9.233059072163792
9066 0 0.01 inf 6.6295067713453655 0.04975656149639234 9.2068040053984
9067 0 0.01 296235985.8055909 6.672459366844529 0.04099294418154286 9.149532381639059
9068 0 0.01 inf 6.863675236572317 0.056563948186945025 9.191497690776826
9069 0 0.01 inf 6.784734547435461 0.05537663525914548 9.288973960515676
9070 0 0.01 inf 6.7275626897005285 0.04097533136716999 9.26805002851914
9071 0 0.01 148911.50501031437 6.706587316046165 0.04392182194082672 9.196269457413125
9072 0 0.01 617972579.8283479 6.6416898314864365 0.04706236511622625 9.065999072560343
9073 0 0.01 inf 6.651606555526717 0.052232340781311344 9.238617869016027
9074 0 0.01 inf 6.5888646480984425 0.05175963071655823 9.204384616173865
9075 0 0.01 inf 6.605049446237247 0.05158200805928378 9.244684518432777
9076 0 0.01 147878.21820495656 6.702055691409829 0.04848095609318234 9.170636614490883
9077 0 0.01 inf 6.692371174606814 0.05285569593385161 9.065433175338445
9078 0 0.01 inf 6.779995422059881 0.051813292008018486 9.340035714085342
9079 0 0.01 inf 6.778733651538383 0.055168568127642724 9.372812669399249
9080 0 0.01 461839606.59303075 6.656894241092218 0.04682846008807998 8.964682468118232
9081 0 0.01 inf 6.897951734477734 0.04903088818057512 9.280377427772013
9082 0 0.01 617359382.6842049 6.641750451133934 0.047855377776811286 9.195787843229539
9083 0 0.01 inf 6.612737064599555 0.048009023389253634 9.2298167806453
9084 0 0.01 inf 6.719703546182649 0.055202168094245004 9.128792280305476
9085 0 0.01 inf 6.9413977369819 0.05760331383364285 9.10110214364301
9086 0 0.01 inf 6.566442893530636 0.04924122710492889 9.24349159902844
9087 0 0.01 inf 6.510616760800382 0.04417044912891979 9.262897991850588
9088 0 0.01 inf 6.768821807415554 0.05536425697230818 9.148769423055906
9089 0 0.01 453489619.92822343 6.657692424017678 0.04219338480622488 9.1966593251038
9090 0 0.01 827358565.142316 6.620426809109742 0.03657376192456298 9.123493362573049
9091 0 0.01 inf 6.766715882937644 0.042898185739177 9.259427675844126
9092 0 0.01 inf 6.821976916063835 0.05307831390770665 9.225066108861403
9093 0 0.01 inf 6.829430700589838 0.05087662294439061 9.279557742616204
9094 0 0.01 inf 6.615306593105409 0.05393119506657216 9.22735796151678
9095 0 0.01 inf 6.542141177177156 0.05782639607768358 9.129195989684296
9096 0 0.01 inf 6.683551132503066 0.05551076273622675 9.255288164513773
9097 0 0.01 1144179212.0293257 6.586133667346641 0.04072424903136171 9.14515251406793
9098 0 0.01 inf 6.654600506304439 0.041126819928688066 9.261726687249203
9099 0 0.01 1623377655.1520708 6.52850138374234 0.04837837869541365 9.110420115851822
9100 0 0.01 inf 6.721913765313675 0.05071351529894983 9.222960213817831
9101 0 0.01 149673.7250079616 6.865497107322452 0.04954545244222352 9.185899304408066
9102 0 0.01 inf 6.85785800288851 0.051110530712329995 9.249751846301153
9103 0 0.01 147504.28974609033 6.7021466006799955 0.04948046015571495 9.182449408214602
9104 0 0.01 150644.5631886977 6.728272820571435 0.04603440502040884 9.03665791131894
9105 0 0.01 151214.33370898466 6.752091335902676 0.03990959413550293 9.13418076685473
9106 0 0.01 429734082.39445925 6.659955662507297 0.04419428281079775 9.096948496729919
9107 0 0.01 inf 6.719915874566903 0.050228130068655535 9.31084518235339
9108 0 0.01 inf 6.721724046166939 0.042724678857831364 9.246977171058894
9109 0 0.01 inf 6.545033576295386 0.0467870255890081 9.242813393860684
9110 0 0.01 inf 6.6336816656669395 0.052153899601506896 9.219994130301473
9111 0 0.01 inf 6.4902821711631065 0.0504324386813988 9.109288439438131
9112 0 0.01 149866.5144311753 6.710491134564373 0.04341594273302558 9.121376361680118
9113 0 0.01 inf 6.902869364913692 0.052057874176203604 9.078836158114772
9114 0 0.01 inf 6.589530421420654 0.055443843350687715 9.22648654011283
9115 0 0.01 364586002.70940745 6.666102380665096 0.04765802848168537 9.15732841595111
9116 0 0.01 41333868.504958004 6.695377867114609 0.04545267444203915 9.190625647118628
9117 0 0.01 inf 6.742377856437613 0.05356147107847893 9.102912327799617
9118 0 0.01 inf 6.794667541400796 0.047054971657898674 9.282227693450205
9119 0 0.01 inf 6.675211657188761 0.04819163703465316 9.257306739520805
9120 0 0.01 inf 6.652579981892048 0.04776111562583446 9.331575826571088
9121 0 0.01 inf 6.655064396943107 0.05062907651477755 9.14266840607498
9122 0 0.01 inf 6.565970042774934 0.05423212130986208 9.230095182825437
9123 0 0.01 151324.3222881591 6.812590786380716 0.04380107278556044 9.111962548218756
9124 0 0.01 inf 6.5735997784784175 0.057009249400715396 9.17023551838336
9125 0 0.01 inf 6.695955954860883 0.04338163469617375 9.248522077119876
9126 0 0.01 151542.4035380224 6.760727095068092 0.04079514757090326 9.096829026445622
9127 0 0.01 inf 6.518585450888938 0.05950333699028066 9.082130945952683
9128 0 0.01 inf 6.574938514719686 0.054670994340733685 9.17016325776078
9129 0 0.01 inf 6.472812048388667 0.054257985360709894 9.136265084089029
9130 0 0.01 inf 6.6447317723941834 0.050673635295261615 9.243983961284133
9131 0 0.01 inf 6.796403926048354 0.05611607122529221 9.17065713178804
9132 0 0.01 inf 6.7976525626793896 0.05295206068841015 9.287110895379536
9133 0 0.01 inf 6.696644006215409 0.05128238338131424 9.132892660633843
9134 0 0.01 inf 6.671196566991787 0.05176520700458201 9.292216244913861
9135 0 0.01 inf 6.63108470196024 0.047830562451178976 9.288542357376839
9136 0 0.01 inf 6.810416910171489 0.05590604566606278 9.278219115903267
9137 0 0.01 inf 6.761379466407434 0.05562291552029789 9.15681177207179
9138 0 0.01 inf 6.714600540194871 0.04616192469859664 9.358381644387087
9139 0 0.01 inf 6.561353869229426 0.043458960529485204 9.262064988388312
9140 0 0.01 707069115.65431 6.6327691563341205 0.039570303402493394 9.059056803710048
9141 0 0.01 inf 6.588164450063561 0.04307037779945904 9.442934489263054
9142 0 0.01 inf 6.760462609260273 0.053551332682274036 9.309898912922934
9143 0 0.01 inf 6.743245109700902 0.05169809015768943 9.150623185915002
9144 0 0.01 200744638.0067164 6.681187283715468 0.04542767425734666 9.184352574776456
9145 0 0.01 inf 6.549697452597559 0.06168108574398124 9.209052963184984
9146 0 0.01 153926.79060544202 6.8198577918700165 0.04219164667776758 9.00419922632746
9147 0 0.01 inf 6.753586605446354 0.04790679287297909 9.288587887564612
9148 0 0.01 inf 6.675498934211724 0.05292627180646738 9.1568437583996
9149 0 0.01 inf 6.8752330240574 0.04254092497425001 9.255426723856052
9150 0 0.01 inf 6.541478794957619 0.04992535571384928 9.214401892315168
9151 0 0.01 inf 6.701459167267781 0.05606235064145557 9.412852186945798
9152 0 0.01 inf 6.716459039157714 0.053611286514571053 9.227215024722513
9153 0 0.01 inf 6.544872689999002 0.05314620923592077 9.141281120716537
9154 0 0.01 inf 6.745460810630905 0.04445970723152911 9.215110084860264
9155 0 0.01 inf 6.600252439667696 0.053833898869467024 9.041602158285079
9156 0 0.01 inf 6.659077894031485 0.05117969282078641 9.20656683746887
9157 0 0.01 inf 6.820349575252867 0.05119246237994926 9.127150333382353
9158 0 0.01 149368.30728125456 6.7409167977109234 0.04554644827502402 9.145295852884267
9159 0 0.01 inf 6.72904223774164 0.049476357166358044 9.267227200092934
9160 0 0.01 inf 6.599114004144449 0.06134929576986366 9.102423389887138
9161 0 0.01 inf 6.702110080008114 0.05016318775863 9.200231851302815
9162 0 0.01 inf 6.795489461439512 0.046490713831952045 9.32302214886302
9163 0 0.01 inf 6.505190239367543 0.04336212966200559 9.208546156337405
9164 0 0.01 inf 6.657191994673793 0.044977606201982503 9.229143665600603
9165 0 0.01 inf 6.645065946962012 0.051799345472151245 9.205120026921673
9166 0 0.01 inf 6.538904558625467 0.051983693035080346 8.892956458242631
9167 0 0.01 inf 6.732722707544345 0.04565392880777091 9.228704408434023
9168 0 0.01 inf 6.706376109493202 0.05799195079353255 9.204682773224766
9169 0 0.01 inf 6.637497002152164 0.05606725055979129 9.29748425363469
9170 0 0.01 546968549.3744936 6.648670140635953 0.04815507701656305 9.172148560145168
9171 0 0.01 336072385.40267676 6.6687657980600035 0.03865666877913658 9.198048690631099
9172 0 0.01 150017.41843839912 6.866799398328207 0.048659336565553234 9.178029643294842
9173 0 0.01 inf 6.515948820992564 0.054013821820695744 9.113070923505406
9174 0 0.01 inf 6.698845332699143 0.05118992532553883 9.061802073404596
9175 0 0.01 inf 6.625847442594725 0.04167123738239258 9.216597719028247
9176 0 0.01 inf 6.592287452374745 0.04729851759990285 9.246836238503539
9177 0 0.01 inf 6.899965919141299 0.06278898626631603 9.18129460215162
9178 0 0.01 inf 6.59217763335321 0.04567557750495842 9.28524877010865
9179 0 0.01 inf 6.513347859749971 0.046659759102287375 9.214425744402714
9180 0 0.01 inf 6.610587891449254 0.04414946539825466 9.240221684893871
9181 0 0.01 inf 6.5651172882835 0.05494656952826004 9.323838307442088
9182 0 0.01 inf 6.642238409635269 0.04627254255867361 9.268271597957439
9183 0 0.01 inf 6.795379906290241 0.045960660527698385 9.260450435724527
9184 0 0.01 1444865095.962819 6.550874184088773 0.04716655295843321 9.024866839730022
9185 0 0.01 inf 6.6830222543814015 0.05020028476588996 9.130144213221865
9186 0 0.01 806667817.5436738 6.62257465313871 0.04446613144136249 9.134069391768262
9187 0 0.01 inf 6.603975948548937 0.05677049417133178 9.115755916567378
9188 0 0.01 inf 6.752629299286107 0.0492053812054551 9.236207817624903
9189 0 0.01 inf 6.88922038263829 0.0632687187418593 9.414480142264557
9190 0 0.01 148715.45342881372 6.71902391497904 0.04960500947698169 9.098995669156883
9191 0 0.01 inf 6.582110026906075 0.05502307533007533 9.167043512916369
9192 0 0.01 inf 6.65021414973256 0.05308337029044232 9.234314141627708
9193 0 0.01 994063693.6993191 6.602719959184199 0.04858317022489593 9.184830665695813
9194 0 0.01 inf 6.807690621173418 0.05078427252043047 9.107427560769862
9195 0 0.01 inf 6.660964062880902 0.04103662099419809 9.219592508098012
9196 0 0.01 inf 6.893570116189156 0.05244451458667871 9.102710290472135
9197 0 0.01 inf 6.580324054765304 0.04625923222216215 9.247847400876463
9198 0 0.01 1074838346.8694363 6.593873988997772 0.04453939665727684 9.098112901423399
9199 0 0.01 150579.47548849176 6.780924374511625 0.04247568591818933 9.154575925396713
9200 0 0.01 inf 6.922614692458341 0.05323339679409658 9.20618880957023
9201 0 0.01 inf 6.776608322546093 0.048336523667691755 9.451373538828461
9202 0 0.01 inf 6.594319712093222 0.05241559986014401 9.135113646524026
9203 0 0.01 inf 6.732798217924893 0.05216961133076318 9.219130037226304
9204 0 0.01 inf 6.715030902377706 0.04967029493983633 9.248085524469863
9205 0 0.01 inf 6.58894734842623 0.050157091063957084 9.168558598649332
9206 0 0.01 inf 6.652553182291893 0.04796126688538384 9.250444299255552
9207 0 0.01 inf 6.846884771237928 0.05527487132931597 9.17538465523673
9208 0 0.01 inf 6.648698192838714 0.050724410098179566 9.37299429136198
9209 0 0.01 247076124.5584661 6.676974409561249 0.04849485724571319 9.107634175588258
9210 0 0.01 inf 6.715339586227141 0.05066922535771394 9.093136851900027
9211 0 0.01 inf 6.498250865315185 0.048207327614219274 9.28674544710318
9212 0 0.01 inf 6.769903112612477 0.05299349871860962 9.136376403928853
9213 0 0.01 inf 6.733794436945115 0.05399950641065337 9.210643098450554
9214 0 0.01 616713174.2733866 6.64181446796831 0.049381544799746026 9.162431835357085
9215 0 0.01 inf 6.492823175877589 0.050097686149449636 9.24570362366997
9216 0 0.01 inf 6.688348876851015 0.04545020683068946 9.243517632425402
9217 0 0.01 27228238.724683594 6.696611767584638 0.03662847198771474 9.14930252003279
9218 0 0.01 inf 6.837535408325575 0.055245677642668946 9.197874840180685
9219 0 0.01 914183991.954581 6.611294702956604 0.040694198808289464 9.147056800936996
9220 0 0.01 1022475637.5354389 6.599629214562559 0.049835101163114716 8.904405361954716
9221 0 0.01 214557603.25033692 6.67993564841264 0.04908391160734091 9.024489977431985
9222 0 0.01 151692.97617531003 6.824426404535012 0.04823628013810884 9.055665509595428
9223 0 0.01 inf 6.711097325447419 0.04514553067293962 9.319694920965146
9224 0 0.01 inf 6.604869031373942 0.05615325907964538 9.097013242114075
9225 0 0.01 34961605.947853096 6.695935715528294 0.04631646742262949 9.052763934761627
9226 0 0.01 1348361958.4695182 6.562505462503117 0.043283810549379735 9.045286501470033
9227 0 0.01 inf 6.664282407777706 0.052265518392245136 8.905800715585412
9228 0 0.01 inf 6.588668118605446 0.057088636080350294 9.170691092374566
9229 0 0.01 inf 6.713366718300606 0.05121988704224469 9.24563930711533
9230 0 0.01 inf 6.446883208914555 0.05098549831630651 9.19716935857991
9231 0 0.01 inf 6.6912432969591435 0.050962588007023066 9.17455440981939
9232 0 0.01 inf 6.858869993469424 0.054252396257701035 9.014311375239835
9233 0 0.01 897119873.7762835 6.613104699745362 0.040090676790588295 9.124309593070027
9234 0 0.01 inf 6.7311732527905495 0.05170959579241328 9.193044393722468
9235 0 0.01 inf 6.728786111673156 0.05751452251853072 9.01061840320931
9236 0 0.01 inf 6.579900928199719 0.052913258960026174 9.060265641842102
9237 0 0.01 inf 6.8296532278214 0.053958320134614095 9.233868027953529
9238 0 0.01 inf 6.652545964747116 0.053048037779432095 9.064683697146942
9239 0 0.01 inf 6.663840216152841 0.056042085203992544 9.394663466320836
9240 0 0.01 inf 6.588647446297982 0.040439286235534666 9.332710441073415
9241 0 0.01 1626844871.2924547 6.528055413573558 0.0468947665914887 8.991097206638845
9242 0 0.01 inf 6.806732251434301 0.05098054248050662 9.194921773520187
9243 0 0.01 inf 6.656035890704476 0.049768162657983755 9.207235331819138
9244 0 0.01 inf 6.693777123408488 0.053516165938587226 9.035357305494617
9245 0 0.01 inf 6.7311971829011 0.051629633557923944 9.16563777123141
9246 0 0.01 inf 6.654461813280551 0.050440090308474086 9.193013443243638
9247 0 0.01 910042754.0793802 6.611734458207035 0.04701213450319395 9.132147014227458
9248 0 0.01 inf 6.717660295251922 0.04739666920514185 9.226775786807249
9249 0 0.01 inf 6.7927525536466185 0.05537983803016794 9.127035467730497
9250 0 0.01 inf 6.583606564234604 0.04751315149346066 9.24136049241825
9251 0 0.01 inf 6.648764733721921 0.04173406736292357 9.2584798826772
9252 0 0.01 inf 6.666713489179295 0.045249814107387 9.204978923599668
9253 0 0.01 inf 6.66741564265558 0.05122589725964673 9.110404764049333
9254 0 0.01 152516.6825324613 6.783250953361624 0.040085133110082785 9.066930528965928
9255 0 0.01 942374933.8087069 6.6082876524789995 0.049676439624491094 9.130914537929497
9256 0 0.01 inf 6.614082800200177 0.054841419959256836 9.294185621000144
9257 0 0.01 149412.6589501701 6.7994289941322075 0.04853358938459641 9.148843992209892
9258 0 0.01 inf 6.570990404566999 0.05129045401747589 9.14462097137308
9259 0 0.01 inf 6.769189412419384 0.05141662911245606 9.224074990985587
9260 0 0.01 inf 6.734141468131585 0.049990764949393265 9.26038184100462
9261 0 0.01 inf 6.690254955728792 0.0459170452147633 9.33804967932733
9262 0 0.01 1434545010.361157 6.552132947881012 0.04762782131051874 9.061795966463958
9263 0 0.01 inf 6.753691851187421 0.03940565881178292 9.321419958589544
9264 0 0.01 inf 6.497221097498973 0.05099523522277103 9.149290526362964
9265 0 0.01 inf 6.652044049948958 0.052655535783416044 9.129913509784316
9266 0 0.01 148374.763474843 6.707239806748135 0.0467859101230935 9.170219974147145
9267 0 0.01 176247008.496409 6.6833983721626815 0.04907720030194007 9.140796826098127
9268 0 0.01 inf 6.608467790901227 0.05814994267296848 9.22110676674053
9269 0 0.01 149211.23873824245 6.808597431472141 0.04682728310544719 9.199945944574026
9270 0 0.01 148347.4827742314 6.705453984335036 0.04656801398956037 9.176691320136845
9271 0 0.01 1284998863.327337 6.5699763694744 0.044716575941627534 9.026691250718883
9272 0 0.01 inf 6.82547565254318 0.05345974325063786 9.285099738869087
9273 0 0.01 155205.28274250674 6.847024434246325 0.04406522447512765 8.968197638461161
9274 0 0.01 inf 6.586503154798603 0.039700215447552076 9.246427802031032
9275 0 0.01 149635.53515172796 6.746431940502065 0.048448738438518525 9.082987472694956
9276 0 0.01 inf 6.491828504563982 0.056391661586377186 9.054495491174851
9277 0 0.01 1074843246.5718305 6.593873372292758 0.04635221620211578 9.116311983883948
9278 0 0.01 inf 6.660854332348121 0.0457587054427568 9.252128964493188
9279 0 0.01 inf 6.732592679817011 0.05075764455429192 9.244026828034034
9280 0 0.01 inf 6.690212444173215 0.05536859878166614 9.119472107016179
9281 0 0.01 inf 6.565860652575624 0.04359536333658499 9.27127813002974
9282 0 0.01 inf 6.627361808612482 0.05800784877471101 9.136768157841624
9283 0 0.01 inf 6.788856027363029 0.05757635772352541 9.171108134456484
9284 0 0.01 inf 6.75149487594595 0.05389183940993453 9.300590283861753
9285 0 0.01 149527.245445393 6.769435707256799 0.04810072014741472 9.117706634978985
9286 0 0.01 inf 6.652073724788993 0.06158727742672686 9.163193260735106
9287 0 0.01 inf 6.633501706781432 0.04911639769615045 9.221590168200937
9288 0 0.01 inf 6.624322436970724 0.0572013987778006 9.345996005359533
9289 0 0.01 inf 6.902377145905663 0.05114160071249074 9.163771992381264
9290 0 0.01 inf 6.84144928023848 0.04742148122200427 9.28619742382927
9291 0 0.01 318431004.5195441 6.670405140141601 0.04827684239392886 9.150268385056728
9292 0 0.01 904047104.5503199 6.612370688612386 0.04622305216244683 9.08711322679604
9293 0 0.01 inf 6.704379009855088 0.046323958233214925 9.204505838584081
9294 0 0.01 148927.79524995567 6.69959687697682 0.047732710484467845 9.095571763766653
9295 0 0.01 inf 6.6214103947194305 0.04464208212872095 9.273775908492153
9296 0 0.01 inf 6.759745561401624 0.04896282995534052 9.235732755152497
9297 0 0.01 inf 6.732131872911123 0.05633317744222364 9.127749712136634
9298 0 0.01 inf 6.731460449433216 0.03532509775597418 9.227550548559195
9299 0 0.01 inf 6.825697576948549 0.05068145335504182 9.175262933796027
9300 0 0.01 150514.09017551097 6.718352390241206 0.04582937062765903 9.0374961212147
9301 0 0.01 inf 6.639226541896677 0.05846257692898017 9.089729867275807
9302 0 0.01 inf 6.623597906143082 0.04665710912153834 9.234012199664187
9303 0 0.01 inf 6.708336150256673 0.05927549873606404 9.271931600321317
9304 0 0.01 inf 6.8624190441473445 0.0468795649762815 9.21897139476611
9305 0 0.01 inf 6.5513563561978225 0.04340406292539443 9.360066744894315
9306 0 0.01 inf 6.752390827058226 0.05360467200476092 9.189102908188065
9307 0 0.01 inf 6.64830918558692 0.05337514377055105 9.155701738426906
9308 0 0.01 inf 6.736433470749774 0.052331746583856115 9.219121178560862
9309 0 0.01 inf 6.624829484890051 0.057292605730232454 9.241693329902304
9310 0 0.01 inf 6.7852056197984005 0.05517322323851454 9.286847870031751
9311 0 0.01 inf 6.811190134450704 0.05351108507254096 9.289949053433535
9312 0 0.01 inf 6.798882746420243 0.05072476084217384 9.080608328264422
9313 0 0.01 inf 6.659225309613817 0.05995795084165022 9.090590349435406
9314 0 0.01 1903082456.6938047 6.4909501680823665 0.04819844297313147 9.168377276668346
9315 0 0.01 inf 6.790952566471372 0.056524200346901116 9.242840295710362
9316 0 0.01 inf 6.750999015545129 0.03837094990893202 9.239745934834357
9317 0 0.01 inf 6.59935273352466 0.05343970119942135 9.228924527882498
9318 0 0.01 inf 6.5816540767268865 0.048899434351053865 9.218207991305707
9319 0 0.01 inf 6.801216789959819 0.047890896168239196 9.300199108035992
9320 0 0.01 inf 6.7531114428714805 0.056107625858374144 9.299632309894225
9321 0 0.01 inf 6.519873895853683 0.05547093314766406 9.15381934849912
9322 0 0.01 inf 6.718528022908658 0.05093701629793153 9.239501269587084
9323 0 0.01 inf 6.662554607486628 0.04646754665004591 9.267054277375582
9324 0 0.01 inf 6.73545383836495 0.054324391768668295 9.05903019625567
9325 0 0.01 inf 6.628598165431169 0.057048250555932926 9.122934284444586
9326 0 0.01 150624.82434279038 6.770714862688527 0.04922325779278146 9.04356835358092
9327 0 0.01 inf 6.595899362498588 0.04757009440668718 9.239133727576325
9328 0 0.01 inf 6.519721464636765 0.05234567204023505 9.14834553147673
9329 0 0.01 inf 6.70084117307396 0.043846170863963106 9.346417875920851
9330 0 0.01 inf 6.645905108345581 0.05332986557678084 9.25130105392953
9331 0 0.01 151436.09153697142 6.738048214591429 0.039084429777458844 9.122913074382335
9332 0 0.01 inf 6.75171432887354 0.06063710682303754 9.260025376485803
9333 0 0.01 30215803.027447153 6.696350590917732 0.04561344849049724 9.092515700822073
9334 0 0.01 inf 6.71382436061816 0.05159621872481917 9.234673859008089
9335 0 0.01 148888.94959668937 6.783237754773904 0.048584051385435666 9.167330652505207
9336 0 0.01 148458.9698252102 6.716216995864272 0.04644221457682251 9.17988376144312
9337 0 0.01 inf 6.641439596908398 0.053612903366467755 9.198646737173362
9338 0 0.01 inf 6.626939188023469 0.053892717564117516 9.27567354875535
9339 0 0.01 151207.51008069358 6.749121532658991 0.043502017306328716 9.060191460763278
9340 0 0.01 inf 6.663693330228731 0.05463574369345847 9.178819556991368
9341 0 0.01 153202.57400115544 6.922292955375332 0.04161597831127558 9.146649721070993
9342 0 0.01 inf 6.805597916385478 0.05453953363192315 9.17047490940071
9343 0 0.01 812865472.686025 6.621932178156432 0.048543316509169515 9.164301648592826
9344 0 0.01 inf 6.666201081087882 0.05454104191785791 9.215834737496122
9345 0 0.01 inf 6.580632629549943 0.05503591554683253 9.086290817682551
9346 0 0.01 inf 6.463604002891626 0.048780860244945656 9.217975737350095
9347 0 0.01 inf 6.7182174162189865 0.05258199294189231 9.1607946494588
9348 0 0.01 inf 6.564268298836811 0.05442202016528434 8.984103428874723
9349 0 0.01 149660.70874479305 6.768630548294163 0.04760228688763096 9.115559558340713
9350 0 0.01 inf 6.729507273702116 0.05093065249812009 8.999971386559384
9351 0 0.01 inf 6.800994980976493 0.0547872522391404 9.367867362485267
9352 0 0.01 inf 6.633413610637078 0.05491558485477823 9.308961048925292
9353 0 0.01 1164873054.2183633 6.583796540304533 0.04440411440963599 9.126917645114844
9354 0 0.01 inf 6.7312712565794985 0.058538248285679634 9.24853111907658
9355 0 0.01 inf 6.6195081788145975 0.05040177794900161 9.14366226458972
9356 0 0.01 419448064.5456457 6.660932118082615 0.040596105970205264 9.053021446548268
9357 0 0.01 inf 6.646860306429165 0.05783296762511664 9.364283433643964
9358 0 0.01 1026937236.6995969 6.59914157204139 0.0456803774640788 9.174341884363544
9359 0 0.01 149418.58632336988 6.784050892770426 0.04797021680361213 9.141351547289451
9360 0 0.01 inf 6.781911150040803 0.05145428489732581 9.217342066047301
9361 0 0.01 inf 6.724610411992991 0.057373183127336795 9.136168743158144
9362 0 0.01 150336.1246261404 6.770121521714421 0.04306570932166188 9.150179147851459
9363 0 0.01 148892.08628336684 6.70402693139027 0.049106826785441066 9.079516925339457
9364 0 0.01 523438382.25725234 6.650959152999397 0.04944225246820454 8.935469817965117
9365 0 0.01 inf 6.877786692651619 0.04707809780679167 9.246740202876447
9366 0 0.01 inf 6.777884832999802 0.05665775526299089 9.292084068184723
9367 0 0.01 inf 6.753613321912761 0.04333025965117599 9.216154758923972
9368 0 0.01 inf 6.690576690803245 0.049159179406335664 9.220941549732146
9369 0 0.01 inf 6.750532844228253 0.05035838693097169 9.32489241693937
9370 0 0.01 inf 6.4839593471457295 0.043725610389457374 9.431376128444985
9371 0 0.01 1259769919.4963393 6.5729154013853766 0.04667522952620262 9.194575021713744
9372 0 0.01 inf 6.7683478192551485 0.052073048848531235 9.159777452637591
9373 0 0.01 1140395219.5218465 6.586559611507779 0.04484572012357867 9.03143330765296
9374 0 0.01 151776.12002914894 6.840386862054497 0.047958674817010716 9.070187061445163
9375 0 0.01 inf 6.689584418926053 0.052269241942093266 9.213463423862315
9376 0 0.01 inf 6.917595750052458 0.05264936100250103 9.246769969457242
9377 0 0.01 inf 6.760610908539555 0.05349818297892041 9.22200267653665
9378 0 0.01 inf 6.760966936391874 0.05466281676076335 9.179685151244492
9379 0 0.01 inf 6.7765534639339 0.050738637031365455 9.19765257035923
9380 0 0.01 inf 6.822292624055231 0.04458846214230731 9.222788225402098
9381 0 0.01 inf 6.559983532984971 0.04957147816794213 9.202409781649218
9382 0 0.01 inf 6.695517066524006 0.05832067164133621 9.272887901364246
9383 0 0.01 inf 6.856756535824026 0.05240911139700338 9.066095035058273
9384 0 0.01 inf 6.653194713968439 0.05198287798609333 9.305817106933926
9385 0 0.01 150347.5790211131 6.804168922296364 0.04766607974034072 9.10860463969312
9386 0 0.01 152892.94462567952 6.9228729496357095 0.048971155212981766 9.100188922493883
9387 0 0.01 2327083417.1676636 6.427009326747474 0.04454594035296779 9.169081732634753
9388 0 0.01 inf 6.674658318548409 0.044352641445824695 9.337117559990496
9389 0 0.01 150528.91727852193 6.82939573120893 0.044281401967224736 9.172052424791277
9390 0 0.01 192395512.2740329 6.681942102712215 0.046633632023689364 9.185653312639062
9391 0 0.01 inf 6.722701704313595 0.052225698850925234 9.218979672540295
9392 0 0.01 151474.9720996228 6.704159493913944 0.0395147845204996 9.074287609966198
9393 0 0.01 341972231.6448752 6.668215847518054 0.048323416947891086 9.15418000810799
9394 0 0.01 364997781.4209185 6.666064048621767 0.047864128881481505 8.959194912959031
9395 0 0.01 1634652462.0328665 6.527049129698832 0.041794718945357294 9.115250817400938
9396 0 0.01 1311146600.3907187 6.5669087850257775 0.0457565352929716 9.140472171797397
9397 0 0.01 150528.98498097708 6.831206941555532 0.04635941749661956 9.142017919874547
9398 0 0.01 333597474.2046979 6.668995911734106 0.04957364808727123 9.162276043436625
9399 0 0.01 84832047.44536215 6.69155149456706 0.04815108977378459 9.102948232615857
9400 0 0.01 124915945.31413569 6.68799535751618 0.04788796527317787 9.096205582973843
9401 0 0.01 inf 6.602113436793413 0.053341803162973496 9.115935544103532
9402 0 0.01 inf 6.675031083620252 0.04499684514375424 9.327726030478656
9403 0 0.01 inf 6.7487860031177425 0.05478389763792206 9.217451731175128
9404 0 0.01 inf 6.469814085070751 0.05322550212578204 8.967785101705777
9405 0 0.01 inf 6.546651767522126 0.05766791172784363 9.217209842458235
9406 0 0.01 inf 6.63185184539735 0.04517578749795644 9.413912914105142
9407 0 0.01 inf 6.713143939461016 0.05743670337451624 9.168846450351579
9408 0 0.01 inf 6.628395241689357 0.05772955402305137 9.095188363307242
9409 0 0.01 1284221558.4819548 6.570067214774808 0.04372674466425823 9.066278761025739
9410 0 0.01 669338785.1140887 6.6365691915635425 0.041270149967078194 9.169741278274445
9411 0 0.01 inf 6.8079527699050235 0.05255312626793257 9.268565512837753
9412 0 0.01 inf 6.714675041320639 0.05060883068824376 9.096095722668771
9413 0 0.01 150314.79787509618 6.779194152558907 0.04471891814929139 9.128970794192382
9414 0 0.01 148964.65324514546 6.720686751740356 0.0445681388446249 9.185246638306094
9415 0 0.01 58371838.655632004 6.693883238224273 0.04307559903824781 9.109030570102526
9416 0 0.01 inf 6.552935871057105 0.04661627127058541 9.264163195608921
9417 0 0.01 871511764.4679177 6.615806546398706 0.049573347040509204 9.113802844657462
9418 0 0.01 inf 6.695542868990595 0.052811799235216575 9.250591875694216
9419 0 0.01 545025293.4009813 6.648859670330401 0.045918552295998075 9.177237660431645
9420 0 0.01 149726.397583836 6.765084000257576 0.04981019723048538 9.079417035975641
9421 0 0.01 154501.72249332492 6.931510729070673 0.04224039214221954 9.091048066209451
9422 0 0.01 153562.1622670727 6.897929951631697 0.049684582871253366 9.047984510382674
9423 0 0.01 inf 6.570105140029471 0.052524178370832376 9.14959737542448
9424 0 0.01 inf 6.563743489931395 0.04767609579900112 9.257703951606008
9425 0 0.01 inf 6.69766788020318 0.0469356917177936 9.334389833872384
9426 0 0.01 inf 6.690384355433729 0.042376708932932654 9.22394588801591
9427 0 0.01 inf 6.886953279095517 0.051685443131384276 9.170164758806228
9428 0 0.01 inf 6.8109217056699904 0.05586385421687417 9.082934725894876
9429 0 0.01 140496807.26097864 6.686605119449808 0.04598308735676722 9.18591348943222
9430 0 0.01 inf 6.518684787345777 0.04987671303231477 9.26338783878227
9431 0 0.01 inf 6.708415759419243 0.05045458368140707 9.055064111058952
9432 0 0.01 inf 6.7399703527726595 0.04858752558115182 9.279733982104798
9433 0 0.01 inf 6.720350354782466 0.047896529467865726 9.267974506447592
9434 0 0.01 inf 6.614624423081149 0.050294636895397614 9.054032999374584
9435 0 0.01 inf 6.7602911139864865 0.05052439217789748 9.024676210442623
9436 0 0.01 inf 6.725469210336229 0.04962881006308376 9.215345249307356
9437 0 0.01 inf 6.791856375518096 0.04719217526511618 9.238596797385954
9438 0 0.01 150868.62538001116 6.717416278646411 0.0480019849250312 8.99005227181786
9439 0 0.01 411644004.9013875 6.66167124579016 0.04821278230846134 9.017187771139398
9440 0 0.01 inf 6.900169167254644 0.05212601308166403 9.244364079390142
9441 0 0.01 inf 6.757735607370294 0.046500277596663114 9.210228694829272
9442 0 0.01 inf 6.578375169314819 0.052336984792163234 9.34439976569347
9443 0 0.01 inf 6.742301889015643 0.052944064465264666 9.358267953901082
9444 0 0.01 1619851227.1510494 6.528954926231952 0.04633448811415058 8.968926490282032
9445 0 0.01 inf 6.859351280249422 0.04788287614324344 9.36193142910463
9446 0 0.01 inf 6.613790008072884 0.05473552273011894 9.237519768998087
9447 0 0.01 inf 6.683457170852679 0.05138761555917765 9.06456638590617
9448 0 0.01 inf 6.673034996326651 0.051503499345800736 9.055143220276447
9449 0 0.01 inf 6.628677878057395 0.051489345106762015 9.253203333520965
9450 0 0.01 68707378.40417941 6.6929738161166386 0.04968082815515747 9.118124570428746
9451 0 0.01 inf 6.421809342038866 0.03818510986757792 9.224693986391875
9452 0 0.01 1015362508.5711461 6.600405231176646 0.03941582069498791 9.057778257611666
9453 0 0.01 inf 6.555240315560635 0.058575623602706746 9.195176545496821
9454 0 0.01 inf 6.558441165427969 0.05640493602634215 9.374449224978424
9455 0 0.01 153710.24072690937 6.847339110970167 0.04547596982494529 9.015095652099749
9456 0 0.01 1430470292.9589932 6.552628818207176 0.048637990241488696 9.19319413197542
9457 0 0.01 inf 6.806723481604513 0.05601299158267791 9.330809265456734
9458 0 0.01 inf 6.662909714585821 0.05692662562256337 9.273786385247075
9459 0 0.01 inf 6.654781481779618 0.058786083443374396 9.192678441515147
9460 0 0.01 1044464537.7380418 6.5972214843573775 0.046884994630199364 9.145253166789281
9461 0 0.01 inf 6.67951777717291 0.055263848585282035 9.296141758038528
9462 0 0.01 inf 6.959800435580564 0.0504772196508672 9.194209933849661
9463 0 0.01 150594.23627579783 6.85110467225118 0.04841001134314597 9.133663006824575
9464 0 0.01 inf 6.756695459953319 0.049251494837752 9.264735178858936
9465 0 0.01 inf 6.635239686806857 0.0492079720234022 9.446935152931328
9466 0 0.01 152766.59125102445 6.832119375862534 0.04557592856606339 9.03797476987274
9467 0 0.01 inf 6.85666389414172 0.05375051114930188 9.172585702622419
9468 0 0.01 inf 6.756156712506154 0.05170297731136042 8.992988796931437
9469 0 0.01 700036616.6166595 6.633479819797415 0.04446160199148984 9.084157336063884
9470 0 0.01 inf 6.7174213084996275 0.05608010742214688 9.249148718453421
9471 0 0.01 1163982966.9614542 6.583897219259806 0.04828601878473313 9.101997586661659
9472 0 0.01 149031.2255323335 6.748598364158114 0.04563023458418804 9.179548112381099
9473 0 0.01 inf 6.738248114529189 0.04808433804016088 9.211236626599417
9474 0 0.01 1490578976.3004286 6.545254299604851 0.033617388295160935 9.104221803216028
9475 0 0.01 inf 6.812053677621435 0.040731459474602716 9.287673907958892
9476 0 0.01 1659949213.8914669 6.523772208747394 0.04627742464158014 9.153784718625865
9477 0 0.01 inf 6.687298702794197 0.06136579846083369 9.103926923576516
9478 0 0.01 inf 6.784748624524975 0.04673896824954395 9.30481192972967
9479 0 0.01 inf 6.748693710129913 0.05266110299631418 9.183800461559182
9480 0 0.01 inf 6.5010419165152165 0.04665157799091861 9.36686880519258
9481 0 0.01 inf 6.687808294346165 0.054968438512208735 9.122353436896956
9482 0 0.01 325027315.18819416 6.669792982490483 0.0427130627579924 9.11625746655048
9483 0 0.01 inf 6.772059502923104 0.05058803371001056 9.216947570740144
9484 0 0.01 inf 6.678292263351646 0.05090478710604419 9.2513022553687
9485 0 0.01 inf 6.6992959977335245 0.05017325008707662 9.198710849230913
9486 0 0.01 150463.92507889454 6.770728613844095 0.04295365124601169 9.143184553312697
9487 0 0.01 inf 6.712906288414768 0.05145314238439791 9.260186636234787
9488 0 0.01 inf 6.52654776343813 0.04502474395967095 9.23161297065434
9489 0 0.01 196155171.38299036 6.681602441770297 0.04610733719926 9.103477156874288
9490 0 0.01 inf 6.850725268572865 0.059264644717777634 9.356473894846914
9491 0 0.01 inf 6.869122464286569 0.05321950932590239 9.306382911389695
9492 0 0.01 inf 6.831468839490343 0.04050902486130758 9.239986245267989
9493 0 0.01 inf 6.675965823345761 0.05211652828866032 9.259693041030484
9494 0 0.01 inf 6.623615951893552 0.05879928968445024 9.302493766213743
9495 0 0.01 inf 6.808452479347319 0.04582821814663062 9.244493881197778
9496 0 0.01 inf 6.59927483043414 0.04793638615232126 9.336486031050667
9497 0 0.01 inf 6.774931930123549 0.05307293397758939 8.978371861195749
9498 0 0.01 inf 6.737951826950311 0.054877263547139274 9.072465854961612
9499 0 0.01 inf 6.785603880595354 0.05012812955903245 9.227445518031365
9500 0 0.01 inf 6.7426435455205445 0.05074623936514 9.146540670894582
9501 0 0.01 inf 6.677624194296449 0.0514449474328123 9.263717184577736
9502 0 0.01 148224.25189184753 6.704642409964646 0.049954332821100164 9.114393824456632
9503 0 0.01 148613.90970361998 6.725044636616831 0.046875403236742 9.163916708628665
9504 0 0.01 169655586.33385333 6.683991444863645 0.04819310134919072 9.108743033948608
9505 0 0.01 76115953.14313264 6.6923210582631745 0.047891214120766995 9.006724852322881
9506 0 0.01 inf 6.63552803597613 0.0475628949283285 9.282844942672387
9507 0 0.01 inf 6.537758700505475 0.04343414720235637 9.27875284403198
9508 0 0.01 inf 6.771995073300511 0.05633429005769869 9.192683795636768
9509 0 0.01 inf 6.697658120645806 0.05340284432925699 9.361458787179831
9510 0 0.01 inf 6.712275181694544 0.04723841956662177 9.207417646105611
9511 0 0.01 inf 6.780370118084458 0.04436024901422404 9.335788193780386
9512 0 0.01 1227739260.2114832 6.57661889201122 0.04127089033260063 9.12266081755644
9513 0 0.01 1053219298.7812643 6.596259296819421 0.048220822958622865 9.04672126750242
9514 0 0.01 789860085.9408829 6.6243119409116 0.04169726510834148 9.135740248516367
9515 0 0.01 inf 6.739604758200259 0.059803785112693145 9.18731131142747
9516 0 0.01 150849.8514108004 6.877767365381569 0.0457308314396296 9.17819149107442
9517 0 0.01 inf 6.628761675664351 0.04656706419298482 9.359245430618682
9518 0 0.01 inf 6.78703879204129 0.05154486019741584 9.241118780063188
9519 0 0.01 inf 6.812718118855674 0.05583518593995289 9.11169502562361
9520 0 0.01 inf 6.650917709658862 0.05460310209517685 9.07470088225331
9521 0 0.01 inf 6.6115135054951955 0.050058437768634056 9.241908181373413
9522 0 0.01 inf 6.628372397020981 0.05361628827982069 9.324339179827883
9523 0 0.01 148801.30828263477 6.74227932104327 0.04548189914183795 9.198042803409113
9524 0 0.01 inf 6.844277599069642 0.057393429333622244 9.183219636284413
9525 0 0.01 inf 6.803578634769805 0.05131539977097003 9.218845560678561
9526 0 0.01 1122811987.715325 6.588533466388973 0.04840568851836559 9.025985726327615
9527 0 0.01 inf 6.542127526815599 0.052278086534313255 9.26684015014346
9528 0 0.01 199701024.0635679 6.681281796281002 0.04810553543100797 9.043192686070574
9529 0 0.01 inf 6.690199795358001 0.05852130873484401 9.100396458342129
9530 0 0.01 inf 6.883176896380676 0.04866367797103834 9.29279859174757
9531 0 0.01 1892922785.4591737 6.492372514259503 0.04914157670284462 9.111312073578217
9532 0 0.01 150295.64666453932 6.785562416726869 0.047552059477099444 9.094384598402053
9533 0 0.01 1492996886.8266943 6.544954457451291 0.045014515959185854 9.133209472790536
9534 0 0.01 1281399453.0618496 6.570397101820222 0.047123868481966924 8.874639143620463
9535 0 0.01 inf 6.758126675686323 0.057148566814382636 9.162892523346878
9536 0 0.01 inf 6.580213210864929 0.05113104892102603 9.141496446343975
9537 0 0.01 inf 6.5996298398230415 0.03614831851911411 9.23076617078666
9538 0 0.01 inf 6.686139549476197 0.04522852170035357 9.30873150017571
9539 0 0.01 inf 6.744188413366604 0.05231974883422087 9.088124584498368
9540 0 0.01 1497130130.6976607 6.544442233465195 0.04797269950608992 9.122782332181396
9541 0 0.01 inf 6.7331763921542205 0.050884869704009614 9.25729011225824
9542 0 0.01 150464.59538562904 6.751209790754206 0.043989612238928916 9.10345141671633
9543 0 0.01 inf 6.603236335790826 0.05365622782079453 9.080329559234734
9544 0 0.01 inf 6.614276210554948 0.05102729044746533 9.279413583070674
9545 0 0.01 151108.6773795674 6.848009828136497 0.0433405463643115 9.167939678887612
9546 0 0.01 inf 6.757847559281827 0.051059803913552 9.126591497084052
9547 0 0.01 148900.7992901152 6.763516215380906 0.049746389603839244 9.128885140564513
9548 0 0.01 151479.67979441863 6.880971654547621 0.044078111783543025 9.16724320093687
9549 0 0.01 inf 6.604850686534886 0.05590493225934039 8.969424781500374
9550 0 0.01 inf 6.656797092045555 0.05209883894155612 9.082165997946017
9551 0 0.01 inf 6.827859162826199 0.05118767383628104 9.293606641546923
9552 0 0.01 inf 6.6631776078340454 0.04759949960450532 9.348122709221864
9553 0 0.01 inf 6.714714616514489 0.05228275884792179 9.250104399942991
9554 0 0.01 inf 6.678755030765008 0.050230257759674594 9.224434040394195
9555 0 0.01 inf 6.657158813367917 0.05605436919243002 9.03180156861302
9556 0 0.01 inf 6.544549807739141 0.05057205422888039 9.208060054076856
9557 0 0.01 150820.51676457428 6.746378548537628 0.04515363857954126 9.056543897246774
9558 0 0.01 149521.7885339749 6.741757886568297 0.04395370249669088 9.169873440372799
9559 0 0.01 151585.58981512545 6.8454318207959295 0.048549418526912844 9.078916152117003
9560 0 0.01 150003.10085331713 6.767774282711167 0.04585779643164839 9.119516456511603
9561 0 0.01 inf 6.780268962964779 0.051292162841005545 9.087278500159393
9562 0 0.01 inf 6.613287100497292 0.05578161073984699 9.265857279515904
9563 0 0.01 1391676053.9773796 6.55732327078116 0.04741992416272128 9.097922559292964
9564 0 0.01 inf 6.764096400338548 0.04648802987933344 9.277568348812842
9565 0 0.01 939896925.5144976 6.608552799215397 0.0475653544806961 9.186833031189694
9566 0 0.01 inf 6.813846599669604 0.054697418545126164 9.323036749039476
9567 0 0.01 1485945954.86683 6.545826645225645 0.045488171894904006 9.193513992677362
9568 0 0.01 inf 6.918541095747352 0.05825332806370206 9.176357924345705
9569 0 0.01 inf 6.929763196149161 0.058894460920045355 9.182599345308143
9570 0 0.01 inf 6.4939158073620025 0.05276856470607607 9.191842094581556
9571 0 0.01 151175.5207337163 6.785378652108974 0.04192349278299133 9.125728988418624
9572 0 0.01 inf 6.729786576073527 0.05478815059573605 9.156799703009547
9573 0 0.01 1342516780.8078141 6.563199913922293 0.04413291887940964 9.170125456998687
9574 0 0.01 inf 6.6708589505486025 0.047721826707724166 9.243120027742698
9575 0 0.01 inf 6.714069660564058 0.050735928519721606 9.066841817360702
9576 0 0.01 1442509432.6374924 6.551161867232195 0.044157996758103016 9.101160695911469
9577 0 0.01 inf 6.633398857770153 0.05053170604083203 9.28723966014643
9578 0 0.01 inf 6.589192878162533 0.05154018457264271 9.304856079783276
9579 0 0.01 inf 6.68190330874674 0.0520216138728273 9.37748458022698
9580 0 0.01 inf 6.529088360178154 0.049705230546897676 9.211754813527886
9581 0 0.01 150867.00904444105 6.722473494765795 0.04375985829480307 9.051293394282073
9582 0 0.01 inf 6.54268037734908 0.06037381930769409 9.10237619935032
9583 0 0.01 148786.67592288798 6.780601627673796 0.04908497087537274 9.163785474165163
9584 0 0.01 149831.899151042 6.865887015112485 0.04792764511007249 9.197405552807151
9585 0 0.01 inf 6.628239572251296 0.04631280016395146 9.334880282669948
9586 0 0.01 inf 6.57183594896878 0.05739178438086655 9.186050837186873
9587 0 0.01 inf 6.6721907410580075 0.061654729540383174 9.14640109996557
9588 0 0.01 inf 6.717286819224643 0.051804600618550134 9.275493760676213
9589 0 0.01 664797260.1208918 6.637024150304322 0.0484771351395599 9.187074349548373
9590 0 0.01 inf 6.473042265180663 0.04621356178394164 9.242369922473275
9591 0 0.01 inf 6.808181932557628 0.0473681868088383 9.251387741363342
9592 0 0.01 149760.51117616074 6.808842715620266 0.048452654053685595 9.137722952498446
9593 0 0.01 197401923.0577272 6.681489697013146 0.04588031747218072 9.128517857924603
9594 0 0.01 inf 6.903297652010736 0.047163022057507074 9.328350444404848
9595 0 0.01 inf 6.587458308668206 0.05048096765316685 9.24212620959902
9596 0 0.01 153164.20372830803 6.798641290315201 0.0477423835438503 8.972946248431645
9597 0 0.01 150749.27251222002 6.764182481258044 0.04593808340215714 9.067700221546595
9598 0 0.01 inf 6.52395543132634 0.04217468556869229 9.343930141757834
9599 0 0.01 inf 7.040720563493972 0.04667872449109485 9.243640640933906
9600 0 0.01 inf 6.752275784340293 0.044907297400092604 9.224977693964487
9601 0 0.01 151548.92419924436 6.711546136687716 0.042005594336533794 9.024981854239606
9602 0 0.01 151391.6282893874 6.736065576848221 0.04389394460267022 9.030061409627908
9603 0 0.01 1699569462.5839 6.518589837874385 0.049364724711025175 9.162337657707228
9604 0 0.01 205548937.66940737 6.680752530178068 0.04464548158090785 9.013649028860213
9605 0 0.01 665653648.63094 6.636938492271676 0.04996322003940253 9.025780230001555
9606 0 0.01 inf 6.617005193443436 0.050214203923608786 9.13225455639106
9607 0 0.01 148903.88394331964 6.707142911984421 0.0484146563995039 9.092992069504913
9608 0 0.01 inf 6.54787546516394 0.05278120633513484 9.215729562831259
9609 0 0.01 inf 6.771381203231288 0.05440573269077556 9.079814643609916
9610 0 0.01 inf 6.412013093960199 0.05014617848438927 9.218856528192504
9611 0 0.01 inf 6.698495859843881 0.04001323923339117 9.366164480256641
9612 0 0.01 inf 6.691986311036523 0.05108553080880622 9.133918015751277
9613 0 0.01 inf 6.860881420834902 0.05470817509168972 9.198930738297436
9614 0 0.01 inf 6.871159888276551 0.053881390929568306 9.392835036442692
9615 0 0.01 inf 6.627215284502488 0.05214367785450223 9.29262622791052
9616 0 0.01 inf 6.714208474798074 0.038995693609096424 9.391042962297668
9617 0 0.01 152092.59797491538 6.896907258813926 0.0453977954045346 9.135303208953317
9618 0 0.01 inf 6.781111008028255 0.05016703957368545 9.27778832867849
9619 0 0.01 1457622745.394404 6.54931307841508 0.04299762050198641 9.06003616368072
9620 0 0.01 inf 6.8721647198821065 0.05062759915659187 9.08759306286086
9621 0 0.01 inf 6.742683553979121 0.03551680946054141 9.318693862232424
9622 0 0.01 151489.89951089222 6.890439072502495 0.04475997704649985 9.167199335654903
9623 0 0.01 inf 6.574603949565356 0.04873570414418332 9.459000053220777
9624 0 0.01 inf 6.79505091483327 0.04510053839854182 9.233541073869917
9625 0 0.01 inf 6.5446552247842416 0.04847440693911896 9.271798616291152
9626 0 0.01 inf 6.6422039896915 0.05150884621717414 9.268759737379462
9627 0 0.01 149133.928165982 6.7021088056883995 0.04844671925735978 9.071261169779115
9628 0 0.01 inf 6.704228328680592 0.05527849275842091 9.30866353830063
9629 0 0.01 404449203.9335764 6.662351678737742 0.047655348944615275 9.033596622913034
9630 0 0.01 inf 6.732127746231442 0.04995084399704286 9.228215258556004
9631 0 0.01 inf 6.531747434137581 0.05324002392465008 9.150407159013065
9632 0 0.01 inf 6.839983902168989 0.04476867161639988 9.24227293792143
9633 0 0.01 inf 6.864763541151607 0.04971483277319396 9.272037493121239
9634 0 0.01 inf 6.69322670792598 0.05775383953516543 9.220079311163348
9635 0 0.01 inf 6.825480530078519 0.05384917209125572 9.225086047484005
9636 0 0.01 inf 6.8014290300634785 0.05003670577969446 9.27005731557297
9637 0 0.01 inf 6.797875231592165 0.04996519749021617 9.300941154705004
9638 0 0.01 150255.575366299 6.779748731712799 0.0499943894404057 9.063820695226472
9639 0 0.01 inf 6.81514453448365 0.054472721470554895 9.23096098868961
9640 0 0.01 inf 6.73175136723034 0.049972148574321695 9.230273655112773
9641 0 0.01 1511028919.5701716 6.542715822629348 0.04700399185772779 9.012365851046123
9642 0 0.01 inf 6.79428922032389 0.052136854440343924 9.176367064570359
9643 0 0.01 inf 6.642034632333648 0.04785076891450762 9.272854845504957
9644 0 0.01 inf 6.741678220028458 0.043133830969487044 9.351017139792582
9645 0 0.01 inf 6.754227307027561 0.04782770301262457 9.459644559436684
9646 0 0.01 inf 6.663302593415192 0.0483292818840764 9.279938561237334
9647 0 0.01 inf 6.817463074975255 0.04706345724389373 9.203673570311082
9648 0 0.01 150872.2903106509 6.727650698108006 0.04196396464013564 9.089579998735184
9649 0 0.01 inf 6.6160824026316005 0.05007102949741785 9.129010935699666
9650 0 0.01 inf 6.713852598703623 0.050173489285156414 9.20461971025258
9651 0 0.01 inf 6.731991528385937 0.054011583758956386 9.146113042230862
9652 0 0.01 1091609557.81129 6.592014318745178 0.04705488221639157 9.158780306877638
9653 0 0.01 148686.43899432803 6.735636160142333 0.04765108322085571 9.151968760569373
9654 0 0.01 151922.08951688034 6.848391131001925 0.03923855417647358 9.18935352398199
9655 0 0.01 inf 6.606194399507208 0.05240670337189737 9.253980500906268
9656 0 0.01 inf 6.804551002341473 0.05256235758991973 9.144510354583932
9657 0 0.01 inf 6.665668427358559 0.04858370834234953 9.233922814043664
9658 0 0.01 inf 6.836222130821794 0.04048242301745514 9.261152212818692
9659 0 0.01 inf 6.45416431916221 0.04846154990737706 9.204420864404883
9660 0 0.01 inf 6.764501084942949 0.05541306882735535 9.360629976665033
9661 0 0.01 inf 6.534554898506027 0.060389385330796685 9.35871071963234
9662 0 0.01 inf 6.858503819519783 0.05462114882961257 9.161316877784467
9663 0 0.01 147780.87779904244 6.701978696012293 0.04914221095344127 9.164311620164353
9664 0 0.01 inf 6.62608998930179 0.05625325162359926 9.322188372763843
9665 0 0.01 148669.38326555167 6.748885784348952 0.04738618821735963 9.171952323139049
9666 0 0.01 inf 6.767971415260425 0.05397353659670534 9.169285394789044
9667 0 0.01 inf 6.596358713315693 0.054890113438554905 9.269710154231516
9668 0 0.01 inf 6.701798751352333 0.05459660224014357 9.350685795732087
9669 0 0.01 inf 6.815150517749934 0.05775042118152266 9.163503389282088
9670 0 0.01 206069174.4581882 6.680705494227666 0.04332966310912495 8.972036326862948
9671 0 0.01 inf 6.67178802300074 0.05429642446442882 9.257135581935557
9672 0 0.01 inf 6.747231614136479 0.053182991521855405 9.260570695506825
9673 0 0.01 inf 6.755201381060438 0.05029907311549367 9.16825633872791
9674 0 0.01 inf 6.700793686643055 0.057709627721090166 9.355065039066629
9675 0 0.01 inf 6.626555390918643 0.05183045175811701 9.019686939127972
9676 0 0.01 151821.12955228993 6.826165425588847 0.04179677661262526 9.12557603296893
9677 0 0.01 inf 6.660861744473817 0.05620553323674697 9.23881884310661
9678 0 0.01 inf 6.7264070179599535 0.052393342464612996 9.205429816188083
9679 0 0.01 inf 6.558954148361409 0.04469057687755586 9.220051775218677
9680 0 0.01 150765.52164585533 6.721310978455695 0.045570373946526924 9.028890780488778
9681 0 0.01 inf 6.79487752988431 0.0537165299562368 9.072525489989202
9682 0 0.01 inf 6.724112630785197 0.053180531850779776 9.200707481396055
9683 0 0.01 inf 6.754413577033909 0.05667924834596284 9.16219818819891
9684 0 0.01 inf 6.712655186648428 0.04704759750160091 9.212799921440334
9685 0 0.01 inf 6.702125563277281 0.054212867542952084 8.866725530232888
9686 0 0.01 577857624.8806416 6.645647355509945 0.04345645890392815 9.13895812434978
9687 0 0.01 inf 6.698735393118519 0.05006807920512594 9.138957919702369
9688 0 0.01 inf 6.7803290192713375 0.05287191929718714 9.261290687777835
9689 0 0.01 inf 6.949124338107124 0.060703235990186885 9.35663780902997
9690 0 0.01 inf 6.5524849856582295 0.04596703855276064 9.27429570242912
9691 0 0.01 inf 6.523440305764765 0.051301321843962404 9.23443646942898
9692 0 0.01 438982117.68041915 6.659075897218552 0.049827263046104 9.064115589321036
9693 0 0.01 inf 6.53841228870123 0.05102858843914161 9.07042853648985
9694 0 0.01 inf 6.779164943057684 0.050988564994622315 9.037688856862
9695 0 0.01 842721425.6878188 6.618824728698825 0.043001102472663054 9.090496585530992
9696 0 0.01 148564.35066892562 6.719368794180222 0.04946635815879376 9.112227433410247
9697 0 0.01 150178.98919280947 6.8393774963047695 0.04772625610953984 9.15276159504881
9698 0 0.01 inf 6.870609582661005 0.052325655423493704 9.204146591829517
9699 0 0.01 inf 6.6314675798896365 0.04630702788263979 9.209433075513383
9700 0 0.01 1673123559.0189333 6.522055743734161 0.0497446672895309 9.168834930589075
9701 0 0.01 inf 6.600828581189137 0.04600800630254674 9.302015008857888
9702 0 0.01 inf 6.711028854306392 0.05565690956783298 9.218774117373668
9703 0 0.01 1022606207.7531904 6.599614918729682 0.04027390253249913 9.162061987513693
9704 0 0.01 inf 6.668248204342267 0.05186578004281157 9.23687561101878
9705 0 0.01 inf 6.901218202607473 0.051094242954059246 9.320780320912483
9706 0 0.01 559568922.6633322 6.647439752628882 0.04887715333639329 8.98814213334917
9707 0 0.01 724174795.8709428 6.631034951556255 0.04731701950262953 9.141501773208068
9708 0 0.01 inf 6.622662465632164 0.04629617203954076 9.235578927591838
9709 0 0.01 152960.7163762821 6.757782131638675 0.04535578174262053 8.95705344433212
9710 0 0.01 150363.60314876074 6.7148404844522 0.041397932959481264 9.133093177317576
9711 0 0.01 inf 6.731809825511344 0.05266273479576758 9.35086506444275
9712 0 0.01 inf 6.776654701332865 0.0551314654567558 8.86763303495695
9713 0 0.01 inf 6.675712639172627 0.04368749591889998 9.324148933396314
9714 0 0.01 1424217045.5954936 6.553388938713245 0.0499054979726171 9.138149523309389
9715 0 0.01 inf 6.728340722815684 0.05462974947199177 9.350216803319606
9716 0 0.01 inf 6.8473940131254505 0.050719863684590964 8.992449233416108
9717 0 0.01 inf 6.6812031296284164 0.05149792919447819 9.13759660112656
9718 0 0.01 156782.703628606 6.89769165504336 0.04863782810277896 8.955468325383823
9719 0 0.01 inf 6.690903135171976 0.056580174034412914 9.196309596606755
9720 0 0.01 inf 6.6361990189076945 0.041453028658689425 9.25542520199653
9721 0 0.01 inf 6.615821455981678 0.05123920543148012 9.145821071553476
9722 0 0.01 356728898.1837594 6.666838224085947 0.03735383473107713 9.087224042845381
9723 0 0.01 150499.80844054336 6.848707641890179 0.043984775503386704 9.19860112477675
9724 0 0.01 inf 6.478671500843228 0.05232671946420873 9.02531314253259
9725 0 0.01 inf 6.7343435589923075 0.056410096627863504 9.230326842518567
9726 0 0.01 inf 6.745447831559358 0.05361732720343358 9.251032277120753
9727 0 0.01 255951453.33069366 6.676162598905948 0.04992584219554445 9.17651971353781
9728 0 0.01 151107.22263112577 6.836745092502446 0.04584977012422607 9.121078537079056
9729 0 0.01 inf 6.7012842676567255 0.06015792070805165 9.318091554816673
9730 0 0.01 inf 6.684201823126917 0.04902442724426106 9.241840729182682
9731 0 0.01 inf 6.641974069479558 0.04336914315391085 9.214645722964946
9732 0 0.01 1013920228.9633287 6.600562130513123 0.046059393650051 9.103198041342495
9733 0 0.01 inf 6.5772009011643675 0.054405235626391164 9.159681851574137
9734 0 0.01 151243.96252918048 6.776312582405999 0.040809209177396846 9.134532696123475
9735 0 0.01 359025436.1859552 6.666623157891798 0.047893785605870556 9.034045500287698
9736 0 0.01 inf 6.697773540159112 0.05085327845790467 9.033119336235877
9737 0 0.01 149391.83777722568 6.732808094472479 0.04479129688152385 9.152020588567456
9738 0 0.01 inf 6.619827691501921 0.04566578679364062 9.227868137496351
9739 0 0.01 150240.47180995715 6.832078883829201 0.044702044502481116 9.187325726400228
9740 0 0.01 inf 6.7262729308165845 0.04822998875106195 9.316510037697315
9741 0 0.01 253151557.37669724 6.6764188896629015 0.04840189663725233 9.15258199386926
9742 0 0.01 151680.8762680174 6.718473563691834 0.03746292713003578 9.130695672411616
9743 0 0.01 inf 6.428833948472287 0.04898552559971294 9.208156692090721
9744 0 0.01 inf 6.625035668914565 0.04936051921792466 9.31963069519774
9745 0 0.01 inf 6.686820789973227 0.05342654953133437 9.356321716239746
9746 0 0.01 inf 6.734949501204114 0.03772479610734296 9.231977512493964
9747 0 0.01 inf 6.581764243352718 0.050533410407683034 9.39841637326599
9748 0 0.01 inf 6.457462355352798 0.04606909541381171 9.225755157674257
9749 0 0.01 inf 6.661067634646051 0.053590170422110964 9.160757842533986
9750 0 0.01 inf 6.627971571118225 0.04572017282693074 9.201557833887016
9751 0 0.01 150063.4722206737 6.715943198114749 0.04612505720380786 9.059285992885087
9752 0 0.01 75381926.1312631 6.69238562172156 0.04942349577478561 9.115605202475248
9753 0 0.01 inf 6.617880740882725 0.055993318963885756 9.128249387181423
9754 0 0.01 inf 6.696159797567301 0.045836824797481766 9.203384688799838
9755 0 0.01 inf 6.6233550224572575 0.04407312545013205 9.339682051143845
9756 0 0.01 150558.03794912618 6.712103116892229 0.04072695249559117 9.130966237828021
9757 0 0.01 inf 6.702478116029881 0.05140623942709494 9.225602179495377
9758 0 0.01 inf 6.715605923476808 0.04644499167924993 9.306877669239002
9759 0 0.01 1236738777.0294096 6.57558145879716 0.04468088552829812 9.135387369681514
9760 0 0.01 inf 6.829313337618998 0.055225833925322876 9.28060996057265
9761 0 0.01 inf 6.837231868240876 0.052026496581465 9.236417667533285
9762 0 0.01 inf 6.642251880260402 0.05513268476691211 9.055580950597708
9763 0 0.01 inf 6.728035991177328 0.05009082840389025 9.129950001671189
9764 0 0.01 inf 6.789830864026281 0.045539276974562795 9.225859765896441
9765 0 0.01 1093674063.8769188 6.591785042054679 0.044942581228176105 9.042874314372394
9766 0 0.01 inf 6.640380248405217 0.0523520205101907 9.293849511736912
9767 0 0.01 inf 6.672896350067489 0.05853286664842003 8.973874920366796
9768 0 0.01 inf 6.735713120405423 0.05335328840478429 9.16940927036013
9769 0 0.01 150335.53905275086 6.735595329580199 0.04191521467779596 9.142736353670154
9770 0 0.01 148783.8674686363 6.712101901992833 0.04519325570216734 9.177295254194688
9771 0 0.01 inf 6.693225073005167 0.0524099186189265 9.323631010466604
9772 0 0.01 inf 6.869952819757399 0.04801162983516583 9.253749421606521
9773 0 0.01 inf 6.812506531470162 0.053540954003976356 9.258131153168195
9774 0 0.01 inf 6.689506601425087 0.04351996569719613 9.340646154103677
9775 0 0.01 inf 6.700977306549074 0.05235712260013585 9.208231989629883
9776 0 0.01 inf 6.653654408126291 0.05018018020040599 9.412930557479317
9777 0 0.01 inf 6.77228459519065 0.04667143822850351 9.343835886209895
9778 0 0.01 inf 6.941527934578262 0.04406962365734862 9.302780966703516
9779 0 0.01 inf 6.649633333343049 0.05344500919759355 9.328535089936004
9780 0 0.01 inf 6.750753270651272 0.05358659456333347 9.210343609219509
9781 0 0.01 inf 6.84811656731578 0.04954611047591501 9.220888355236388
9782 0 0.01 inf 6.6035612630623275 0.049980828400125674 9.237352140448854
9783 0 0.01 inf 6.652387166965663 0.047430024895892056 9.288332001320015
9784 0 0.01 inf 6.853615385210065 0.04891476613957113 9.21712865444006
9785 0 0.01 inf 6.61987541104917 0.05486422760028623 9.152737409088761
9786 0 0.01 inf 6.742484338289115 0.05283278740185728 9.093472708451895
9787 0 0.01 inf 6.5803298159041 0.05303454401880513 9.161549498279946
9788 0 0.01 inf 6.646670482847355 0.04005337023751164 9.225814670711902
9789 0 0.01 inf 6.651362547486928 0.0490458133587771 9.296987310785852
9790 0 0.01 149545.6978828764 6.731207769533459 0.04706279760025984 9.094281969145158
9791 0 0.01 inf 6.667125433981356 0.05575604952407197 9.190060583944595
9792 0 0.01 inf 6.801287622202392 0.051295333927931175 9.3006255326686
9793 0 0.01 inf 6.682762450996278 0.05388979542131092 9.144736396814551
9794 0 0.01 inf 6.677255739710678 0.05285210473439061 9.239493390552646
9795 0 0.01 inf 6.630949646280255 0.0508476030523317 9.303080055121512
9796 0 0.01 inf 6.8679163209571685 0.0517145496625407 9.063472938355158
9797 0 0.01 inf 6.3921464945389195 0.05960909563376289 9.123226326035986
9798 0 0.01 inf 6.768109544492843 0.05447421208881191 9.166343613941347
9799 0 0.01 inf 6.628874787694622 0.05202721429969466 9.41113590546996
9800 0 0.01 1217912304.1782484 6.577748573770206 0.045896035211847 9.123658399510097
9801 0 0.01 inf 6.715012313048742 0.051687948371985135 9.38134966956591
9802 0 0.01 inf 6.619365696140278 0.05458883876074871 9.028981617349997
9803 0 0.01 1318562956.8795588 6.566034700444983 0.04810159099362987 9.167267433230613
9804 0 0.01 inf 6.836253810472481 0.053599755791101544 9.153301588309445
9805 0 0.01 inf 6.599601259939885 0.04911187752677576 9.381207601809253
9806 0 0.01 151182.71760444465 6.77530794398809 0.04848557043502211 9.027883776577228
9807 0 0.01 inf 6.654392986484098 0.04812795613766011 9.255589476472826
9808 0 0.01 84807184.11580789 6.691553764884656 0.042342713060945406 9.172795384861109
9809 0 0.01 inf 6.785098882569853 0.057869200822243144 9.215370258367352
9810 0 0.01 inf 6.782002739394973 0.05141457824701821 9.196519413453796
9811 0 0.01 inf 6.547533503952347 0.05125959010824843 9.220715741273501
9812 0 0.01 2185531071.5211477 6.449418964142711 0.04980366535654872 9.139238172620137
9813 0 0.01 inf 6.820913575206865 0.053797390950134374 9.24901650053226
9814 0 0.01 152276.9714726148 6.771525408801399 0.03990253447321464 9.073786227361103
9815 0 0.01 863807623.4124773 6.616616228182057 0.04868929177627727 9.106281606711178
9816 0 0.01 149930.47875748336 6.711625916504081 0.04574976870090943 9.07019509440841
9817 0 0.01 inf 6.642110394683924 0.05384533109572002 9.167346930927
9818 0 0.01 inf 6.744062112496071 0.05129054646455741 9.150966416450064
9819 0 0.01 inf 6.7690771085282275 0.048247165184455 9.238965283416974
9820 0 0.01 inf 6.836306276491644 0.05033900375723482 9.233833241948561
9821 0 0.01 inf 6.86444187121651 0.05416209878145504 9.084296227324526
9822 0 0.01 inf 6.678119917392419 0.05117441164311412 9.187887829110208
9823 0 0.01 inf 6.805306499463838 0.05420736436900647 9.167467795724054
9824 0 0.01 inf 6.738292477016039 0.04039894503121324 9.250172449452453
9825 0 0.01 244685495.14389294 6.67719284993815 0.04459222558530633 9.140994206742633
9826 0 0.01 150140.68430479628 6.815514912534562 0.04783298717790753 9.129785689131955
9827 0 0.01 134514040.00954857 6.687139580696087 0.04372811861990814 9.109983553383215
9828 0 0.01 844428453.7743937 6.618646282112854 0.04468169865636782 9.13126180171292
9829 0 0.01 148831.07513677742 6.7477376233426085 0.04757925753385414 9.153990532397513
9830 0 0.01 inf 6.795468394885177 0.05203671867272641 8.977393159647788
9831 0 0.01 958551825.4013274 6.606553124258604 0.0459107624498795 8.963011972320116
9832 0 0.01 inf 6.814217669338983 0.05158794752127911 9.175050599019144
9833 0 0.01 151568.2765891889 6.7205995323440035 0.041432776403179994 9.042738055662987
9834 0 0.01 458219696.4619988 6.65724024874067 0.048447728871682354 9.14073929020182
9835 0 0.01 152546.81582024085 6.817502780653721 0.04539870357776715 9.034631635670637
9836 0 0.01 1104680943.9567966 6.590559496313491 0.04593812943699577 9.164741852842296
9837 0 0.01 150429.2134337327 6.856111541112802 0.047845497584056505 9.15382454627534
9838 0 0.01 150245.76286572433 6.766913920567796 0.04239956880740686 9.169798765859134
9839 0 0.01 154595.4000999845 6.924582253866098 0.043633685555390406 9.070506769873314
9840 0 0.01 150557.7726305506 6.734760769738575 0.04945770346588669 9.008727007097473
9841 0 0.01 150427.9660623632 6.815586811640631 0.04962338300042851 9.094483726698689
9842 0 0.01 inf 6.724773443617848 0.054731667381917135 9.145101569739385
9843 0 0.01 inf 6.577012176344651 0.052540327456500314 9.395892575930539
9844 0 0.01 541543629.9133061 6.649198978137948 0.049599118769173514 9.050505212607208
9845 0 0.01 inf 6.734765648976486 0.048519784902836795 9.257698218079963
9846 0 0.01 inf 6.769545630314142 0.055709835633761896 9.372180378251802
9847 0 0.01 inf 6.791381438128706 0.03798251134061579 9.436995607854275
9848 0 0.01 inf 6.631767487825092 0.049127114125789136 9.281021142048818
9849 0 0.01 inf 6.877279924680701 0.04487216063320351 9.239244084731952
9850 0 0.01 inf 6.760494758460195 0.05469836703291657 9.185173887563119
9851 0 0.01 inf 6.833380065749475 0.059393806691341255 9.261553289025798
9852 0 0.01 772253833.7060173 6.6261241376210664 0.04648938695760183 9.104777413111874
9853 0 0.01 148932.9011588224 6.701629191767041 0.048186891280652365 9.089240844047252
9854 0 0.01 974304061.4650861 6.604857093132898 0.04356545237435783 9.048744707319639
9855 0 0.01 inf 6.707835682040514 0.05244799362751564 9.10961947636899
9856 0 0.01 inf 6.679128300896476 0.048585576057071776 9.227486030349974
9857 0 0.01 611373187.2398804 6.642343245511918 0.049110060151356716 9.134997665088138
9858 0 0.01 inf 6.682481646965083 0.055555400265817595 9.162853247456619
9859 0 0.01 inf 6.6803356132649405 0.05522518809572689 9.247379967174243
9860 0 0.01 inf 6.789819085463517 0.05395272794349618 9.075625414832029
9861 0 0.01 inf 6.669131717626461 0.050206451136752914 9.196090946420089
9862 0 0.01 inf 6.803006368103177 0.05134827691842323 9.039665788608568
9863 0 0.01 inf 6.80958204900556 0.05412007318747446 8.990000166916484
9864 0 0.01 inf 6.688915135653686 0.05679951859183338 9.331588332155041
9865 0 0.01 inf 6.752228605881413 0.0534454803387218 9.156662037138647
9866 0 0.01 inf 6.687027953885304 0.055973912189337956 9.302953080432943
9867 0 0.01 inf 6.788521460784294 0.03720318092018067 9.255157943908198
9868 0 0.01 1154405278.7538612 6.584980280764427 0.04412054019753672 9.119307743474996
9869 0 0.01 inf 6.607944354622496 0.05489098634586467 9.169241125566783
9870 0 0.01 inf 6.527615761969701 0.05231592755831998 9.154510205098427
9871 0 0.01 inf 6.7274722271524565 0.051646797301925396 9.046098223230397
9872 0 0.01 inf 6.666906547240458 0.05638979924385464 9.181437189339858
9873 0 0.01 615363726.1448442 6.6419481320324945 0.04916491935052888 9.184709514725451
9874 0 0.01 inf 6.855798575540527 0.0551872834462512 9.282544525004113
9875 0 0.01 inf 6.8102398880305435 0.039590046490026724 9.279273681849435
9876 0 0.01 inf 6.619156306846879 0.04496000941543621 9.317315920630852
9877 0 0.01 inf 6.6142857973634515 0.05545100417381722 9.11598371190077
9878 0 0.01 inf 6.691427258714917 0.04364568040539509 9.322690394254366
9879 0 0.01 152979.18000124616 6.759169479865415 0.04597212422263934 8.952826924391251
9880 0 0.01 inf 6.728420765136866 0.05085064181079278 9.14471991583034
9881 0 0.01 150316.9477702928 6.787940316081303 0.04422950434700916 9.146285127093126
9882 0 0.01 inf 6.716713902413936 0.06078223574358098 9.246443112552736
9883 0 0.01 155145.6656965238 6.85559093795248 0.04844030935423439 8.959994560529148
9884 0 0.01 1515276030.2264302 6.542186753057687 0.04957448637613498 9.02986520013286
9885 0 0.01 inf 6.715202479275086 0.05045414007407225 9.047102766826681
9886 0 0.01 151896.78840503236 6.8107022147239995 0.04750754984458821 9.03884336348741
9887 0 0.01 inf 6.57143819863975 0.05405870810213942 9.210024377741863
9888 0 0.01 inf 6.7130848308706526 0.0476167738321328 9.254282032650186
9889 0 0.01 inf 6.778935254475273 0.0476000614247848 9.214851867165338
9890 0 0.01 150858.5827537547 6.726310088857595 0.04565953572611552 9.027181099774022
9891 0 0.01 224067074.01948023 6.679071746806628 0.04357451731201725 9.197411052129851
9892 0 0.01 576039345.3214449 6.6458258416237594 0.04660800362449935 9.093879344574914
9893 0 0.01 463832279.0297639 6.656703236855523 0.04902193839846945 9.136844244717965
9894 0 0.01 inf 6.6193760751589235 0.045923361534903076 9.224318147313982
9895 0 0.01 inf 6.689125587470529 0.047662599843048506 9.211023601639114
9896 0 0.01 149474.4296359733 6.721403377518643 0.04671621210125206 9.09541199540269
9897 0 0.01 1418148799.5583417 6.554125395291111 0.04738333215453968 9.12400214824809
9898 0 0.01 1460040092.838353 6.549016718582057 0.03847504311686261 9.189508885432423
9899 0 0.01 inf 6.8894225765936525 0.06096617973351995 9.24387824810649
9900 0 0.01 151548.934587301 6.850595391717185 0.04155896898646429 9.171773036674239
9901 0 0.01 150175.51206163678 6.752564530694909 0.041836117991746344 9.176270444982105
9902 0 0.01 inf 6.597323619419927 0.04477460070551226 9.202196265177191
9903 0 0.01 542061322.6586585 6.649148542724651 0.04674399570990337 9.115050160399521
9904 0 0.01 inf 6.735511937591832 0.05403627405793429 9.08322562348603
9905 0 0.01 inf 6.517283373728883 0.05874138833296988 9.264221650871725
9906 0 0.01 inf 6.793168102930811 0.05305421800751499 9.258792386375319
9907 0 0.01 inf 6.706065340977664 0.06194903955243272 9.007007021437072
9908 0 0.01 inf 6.600289303293242 0.05493756755202026 9.222172439711875
9909 0 0.01 inf 6.436782705556779 0.059450448197290576 9.206088921300987
9910 0 0.01 inf 6.60504646209365 0.05312051706230921 9.330701182651437
9911 0 0.01 1695469642.079254 6.519128991414531 0.04887389570852996 9.149689097799255
9912 0 0.01 inf 6.68867109446476 0.055188732489910575 9.221054023050597
9913 0 0.01 inf 6.9463545423010675 0.05295337909980871 9.186411951209063
9914 0 0.01 inf 6.794225965303018 0.04539877147874104 9.26807059910389
9915 0 0.01 inf 6.817371328809386 0.05109298808330585 9.127899533856057
9916 0 0.01 inf 6.652628806449133 0.05361321989799288 9.093729646228018
9917 0 0.01 inf 6.686581076242336 0.05378283892501784 9.1262270719616
9918 0 0.01 inf 6.678887828573579 0.05035232446014369 9.182787540711027
9919 0 0.01 inf 6.892030461764613 0.04430067755326298 9.209396596870844
9920 0 0.01 inf 6.678461154021711 0.05007986122547953 9.10022197861532
9921 0 0.01 433044817.54234225 6.659640760416382 0.049225933513034115 9.163038317229002
9922 0 0.01 1349914121.0245187 6.562320672050535 0.04429660414511685 9.186544868282834
9923 0 0.01 inf 6.821644260728444 0.04679521834649737 9.218257342739067
9924 0 0.01 inf 6.542012648046813 0.05183095850461652 9.361589704355364
9925 0 0.01 203288291.26573583 6.680957127828861 0.0467564123793286 9.072710228299307
9926 0 0.01 inf 6.844668597021022 0.05031107256096586 9.246013735425203
9927 0 0.01 inf 6.783749684936552 0.048780571039826345 9.235634980272813
9928 0 0.01 inf 6.714985455341334 0.042802712904069694 9.252442977738523
9929 0 0.01 440242271.6353214 6.658956079115855 0.041846781834541734 9.07488082561358
9930 0 0.01 inf 6.609952336391429 0.04579533732115358 9.358706065183377
9931 0 0.01 inf 6.724130153195389 0.05306373788516999 9.231328641665288
9932 0 0.01 149991.20997880163 6.768100424798284 0.04416880089817422 9.151912785750572
9933 0 0.01 148885.82105257025 6.738139955006018 0.047261352741020966 9.146245789803432
9934 0 0.01 inf 6.693694550178777 0.04728603411974709 9.302835291354269
9935 0 0.01 148040.6426895528 6.747529372203462 0.04883990209215594 9.193431035136147
9936 0 0.01 inf 6.8555768545933065 0.05429675983838583 9.07213721788537
9937 0 0.01 150814.48431321533 6.787513467143014 0.043056947495559744 9.132162450426444
9938 0 0.01 inf 6.842362832448035 0.055236700406519866 9.130973575577062
9939 0 0.01 inf 6.782575622985516 0.05089717823551863 9.15351403013992
9940 0 0.01 inf 6.776090635704526 0.05095221264321917 9.21416642584413
9941 0 0.01 inf 6.622733433258182 0.04487162125197636 9.222773059092921
9942 0 0.01 inf 6.5227729679101225 0.041805741910300495 9.271701930166936
9943 0 0.01 inf 6.480958426009153 0.05045821906398931 9.101545766405684
9944 0 0.01 inf 6.849488288603259 0.045032852867465674 9.322876295918842
9945 0 0.01 inf 6.623047169999919 0.05497937518256538 9.415310592735558
9946 0 0.01 inf 6.641357631903996 0.05938558469876392 9.2180969372334
9947 0 0.01 inf 6.888737834997492 0.044906922866989565 9.237852300724287
9948 0 0.01 inf 6.687747808930842 0.04659398068162465 9.236756585244082
9949 0 0.01 inf 6.656606027192222 0.0473520106973235 9.349117190554171
9950 0 0.01 inf 6.654243310715496 0.05332250441334137 9.138095953344552
9951 0 0.01 inf 6.574841044562978 0.06145876414616877 9.161250253358267
9952 0 0.01 inf 6.630447814549657 0.0468570583376984 9.245012718988079
9953 0 0.01 inf 6.867123616644166 0.05038986940656482 9.276061173804447
9954 0 0.01 151471.49982387436 6.738687788669404 0.04506794637285593 9.012655572355754
9955 0 0.01 849261342.645132 6.618140847834271 0.04907931466605231 9.085472966213608
9956 0 0.01 1253968016.126523 6.573588948957288 0.03743018542119872 9.117335156841811
9957 0 0.01 inf 6.95194946069937 0.04897439622939199 9.422417640246772
9958 0 0.01 inf 6.965595926335932 0.0441352883862907 9.210605734587977
9959 0 0.01 723306940.7352796 6.63112319806581 0.04497549518203922 9.094844124101897
9960 0 0.01 inf 6.6814259755120275 0.04911969382313011 9.325778570394233
9961 0 0.01 148240.48980023418 6.719956444312695 0.04676707404675926 9.196509607341206
9962 0 0.01 inf 6.52770152649537 0.05079516031075377 9.111916345692581
9963 0 0.01 847777215.523905 6.618296355012455 0.03882561417555236 9.158357842574407
9964 0 0.01 inf 6.768051420619746 0.05001910645303179 8.875403944252312
9965 0 0.01 inf 6.571581875873458 0.0516844120996276 9.145919778428391
9966 0 0.01 inf 6.6633084752999245 0.0482584468976829 9.233285802865076
9967 0 0.01 440736653.974104 6.658908751446911 0.048695375933222824 9.134878330083033
9968 0 0.01 inf 6.678390934655616 0.040562282035757874 9.336405483869557
9969 0 0.01 inf 6.724538624890645 0.046697706042806174 9.337256914959362
9970 0 0.01 inf 6.733445567118618 0.044573861713059736 9.328343369233096
9971 0 0.01 inf 6.578869721231558 0.05094126080773542 9.230425120642
9972 0 0.01 inf 6.824730372470458 0.056388342674880604 9.387974406078508
9973 0 0.01 15009827.634755936 6.697677398711248 0.04048143990648986 9.152552110872461
9974 0 0.01 inf 6.731877057855596 0.05427949408678084 9.26267382407146
9975 0 0.01 inf 6.634150448873172 0.04529923822686368 9.238257187595973
9976 0 0.01 inf 6.6509892192473 0.04474379712348575 9.236044157313936
9977 0 0.01 inf 6.753989975818377 0.04275681811922587 9.280839686739101
9978 0 0.01 inf 6.742102026995609 0.05200523525277895 9.0377009447215
9979 0 0.01 inf 6.742771890166724 0.05545607133841115 9.112008639097738
9980 0 0.01 inf 6.71374860344716 0.04979304161156577 9.273461955769507
9981 0 0.01 inf 6.6493213663787705 0.05121687452978678 9.248893532198991
9982 0 0.01 589354117.7582674 6.644516719447461 0.048211980775270946 9.15273692135023
9983 0 0.01 inf 6.682220144022649 0.055711716634896685 9.205315748968173
9984 0 0.01 inf 6.704531119930283 0.05018854173912363 9.130573640554038
9985 0 0.01 inf 6.797451258904149 0.04751784208170902 9.245028983954182
9986 0 0.01 148545.96305703197 6.766424431719676 0.04776986774117535 9.191849437046026
9987 0 0.01 236950691.86136383 6.67789866021477 0.048810436512867116 9.052701007214011
9988 0 0.01 inf 6.597734993104039 0.0490186029821382 9.301099192522116
9989 0 0.01 inf 6.594649215258089 0.050922407094585634 9.052879878883852
9990 0 0.01 inf 6.7016749086669325 0.040557791169853405 9.236346695265848
9991 0 0.01 inf 6.578917270016595 0.0476196497911528 9.304671122618583
9992 0 0.01 inf 6.642823677734101 0.04580208842159708 9.288187343826229
9993 0 0.01 inf 6.679418926839107 0.05358011671370647 9.261155115701039
9994 0 0.01 inf 6.521323925962482 0.052079771272667545 9.32752644235578
9995 0 0.01 inf 6.623481167056013 0.05568105209908823 9.154261794250194
9996 0 0.01 327838907.00263727 6.669531506340015 0.048486183543077634 9.190518631169205
9997 0 0.01 1418484497.1019914 6.554084676729129 0.04751755993962021 9.13642202350862
9998 0 0.01 inf 6.776150136778104 0.056621045870100514 9.308468087426064
9999 0 0.01 inf 6.661496772940407 0.054020295082484786 9.12621444230254
